Date,Season,Team,Opponent,HomeFlag,GF,GA,Manager,ManagerStart,ManagerEnd,MatchNumMgr,Window1,Window2,Window3
8/16/2014,2014/2015,Arsenal,Crystal Palace,1,2,1,ARSENE WENGER,1/10/1996,5/13/2018,101,0,0,0
8/23/2014,2014/2015,Arsenal,Everton,0,2,2,ARSENE WENGER,1/10/1996,5/13/2018,102,0,0,0
8/31/2014,2014/2015,Arsenal,Leicester City,0,1,1,ARSENE WENGER,1/10/1996,5/13/2018,103,0,0,0
9/13/2014,2014/2015,Arsenal,Manchester City,1,2,2,ARSENE WENGER,1/10/1996,5/13/2018,104,0,0,0
9/20/2014,2014/2015,Arsenal,Aston Villa,0,3,0,ARSENE WENGER,1/10/1996,5/13/2018,105,0,0,0
9/27/2014,2014/2015,Arsenal,Tottenham,1,1,1,ARSENE WENGER,1/10/1996,5/13/2018,106,0,0,0
10/5/2014,2014/2015,Arsenal,Chelsea,0,0,2,ARSENE WENGER,1/10/1996,5/13/2018,107,0,0,0
10/18/2014,2014/2015,Arsenal,Hull City,1,2,2,ARSENE WENGER,1/10/1996,5/13/2018,108,0,0,0
10/25/2014,2014/2015,Arsenal,Sunderland,0,2,0,ARSENE WENGER,1/10/1996,5/13/2018,109,0,0,0
11/1/2014,2014/2015,Arsenal,Burnley,1,3,0,ARSENE WENGER,1/10/1996,5/13/2018,110,0,0,0
11/9/2014,2014/2015,Arsenal,Swansea City,0,1,2,ARSENE WENGER,1/10/1996,5/13/2018,111,0,0,0
11/22/2014,2014/2015,Arsenal,Manchester Utd,1,1,2,ARSENE WENGER,1/10/1996,5/13/2018,112,0,0,0
11/29/2014,2014/2015,Arsenal,West Brom,0,1,0,ARSENE WENGER,1/10/1996,5/13/2018,113,0,0,0
12/3/2014,2014/2015,Arsenal,Southampton,1,1,0,ARSENE WENGER,1/10/1996,5/13/2018,114,0,0,0
12/6/2014,2014/2015,Arsenal,Stoke City,0,2,3,ARSENE WENGER,1/10/1996,5/13/2018,115,0,0,0
12/13/2014,2014/2015,Arsenal,Newcastle Utd,1,4,1,ARSENE WENGER,1/10/1996,5/13/2018,116,0,0,0
12/21/2014,2014/2015,Arsenal,Liverpool,0,2,2,ARSENE WENGER,1/10/1996,5/13/2018,117,0,0,0
12/26/2014,2014/2015,Arsenal,QPR,1,2,1,ARSENE WENGER,1/10/1996,5/13/2018,118,0,0,0
12/28/2014,2014/2015,Arsenal,West Ham,0,2,1,ARSENE WENGER,1/10/1996,5/13/2018,119,0,0,0
1/1/2015,2014/2015,Arsenal,Southampton,0,0,2,ARSENE WENGER,1/10/1996,5/13/2018,120,0,0,0
1/11/2015,2014/2015,Arsenal,Stoke City,1,3,0,ARSENE WENGER,1/10/1996,5/13/2018,121,0,0,0
1/18/2015,2014/2015,Arsenal,Manchester City,0,2,0,ARSENE WENGER,1/10/1996,5/13/2018,122,0,0,0
2/1/2015,2014/2015,Arsenal,Aston Villa,1,5,0,ARSENE WENGER,1/10/1996,5/13/2018,123,0,0,0
2/7/2015,2014/2015,Arsenal,Tottenham,0,1,2,ARSENE WENGER,1/10/1996,5/13/2018,124,0,0,0
2/10/2015,2014/2015,Arsenal,Leicester City,1,2,1,ARSENE WENGER,1/10/1996,5/13/2018,125,0,0,0
2/21/2015,2014/2015,Arsenal,Crystal Palace,0,2,1,ARSENE WENGER,1/10/1996,5/13/2018,126,0,0,0
3/1/2015,2014/2015,Arsenal,Everton,1,2,0,ARSENE WENGER,1/10/1996,5/13/2018,127,0,0,0
3/4/2015,2014/2015,Arsenal,QPR,0,2,1,ARSENE WENGER,1/10/1996,5/13/2018,128,0,0,0
3/14/2015,2014/2015,Arsenal,West Ham,1,3,0,ARSENE WENGER,1/10/1996,5/13/2018,129,0,0,0
3/21/2015,2014/2015,Arsenal,Newcastle Utd,0,2,1,ARSENE WENGER,1/10/1996,5/13/2018,130,0,0,0
4/4/2015,2014/2015,Arsenal,Liverpool,1,4,1,ARSENE WENGER,1/10/1996,5/13/2018,131,0,0,0
4/11/2015,2014/2015,Arsenal,Burnley,0,1,0,ARSENE WENGER,1/10/1996,5/13/2018,132,0,0,0
4/26/2015,2014/2015,Arsenal,Chelsea,1,0,0,ARSENE WENGER,1/10/1996,5/13/2018,133,0,0,0
5/4/2015,2014/2015,Arsenal,Hull City,0,3,1,ARSENE WENGER,1/10/1996,5/13/2018,134,0,0,0
5/11/2015,2014/2015,Arsenal,Swansea City,1,0,1,ARSENE WENGER,1/10/1996,5/13/2018,135,0,0,0
5/17/2015,2014/2015,Arsenal,Manchester Utd,0,1,1,ARSENE WENGER,1/10/1996,5/13/2018,136,0,0,0
5/20/2015,2014/2015,Arsenal,Sunderland,1,0,0,ARSENE WENGER,1/10/1996,5/13/2018,137,0,0,0
5/24/2015,2014/2015,Arsenal,West Brom,1,4,1,ARSENE WENGER,1/10/1996,5/13/2018,138,0,0,0
8/9/2015,2015/2016,Arsenal,West Ham,1,0,2,ARSENE WENGER,1/10/1996,5/13/2018,139,0,0,0
8/16/2015,2015/2016,Arsenal,Crystal Palace,0,2,1,ARSENE WENGER,1/10/1996,5/13/2018,140,0,0,0
8/24/2015,2015/2016,Arsenal,Liverpool,1,0,0,ARSENE WENGER,1/10/1996,5/13/2018,141,0,0,0
8/29/2015,2015/2016,Arsenal,Newcastle Utd,0,1,0,ARSENE WENGER,1/10/1996,5/13/2018,142,0,0,0
9/12/2015,2015/2016,Arsenal,Stoke City,1,2,0,ARSENE WENGER,1/10/1996,5/13/2018,143,0,0,0
9/19/2015,2015/2016,Arsenal,Chelsea,0,0,2,ARSENE WENGER,1/10/1996,5/13/2018,144,0,0,0
9/26/2015,2015/2016,Arsenal,Leicester City,0,5,2,ARSENE WENGER,1/10/1996,5/13/2018,145,0,0,0
10/4/2015,2015/2016,Arsenal,Manchester Utd,1,3,0,ARSENE WENGER,1/10/1996,5/13/2018,146,0,0,0
10/17/2015,2015/2016,Arsenal,Watford,0,3,0,ARSENE WENGER,1/10/1996,5/13/2018,147,0,0,0
10/24/2015,2015/2016,Arsenal,Everton,1,2,1,ARSENE WENGER,1/10/1996,5/13/2018,148,0,0,0
10/31/2015,2015/2016,Arsenal,Swansea City,0,3,0,ARSENE WENGER,1/10/1996,5/13/2018,149,0,0,0
11/8/2015,2015/2016,Arsenal,Tottenham,1,1,1,ARSENE WENGER,1/10/1996,5/13/2018,150,0,0,0
11/21/2015,2015/2016,Arsenal,West Brom,0,1,2,ARSENE WENGER,1/10/1996,5/13/2018,151,0,0,0
11/29/2015,2015/2016,Arsenal,Norwich City,0,1,1,ARSENE WENGER,1/10/1996,5/13/2018,152,0,0,0
12/5/2015,2015/2016,Arsenal,Sunderland,1,3,1,ARSENE WENGER,1/10/1996,5/13/2018,153,0,0,0
12/13/2015,2015/2016,Arsenal,Aston Villa,0,2,0,ARSENE WENGER,1/10/1996,5/13/2018,154,0,0,0
12/21/2015,2015/2016,Arsenal,Manchester City,1,2,1,ARSENE WENGER,1/10/1996,5/13/2018,155,0,0,0
12/26/2015,2015/2016,Arsenal,Southampton,0,0,4,ARSENE WENGER,1/10/1996,5/13/2018,156,0,0,0
12/28/2015,2015/2016,Arsenal,Bournemouth,1,2,0,ARSENE WENGER,1/10/1996,5/13/2018,157,0,0,0
1/2/2016,2015/2016,Arsenal,Newcastle Utd,1,1,0,ARSENE WENGER,1/10/1996,5/13/2018,158,0,0,0
1/13/2016,2015/2016,Arsenal,Liverpool,0,3,3,ARSENE WENGER,1/10/1996,5/13/2018,159,0,0,0
1/17/2016,2015/2016,Arsenal,Stoke City,0,0,0,ARSENE WENGER,1/10/1996,5/13/2018,160,0,0,0
1/24/2016,2015/2016,Arsenal,Chelsea,1,0,1,ARSENE WENGER,1/10/1996,5/13/2018,161,0,0,0
2/2/2016,2015/2016,Arsenal,Southampton,1,0,0,ARSENE WENGER,1/10/1996,5/13/2018,162,0,0,0
2/7/2016,2015/2016,Arsenal,Bournemouth,0,2,0,ARSENE WENGER,1/10/1996,5/13/2018,163,0,0,0
2/14/2016,2015/2016,Arsenal,Leicester City,1,2,1,ARSENE WENGER,1/10/1996,5/13/2018,164,0,0,0
2/28/2016,2015/2016,Arsenal,Manchester Utd,0,2,3,ARSENE WENGER,1/10/1996,5/13/2018,165,0,0,0
3/2/2016,2015/2016,Arsenal,Swansea City,1,1,2,ARSENE WENGER,1/10/1996,5/13/2018,166,0,0,0
3/5/2016,2015/2016,Arsenal,Tottenham,0,2,2,ARSENE WENGER,1/10/1996,5/13/2018,167,0,0,0
3/19/2016,2015/2016,Arsenal,Everton,0,2,0,ARSENE WENGER,1/10/1996,5/13/2018,168,0,0,0
4/2/2016,2015/2016,Arsenal,Watford,1,4,0,ARSENE WENGER,1/10/1996,5/13/2018,169,0,0,0
4/9/2016,2015/2016,Arsenal,West Ham,0,3,3,ARSENE WENGER,1/10/1996,5/13/2018,170,0,0,0
4/17/2016,2015/2016,Arsenal,Crystal Palace,1,1,1,ARSENE WENGER,1/10/1996,5/13/2018,171,0,0,0
4/21/2016,2015/2016,Arsenal,West Brom,1,2,0,ARSENE WENGER,1/10/1996,5/13/2018,172,0,0,0
4/24/2016,2015/2016,Arsenal,Sunderland,0,0,0,ARSENE WENGER,1/10/1996,5/13/2018,173,0,0,0
4/30/2016,2015/2016,Arsenal,Norwich City,1,1,0,ARSENE WENGER,1/10/1996,5/13/2018,174,0,0,0
5/8/2016,2015/2016,Arsenal,Manchester City,0,2,2,ARSENE WENGER,1/10/1996,5/13/2018,175,0,0,0
5/15/2016,2015/2016,Arsenal,Aston Villa,1,4,0,ARSENE WENGER,1/10/1996,5/13/2018,176,0,0,0
8/14/2016,2016/2017,Arsenal,Liverpool,1,3,4,ARSENE WENGER,1/10/1996,5/13/2018,177,0,0,0
8/20/2016,2016/2017,Arsenal,Leicester City,0,0,0,ARSENE WENGER,1/10/1996,5/13/2018,178,0,0,0
8/27/2016,2016/2017,Arsenal,Watford,0,3,1,ARSENE WENGER,1/10/1996,5/13/2018,179,0,0,0
9/10/2016,2016/2017,Arsenal,Southampton,1,2,1,ARSENE WENGER,1/10/1996,5/13/2018,180,0,0,0
9/17/2016,2016/2017,Arsenal,Hull City,0,4,1,ARSENE WENGER,1/10/1996,5/13/2018,181,0,0,0
9/24/2016,2016/2017,Arsenal,Chelsea,1,3,0,ARSENE WENGER,1/10/1996,5/13/2018,182,0,0,0
10/2/2016,2016/2017,Arsenal,Burnley,0,1,0,ARSENE WENGER,1/10/1996,5/13/2018,183,0,0,0
10/15/2016,2016/2017,Arsenal,Swansea City,1,3,2,ARSENE WENGER,1/10/1996,5/13/2018,184,0,0,0
10/22/2016,2016/2017,Arsenal,Middlesbrough,1,0,0,ARSENE WENGER,1/10/1996,5/13/2018,185,0,0,0
10/29/2016,2016/2017,Arsenal,Sunderland,0,4,1,ARSENE WENGER,1/10/1996,5/13/2018,186,0,0,0
11/6/2016,2016/2017,Arsenal,Tottenham,1,1,1,ARSENE WENGER,1/10/1996,5/13/2018,187,0,0,0
11/19/2016,2016/2017,Arsenal,Manchester Utd,0,1,1,ARSENE WENGER,1/10/1996,5/13/2018,188,0,0,0
11/27/2016,2016/2017,Arsenal,Bournemouth,1,3,1,ARSENE WENGER,1/10/1996,5/13/2018,189,0,0,0
12/3/2016,2016/2017,Arsenal,West Ham,0,5,1,ARSENE WENGER,1/10/1996,5/13/2018,190,0,0,0
12/10/2016,2016/2017,Arsenal,Stoke City,1,3,1,ARSENE WENGER,1/10/1996,5/13/2018,191,0,0,0
12/13/2016,2016/2017,Arsenal,Everton,0,1,2,ARSENE WENGER,1/10/1996,5/13/2018,192,0,0,0
12/18/2016,2016/2017,Arsenal,Manchester City,0,1,2,ARSENE WENGER,1/10/1996,5/13/2018,193,0,0,0
12/26/2016,2016/2017,Arsenal,West Brom,1,1,0,ARSENE WENGER,1/10/1996,5/13/2018,194,0,0,0
1/1/2017,2016/2017,Arsenal,Crystal Palace,1,2,0,ARSENE WENGER,1/10/1996,5/13/2018,195,0,0,0
1/3/2017,2016/2017,Arsenal,Bournemouth,0,3,3,ARSENE WENGER,1/10/1996,5/13/2018,196,0,0,0
1/14/2017,2016/2017,Arsenal,Swansea City,0,4,0,ARSENE WENGER,1/10/1996,5/13/2018,197,0,0,0
1/22/2017,2016/2017,Arsenal,Burnley,1,2,1,ARSENE WENGER,1/10/1996,5/13/2018,198,0,0,0
1/31/2017,2016/2017,Arsenal,Watford,1,1,2,ARSENE WENGER,1/10/1996,5/13/2018,199,0,0,0
2/4/2017,2016/2017,Arsenal,Chelsea,0,1,3,ARSENE WENGER,1/10/1996,5/13/2018,200,0,0,0
2/11/2017,2016/2017,Arsenal,Hull City,1,2,0,ARSENE WENGER,1/10/1996,5/13/2018,201,0,0,0
3/4/2017,2016/2017,Arsenal,Liverpool,0,1,3,ARSENE WENGER,1/10/1996,5/13/2018,202,0,0,0
3/18/2017,2016/2017,Arsenal,West Brom,0,1,3,ARSENE WENGER,1/10/1996,5/13/2018,203,0,0,0
4/2/2017,2016/2017,Arsenal,Manchester City,1,2,2,ARSENE WENGER,1/10/1996,5/13/2018,204,0,0,0
4/5/2017,2016/2017,Arsenal,West Ham,1,3,0,ARSENE WENGER,1/10/1996,5/13/2018,205,0,0,0
4/10/2017,2016/2017,Arsenal,Crystal Palace,0,0,3,ARSENE WENGER,1/10/1996,5/13/2018,206,0,0,0
4/17/2017,2016/2017,Arsenal,Middlesbrough,0,2,1,ARSENE WENGER,1/10/1996,5/13/2018,207,0,0,0
4/26/2017,2016/2017,Arsenal,Leicester City,1,1,0,ARSENE WENGER,1/10/1996,5/13/2018,208,0,0,0
4/30/2017,2016/2017,Arsenal,Tottenham,0,0,2,ARSENE WENGER,1/10/1996,5/13/2018,209,0,0,0
5/7/2017,2016/2017,Arsenal,Manchester Utd,1,2,0,ARSENE WENGER,1/10/1996,5/13/2018,210,0,0,0
5/10/2017,2016/2017,Arsenal,Southampton,0,2,0,ARSENE WENGER,1/10/1996,5/13/2018,211,0,0,0
5/13/2017,2016/2017,Arsenal,Stoke City,0,4,1,ARSENE WENGER,1/10/1996,5/13/2018,212,0,0,0
5/16/2017,2016/2017,Arsenal,Sunderland,1,2,0,ARSENE WENGER,1/10/1996,5/13/2018,213,0,0,0
5/21/2017,2016/2017,Arsenal,Everton,1,3,1,ARSENE WENGER,1/10/1996,5/13/2018,214,0,0,0
8/11/2017,2017/2018,Arsenal,Leicester City,1,4,3,ARSENE WENGER,1/10/1996,5/13/2018,215,0,0,0
8/19/2017,2017/2018,Arsenal,Stoke City,0,0,1,ARSENE WENGER,1/10/1996,5/13/2018,216,0,0,0
8/27/2017,2017/2018,Arsenal,Liverpool,0,0,4,ARSENE WENGER,1/10/1996,5/13/2018,217,0,0,0
9/9/2017,2017/2018,Arsenal,Bournemouth,1,3,0,ARSENE WENGER,1/10/1996,5/13/2018,218,0,0,0
9/17/2017,2017/2018,Arsenal,Chelsea,0,0,0,ARSENE WENGER,1/10/1996,5/13/2018,219,0,0,0
9/25/2017,2017/2018,Arsenal,West Brom,1,2,0,ARSENE WENGER,1/10/1996,5/13/2018,220,0,0,0
10/1/2017,2017/2018,Arsenal,Brighton,1,2,0,ARSENE WENGER,1/10/1996,5/13/2018,221,0,0,0
10/14/2017,2017/2018,Arsenal,Watford,0,1,2,ARSENE WENGER,1/10/1996,5/13/2018,222,0,0,0
10/22/2017,2017/2018,Arsenal,Everton,0,5,2,ARSENE WENGER,1/10/1996,5/13/2018,223,0,0,0
10/28/2017,2017/2018,Arsenal,Swansea City,1,2,1,ARSENE WENGER,1/10/1996,5/13/2018,224,0,0,0
11/5/2017,2017/2018,Arsenal,Manchester City,0,1,3,ARSENE WENGER,1/10/1996,5/13/2018,225,0,0,0
11/18/2017,2017/2018,Arsenal,Tottenham,1,2,0,ARSENE WENGER,1/10/1996,5/13/2018,226,0,0,0
11/26/2017,2017/2018,Arsenal,Burnley,0,1,0,ARSENE WENGER,1/10/1996,5/13/2018,227,0,0,0
11/29/2017,2017/2018,Arsenal,Huddersfield,1,5,0,ARSENE WENGER,1/10/1996,5/13/2018,228,0,0,0
12/2/2017,2017/2018,Arsenal,Manchester Utd,1,1,3,ARSENE WENGER,1/10/1996,5/13/2018,229,0,0,0
12/10/2017,2017/2018,Arsenal,Southampton,0,1,1,ARSENE WENGER,1/10/1996,5/13/2018,230,0,0,0
12/13/2017,2017/2018,Arsenal,West Ham,0,0,0,ARSENE WENGER,1/10/1996,5/13/2018,231,0,0,0
12/16/2017,2017/2018,Arsenal,Newcastle Utd,1,1,0,ARSENE WENGER,1/10/1996,5/13/2018,232,0,0,0
12/22/2017,2017/2018,Arsenal,Liverpool,1,3,3,ARSENE WENGER,1/10/1996,5/13/2018,233,0,0,0
12/28/2017,2017/2018,Arsenal,Crystal Palace,0,3,2,ARSENE WENGER,1/10/1996,5/13/2018,234,0,0,0
12/31/2017,2017/2018,Arsenal,West Brom,0,1,1,ARSENE WENGER,1/10/1996,5/13/2018,235,0,0,0
1/3/2018,2017/2018,Arsenal,Chelsea,1,2,2,ARSENE WENGER,1/10/1996,5/13/2018,236,0,0,0
1/14/2018,2017/2018,Arsenal,Bournemouth,0,1,2,ARSENE WENGER,1/10/1996,5/13/2018,237,0,0,0
1/20/2018,2017/2018,Arsenal,Crystal Palace,1,4,1,ARSENE WENGER,1/10/1996,5/13/2018,238,0,0,0
1/30/2018,2017/2018,Arsenal,Swansea City,0,1,3,ARSENE WENGER,1/10/1996,5/13/2018,239,0,0,0
2/3/2018,2017/2018,Arsenal,Everton,1,5,1,ARSENE WENGER,1/10/1996,5/13/2018,240,0,0,0
2/10/2018,2017/2018,Arsenal,Tottenham,0,0,1,ARSENE WENGER,1/10/1996,5/13/2018,241,0,0,0
3/1/2018,2017/2018,Arsenal,Manchester City,1,0,3,ARSENE WENGER,1/10/1996,5/13/2018,242,0,0,0
3/4/2018,2017/2018,Arsenal,Brighton,0,1,2,ARSENE WENGER,1/10/1996,5/13/2018,243,0,0,0
3/11/2018,2017/2018,Arsenal,Watford,1,3,0,ARSENE WENGER,1/10/1996,5/13/2018,244,0,0,0
4/1/2018,2017/2018,Arsenal,Stoke City,1,3,0,ARSENE WENGER,1/10/1996,5/13/2018,245,0,0,0
4/8/2018,2017/2018,Arsenal,Southampton,1,3,2,ARSENE WENGER,1/10/1996,5/13/2018,246,0,0,0
4/15/2018,2017/2018,Arsenal,Newcastle Utd,0,1,2,ARSENE WENGER,1/10/1996,5/13/2018,247,0,0,0
4/22/2018,2017/2018,Arsenal,West Ham,1,4,1,ARSENE WENGER,1/10/1996,5/13/2018,248,0,0,0
4/29/2018,2017/2018,Arsenal,Manchester Utd,0,1,2,ARSENE WENGER,1/10/1996,5/13/2018,249,0,0,0
5/6/2018,2017/2018,Arsenal,Burnley,1,5,0,ARSENE WENGER,1/10/1996,5/13/2018,250,0,0,0
5/9/2018,2017/2018,Arsenal,Leicester City,0,1,3,ARSENE WENGER,1/10/1996,5/13/2018,251,0,0,0
5/13/2018,2017/2018,Arsenal,Huddersfield,0,1,0,ARSENE WENGER,1/10/1996,5/13/2018,252,0,0,0
12/26/2019,2019/2020,Arsenal,Bournemouth,0,1,1,MIKEL ARTETA,12/22/2019,1/1/2100,1,1,0,0
12/29/2019,2019/2020,Arsenal,Chelsea,1,1,2,MIKEL ARTETA,12/22/2019,1/1/2100,2,1,0,0
1/1/2020,2019/2020,Arsenal,Manchester Utd,1,2,0,MIKEL ARTETA,12/22/2019,1/1/2100,3,1,0,0
1/11/2020,2019/2020,Arsenal,Crystal Palace,0,1,1,MIKEL ARTETA,12/22/2019,1/1/2100,4,0,1,0
1/18/2020,2019/2020,Arsenal,Sheffield Utd,1,1,1,MIKEL ARTETA,12/22/2019,1/1/2100,5,0,1,0
1/21/2020,2019/2020,Arsenal,Chelsea,0,2,2,MIKEL ARTETA,12/22/2019,1/1/2100,6,0,1,0
2/2/2020,2019/2020,Arsenal,Burnley,0,0,0,MIKEL ARTETA,12/22/2019,1/1/2100,7,0,0,1
2/16/2020,2019/2020,Arsenal,Newcastle Utd,1,4,0,MIKEL ARTETA,12/22/2019,1/1/2100,8,0,0,1
2/23/2020,2019/2020,Arsenal,Everton,1,3,2,MIKEL ARTETA,12/22/2019,1/1/2100,9,0,0,1
3/7/2020,2019/2020,Arsenal,West Ham,1,1,0,MIKEL ARTETA,12/22/2019,1/1/2100,10,0,0,1
6/17/2020,2019/2020,Arsenal,Manchester City,0,0,3,MIKEL ARTETA,12/22/2019,1/1/2100,11,0,0,0
6/20/2020,2019/2020,Arsenal,Brighton,0,1,2,MIKEL ARTETA,12/22/2019,1/1/2100,12,0,0,0
6/25/2020,2019/2020,Arsenal,Southampton,0,2,0,MIKEL ARTETA,12/22/2019,1/1/2100,13,0,0,0
7/1/2020,2019/2020,Arsenal,Norwich City,1,4,0,MIKEL ARTETA,12/22/2019,1/1/2100,14,0,0,0
7/4/2020,2019/2020,Arsenal,Wolves,0,2,0,MIKEL ARTETA,12/22/2019,1/1/2100,15,0,0,0
7/7/2020,2019/2020,Arsenal,Leicester City,1,1,1,MIKEL ARTETA,12/22/2019,1/1/2100,16,0,0,0
7/12/2020,2019/2020,Arsenal,Tottenham,0,1,2,MIKEL ARTETA,12/22/2019,1/1/2100,17,0,0,0
7/15/2020,2019/2020,Arsenal,Liverpool,1,2,1,MIKEL ARTETA,12/22/2019,1/1/2100,18,0,0,0
7/21/2020,2019/2020,Arsenal,Aston Villa,0,0,1,MIKEL ARTETA,12/22/2019,1/1/2100,19,0,0,0
7/26/2020,2019/2020,Arsenal,Watford,1,3,2,MIKEL ARTETA,12/22/2019,1/1/2100,20,0,0,0
9/12/2020,2020/2021,Arsenal,Fulham,0,3,0,MIKEL ARTETA,12/22/2019,1/1/2100,21,0,0,0
9/19/2020,2020/2021,Arsenal,West Ham,1,2,1,MIKEL ARTETA,12/22/2019,1/1/2100,22,0,0,0
9/28/2020,2020/2021,Arsenal,Liverpool,0,1,3,MIKEL ARTETA,12/22/2019,1/1/2100,23,0,0,0
10/4/2020,2020/2021,Arsenal,Sheffield Utd,1,2,1,MIKEL ARTETA,12/22/2019,1/1/2100,24,0,0,0
10/17/2020,2020/2021,Arsenal,Manchester City,0,0,1,MIKEL ARTETA,12/22/2019,1/1/2100,25,0,0,0
10/25/2020,2020/2021,Arsenal,Leicester City,1,0,1,MIKEL ARTETA,12/22/2019,1/1/2100,26,0,0,0
11/1/2020,2020/2021,Arsenal,Manchester Utd,0,1,0,MIKEL ARTETA,12/22/2019,1/1/2100,27,0,0,0
11/8/2020,2020/2021,Arsenal,Aston Villa,1,0,3,MIKEL ARTETA,12/22/2019,1/1/2100,28,0,0,0
11/22/2020,2020/2021,Arsenal,Leeds United,0,0,0,MIKEL ARTETA,12/22/2019,1/1/2100,29,0,0,0
11/29/2020,2020/2021,Arsenal,Wolves,1,1,2,MIKEL ARTETA,12/22/2019,1/1/2100,30,0,0,0
12/6/2020,2020/2021,Arsenal,Tottenham,0,0,2,MIKEL ARTETA,12/22/2019,1/1/2100,31,0,0,0
12/13/2020,2020/2021,Arsenal,Burnley,1,0,1,MIKEL ARTETA,12/22/2019,1/1/2100,32,0,0,0
12/16/2020,2020/2021,Arsenal,Southampton,1,1,1,MIKEL ARTETA,12/22/2019,1/1/2100,33,0,0,0
12/19/2020,2020/2021,Arsenal,Everton,0,1,2,MIKEL ARTETA,12/22/2019,1/1/2100,34,0,0,0
12/26/2020,2020/2021,Arsenal,Chelsea,1,3,1,MIKEL ARTETA,12/22/2019,1/1/2100,35,0,0,0
12/29/2020,2020/2021,Arsenal,Brighton,0,1,0,MIKEL ARTETA,12/22/2019,1/1/2100,36,0,0,0
1/2/2021,2020/2021,Arsenal,West Brom,0,4,0,MIKEL ARTETA,12/22/2019,1/1/2100,37,0,0,0
1/14/2021,2020/2021,Arsenal,Crystal Palace,1,0,0,MIKEL ARTETA,12/22/2019,1/1/2100,38,0,0,0
1/18/2021,2020/2021,Arsenal,Newcastle Utd,1,3,0,MIKEL ARTETA,12/22/2019,1/1/2100,39,0,0,0
1/26/2021,2020/2021,Arsenal,Southampton,0,3,1,MIKEL ARTETA,12/22/2019,1/1/2100,40,0,0,0
1/30/2021,2020/2021,Arsenal,Manchester Utd,1,0,0,MIKEL ARTETA,12/22/2019,1/1/2100,41,0,0,0
2/2/2021,2020/2021,Arsenal,Wolves,0,1,2,MIKEL ARTETA,12/22/2019,1/1/2100,42,0,0,0
2/6/2021,2020/2021,Arsenal,Aston Villa,0,0,1,MIKEL ARTETA,12/22/2019,1/1/2100,43,0,0,0
2/14/2021,2020/2021,Arsenal,Leeds United,1,4,2,MIKEL ARTETA,12/22/2019,1/1/2100,44,0,0,0
2/21/2021,2020/2021,Arsenal,Manchester City,1,0,1,MIKEL ARTETA,12/22/2019,1/1/2100,45,0,0,0
2/28/2021,2020/2021,Arsenal,Leicester City,0,3,1,MIKEL ARTETA,12/22/2019,1/1/2100,46,0,0,0
3/6/2021,2020/2021,Arsenal,Burnley,0,1,1,MIKEL ARTETA,12/22/2019,1/1/2100,47,0,0,0
3/14/2021,2020/2021,Arsenal,Tottenham,1,2,1,MIKEL ARTETA,12/22/2019,1/1/2100,48,0,0,0
3/21/2021,2020/2021,Arsenal,West Ham,0,3,3,MIKEL ARTETA,12/22/2019,1/1/2100,49,0,0,0
4/3/2021,2020/2021,Arsenal,Liverpool,1,0,3,MIKEL ARTETA,12/22/2019,1/1/2100,50,0,0,0
4/11/2021,2020/2021,Arsenal,Sheffield Utd,0,3,0,MIKEL ARTETA,12/22/2019,1/1/2100,51,0,0,0
4/18/2021,2020/2021,Arsenal,Fulham,1,1,1,MIKEL ARTETA,12/22/2019,1/1/2100,52,0,0,0
4/23/2021,2020/2021,Arsenal,Everton,1,0,1,MIKEL ARTETA,12/22/2019,1/1/2100,53,0,0,0
5/2/2021,2020/2021,Arsenal,Newcastle Utd,0,2,0,MIKEL ARTETA,12/22/2019,1/1/2100,54,0,0,0
5/9/2021,2020/2021,Arsenal,West Brom,1,3,1,MIKEL ARTETA,12/22/2019,1/1/2100,55,0,0,0
5/12/2021,2020/2021,Arsenal,Chelsea,0,1,0,MIKEL ARTETA,12/22/2019,1/1/2100,56,0,0,0
5/19/2021,2020/2021,Arsenal,Crystal Palace,0,3,1,MIKEL ARTETA,12/22/2019,1/1/2100,57,0,0,0
5/23/2021,2020/2021,Arsenal,Brighton,1,2,0,MIKEL ARTETA,12/22/2019,1/1/2100,58,0,0,0
8/13/2021,2021/2022,Arsenal,Brentford,0,0,2,MIKEL ARTETA,12/22/2019,1/1/2100,59,0,0,0
8/22/2021,2021/2022,Arsenal,Chelsea,1,0,2,MIKEL ARTETA,12/22/2019,1/1/2100,60,0,0,0
8/28/2021,2021/2022,Arsenal,Manchester City,0,0,5,MIKEL ARTETA,12/22/2019,1/1/2100,61,0,0,0
9/11/2021,2021/2022,Arsenal,Norwich City,1,1,0,MIKEL ARTETA,12/22/2019,1/1/2100,62,0,0,0
9/18/2021,2021/2022,Arsenal,Burnley,0,1,0,MIKEL ARTETA,12/22/2019,1/1/2100,63,0,0,0
9/26/2021,2021/2022,Arsenal,Tottenham,1,3,1,MIKEL ARTETA,12/22/2019,1/1/2100,64,0,0,0
10/2/2021,2021/2022,Arsenal,Brighton,0,0,0,MIKEL ARTETA,12/22/2019,1/1/2100,65,0,0,0
10/18/2021,2021/2022,Arsenal,Crystal Palace,1,2,2,MIKEL ARTETA,12/22/2019,1/1/2100,66,0,0,0
10/22/2021,2021/2022,Arsenal,Aston Villa,1,3,1,MIKEL ARTETA,12/22/2019,1/1/2100,67,0,0,0
10/30/2021,2021/2022,Arsenal,Leicester City,0,2,0,MIKEL ARTETA,12/22/2019,1/1/2100,68,0,0,0
11/7/2021,2021/2022,Arsenal,Watford,1,1,0,MIKEL ARTETA,12/22/2019,1/1/2100,69,0,0,0
11/20/2021,2021/2022,Arsenal,Liverpool,0,0,4,MIKEL ARTETA,12/22/2019,1/1/2100,70,0,0,0
11/27/2021,2021/2022,Arsenal,Newcastle Utd,1,2,0,MIKEL ARTETA,12/22/2019,1/1/2100,71,0,0,0
12/2/2021,2021/2022,Arsenal,Manchester Utd,0,2,3,MIKEL ARTETA,12/22/2019,1/1/2100,72,0,0,0
12/6/2021,2021/2022,Arsenal,Everton,0,1,2,MIKEL ARTETA,12/22/2019,1/1/2100,73,0,0,0
12/11/2021,2021/2022,Arsenal,Southampton,1,3,0,MIKEL ARTETA,12/22/2019,1/1/2100,74,0,0,0
12/15/2021,2021/2022,Arsenal,West Ham,1,2,0,MIKEL ARTETA,12/22/2019,1/1/2100,75,0,0,0
12/18/2021,2021/2022,Arsenal,Leeds United,0,4,1,MIKEL ARTETA,12/22/2019,1/1/2100,76,0,0,0
12/26/2021,2021/2022,Arsenal,Norwich City,0,5,0,MIKEL ARTETA,12/22/2019,1/1/2100,77,0,0,0
1/1/2022,2021/2022,Arsenal,Manchester City,1,1,2,MIKEL ARTETA,12/22/2019,1/1/2100,78,0,0,0
1/23/2022,2021/2022,Arsenal,Burnley,1,0,0,MIKEL ARTETA,12/22/2019,1/1/2100,79,0,0,0
2/10/2022,2021/2022,Arsenal,Wolves,0,1,0,MIKEL ARTETA,12/22/2019,1/1/2100,80,0,0,0
2/19/2022,2021/2022,Arsenal,Brentford,1,2,1,MIKEL ARTETA,12/22/2019,1/1/2100,81,0,0,0
2/24/2022,2021/2022,Arsenal,Wolves,1,2,1,MIKEL ARTETA,12/22/2019,1/1/2100,82,0,0,0
3/6/2022,2021/2022,Arsenal,Watford,0,3,2,MIKEL ARTETA,12/22/2019,1/1/2100,83,0,0,0
3/13/2022,2021/2022,Arsenal,Leicester City,1,2,0,MIKEL ARTETA,12/22/2019,1/1/2100,84,0,0,0
3/16/2022,2021/2022,Arsenal,Liverpool,1,0,2,MIKEL ARTETA,12/22/2019,1/1/2100,85,0,0,0
3/19/2022,2021/2022,Arsenal,Aston Villa,0,1,0,MIKEL ARTETA,12/22/2019,1/1/2100,86,0,0,0
4/4/2022,2021/2022,Arsenal,Crystal Palace,0,0,3,MIKEL ARTETA,12/22/2019,1/1/2100,87,0,0,0
4/9/2022,2021/2022,Arsenal,Brighton,1,1,2,MIKEL ARTETA,12/22/2019,1/1/2100,88,0,0,0
4/16/2022,2021/2022,Arsenal,Southampton,0,0,1,MIKEL ARTETA,12/22/2019,1/1/2100,89,0,0,0
4/20/2022,2021/2022,Arsenal,Chelsea,0,4,2,MIKEL ARTETA,12/22/2019,1/1/2100,90,0,0,0
4/23/2022,2021/2022,Arsenal,Manchester Utd,1,3,1,MIKEL ARTETA,12/22/2019,1/1/2100,91,0,0,0
5/1/2022,2021/2022,Arsenal,West Ham,0,2,1,MIKEL ARTETA,12/22/2019,1/1/2100,92,0,0,0
5/8/2022,2021/2022,Arsenal,Leeds United,1,2,1,MIKEL ARTETA,12/22/2019,1/1/2100,93,0,0,0
5/12/2022,2021/2022,Arsenal,Tottenham,0,0,3,MIKEL ARTETA,12/22/2019,1/1/2100,94,0,0,0
5/16/2022,2021/2022,Arsenal,Newcastle Utd,0,0,2,MIKEL ARTETA,12/22/2019,1/1/2100,95,0,0,0
5/22/2022,2021/2022,Arsenal,Everton,1,5,1,MIKEL ARTETA,12/22/2019,1/1/2100,96,0,0,0
8/5/2022,2022/2023,Arsenal,Crystal Palace,0,2,0,MIKEL ARTETA,12/22/2019,1/1/2100,97,0,0,0
8/13/2022,2022/2023,Arsenal,Leicester City,1,4,2,MIKEL ARTETA,12/22/2019,1/1/2100,98,0,0,0
8/20/2022,2022/2023,Arsenal,Bournemouth,0,3,0,MIKEL ARTETA,12/22/2019,1/1/2100,99,0,0,0
8/27/2022,2022/2023,Arsenal,Fulham,1,2,1,MIKEL ARTETA,12/22/2019,1/1/2100,100,0,0,0
8/31/2022,2022/2023,Arsenal,Aston Villa,1,2,1,MIKEL ARTETA,12/22/2019,1/1/2100,101,0,0,0
9/4/2022,2022/2023,Arsenal,Manchester Utd,0,1,3,MIKEL ARTETA,12/22/2019,1/1/2100,102,0,0,0
9/18/2022,2022/2023,Arsenal,Brentford,0,3,0,MIKEL ARTETA,12/22/2019,1/1/2100,103,0,0,0
10/1/2022,2022/2023,Arsenal,Tottenham,1,3,1,MIKEL ARTETA,12/22/2019,1/1/2100,104,0,0,0
10/9/2022,2022/2023,Arsenal,Liverpool,1,3,2,MIKEL ARTETA,12/22/2019,1/1/2100,105,0,0,0
10/16/2022,2022/2023,Arsenal,Leeds United,0,1,0,MIKEL ARTETA,12/22/2019,1/1/2100,106,0,0,0
10/23/2022,2022/2023,Arsenal,Southampton,0,1,1,MIKEL ARTETA,12/22/2019,1/1/2100,107,0,0,0
10/30/2022,2022/2023,Arsenal,Nott'ham Forest,1,5,0,MIKEL ARTETA,12/22/2019,1/1/2100,108,0,0,0
11/6/2022,2022/2023,Arsenal,Chelsea,0,1,0,MIKEL ARTETA,12/22/2019,1/1/2100,109,0,0,0
11/12/2022,2022/2023,Arsenal,Wolves,0,2,0,MIKEL ARTETA,12/22/2019,1/1/2100,110,0,0,0
12/26/2022,2022/2023,Arsenal,West Ham,1,3,1,MIKEL ARTETA,12/22/2019,1/1/2100,111,0,0,0
12/31/2022,2022/2023,Arsenal,Brighton,0,4,2,MIKEL ARTETA,12/22/2019,1/1/2100,112,0,0,0
1/3/2023,2022/2023,Arsenal,Newcastle Utd,1,0,0,MIKEL ARTETA,12/22/2019,1/1/2100,113,0,0,0
1/15/2023,2022/2023,Arsenal,Tottenham,0,2,0,MIKEL ARTETA,12/22/2019,1/1/2100,114,0,0,0
1/22/2023,2022/2023,Arsenal,Manchester Utd,1,3,2,MIKEL ARTETA,12/22/2019,1/1/2100,115,0,0,0
2/4/2023,2022/2023,Arsenal,Everton,0,0,1,MIKEL ARTETA,12/22/2019,1/1/2100,116,0,0,0
2/11/2023,2022/2023,Arsenal,Brentford,1,1,1,MIKEL ARTETA,12/22/2019,1/1/2100,117,0,0,0
2/15/2023,2022/2023,Arsenal,Manchester City,1,1,3,MIKEL ARTETA,12/22/2019,1/1/2100,118,0,0,0
2/18/2023,2022/2023,Arsenal,Aston Villa,0,4,2,MIKEL ARTETA,12/22/2019,1/1/2100,119,0,0,0
2/25/2023,2022/2023,Arsenal,Leicester City,0,1,0,MIKEL ARTETA,12/22/2019,1/1/2100,120,0,0,0
3/1/2023,2022/2023,Arsenal,Everton,1,4,0,MIKEL ARTETA,12/22/2019,1/1/2100,121,0,0,0
3/4/2023,2022/2023,Arsenal,Bournemouth,1,3,2,MIKEL ARTETA,12/22/2019,1/1/2100,122,0,0,0
3/12/2023,2022/2023,Arsenal,Fulham,0,3,0,MIKEL ARTETA,12/22/2019,1/1/2100,123,0,0,0
3/19/2023,2022/2023,Arsenal,Crystal Palace,1,4,1,MIKEL ARTETA,12/22/2019,1/1/2100,124,0,0,0
4/1/2023,2022/2023,Arsenal,Leeds United,1,4,1,MIKEL ARTETA,12/22/2019,1/1/2100,125,0,0,0
4/9/2023,2022/2023,Arsenal,Liverpool,0,2,2,MIKEL ARTETA,12/22/2019,1/1/2100,126,0,0,0
4/16/2023,2022/2023,Arsenal,West Ham,0,2,2,MIKEL ARTETA,12/22/2019,1/1/2100,127,0,0,0
4/21/2023,2022/2023,Arsenal,Southampton,1,3,3,MIKEL ARTETA,12/22/2019,1/1/2100,128,0,0,0
4/26/2023,2022/2023,Arsenal,Manchester City,0,1,4,MIKEL ARTETA,12/22/2019,1/1/2100,129,0,0,0
5/2/2023,2022/2023,Arsenal,Chelsea,1,3,1,MIKEL ARTETA,12/22/2019,1/1/2100,130,0,0,0
5/7/2023,2022/2023,Arsenal,Newcastle Utd,0,2,0,MIKEL ARTETA,12/22/2019,1/1/2100,131,0,0,0
5/14/2023,2022/2023,Arsenal,Brighton,1,0,3,MIKEL ARTETA,12/22/2019,1/1/2100,132,0,0,0
5/20/2023,2022/2023,Arsenal,Nott'ham Forest,0,0,1,MIKEL ARTETA,12/22/2019,1/1/2100,133,0,0,0
5/28/2023,2022/2023,Arsenal,Wolves,1,5,0,MIKEL ARTETA,12/22/2019,1/1/2100,134,0,0,0
8/12/2023,2023/2024,Arsenal,Nott'ham Forest,1,2,1,MIKEL ARTETA,12/22/2019,1/1/2100,135,0,0,0
8/21/2023,2023/2024,Arsenal,Crystal Palace,0,1,0,MIKEL ARTETA,12/22/2019,1/1/2100,136,0,0,0
8/26/2023,2023/2024,Arsenal,Fulham,1,2,2,MIKEL ARTETA,12/22/2019,1/1/2100,137,0,0,0
9/3/2023,2023/2024,Arsenal,Manchester Utd,1,3,1,MIKEL ARTETA,12/22/2019,1/1/2100,138,0,0,0
9/17/2023,2023/2024,Arsenal,Everton,0,1,0,MIKEL ARTETA,12/22/2019,1/1/2100,139,0,0,0
9/24/2023,2023/2024,Arsenal,Tottenham,1,2,2,MIKEL ARTETA,12/22/2019,1/1/2100,140,0,0,0
9/30/2023,2023/2024,Arsenal,Bournemouth,0,4,0,MIKEL ARTETA,12/22/2019,1/1/2100,141,0,0,0
10/8/2023,2023/2024,Arsenal,Manchester City,1,1,0,MIKEL ARTETA,12/22/2019,1/1/2100,142,0,0,0
10/21/2023,2023/2024,Arsenal,Chelsea,0,2,2,MIKEL ARTETA,12/22/2019,1/1/2100,143,0,0,0
10/28/2023,2023/2024,Arsenal,Sheffield Utd,1,5,0,MIKEL ARTETA,12/22/2019,1/1/2100,144,0,0,0
11/4/2023,2023/2024,Arsenal,Newcastle Utd,0,0,1,MIKEL ARTETA,12/22/2019,1/1/2100,145,0,0,0
11/11/2023,2023/2024,Arsenal,Burnley,1,3,1,MIKEL ARTETA,12/22/2019,1/1/2100,146,0,0,0
11/25/2023,2023/2024,Arsenal,Brentford,0,1,0,MIKEL ARTETA,12/22/2019,1/1/2100,147,0,0,0
12/2/2023,2023/2024,Arsenal,Wolves,1,2,1,MIKEL ARTETA,12/22/2019,1/1/2100,148,0,0,0
12/5/2023,2023/2024,Arsenal,Luton Town,0,4,3,MIKEL ARTETA,12/22/2019,1/1/2100,149,0,0,0
12/9/2023,2023/2024,Arsenal,Aston Villa,0,0,1,MIKEL ARTETA,12/22/2019,1/1/2100,150,0,0,0
12/17/2023,2023/2024,Arsenal,Brighton,1,2,0,MIKEL ARTETA,12/22/2019,1/1/2100,151,0,0,0
12/23/2023,2023/2024,Arsenal,Liverpool,0,1,1,MIKEL ARTETA,12/22/2019,1/1/2100,152,0,0,0
12/28/2023,2023/2024,Arsenal,West Ham,1,0,2,MIKEL ARTETA,12/22/2019,1/1/2100,153,0,0,0
12/31/2023,2023/2024,Arsenal,Fulham,0,1,2,MIKEL ARTETA,12/22/2019,1/1/2100,154,0,0,0
1/20/2024,2023/2024,Arsenal,Crystal Palace,1,5,0,MIKEL ARTETA,12/22/2019,1/1/2100,155,0,0,0
1/30/2024,2023/2024,Arsenal,Nott'ham Forest,0,2,1,MIKEL ARTETA,12/22/2019,1/1/2100,156,0,0,0
2/4/2024,2023/2024,Arsenal,Liverpool,1,3,1,MIKEL ARTETA,12/22/2019,1/1/2100,157,0,0,0
2/11/2024,2023/2024,Arsenal,West Ham,0,6,0,MIKEL ARTETA,12/22/2019,1/1/2100,158,0,0,0
2/17/2024,2023/2024,Arsenal,Burnley,0,5,0,MIKEL ARTETA,12/22/2019,1/1/2100,159,0,0,0
2/24/2024,2023/2024,Arsenal,Newcastle Utd,1,4,1,MIKEL ARTETA,12/22/2019,1/1/2100,160,0,0,0
3/4/2024,2023/2024,Arsenal,Sheffield Utd,0,6,0,MIKEL ARTETA,12/22/2019,1/1/2100,161,0,0,0
3/9/2024,2023/2024,Arsenal,Brentford,1,2,1,MIKEL ARTETA,12/22/2019,1/1/2100,162,0,0,0
3/31/2024,2023/2024,Arsenal,Manchester City,0,0,0,MIKEL ARTETA,12/22/2019,1/1/2100,163,0,0,0
4/3/2024,2023/2024,Arsenal,Luton Town,1,2,0,MIKEL ARTETA,12/22/2019,1/1/2100,164,0,0,0
4/6/2024,2023/2024,Arsenal,Brighton,0,3,0,MIKEL ARTETA,12/22/2019,1/1/2100,165,0,0,0
4/14/2024,2023/2024,Arsenal,Aston Villa,1,0,2,MIKEL ARTETA,12/22/2019,1/1/2100,166,0,0,0
4/20/2024,2023/2024,Arsenal,Wolves,0,2,0,MIKEL ARTETA,12/22/2019,1/1/2100,167,0,0,0
4/23/2024,2023/2024,Arsenal,Chelsea,1,5,0,MIKEL ARTETA,12/22/2019,1/1/2100,168,0,0,0
4/28/2024,2023/2024,Arsenal,Tottenham,0,3,2,MIKEL ARTETA,12/22/2019,1/1/2100,169,0,0,0
5/4/2024,2023/2024,Arsenal,Bournemouth,1,3,0,MIKEL ARTETA,12/22/2019,1/1/2100,170,0,0,0
5/12/2024,2023/2024,Arsenal,Manchester Utd,0,1,0,MIKEL ARTETA,12/22/2019,1/1/2100,171,0,0,0
5/19/2024,2023/2024,Arsenal,Everton,1,2,1,MIKEL ARTETA,12/22/2019,1/1/2100,172,0,0,0
10/23/2022,2022/2023,Aston Villa,Brentford,1,4,0,AARON DANKS,10/21/2022,10/31/2022,1,1,0,0
10/29/2022,2022/2023,Aston Villa,Newcastle Utd,0,0,4,AARON DANKS,10/21/2022,10/31/2022,2,1,0,0
3/13/2016,2015/2016,Aston Villa,Tottenham,1,0,2,ERIC BLACK,3/6/2016,3/30/2016,1,1,0,0
3/19/2016,2015/2016,Aston Villa,Swansea City,0,0,1,ERIC BLACK,3/6/2016,3/30/2016,2,1,0,0
8/10/2019,2019/2020,Aston Villa,Tottenham,0,1,3,KEVIN MACDONALD,4/10/2018,7/11/2021,1,1,0,0
8/17/2019,2019/2020,Aston Villa,Bournemouth,1,1,2,KEVIN MACDONALD,4/10/2018,7/11/2021,2,1,0,0
8/23/2019,2019/2020,Aston Villa,Everton,1,2,0,KEVIN MACDONALD,4/10/2018,7/11/2021,3,1,0,0
8/31/2019,2019/2020,Aston Villa,Crystal Palace,0,0,1,KEVIN MACDONALD,4/10/2018,7/11/2021,4,0,1,0
9/16/2019,2019/2020,Aston Villa,West Ham,1,0,0,KEVIN MACDONALD,4/10/2018,7/11/2021,5,0,1,0
9/22/2019,2019/2020,Aston Villa,Arsenal,0,2,3,KEVIN MACDONALD,4/10/2018,7/11/2021,6,0,1,0
9/28/2019,2019/2020,Aston Villa,Burnley,1,2,2,KEVIN MACDONALD,4/10/2018,7/11/2021,7,0,0,1
10/5/2019,2019/2020,Aston Villa,Norwich City,0,5,1,KEVIN MACDONALD,4/10/2018,7/11/2021,8,0,0,1
10/19/2019,2019/2020,Aston Villa,Brighton,1,2,1,KEVIN MACDONALD,4/10/2018,7/11/2021,9,0,0,1
10/26/2019,2019/2020,Aston Villa,Manchester City,0,0,3,KEVIN MACDONALD,4/10/2018,7/11/2021,10,0,0,1
11/2/2019,2019/2020,Aston Villa,Liverpool,1,1,2,KEVIN MACDONALD,4/10/2018,7/11/2021,11,0,0,0
11/10/2019,2019/2020,Aston Villa,Wolves,0,1,2,KEVIN MACDONALD,4/10/2018,7/11/2021,12,0,0,0
11/25/2019,2019/2020,Aston Villa,Newcastle Utd,1,2,0,KEVIN MACDONALD,4/10/2018,7/11/2021,13,0,0,0
12/1/2019,2019/2020,Aston Villa,Manchester Utd,0,2,2,KEVIN MACDONALD,4/10/2018,7/11/2021,14,0,0,0
12/4/2019,2019/2020,Aston Villa,Chelsea,0,1,2,KEVIN MACDONALD,4/10/2018,7/11/2021,15,0,0,0
12/8/2019,2019/2020,Aston Villa,Leicester City,1,1,4,KEVIN MACDONALD,4/10/2018,7/11/2021,16,0,0,0
12/14/2019,2019/2020,Aston Villa,Sheffield Utd,0,0,2,KEVIN MACDONALD,4/10/2018,7/11/2021,17,0,0,0
12/21/2019,2019/2020,Aston Villa,Southampton,1,1,3,KEVIN MACDONALD,4/10/2018,7/11/2021,18,0,0,0
12/26/2019,2019/2020,Aston Villa,Norwich City,1,1,0,KEVIN MACDONALD,4/10/2018,7/11/2021,19,0,0,0
12/28/2019,2019/2020,Aston Villa,Watford,0,0,3,KEVIN MACDONALD,4/10/2018,7/11/2021,20,0,0,0
1/1/2020,2019/2020,Aston Villa,Burnley,0,2,1,KEVIN MACDONALD,4/10/2018,7/11/2021,21,0,0,0
1/12/2020,2019/2020,Aston Villa,Manchester City,1,1,6,KEVIN MACDONALD,4/10/2018,7/11/2021,22,0,0,0
1/18/2020,2019/2020,Aston Villa,Brighton,0,1,1,KEVIN MACDONALD,4/10/2018,7/11/2021,23,0,0,0
1/21/2020,2019/2020,Aston Villa,Watford,1,2,1,KEVIN MACDONALD,4/10/2018,7/11/2021,24,0,0,0
2/1/2020,2019/2020,Aston Villa,Bournemouth,0,1,2,KEVIN MACDONALD,4/10/2018,7/11/2021,25,0,0,0
2/16/2020,2019/2020,Aston Villa,Tottenham,1,2,3,KEVIN MACDONALD,4/10/2018,7/11/2021,26,0,0,0
2/22/2020,2019/2020,Aston Villa,Southampton,0,0,2,KEVIN MACDONALD,4/10/2018,7/11/2021,27,0,0,0
3/9/2020,2019/2020,Aston Villa,Leicester City,0,0,4,KEVIN MACDONALD,4/10/2018,7/11/2021,28,0,0,0
6/17/2020,2019/2020,Aston Villa,Sheffield Utd,1,0,0,KEVIN MACDONALD,4/10/2018,7/11/2021,29,0,0,0
6/21/2020,2019/2020,Aston Villa,Chelsea,1,1,2,KEVIN MACDONALD,4/10/2018,7/11/2021,30,0,0,0
6/24/2020,2019/2020,Aston Villa,Newcastle Utd,0,1,1,KEVIN MACDONALD,4/10/2018,7/11/2021,31,0,0,0
6/27/2020,2019/2020,Aston Villa,Wolves,1,0,1,KEVIN MACDONALD,4/10/2018,7/11/2021,32,0,0,0
7/5/2020,2019/2020,Aston Villa,Liverpool,0,0,2,KEVIN MACDONALD,4/10/2018,7/11/2021,33,0,0,0
7/9/2020,2019/2020,Aston Villa,Manchester Utd,1,0,3,KEVIN MACDONALD,4/10/2018,7/11/2021,34,0,0,0
7/12/2020,2019/2020,Aston Villa,Crystal Palace,1,2,0,KEVIN MACDONALD,4/10/2018,7/11/2021,35,0,0,0
7/16/2020,2019/2020,Aston Villa,Everton,0,1,1,KEVIN MACDONALD,4/10/2018,7/11/2021,36,0,0,0
7/21/2020,2019/2020,Aston Villa,Arsenal,1,1,0,KEVIN MACDONALD,4/10/2018,7/11/2021,37,0,0,0
7/26/2020,2019/2020,Aston Villa,West Ham,0,1,1,KEVIN MACDONALD,4/10/2018,7/11/2021,38,0,0,0
9/21/2020,2020/2021,Aston Villa,Sheffield Utd,1,1,0,KEVIN MACDONALD,4/10/2018,7/11/2021,39,0,0,0
9/28/2020,2020/2021,Aston Villa,Fulham,0,3,0,KEVIN MACDONALD,4/10/2018,7/11/2021,40,0,0,0
10/4/2020,2020/2021,Aston Villa,Liverpool,1,7,2,KEVIN MACDONALD,4/10/2018,7/11/2021,41,0,0,0
10/18/2020,2020/2021,Aston Villa,Leicester City,0,1,0,KEVIN MACDONALD,4/10/2018,7/11/2021,42,0,0,0
10/23/2020,2020/2021,Aston Villa,Leeds United,1,0,3,KEVIN MACDONALD,4/10/2018,7/11/2021,43,0,0,0
11/1/2020,2020/2021,Aston Villa,Southampton,1,3,4,KEVIN MACDONALD,4/10/2018,7/11/2021,44,0,0,0
11/8/2020,2020/2021,Aston Villa,Arsenal,0,3,0,KEVIN MACDONALD,4/10/2018,7/11/2021,45,0,0,0
11/21/2020,2020/2021,Aston Villa,Brighton,1,1,2,KEVIN MACDONALD,4/10/2018,7/11/2021,46,0,0,0
11/30/2020,2020/2021,Aston Villa,West Ham,0,1,2,KEVIN MACDONALD,4/10/2018,7/11/2021,47,0,0,0
12/12/2020,2020/2021,Aston Villa,Wolves,0,1,0,KEVIN MACDONALD,4/10/2018,7/11/2021,48,0,0,0
12/17/2020,2020/2021,Aston Villa,Burnley,1,0,0,KEVIN MACDONALD,4/10/2018,7/11/2021,49,0,0,0
12/20/2020,2020/2021,Aston Villa,West Brom,0,3,0,KEVIN MACDONALD,4/10/2018,7/11/2021,50,0,0,0
12/26/2020,2020/2021,Aston Villa,Crystal Palace,1,3,0,KEVIN MACDONALD,4/10/2018,7/11/2021,51,0,0,0
12/28/2020,2020/2021,Aston Villa,Chelsea,0,1,1,KEVIN MACDONALD,4/10/2018,7/11/2021,52,0,0,0
1/1/2021,2020/2021,Aston Villa,Manchester Utd,0,1,2,KEVIN MACDONALD,4/10/2018,7/11/2021,53,0,0,0
1/20/2021,2020/2021,Aston Villa,Manchester City,0,0,2,KEVIN MACDONALD,4/10/2018,7/11/2021,54,0,0,0
1/23/2021,2020/2021,Aston Villa,Newcastle Utd,1,2,0,KEVIN MACDONALD,4/10/2018,7/11/2021,55,0,0,0
1/27/2021,2020/2021,Aston Villa,Burnley,0,2,3,KEVIN MACDONALD,4/10/2018,7/11/2021,56,0,0,0
1/30/2021,2020/2021,Aston Villa,Southampton,0,1,0,KEVIN MACDONALD,4/10/2018,7/11/2021,57,0,0,0
2/3/2021,2020/2021,Aston Villa,West Ham,1,1,3,KEVIN MACDONALD,4/10/2018,7/11/2021,58,0,0,0
2/6/2021,2020/2021,Aston Villa,Arsenal,1,1,0,KEVIN MACDONALD,4/10/2018,7/11/2021,59,0,0,0
2/13/2021,2020/2021,Aston Villa,Brighton,0,0,0,KEVIN MACDONALD,4/10/2018,7/11/2021,60,0,0,0
2/21/2021,2020/2021,Aston Villa,Leicester City,1,1,2,KEVIN MACDONALD,4/10/2018,7/11/2021,61,0,0,0
2/27/2021,2020/2021,Aston Villa,Leeds United,0,1,0,KEVIN MACDONALD,4/10/2018,7/11/2021,62,0,0,0
3/3/2021,2020/2021,Aston Villa,Sheffield Utd,0,0,1,KEVIN MACDONALD,4/10/2018,7/11/2021,63,0,0,0
3/6/2021,2020/2021,Aston Villa,Wolves,1,0,0,KEVIN MACDONALD,4/10/2018,7/11/2021,64,0,0,0
3/12/2021,2020/2021,Aston Villa,Newcastle Utd,0,1,1,KEVIN MACDONALD,4/10/2018,7/11/2021,65,0,0,0
3/21/2021,2020/2021,Aston Villa,Tottenham,1,0,2,KEVIN MACDONALD,4/10/2018,7/11/2021,66,0,0,0
4/4/2021,2020/2021,Aston Villa,Fulham,1,3,1,KEVIN MACDONALD,4/10/2018,7/11/2021,67,0,0,0
4/10/2021,2020/2021,Aston Villa,Liverpool,0,1,2,KEVIN MACDONALD,4/10/2018,7/11/2021,68,0,0,0
4/21/2021,2020/2021,Aston Villa,Manchester City,1,1,2,KEVIN MACDONALD,4/10/2018,7/11/2021,69,0,0,0
4/25/2021,2020/2021,Aston Villa,West Brom,1,2,2,KEVIN MACDONALD,4/10/2018,7/11/2021,70,0,0,0
5/1/2021,2020/2021,Aston Villa,Everton,0,2,1,KEVIN MACDONALD,4/10/2018,7/11/2021,71,0,0,0
5/9/2021,2020/2021,Aston Villa,Manchester Utd,1,1,3,KEVIN MACDONALD,4/10/2018,7/11/2021,72,0,0,0
5/13/2021,2020/2021,Aston Villa,Everton,1,0,0,KEVIN MACDONALD,4/10/2018,7/11/2021,73,0,0,0
5/16/2021,2020/2021,Aston Villa,Crystal Palace,0,2,3,KEVIN MACDONALD,4/10/2018,7/11/2021,74,0,0,0
5/19/2021,2020/2021,Aston Villa,Tottenham,0,2,1,KEVIN MACDONALD,4/10/2018,7/11/2021,75,0,0,0
5/23/2021,2020/2021,Aston Villa,Chelsea,1,2,1,KEVIN MACDONALD,4/10/2018,7/11/2021,76,0,0,0
8/16/2014,2014/2015,Aston Villa,Stoke City,0,1,0,PAUL LAMBERT,2/6/2012,11/2/2015,101,0,0,0
8/23/2014,2014/2015,Aston Villa,Newcastle Utd,1,0,0,PAUL LAMBERT,2/6/2012,11/2/2015,102,0,0,0
8/31/2014,2014/2015,Aston Villa,Hull City,1,2,1,PAUL LAMBERT,2/6/2012,11/2/2015,103,0,0,0
9/13/2014,2014/2015,Aston Villa,Liverpool,0,1,0,PAUL LAMBERT,2/6/2012,11/2/2015,104,0,0,0
9/20/2014,2014/2015,Aston Villa,Arsenal,1,0,3,PAUL LAMBERT,2/6/2012,11/2/2015,105,0,0,0
9/27/2014,2014/2015,Aston Villa,Chelsea,0,0,3,PAUL LAMBERT,2/6/2012,11/2/2015,106,0,0,0
10/4/2014,2014/2015,Aston Villa,Manchester City,1,0,2,PAUL LAMBERT,2/6/2012,11/2/2015,107,0,0,0
10/18/2014,2014/2015,Aston Villa,Everton,0,0,3,PAUL LAMBERT,2/6/2012,11/2/2015,108,0,0,0
10/27/2014,2014/2015,Aston Villa,QPR,0,0,2,PAUL LAMBERT,2/6/2012,11/2/2015,109,0,0,0
11/2/2014,2014/2015,Aston Villa,Tottenham,1,1,2,PAUL LAMBERT,2/6/2012,11/2/2015,110,0,0,0
11/8/2014,2014/2015,Aston Villa,West Ham,0,0,0,PAUL LAMBERT,2/6/2012,11/2/2015,111,0,0,0
11/24/2014,2014/2015,Aston Villa,Southampton,1,1,1,PAUL LAMBERT,2/6/2012,11/2/2015,112,0,0,0
11/29/2014,2014/2015,Aston Villa,Burnley,0,1,1,PAUL LAMBERT,2/6/2012,11/2/2015,113,0,0,0
12/2/2014,2014/2015,Aston Villa,Crystal Palace,0,1,0,PAUL LAMBERT,2/6/2012,11/2/2015,114,0,0,0
12/7/2014,2014/2015,Aston Villa,Leicester City,1,2,1,PAUL LAMBERT,2/6/2012,11/2/2015,115,0,0,0
12/13/2014,2014/2015,Aston Villa,West Brom,0,0,1,PAUL LAMBERT,2/6/2012,11/2/2015,116,0,0,0
12/20/2014,2014/2015,Aston Villa,Manchester Utd,1,1,1,PAUL LAMBERT,2/6/2012,11/2/2015,117,0,0,0
12/26/2014,2014/2015,Aston Villa,Swansea City,0,0,1,PAUL LAMBERT,2/6/2012,11/2/2015,118,0,0,0
12/28/2014,2014/2015,Aston Villa,Sunderland,1,0,0,PAUL LAMBERT,2/6/2012,11/2/2015,119,0,0,0
1/1/2015,2014/2015,Aston Villa,Crystal Palace,1,0,0,PAUL LAMBERT,2/6/2012,11/2/2015,120,0,0,0
1/10/2015,2014/2015,Aston Villa,Leicester City,0,0,1,PAUL LAMBERT,2/6/2012,11/2/2015,121,0,0,0
1/17/2015,2014/2015,Aston Villa,Liverpool,1,0,2,PAUL LAMBERT,2/6/2012,11/2/2015,122,0,0,0
2/1/2015,2014/2015,Aston Villa,Arsenal,0,0,5,PAUL LAMBERT,2/6/2012,11/2/2015,123,0,0,0
2/7/2015,2014/2015,Aston Villa,Chelsea,1,1,2,PAUL LAMBERT,2/6/2012,11/2/2015,124,0,0,0
2/10/2015,2014/2015,Aston Villa,Hull City,0,0,2,PAUL LAMBERT,2/6/2012,11/2/2015,125,0,0,0
3/14/2015,2014/2015,Aston Villa,Sunderland,0,4,0,REMI GARDE,3/11/2015,3/29/2016,1,1,0,0
3/21/2015,2014/2015,Aston Villa,Swansea City,1,0,1,REMI GARDE,3/11/2015,3/29/2016,2,1,0,0
4/4/2015,2014/2015,Aston Villa,Manchester Utd,0,1,3,REMI GARDE,3/11/2015,3/29/2016,3,1,0,0
4/7/2015,2014/2015,Aston Villa,QPR,1,3,3,REMI GARDE,3/11/2015,3/29/2016,4,0,1,0
4/11/2015,2014/2015,Aston Villa,Tottenham,0,1,0,REMI GARDE,3/11/2015,3/29/2016,5,0,1,0
4/25/2015,2014/2015,Aston Villa,Manchester City,0,2,3,REMI GARDE,3/11/2015,3/29/2016,6,0,1,0
5/2/2015,2014/2015,Aston Villa,Everton,1,3,2,REMI GARDE,3/11/2015,3/29/2016,7,0,0,1
5/9/2015,2014/2015,Aston Villa,West Ham,1,1,0,REMI GARDE,3/11/2015,3/29/2016,8,0,0,1
5/16/2015,2014/2015,Aston Villa,Southampton,0,1,6,REMI GARDE,3/11/2015,3/29/2016,9,0,0,1
5/24/2015,2014/2015,Aston Villa,Burnley,1,0,1,REMI GARDE,3/11/2015,3/29/2016,10,0,0,1
8/8/2015,2015/2016,Aston Villa,Bournemouth,0,1,0,REMI GARDE,3/11/2015,3/29/2016,11,0,0,0
8/14/2015,2015/2016,Aston Villa,Manchester Utd,1,0,1,REMI GARDE,3/11/2015,3/29/2016,12,0,0,0
8/22/2015,2015/2016,Aston Villa,Crystal Palace,0,1,2,REMI GARDE,3/11/2015,3/29/2016,13,0,0,0
8/29/2015,2015/2016,Aston Villa,Sunderland,1,2,2,REMI GARDE,3/11/2015,3/29/2016,14,0,0,0
9/13/2015,2015/2016,Aston Villa,Leicester City,0,2,3,REMI GARDE,3/11/2015,3/29/2016,15,0,0,0
9/19/2015,2015/2016,Aston Villa,West Brom,1,0,1,REMI GARDE,3/11/2015,3/29/2016,16,0,0,0
9/26/2015,2015/2016,Aston Villa,Liverpool,0,2,3,REMI GARDE,3/11/2015,3/29/2016,17,0,0,0
10/3/2015,2015/2016,Aston Villa,Stoke City,1,0,1,REMI GARDE,3/11/2015,3/29/2016,18,0,0,0
10/17/2015,2015/2016,Aston Villa,Chelsea,0,0,2,REMI GARDE,3/11/2015,3/29/2016,19,0,0,0
10/24/2015,2015/2016,Aston Villa,Swansea City,1,1,2,REMI GARDE,3/11/2015,3/29/2016,20,0,0,0
11/2/2015,2015/2016,Aston Villa,Tottenham,0,1,3,REMI GARDE,3/11/2015,3/29/2016,21,0,0,0
11/8/2015,2015/2016,Aston Villa,Manchester City,1,0,0,REMI GARDE,3/11/2015,3/29/2016,22,0,0,0
11/21/2015,2015/2016,Aston Villa,Everton,0,0,4,REMI GARDE,3/11/2015,3/29/2016,23,0,0,0
11/28/2015,2015/2016,Aston Villa,Watford,1,2,3,REMI GARDE,3/11/2015,3/29/2016,24,0,0,0
12/5/2015,2015/2016,Aston Villa,Southampton,0,1,1,REMI GARDE,3/11/2015,3/29/2016,25,0,0,0
12/13/2015,2015/2016,Aston Villa,Arsenal,1,0,2,REMI GARDE,3/11/2015,3/29/2016,26,0,0,0
12/19/2015,2015/2016,Aston Villa,Newcastle Utd,0,1,1,REMI GARDE,3/11/2015,3/29/2016,27,0,0,0
12/26/2015,2015/2016,Aston Villa,West Ham,1,1,1,REMI GARDE,3/11/2015,3/29/2016,28,0,0,0
12/28/2015,2015/2016,Aston Villa,Norwich City,0,0,2,REMI GARDE,3/11/2015,3/29/2016,29,0,0,0
1/2/2016,2015/2016,Aston Villa,Sunderland,0,1,3,REMI GARDE,3/11/2015,3/29/2016,30,0,0,0
1/12/2016,2015/2016,Aston Villa,Crystal Palace,1,1,0,ROBERTO DI MATTEO,1/7/2016,3/10/2016,1,1,0,0
1/16/2016,2015/2016,Aston Villa,Leicester City,1,1,1,ROBERTO DI MATTEO,1/7/2016,3/10/2016,2,1,0,0
1/23/2016,2015/2016,Aston Villa,West Brom,0,0,0,ROBERTO DI MATTEO,1/7/2016,3/10/2016,3,1,0,0
2/2/2016,2015/2016,Aston Villa,West Ham,0,0,2,ROBERTO DI MATTEO,1/7/2016,3/10/2016,4,0,1,0
2/6/2016,2015/2016,Aston Villa,Norwich City,1,2,0,ROBERTO DI MATTEO,1/7/2016,3/10/2016,5,0,1,0
2/14/2016,2015/2016,Aston Villa,Liverpool,1,0,6,ROBERTO DI MATTEO,1/7/2016,3/10/2016,6,0,1,0
2/27/2016,2015/2016,Aston Villa,Stoke City,0,1,2,ROBERTO DI MATTEO,1/7/2016,3/10/2016,7,0,0,1
3/1/2016,2015/2016,Aston Villa,Everton,1,1,3,ROBERTO DI MATTEO,1/7/2016,3/10/2016,8,0,0,1
3/5/2016,2015/2016,Aston Villa,Manchester City,0,0,4,ROBERTO DI MATTEO,1/7/2016,3/10/2016,9,0,0,1
4/16/2016,2015/2016,Aston Villa,Manchester Utd,0,0,1,STEVE CLARKE,4/10/2016,12/10/2016,1,1,0,0
4/23/2016,2015/2016,Aston Villa,Southampton,1,2,4,STEVE CLARKE,4/10/2016,12/10/2016,2,1,0,0
4/30/2016,2015/2016,Aston Villa,Watford,0,2,3,STEVE CLARKE,4/10/2016,12/10/2016,3,1,0,0
5/7/2016,2015/2016,Aston Villa,Newcastle Utd,1,0,0,STEVE CLARKE,4/10/2016,12/10/2016,4,0,1,0
5/15/2016,2015/2016,Aston Villa,Arsenal,0,0,4,STEVE CLARKE,4/10/2016,12/10/2016,5,0,1,0
11/20/2021,2021/2022,Aston Villa,Brighton,1,2,0,STEVEN GERRARD,11/11/2021,10/20/2022,1,1,0,0
11/27/2021,2021/2022,Aston Villa,Crystal Palace,0,2,1,STEVEN GERRARD,11/11/2021,10/20/2022,2,1,0,0
12/1/2021,2021/2022,Aston Villa,Manchester City,1,1,2,STEVEN GERRARD,11/11/2021,10/20/2022,3,1,0,0
12/5/2021,2021/2022,Aston Villa,Leicester City,1,2,1,STEVEN GERRARD,11/11/2021,10/20/2022,4,0,1,0
12/11/2021,2021/2022,Aston Villa,Liverpool,0,0,1,STEVEN GERRARD,11/11/2021,10/20/2022,5,0,1,0
12/14/2021,2021/2022,Aston Villa,Norwich City,0,2,0,STEVEN GERRARD,11/11/2021,10/20/2022,6,0,1,0
12/26/2021,2021/2022,Aston Villa,Chelsea,1,1,3,STEVEN GERRARD,11/11/2021,10/20/2022,7,0,0,1
1/2/2022,2021/2022,Aston Villa,Brentford,0,1,2,STEVEN GERRARD,11/11/2021,10/20/2022,8,0,0,1
2/21/2015,2014/2015,Aston Villa,Stoke City,1,1,2,TIM SHERWOOD,2/16/2015,10/25/2015,1,1,0,0
2/28/2015,2014/2015,Aston Villa,Newcastle Utd,0,0,1,TIM SHERWOOD,2/16/2015,10/25/2015,2,1,0,0
3/3/2015,2014/2015,Aston Villa,West Brom,1,2,1,TIM SHERWOOD,2/16/2015,10/25/2015,3,1,0,0
1/15/2022,2021/2022,Aston Villa,Manchester Utd,1,2,2,UNAI EMERY,1/11/2022,1/1/2100,1,1,0,0
1/22/2022,2021/2022,Aston Villa,Everton,0,1,0,UNAI EMERY,1/11/2022,1/1/2100,2,1,0,0
2/9/2022,2021/2022,Aston Villa,Leeds United,1,3,3,UNAI EMERY,1/11/2022,1/1/2100,3,1,0,0
2/13/2022,2021/2022,Aston Villa,Newcastle Utd,0,0,1,UNAI EMERY,1/11/2022,1/1/2100,4,0,1,0
2/19/2022,2021/2022,Aston Villa,Watford,1,0,1,UNAI EMERY,1/11/2022,1/1/2100,5,0,1,0
2/26/2022,2021/2022,Aston Villa,Brighton,0,2,0,UNAI EMERY,1/11/2022,1/1/2100,6,0,1,0
3/5/2022,2021/2022,Aston Villa,Southampton,1,4,0,UNAI EMERY,1/11/2022,1/1/2100,7,0,0,1
3/10/2022,2021/2022,Aston Villa,Leeds United,0,3,0,UNAI EMERY,1/11/2022,1/1/2100,8,0,0,1
3/13/2022,2021/2022,Aston Villa,West Ham,0,1,2,UNAI EMERY,1/11/2022,1/1/2100,9,0,0,1
3/19/2022,2021/2022,Aston Villa,Arsenal,1,0,1,UNAI EMERY,1/11/2022,1/1/2100,10,0,0,1
4/2/2022,2021/2022,Aston Villa,Wolves,0,1,2,UNAI EMERY,1/11/2022,1/1/2100,11,0,0,0
4/9/2022,2021/2022,Aston Villa,Tottenham,1,0,4,UNAI EMERY,1/11/2022,1/1/2100,12,0,0,0
4/23/2022,2021/2022,Aston Villa,Leicester City,0,0,0,UNAI EMERY,1/11/2022,1/1/2100,13,0,0,0
4/30/2022,2021/2022,Aston Villa,Norwich City,1,2,0,UNAI EMERY,1/11/2022,1/1/2100,14,0,0,0
5/7/2022,2021/2022,Aston Villa,Burnley,0,3,1,UNAI EMERY,1/11/2022,1/1/2100,15,0,0,0
5/10/2022,2021/2022,Aston Villa,Liverpool,1,1,2,UNAI EMERY,1/11/2022,1/1/2100,16,0,0,0
5/15/2022,2021/2022,Aston Villa,Crystal Palace,1,1,1,UNAI EMERY,1/11/2022,1/1/2100,17,0,0,0
5/19/2022,2021/2022,Aston Villa,Burnley,1,1,1,UNAI EMERY,1/11/2022,1/1/2100,18,0,0,0
5/22/2022,2021/2022,Aston Villa,Manchester City,0,2,3,UNAI EMERY,1/11/2022,1/1/2100,19,0,0,0
8/6/2022,2022/2023,Aston Villa,Bournemouth,0,0,2,UNAI EMERY,1/11/2022,1/1/2100,20,0,0,0
8/13/2022,2022/2023,Aston Villa,Everton,1,2,1,UNAI EMERY,1/11/2022,1/1/2100,21,0,0,0
8/20/2022,2022/2023,Aston Villa,Crystal Palace,0,1,3,UNAI EMERY,1/11/2022,1/1/2100,22,0,0,0
8/28/2022,2022/2023,Aston Villa,West Ham,1,0,1,UNAI EMERY,1/11/2022,1/1/2100,23,0,0,0
8/31/2022,2022/2023,Aston Villa,Arsenal,0,1,2,UNAI EMERY,1/11/2022,1/1/2100,24,0,0,0
9/3/2022,2022/2023,Aston Villa,Manchester City,1,1,1,UNAI EMERY,1/11/2022,1/1/2100,25,0,0,0
9/16/2022,2022/2023,Aston Villa,Southampton,1,1,0,UNAI EMERY,1/11/2022,1/1/2100,26,0,0,0
10/2/2022,2022/2023,Aston Villa,Leeds United,0,0,0,UNAI EMERY,1/11/2022,1/1/2100,27,0,0,0
10/10/2022,2022/2023,Aston Villa,Nott'ham Forest,0,1,1,UNAI EMERY,1/11/2022,1/1/2100,28,0,0,0
10/16/2022,2022/2023,Aston Villa,Chelsea,1,0,2,UNAI EMERY,1/11/2022,1/1/2100,29,0,0,0
10/20/2022,2022/2023,Aston Villa,Fulham,0,0,3,UNAI EMERY,1/11/2022,1/1/2100,30,0,0,0
11/6/2022,2022/2023,Aston Villa,Manchester Utd,1,3,1,UNAI EMERY,1/11/2022,1/1/2100,31,0,0,0
11/13/2022,2022/2023,Aston Villa,Brighton,0,2,1,UNAI EMERY,1/11/2022,1/1/2100,32,0,0,0
12/26/2022,2022/2023,Aston Villa,Liverpool,1,1,3,UNAI EMERY,1/11/2022,1/1/2100,33,0,0,0
1/1/2023,2022/2023,Aston Villa,Tottenham,0,2,0,UNAI EMERY,1/11/2022,1/1/2100,34,0,0,0
1/4/2023,2022/2023,Aston Villa,Wolves,1,1,1,UNAI EMERY,1/11/2022,1/1/2100,35,0,0,0
1/13/2023,2022/2023,Aston Villa,Leeds United,1,2,1,UNAI EMERY,1/11/2022,1/1/2100,36,0,0,0
1/21/2023,2022/2023,Aston Villa,Southampton,0,1,0,UNAI EMERY,1/11/2022,1/1/2100,37,0,0,0
2/4/2023,2022/2023,Aston Villa,Leicester City,1,2,4,UNAI EMERY,1/11/2022,1/1/2100,38,0,0,0
2/12/2023,2022/2023,Aston Villa,Manchester City,0,1,3,UNAI EMERY,1/11/2022,1/1/2100,39,0,0,0
2/18/2023,2022/2023,Aston Villa,Arsenal,1,2,4,UNAI EMERY,1/11/2022,1/1/2100,40,0,0,0
2/25/2023,2022/2023,Aston Villa,Everton,0,2,0,UNAI EMERY,1/11/2022,1/1/2100,41,0,0,0
3/4/2023,2022/2023,Aston Villa,Crystal Palace,1,1,0,UNAI EMERY,1/11/2022,1/1/2100,42,0,0,0
3/12/2023,2022/2023,Aston Villa,West Ham,0,1,1,UNAI EMERY,1/11/2022,1/1/2100,43,0,0,0
3/18/2023,2022/2023,Aston Villa,Bournemouth,1,3,0,UNAI EMERY,1/11/2022,1/1/2100,44,0,0,0
4/1/2023,2022/2023,Aston Villa,Chelsea,0,2,0,UNAI EMERY,1/11/2022,1/1/2100,45,0,0,0
4/4/2023,2022/2023,Aston Villa,Leicester City,0,2,1,UNAI EMERY,1/11/2022,1/1/2100,46,0,0,0
4/8/2023,2022/2023,Aston Villa,Nott'ham Forest,1,2,0,UNAI EMERY,1/11/2022,1/1/2100,47,0,0,0
4/15/2023,2022/2023,Aston Villa,Newcastle Utd,1,3,0,UNAI EMERY,1/11/2022,1/1/2100,48,0,0,0
4/22/2023,2022/2023,Aston Villa,Brentford,0,1,1,UNAI EMERY,1/11/2022,1/1/2100,49,0,0,0
4/25/2023,2022/2023,Aston Villa,Fulham,1,1,0,UNAI EMERY,1/11/2022,1/1/2100,50,0,0,0
4/30/2023,2022/2023,Aston Villa,Manchester Utd,0,0,1,UNAI EMERY,1/11/2022,1/1/2100,51,0,0,0
5/6/2023,2022/2023,Aston Villa,Wolves,0,0,1,UNAI EMERY,1/11/2022,1/1/2100,52,0,0,0
5/13/2023,2022/2023,Aston Villa,Tottenham,1,2,1,UNAI EMERY,1/11/2022,1/1/2100,53,0,0,0
5/20/2023,2022/2023,Aston Villa,Liverpool,0,1,1,UNAI EMERY,1/11/2022,1/1/2100,54,0,0,0
5/28/2023,2022/2023,Aston Villa,Brighton,1,2,1,UNAI EMERY,1/11/2022,1/1/2100,55,0,0,0
8/12/2023,2023/2024,Aston Villa,Newcastle Utd,0,1,5,UNAI EMERY,1/11/2022,1/1/2100,56,0,0,0
8/20/2023,2023/2024,Aston Villa,Everton,1,4,0,UNAI EMERY,1/11/2022,1/1/2100,57,0,0,0
8/27/2023,2023/2024,Aston Villa,Burnley,0,3,1,UNAI EMERY,1/11/2022,1/1/2100,58,0,0,0
9/3/2023,2023/2024,Aston Villa,Liverpool,0,0,3,UNAI EMERY,1/11/2022,1/1/2100,59,0,0,0
9/16/2023,2023/2024,Aston Villa,Crystal Palace,1,3,1,UNAI EMERY,1/11/2022,1/1/2100,60,0,0,0
9/24/2023,2023/2024,Aston Villa,Chelsea,0,1,0,UNAI EMERY,1/11/2022,1/1/2100,61,0,0,0
9/30/2023,2023/2024,Aston Villa,Brighton,1,6,1,UNAI EMERY,1/11/2022,1/1/2100,62,0,0,0
10/8/2023,2023/2024,Aston Villa,Wolves,0,1,1,UNAI EMERY,1/11/2022,1/1/2100,63,0,0,0
10/22/2023,2023/2024,Aston Villa,West Ham,1,4,1,UNAI EMERY,1/11/2022,1/1/2100,64,0,0,0
10/29/2023,2023/2024,Aston Villa,Luton Town,1,3,1,UNAI EMERY,1/11/2022,1/1/2100,65,0,0,0
11/5/2023,2023/2024,Aston Villa,Nott'ham Forest,0,0,2,UNAI EMERY,1/11/2022,1/1/2100,66,0,0,0
11/12/2023,2023/2024,Aston Villa,Fulham,1,3,1,UNAI EMERY,1/11/2022,1/1/2100,67,0,0,0
11/26/2023,2023/2024,Aston Villa,Tottenham,0,2,1,UNAI EMERY,1/11/2022,1/1/2100,68,0,0,0
12/3/2023,2023/2024,Aston Villa,Bournemouth,0,2,2,UNAI EMERY,1/11/2022,1/1/2100,69,0,0,0
12/6/2023,2023/2024,Aston Villa,Manchester City,1,1,0,UNAI EMERY,1/11/2022,1/1/2100,70,0,0,0
12/9/2023,2023/2024,Aston Villa,Arsenal,1,1,0,UNAI EMERY,1/11/2022,1/1/2100,71,0,0,0
12/17/2023,2023/2024,Aston Villa,Brentford,0,2,1,UNAI EMERY,1/11/2022,1/1/2100,72,0,0,0
12/22/2023,2023/2024,Aston Villa,Sheffield Utd,1,1,1,UNAI EMERY,1/11/2022,1/1/2100,73,0,0,0
12/26/2023,2023/2024,Aston Villa,Manchester Utd,0,2,3,UNAI EMERY,1/11/2022,1/1/2100,74,0,0,0
12/30/2023,2023/2024,Aston Villa,Burnley,1,3,2,UNAI EMERY,1/11/2022,1/1/2100,75,0,0,0
1/14/2024,2023/2024,Aston Villa,Everton,0,0,0,UNAI EMERY,1/11/2022,1/1/2100,76,0,0,0
1/30/2024,2023/2024,Aston Villa,Newcastle Utd,1,1,3,UNAI EMERY,1/11/2022,1/1/2100,77,0,0,0
2/3/2024,2023/2024,Aston Villa,Sheffield Utd,0,5,0,UNAI EMERY,1/11/2022,1/1/2100,78,0,0,0
2/11/2024,2023/2024,Aston Villa,Manchester Utd,1,1,2,UNAI EMERY,1/11/2022,1/1/2100,79,0,0,0
2/17/2024,2023/2024,Aston Villa,Fulham,0,2,1,UNAI EMERY,1/11/2022,1/1/2100,80,0,0,0
2/24/2024,2023/2024,Aston Villa,Nott'ham Forest,1,4,2,UNAI EMERY,1/11/2022,1/1/2100,81,0,0,0
3/2/2024,2023/2024,Aston Villa,Luton Town,0,3,2,UNAI EMERY,1/11/2022,1/1/2100,82,0,0,0
3/10/2024,2023/2024,Aston Villa,Tottenham,1,0,4,UNAI EMERY,1/11/2022,1/1/2100,83,0,0,0
3/17/2024,2023/2024,Aston Villa,West Ham,0,1,1,UNAI EMERY,1/11/2022,1/1/2100,84,0,0,0
3/30/2024,2023/2024,Aston Villa,Wolves,1,2,0,UNAI EMERY,1/11/2022,1/1/2100,85,0,0,0
4/3/2024,2023/2024,Aston Villa,Manchester City,0,1,4,UNAI EMERY,1/11/2022,1/1/2100,86,0,0,0
4/6/2024,2023/2024,Aston Villa,Brentford,1,3,3,UNAI EMERY,1/11/2022,1/1/2100,87,0,0,0
4/14/2024,2023/2024,Aston Villa,Arsenal,0,2,0,UNAI EMERY,1/11/2022,1/1/2100,88,0,0,0
4/21/2024,2023/2024,Aston Villa,Bournemouth,1,3,1,UNAI EMERY,1/11/2022,1/1/2100,89,0,0,0
4/27/2024,2023/2024,Aston Villa,Chelsea,1,2,2,UNAI EMERY,1/11/2022,1/1/2100,90,0,0,0
5/5/2024,2023/2024,Aston Villa,Brighton,0,0,1,UNAI EMERY,1/11/2022,1/1/2100,91,0,0,0
5/13/2024,2023/2024,Aston Villa,Liverpool,1,3,3,UNAI EMERY,1/11/2022,1/1/2100,92,0,0,0
5/19/2024,2023/2024,Aston Villa,Crystal Palace,0,0,5,UNAI EMERY,1/11/2022,1/1/2100,93,0,0,0
1/14/2023,2022/2023,Bournemouth,Brentford,0,0,2,ANDONI IRAOLA,1/7/2023,1/1/2100,1,1,0,0
1/21/2023,2022/2023,Bournemouth,Nott'ham Forest,1,1,1,ANDONI IRAOLA,1/7/2023,1/1/2100,2,1,0,0
2/4/2023,2022/2023,Bournemouth,Brighton,0,0,1,ANDONI IRAOLA,1/7/2023,1/1/2100,3,1,0,0
2/11/2023,2022/2023,Bournemouth,Newcastle Utd,1,1,1,ANDONI IRAOLA,1/7/2023,1/1/2100,4,0,1,0
2/18/2023,2022/2023,Bournemouth,Wolves,0,1,0,ANDONI IRAOLA,1/7/2023,1/1/2100,5,0,1,0
2/25/2023,2022/2023,Bournemouth,Manchester City,1,1,4,ANDONI IRAOLA,1/7/2023,1/1/2100,6,0,1,0
3/4/2023,2022/2023,Bournemouth,Arsenal,0,2,3,ANDONI IRAOLA,1/7/2023,1/1/2100,7,0,0,1
3/11/2023,2022/2023,Bournemouth,Liverpool,1,1,0,ANDONI IRAOLA,1/7/2023,1/1/2100,8,0,0,1
3/18/2023,2022/2023,Bournemouth,Aston Villa,0,0,3,ANDONI IRAOLA,1/7/2023,1/1/2100,9,0,0,1
4/1/2023,2022/2023,Bournemouth,Fulham,1,2,1,ANDONI IRAOLA,1/7/2023,1/1/2100,10,0,0,1
4/4/2023,2022/2023,Bournemouth,Brighton,1,0,2,ANDONI IRAOLA,1/7/2023,1/1/2100,11,0,0,0
4/8/2023,2022/2023,Bournemouth,Leicester City,0,1,0,ANDONI IRAOLA,1/7/2023,1/1/2100,12,0,0,0
4/15/2023,2022/2023,Bournemouth,Tottenham,0,3,2,ANDONI IRAOLA,1/7/2023,1/1/2100,13,0,0,0
4/23/2023,2022/2023,Bournemouth,West Ham,1,0,4,ANDONI IRAOLA,1/7/2023,1/1/2100,14,0,0,0
4/27/2023,2022/2023,Bournemouth,Southampton,0,1,0,ANDONI IRAOLA,1/7/2023,1/1/2100,15,0,0,0
4/30/2023,2022/2023,Bournemouth,Leeds United,1,4,1,ANDONI IRAOLA,1/7/2023,1/1/2100,16,0,0,0
5/6/2023,2022/2023,Bournemouth,Chelsea,1,1,3,ANDONI IRAOLA,1/7/2023,1/1/2100,17,0,0,0
5/13/2023,2022/2023,Bournemouth,Crystal Palace,0,0,2,ANDONI IRAOLA,1/7/2023,1/1/2100,18,0,0,0
5/20/2023,2022/2023,Bournemouth,Manchester Utd,1,0,1,ANDONI IRAOLA,1/7/2023,1/1/2100,19,0,0,0
5/28/2023,2022/2023,Bournemouth,Everton,0,0,1,ANDONI IRAOLA,1/7/2023,1/1/2100,20,0,0,0
8/12/2023,2023/2024,Bournemouth,West Ham,1,1,1,ANDONI IRAOLA,1/7/2023,1/1/2100,21,0,0,0
8/19/2023,2023/2024,Bournemouth,Liverpool,0,1,3,ANDONI IRAOLA,1/7/2023,1/1/2100,22,0,0,0
8/26/2023,2023/2024,Bournemouth,Tottenham,1,0,2,ANDONI IRAOLA,1/7/2023,1/1/2100,23,0,0,0
9/2/2023,2023/2024,Bournemouth,Brentford,0,2,2,ANDONI IRAOLA,1/7/2023,1/1/2100,24,0,0,0
9/17/2023,2023/2024,Bournemouth,Chelsea,1,0,0,ANDONI IRAOLA,1/7/2023,1/1/2100,25,0,0,0
9/24/2023,2023/2024,Bournemouth,Brighton,0,1,3,ANDONI IRAOLA,1/7/2023,1/1/2100,26,0,0,0
9/30/2023,2023/2024,Bournemouth,Arsenal,1,0,4,ANDONI IRAOLA,1/7/2023,1/1/2100,27,0,0,0
10/7/2023,2023/2024,Bournemouth,Everton,0,0,3,ANDONI IRAOLA,1/7/2023,1/1/2100,28,0,0,0
10/21/2023,2023/2024,Bournemouth,Wolves,1,1,2,ANDONI IRAOLA,1/7/2023,1/1/2100,29,0,0,0
10/28/2023,2023/2024,Bournemouth,Burnley,1,2,1,ANDONI IRAOLA,1/7/2023,1/1/2100,30,0,0,0
11/4/2023,2023/2024,Bournemouth,Manchester City,0,1,6,ANDONI IRAOLA,1/7/2023,1/1/2100,31,0,0,0
11/11/2023,2023/2024,Bournemouth,Newcastle Utd,1,2,0,ANDONI IRAOLA,1/7/2023,1/1/2100,32,0,0,0
11/25/2023,2023/2024,Bournemouth,Sheffield Utd,0,3,1,ANDONI IRAOLA,1/7/2023,1/1/2100,33,0,0,0
12/3/2023,2023/2024,Bournemouth,Aston Villa,1,2,2,ANDONI IRAOLA,1/7/2023,1/1/2100,34,0,0,0
12/6/2023,2023/2024,Bournemouth,Crystal Palace,0,2,0,ANDONI IRAOLA,1/7/2023,1/1/2100,35,0,0,0
12/9/2023,2023/2024,Bournemouth,Manchester Utd,0,3,0,ANDONI IRAOLA,1/7/2023,1/1/2100,36,0,0,0
12/23/2023,2023/2024,Bournemouth,Nott'ham Forest,0,3,2,ANDONI IRAOLA,1/7/2023,1/1/2100,37,0,0,0
12/26/2023,2023/2024,Bournemouth,Fulham,1,3,0,ANDONI IRAOLA,1/7/2023,1/1/2100,38,0,0,0
12/31/2023,2023/2024,Bournemouth,Tottenham,0,1,3,ANDONI IRAOLA,1/7/2023,1/1/2100,39,0,0,0
1/21/2024,2023/2024,Bournemouth,Liverpool,1,0,4,ANDONI IRAOLA,1/7/2023,1/1/2100,40,0,0,0
2/1/2024,2023/2024,Bournemouth,West Ham,0,1,1,ANDONI IRAOLA,1/7/2023,1/1/2100,41,0,0,0
2/4/2024,2023/2024,Bournemouth,Nott'ham Forest,1,1,1,ANDONI IRAOLA,1/7/2023,1/1/2100,42,0,0,0
2/10/2024,2023/2024,Bournemouth,Fulham,0,1,3,ANDONI IRAOLA,1/7/2023,1/1/2100,43,0,0,0
2/17/2024,2023/2024,Bournemouth,Newcastle Utd,0,2,2,ANDONI IRAOLA,1/7/2023,1/1/2100,44,0,0,0
2/24/2024,2023/2024,Bournemouth,Manchester City,1,0,1,ANDONI IRAOLA,1/7/2023,1/1/2100,45,0,0,0
3/3/2024,2023/2024,Bournemouth,Burnley,0,2,0,ANDONI IRAOLA,1/7/2023,1/1/2100,46,0,0,0
3/9/2024,2023/2024,Bournemouth,Sheffield Utd,1,2,2,ANDONI IRAOLA,1/7/2023,1/1/2100,47,0,0,0
3/13/2024,2023/2024,Bournemouth,Luton Town,1,4,3,ANDONI IRAOLA,1/7/2023,1/1/2100,48,0,0,0
3/30/2024,2023/2024,Bournemouth,Everton,1,2,1,ANDONI IRAOLA,1/7/2023,1/1/2100,49,0,0,0
4/2/2024,2023/2024,Bournemouth,Crystal Palace,1,1,0,ANDONI IRAOLA,1/7/2023,1/1/2100,50,0,0,0
4/6/2024,2023/2024,Bournemouth,Luton Town,0,1,2,ANDONI IRAOLA,1/7/2023,1/1/2100,51,0,0,0
4/13/2024,2023/2024,Bournemouth,Manchester Utd,1,2,2,ANDONI IRAOLA,1/7/2023,1/1/2100,52,0,0,0
4/21/2024,2023/2024,Bournemouth,Aston Villa,0,1,3,ANDONI IRAOLA,1/7/2023,1/1/2100,53,0,0,0
4/24/2024,2023/2024,Bournemouth,Wolves,0,1,0,ANDONI IRAOLA,1/7/2023,1/1/2100,54,0,0,0
4/28/2024,2023/2024,Bournemouth,Brighton,1,3,0,ANDONI IRAOLA,1/7/2023,1/1/2100,55,0,0,0
5/4/2024,2023/2024,Bournemouth,Arsenal,0,0,3,ANDONI IRAOLA,1/7/2023,1/1/2100,56,0,0,0
5/11/2024,2023/2024,Bournemouth,Brentford,1,1,2,ANDONI IRAOLA,1/7/2023,1/1/2100,57,0,0,0
5/19/2024,2023/2024,Bournemouth,Chelsea,0,1,2,ANDONI IRAOLA,1/7/2023,1/1/2100,58,0,0,0
8/8/2015,2015/2016,Bournemouth,Aston Villa,1,0,1,EDDIE HOWE,10/14/2012,1/8/2020,101,0,0,0
8/17/2015,2015/2016,Bournemouth,Liverpool,0,0,1,EDDIE HOWE,10/14/2012,1/8/2020,102,0,0,0
8/22/2015,2015/2016,Bournemouth,West Ham,0,4,3,EDDIE HOWE,10/14/2012,1/8/2020,103,0,0,0
8/29/2015,2015/2016,Bournemouth,Leicester City,1,1,1,EDDIE HOWE,10/14/2012,1/8/2020,104,0,0,0
9/12/2015,2015/2016,Bournemouth,Norwich City,0,1,3,EDDIE HOWE,10/14/2012,1/8/2020,105,0,0,0
9/19/2015,2015/2016,Bournemouth,Sunderland,1,2,0,EDDIE HOWE,10/14/2012,1/8/2020,106,0,0,0
9/26/2015,2015/2016,Bournemouth,Stoke City,0,1,2,EDDIE HOWE,10/14/2012,1/8/2020,107,0,0,0
10/3/2015,2015/2016,Bournemouth,Watford,1,1,1,EDDIE HOWE,10/14/2012,1/8/2020,108,0,0,0
10/17/2015,2015/2016,Bournemouth,Manchester City,0,1,5,EDDIE HOWE,10/14/2012,1/8/2020,109,0,0,0
10/25/2015,2015/2016,Bournemouth,Tottenham,1,1,5,EDDIE HOWE,10/14/2012,1/8/2020,110,0,0,0
11/1/2015,2015/2016,Bournemouth,Southampton,0,0,2,EDDIE HOWE,10/14/2012,1/8/2020,111,0,0,0
11/7/2015,2015/2016,Bournemouth,Newcastle Utd,1,0,1,EDDIE HOWE,10/14/2012,1/8/2020,112,0,0,0
11/21/2015,2015/2016,Bournemouth,Swansea City,0,2,2,EDDIE HOWE,10/14/2012,1/8/2020,113,0,0,0
11/28/2015,2015/2016,Bournemouth,Everton,1,3,3,EDDIE HOWE,10/14/2012,1/8/2020,114,0,0,0
12/5/2015,2015/2016,Bournemouth,Chelsea,0,1,0,EDDIE HOWE,10/14/2012,1/8/2020,115,0,0,0
12/12/2015,2015/2016,Bournemouth,Manchester Utd,1,2,1,EDDIE HOWE,10/14/2012,1/8/2020,116,0,0,0
12/19/2015,2015/2016,Bournemouth,West Brom,0,2,1,EDDIE HOWE,10/14/2012,1/8/2020,117,0,0,0
12/26/2015,2015/2016,Bournemouth,Crystal Palace,1,0,0,EDDIE HOWE,10/14/2012,1/8/2020,118,0,0,0
12/28/2015,2015/2016,Bournemouth,Arsenal,0,0,2,EDDIE HOWE,10/14/2012,1/8/2020,119,0,0,0
1/2/2016,2015/2016,Bournemouth,Leicester City,0,0,0,EDDIE HOWE,10/14/2012,1/8/2020,120,0,0,0
1/12/2016,2015/2016,Bournemouth,West Ham,1,1,3,EDDIE HOWE,10/14/2012,1/8/2020,121,0,0,0
1/16/2016,2015/2016,Bournemouth,Norwich City,1,3,0,EDDIE HOWE,10/14/2012,1/8/2020,122,0,0,0
1/23/2016,2015/2016,Bournemouth,Sunderland,0,1,1,EDDIE HOWE,10/14/2012,1/8/2020,123,0,0,0
2/2/2016,2015/2016,Bournemouth,Crystal Palace,0,2,1,EDDIE HOWE,10/14/2012,1/8/2020,124,0,0,0
2/7/2016,2015/2016,Bournemouth,Arsenal,1,0,2,EDDIE HOWE,10/14/2012,1/8/2020,125,0,0,0
2/13/2016,2015/2016,Bournemouth,Stoke City,1,1,3,EDDIE HOWE,10/14/2012,1/8/2020,126,0,0,0
2/27/2016,2015/2016,Bournemouth,Watford,0,0,0,EDDIE HOWE,10/14/2012,1/8/2020,127,0,0,0
3/1/2016,2015/2016,Bournemouth,Southampton,1,2,0,EDDIE HOWE,10/14/2012,1/8/2020,128,0,0,0
3/5/2016,2015/2016,Bournemouth,Newcastle Utd,0,3,1,EDDIE HOWE,10/14/2012,1/8/2020,129,0,0,0
3/12/2016,2015/2016,Bournemouth,Swansea City,1,3,2,EDDIE HOWE,10/14/2012,1/8/2020,130,0,0,0
3/20/2016,2015/2016,Bournemouth,Tottenham,0,0,3,EDDIE HOWE,10/14/2012,1/8/2020,131,0,0,0
4/2/2016,2015/2016,Bournemouth,Manchester City,1,0,4,EDDIE HOWE,10/14/2012,1/8/2020,132,0,0,0
4/9/2016,2015/2016,Bournemouth,Aston Villa,0,2,1,EDDIE HOWE,10/14/2012,1/8/2020,133,0,0,0
4/17/2016,2015/2016,Bournemouth,Liverpool,1,1,2,EDDIE HOWE,10/14/2012,1/8/2020,134,0,0,0
4/23/2016,2015/2016,Bournemouth,Chelsea,1,1,4,EDDIE HOWE,10/14/2012,1/8/2020,135,0,0,0
4/30/2016,2015/2016,Bournemouth,Everton,0,1,2,EDDIE HOWE,10/14/2012,1/8/2020,136,0,0,0
5/7/2016,2015/2016,Bournemouth,West Brom,1,1,1,EDDIE HOWE,10/14/2012,1/8/2020,137,0,0,0
5/17/2016,2015/2016,Bournemouth,Manchester Utd,0,1,3,EDDIE HOWE,10/14/2012,1/8/2020,138,0,0,0
8/14/2016,2016/2017,Bournemouth,Manchester Utd,1,1,3,EDDIE HOWE,10/14/2012,1/8/2020,139,0,0,0
8/21/2016,2016/2017,Bournemouth,West Ham,0,0,1,EDDIE HOWE,10/14/2012,1/8/2020,140,0,0,0
8/27/2016,2016/2017,Bournemouth,Crystal Palace,0,1,1,EDDIE HOWE,10/14/2012,1/8/2020,141,0,0,0
9/10/2016,2016/2017,Bournemouth,West Brom,1,1,0,EDDIE HOWE,10/14/2012,1/8/2020,142,0,0,0
9/17/2016,2016/2017,Bournemouth,Manchester City,0,0,4,EDDIE HOWE,10/14/2012,1/8/2020,143,0,0,0
9/24/2016,2016/2017,Bournemouth,Everton,1,1,0,EDDIE HOWE,10/14/2012,1/8/2020,144,0,0,0
10/1/2016,2016/2017,Bournemouth,Watford,0,2,2,EDDIE HOWE,10/14/2012,1/8/2020,145,0,0,0
10/15/2016,2016/2017,Bournemouth,Hull City,1,6,1,EDDIE HOWE,10/14/2012,1/8/2020,146,0,0,0
10/22/2016,2016/2017,Bournemouth,Tottenham,1,0,0,EDDIE HOWE,10/14/2012,1/8/2020,147,0,0,0
10/29/2016,2016/2017,Bournemouth,Middlesbrough,0,0,2,EDDIE HOWE,10/14/2012,1/8/2020,148,0,0,0
11/5/2016,2016/2017,Bournemouth,Sunderland,1,1,2,EDDIE HOWE,10/14/2012,1/8/2020,149,0,0,0
11/19/2016,2016/2017,Bournemouth,Stoke City,0,1,0,EDDIE HOWE,10/14/2012,1/8/2020,150,0,0,0
11/27/2016,2016/2017,Bournemouth,Arsenal,0,1,3,EDDIE HOWE,10/14/2012,1/8/2020,151,0,0,0
12/4/2016,2016/2017,Bournemouth,Liverpool,1,4,3,EDDIE HOWE,10/14/2012,1/8/2020,152,0,0,0
12/10/2016,2016/2017,Bournemouth,Burnley,0,2,3,EDDIE HOWE,10/14/2012,1/8/2020,153,0,0,0
12/13/2016,2016/2017,Bournemouth,Leicester City,1,1,0,EDDIE HOWE,10/14/2012,1/8/2020,154,0,0,0
12/18/2016,2016/2017,Bournemouth,Southampton,1,1,3,EDDIE HOWE,10/14/2012,1/8/2020,155,0,0,0
12/26/2016,2016/2017,Bournemouth,Chelsea,0,0,3,EDDIE HOWE,10/14/2012,1/8/2020,156,0,0,0
12/31/2016,2016/2017,Bournemouth,Swansea City,0,3,0,EDDIE HOWE,10/14/2012,1/8/2020,157,0,0,0
1/3/2017,2016/2017,Bournemouth,Arsenal,1,3,3,EDDIE HOWE,10/14/2012,1/8/2020,158,0,0,0
1/14/2017,2016/2017,Bournemouth,Hull City,0,1,3,EDDIE HOWE,10/14/2012,1/8/2020,159,0,0,0
1/21/2017,2016/2017,Bournemouth,Watford,1,2,2,EDDIE HOWE,10/14/2012,1/8/2020,160,0,0,0
1/31/2017,2016/2017,Bournemouth,Crystal Palace,1,0,2,EDDIE HOWE,10/14/2012,1/8/2020,161,0,0,0
2/4/2017,2016/2017,Bournemouth,Everton,0,3,6,EDDIE HOWE,10/14/2012,1/8/2020,162,0,0,0
2/13/2017,2016/2017,Bournemouth,Manchester City,1,0,2,EDDIE HOWE,10/14/2012,1/8/2020,163,0,0,0
2/25/2017,2016/2017,Bournemouth,West Brom,0,1,2,EDDIE HOWE,10/14/2012,1/8/2020,164,0,0,0
3/4/2017,2016/2017,Bournemouth,Manchester Utd,0,1,1,EDDIE HOWE,10/14/2012,1/8/2020,165,0,0,0
3/11/2017,2016/2017,Bournemouth,West Ham,1,3,2,EDDIE HOWE,10/14/2012,1/8/2020,166,0,0,0
3/18/2017,2016/2017,Bournemouth,Swansea City,1,2,0,EDDIE HOWE,10/14/2012,1/8/2020,167,0,0,0
4/1/2017,2016/2017,Bournemouth,Southampton,0,0,0,EDDIE HOWE,10/14/2012,1/8/2020,168,0,0,0
4/5/2017,2016/2017,Bournemouth,Liverpool,0,2,2,EDDIE HOWE,10/14/2012,1/8/2020,169,0,0,0
4/8/2017,2016/2017,Bournemouth,Chelsea,1,1,3,EDDIE HOWE,10/14/2012,1/8/2020,170,0,0,0
4/15/2017,2016/2017,Bournemouth,Tottenham,0,0,4,EDDIE HOWE,10/14/2012,1/8/2020,171,0,0,0
4/22/2017,2016/2017,Bournemouth,Middlesbrough,1,4,0,EDDIE HOWE,10/14/2012,1/8/2020,172,0,0,0
4/29/2017,2016/2017,Bournemouth,Sunderland,0,1,0,EDDIE HOWE,10/14/2012,1/8/2020,173,0,0,0
5/6/2017,2016/2017,Bournemouth,Stoke City,1,2,2,EDDIE HOWE,10/14/2012,1/8/2020,174,0,0,0
5/13/2017,2016/2017,Bournemouth,Burnley,1,2,1,EDDIE HOWE,10/14/2012,1/8/2020,175,0,0,0
5/21/2017,2016/2017,Bournemouth,Leicester City,0,1,1,EDDIE HOWE,10/14/2012,1/8/2020,176,0,0,0
8/12/2017,2017/2018,Bournemouth,West Brom,0,0,1,EDDIE HOWE,10/14/2012,1/8/2020,177,0,0,0
8/19/2017,2017/2018,Bournemouth,Watford,1,0,2,EDDIE HOWE,10/14/2012,1/8/2020,178,0,0,0
8/26/2017,2017/2018,Bournemouth,Manchester City,1,1,2,EDDIE HOWE,10/14/2012,1/8/2020,179,0,0,0
9/9/2017,2017/2018,Bournemouth,Arsenal,0,0,3,EDDIE HOWE,10/14/2012,1/8/2020,180,0,0,0
9/15/2017,2017/2018,Bournemouth,Brighton,1,2,1,EDDIE HOWE,10/14/2012,1/8/2020,181,0,0,0
9/23/2017,2017/2018,Bournemouth,Everton,0,1,2,EDDIE HOWE,10/14/2012,1/8/2020,182,0,0,0
9/30/2017,2017/2018,Bournemouth,Leicester City,1,0,0,EDDIE HOWE,10/14/2012,1/8/2020,183,0,0,0
10/14/2017,2017/2018,Bournemouth,Tottenham,0,0,1,EDDIE HOWE,10/14/2012,1/8/2020,184,0,0,0
10/21/2017,2017/2018,Bournemouth,Stoke City,0,2,1,EDDIE HOWE,10/14/2012,1/8/2020,185,0,0,0
10/28/2017,2017/2018,Bournemouth,Chelsea,1,0,1,EDDIE HOWE,10/14/2012,1/8/2020,186,0,0,0
11/4/2017,2017/2018,Bournemouth,Newcastle Utd,0,1,0,EDDIE HOWE,10/14/2012,1/8/2020,187,0,0,0
11/18/2017,2017/2018,Bournemouth,Huddersfield,1,4,0,EDDIE HOWE,10/14/2012,1/8/2020,188,0,0,0
11/25/2017,2017/2018,Bournemouth,Swansea City,0,0,0,EDDIE HOWE,10/14/2012,1/8/2020,189,0,0,0
11/29/2017,2017/2018,Bournemouth,Burnley,1,1,2,EDDIE HOWE,10/14/2012,1/8/2020,190,0,0,0
12/3/2017,2017/2018,Bournemouth,Southampton,1,1,1,EDDIE HOWE,10/14/2012,1/8/2020,191,0,0,0
12/9/2017,2017/2018,Bournemouth,Crystal Palace,0,2,2,EDDIE HOWE,10/14/2012,1/8/2020,192,0,0,0
12/13/2017,2017/2018,Bournemouth,Manchester Utd,0,0,1,EDDIE HOWE,10/14/2012,1/8/2020,193,0,0,0
12/17/2017,2017/2018,Bournemouth,Liverpool,1,0,4,EDDIE HOWE,10/14/2012,1/8/2020,194,0,0,0
12/23/2017,2017/2018,Bournemouth,Manchester City,0,0,4,EDDIE HOWE,10/14/2012,1/8/2020,195,0,0,0
12/26/2017,2017/2018,Bournemouth,West Ham,1,3,3,EDDIE HOWE,10/14/2012,1/8/2020,196,0,0,0
12/30/2017,2017/2018,Bournemouth,Everton,1,2,1,EDDIE HOWE,10/14/2012,1/8/2020,197,0,0,0
1/1/2018,2017/2018,Bournemouth,Brighton,0,2,2,EDDIE HOWE,10/14/2012,1/8/2020,198,0,0,0
1/14/2018,2017/2018,Bournemouth,Arsenal,1,2,1,EDDIE HOWE,10/14/2012,1/8/2020,199,0,0,0
1/20/2018,2017/2018,Bournemouth,West Ham,0,1,1,EDDIE HOWE,10/14/2012,1/8/2020,200,0,0,0
1/31/2018,2017/2018,Bournemouth,Chelsea,0,3,0,EDDIE HOWE,10/14/2012,1/8/2020,201,0,0,0
2/3/2018,2017/2018,Bournemouth,Stoke City,1,2,1,EDDIE HOWE,10/14/2012,1/8/2020,202,0,0,0
2/11/2018,2017/2018,Bournemouth,Huddersfield,0,1,4,EDDIE HOWE,10/14/2012,1/8/2020,203,0,0,0
2/24/2018,2017/2018,Bournemouth,Newcastle Utd,1,2,2,EDDIE HOWE,10/14/2012,1/8/2020,204,0,0,0
3/3/2018,2017/2018,Bournemouth,Leicester City,0,1,1,EDDIE HOWE,10/14/2012,1/8/2020,205,0,0,0
3/11/2018,2017/2018,Bournemouth,Tottenham,1,1,4,EDDIE HOWE,10/14/2012,1/8/2020,206,0,0,0
3/17/2018,2017/2018,Bournemouth,West Brom,1,2,1,EDDIE HOWE,10/14/2012,1/8/2020,207,0,0,0
3/31/2018,2017/2018,Bournemouth,Watford,0,2,2,EDDIE HOWE,10/14/2012,1/8/2020,208,0,0,0
4/7/2018,2017/2018,Bournemouth,Crystal Palace,1,2,2,EDDIE HOWE,10/14/2012,1/8/2020,209,0,0,0
4/14/2018,2017/2018,Bournemouth,Liverpool,0,0,3,EDDIE HOWE,10/14/2012,1/8/2020,210,0,0,0
4/18/2018,2017/2018,Bournemouth,Manchester Utd,1,0,2,EDDIE HOWE,10/14/2012,1/8/2020,211,0,0,0
4/28/2018,2017/2018,Bournemouth,Southampton,0,1,2,EDDIE HOWE,10/14/2012,1/8/2020,212,0,0,0
5/5/2018,2017/2018,Bournemouth,Swansea City,1,1,0,EDDIE HOWE,10/14/2012,1/8/2020,213,0,0,0
5/13/2018,2017/2018,Bournemouth,Burnley,0,2,1,EDDIE HOWE,10/14/2012,1/8/2020,214,0,0,0
8/11/2018,2018/2019,Bournemouth,Cardiff City,1,2,0,EDDIE HOWE,10/14/2012,1/8/2020,215,0,0,0
8/18/2018,2018/2019,Bournemouth,West Ham,0,2,1,EDDIE HOWE,10/14/2012,1/8/2020,216,0,0,0
8/25/2018,2018/2019,Bournemouth,Everton,1,2,2,EDDIE HOWE,10/14/2012,1/8/2020,217,0,0,0
9/1/2018,2018/2019,Bournemouth,Chelsea,0,0,2,EDDIE HOWE,10/14/2012,1/8/2020,218,0,0,0
9/15/2018,2018/2019,Bournemouth,Leicester City,1,4,2,EDDIE HOWE,10/14/2012,1/8/2020,219,0,0,0
9/22/2018,2018/2019,Bournemouth,Burnley,0,0,4,EDDIE HOWE,10/14/2012,1/8/2020,220,0,0,0
10/1/2018,2018/2019,Bournemouth,Crystal Palace,1,2,1,EDDIE HOWE,10/14/2012,1/8/2020,221,0,0,0
10/6/2018,2018/2019,Bournemouth,Watford,0,4,0,EDDIE HOWE,10/14/2012,1/8/2020,222,0,0,0
10/20/2018,2018/2019,Bournemouth,Southampton,1,0,0,EDDIE HOWE,10/14/2012,1/8/2020,223,0,0,0
10/27/2018,2018/2019,Bournemouth,Fulham,0,3,0,EDDIE HOWE,10/14/2012,1/8/2020,224,0,0,0
11/3/2018,2018/2019,Bournemouth,Manchester Utd,1,1,2,EDDIE HOWE,10/14/2012,1/8/2020,225,0,0,0
11/10/2018,2018/2019,Bournemouth,Newcastle Utd,0,1,2,EDDIE HOWE,10/14/2012,1/8/2020,226,0,0,0
11/25/2018,2018/2019,Bournemouth,Arsenal,1,1,2,EDDIE HOWE,10/14/2012,1/8/2020,227,0,0,0
12/1/2018,2018/2019,Bournemouth,Manchester City,0,1,3,EDDIE HOWE,10/14/2012,1/8/2020,228,0,0,0
12/4/2018,2018/2019,Bournemouth,Huddersfield,1,2,1,EDDIE HOWE,10/14/2012,1/8/2020,229,0,0,0
12/8/2018,2018/2019,Bournemouth,Liverpool,1,0,4,EDDIE HOWE,10/14/2012,1/8/2020,230,0,0,0
12/15/2018,2018/2019,Bournemouth,Wolves,0,0,2,EDDIE HOWE,10/14/2012,1/8/2020,231,0,0,0
12/22/2018,2018/2019,Bournemouth,Brighton,1,2,0,EDDIE HOWE,10/14/2012,1/8/2020,232,0,0,0
12/26/2018,2018/2019,Bournemouth,Tottenham,0,0,5,EDDIE HOWE,10/14/2012,1/8/2020,233,0,0,0
12/30/2018,2018/2019,Bournemouth,Manchester Utd,0,1,4,EDDIE HOWE,10/14/2012,1/8/2020,234,0,0,0
1/2/2019,2018/2019,Bournemouth,Watford,1,3,3,EDDIE HOWE,10/14/2012,1/8/2020,235,0,0,0
1/13/2019,2018/2019,Bournemouth,Everton,0,0,2,EDDIE HOWE,10/14/2012,1/8/2020,236,0,0,0
1/19/2019,2018/2019,Bournemouth,West Ham,1,2,0,EDDIE HOWE,10/14/2012,1/8/2020,237,0,0,0
1/30/2019,2018/2019,Bournemouth,Chelsea,1,4,0,EDDIE HOWE,10/14/2012,1/8/2020,238,0,0,0
2/2/2019,2018/2019,Bournemouth,Cardiff City,0,0,2,EDDIE HOWE,10/14/2012,1/8/2020,239,0,0,0
2/9/2019,2018/2019,Bournemouth,Liverpool,0,0,3,EDDIE HOWE,10/14/2012,1/8/2020,240,0,0,0
2/23/2019,2018/2019,Bournemouth,Wolves,1,1,1,EDDIE HOWE,10/14/2012,1/8/2020,241,0,0,0
2/27/2019,2018/2019,Bournemouth,Arsenal,0,1,5,EDDIE HOWE,10/14/2012,1/8/2020,242,0,0,0
3/2/2019,2018/2019,Bournemouth,Manchester City,1,0,1,EDDIE HOWE,10/14/2012,1/8/2020,243,0,0,0
3/9/2019,2018/2019,Bournemouth,Huddersfield,0,2,0,EDDIE HOWE,10/14/2012,1/8/2020,244,0,0,0
3/16/2019,2018/2019,Bournemouth,Newcastle Utd,1,2,2,EDDIE HOWE,10/14/2012,1/8/2020,245,0,0,0
3/30/2019,2018/2019,Bournemouth,Leicester City,0,0,2,EDDIE HOWE,10/14/2012,1/8/2020,246,0,0,0
4/6/2019,2018/2019,Bournemouth,Burnley,1,1,3,EDDIE HOWE,10/14/2012,1/8/2020,247,0,0,0
4/13/2019,2018/2019,Bournemouth,Brighton,0,5,0,EDDIE HOWE,10/14/2012,1/8/2020,248,0,0,0
4/20/2019,2018/2019,Bournemouth,Fulham,1,0,1,EDDIE HOWE,10/14/2012,1/8/2020,249,0,0,0
4/27/2019,2018/2019,Bournemouth,Southampton,0,3,3,EDDIE HOWE,10/14/2012,1/8/2020,250,0,0,0
5/4/2019,2018/2019,Bournemouth,Tottenham,1,1,0,EDDIE HOWE,10/14/2012,1/8/2020,251,0,0,0
5/12/2019,2018/2019,Bournemouth,Crystal Palace,0,3,5,EDDIE HOWE,10/14/2012,1/8/2020,252,0,0,0
8/10/2019,2019/2020,Bournemouth,Sheffield Utd,1,1,1,EDDIE HOWE,10/14/2012,1/8/2020,253,0,0,0
8/17/2019,2019/2020,Bournemouth,Aston Villa,0,2,1,EDDIE HOWE,10/14/2012,1/8/2020,254,0,0,0
8/25/2019,2019/2020,Bournemouth,Manchester City,1,1,3,EDDIE HOWE,10/14/2012,1/8/2020,255,0,0,0
8/31/2019,2019/2020,Bournemouth,Leicester City,0,1,3,EDDIE HOWE,10/14/2012,1/8/2020,256,0,0,0
9/15/2019,2019/2020,Bournemouth,Everton,1,3,1,EDDIE HOWE,10/14/2012,1/8/2020,257,0,0,0
9/20/2019,2019/2020,Bournemouth,Southampton,0,3,1,EDDIE HOWE,10/14/2012,1/8/2020,258,0,0,0
9/28/2019,2019/2020,Bournemouth,West Ham,1,2,2,EDDIE HOWE,10/14/2012,1/8/2020,259,0,0,0
10/6/2019,2019/2020,Bournemouth,Arsenal,0,0,1,EDDIE HOWE,10/14/2012,1/8/2020,260,0,0,0
10/19/2019,2019/2020,Bournemouth,Norwich City,1,0,0,EDDIE HOWE,10/14/2012,1/8/2020,261,0,0,0
10/26/2019,2019/2020,Bournemouth,Watford,0,0,0,EDDIE HOWE,10/14/2012,1/8/2020,262,0,0,0
11/2/2019,2019/2020,Bournemouth,Manchester Utd,1,1,0,EDDIE HOWE,10/14/2012,1/8/2020,263,0,0,0
11/9/2019,2019/2020,Bournemouth,Newcastle Utd,0,1,2,EDDIE HOWE,10/14/2012,1/8/2020,264,0,0,0
11/23/2019,2019/2020,Bournemouth,Wolves,1,1,2,EDDIE HOWE,10/14/2012,1/8/2020,265,0,0,0
11/30/2019,2019/2020,Bournemouth,Tottenham,0,2,3,EDDIE HOWE,10/14/2012,1/8/2020,266,0,0,0
12/3/2019,2019/2020,Bournemouth,Crystal Palace,0,0,1,EDDIE HOWE,10/14/2012,1/8/2020,267,0,0,0
12/7/2019,2019/2020,Bournemouth,Liverpool,1,0,3,EDDIE HOWE,10/14/2012,1/8/2020,268,0,0,0
12/14/2019,2019/2020,Bournemouth,Chelsea,0,1,0,EDDIE HOWE,10/14/2012,1/8/2020,269,0,0,0
12/21/2019,2019/2020,Bournemouth,Burnley,1,0,1,EDDIE HOWE,10/14/2012,1/8/2020,270,0,0,0
12/26/2019,2019/2020,Bournemouth,Arsenal,1,1,1,EDDIE HOWE,10/14/2012,1/8/2020,271,0,0,0
12/28/2019,2019/2020,Bournemouth,Brighton,0,0,2,EDDIE HOWE,10/14/2012,1/8/2020,272,0,0,0
1/1/2020,2019/2020,Bournemouth,West Ham,0,0,4,EDDIE HOWE,10/14/2012,1/8/2020,273,0,0,0
8/31/2022,2022/2023,Bournemouth,Wolves,1,0,0,GARY O'NEIL,8/30/2022,6/19/2023,1,1,0,0
9/3/2022,2022/2023,Bournemouth,Nott'ham Forest,0,3,2,GARY O'NEIL,8/30/2022,6/19/2023,2,1,0,0
9/17/2022,2022/2023,Bournemouth,Newcastle Utd,0,1,1,GARY O'NEIL,8/30/2022,6/19/2023,3,1,0,0
10/1/2022,2022/2023,Bournemouth,Brentford,1,0,0,GARY O'NEIL,8/30/2022,6/19/2023,4,0,1,0
10/8/2022,2022/2023,Bournemouth,Leicester City,1,2,1,GARY O'NEIL,8/30/2022,6/19/2023,5,0,1,0
10/15/2022,2022/2023,Bournemouth,Fulham,0,2,2,GARY O'NEIL,8/30/2022,6/19/2023,6,0,1,0
10/19/2022,2022/2023,Bournemouth,Southampton,1,0,1,GARY O'NEIL,8/30/2022,6/19/2023,7,0,0,1
10/24/2022,2022/2023,Bournemouth,West Ham,0,0,2,GARY O'NEIL,8/30/2022,6/19/2023,8,0,0,1
10/29/2022,2022/2023,Bournemouth,Tottenham,1,2,3,GARY O'NEIL,8/30/2022,6/19/2023,9,0,0,1
11/5/2022,2022/2023,Bournemouth,Leeds United,0,3,4,GARY O'NEIL,8/30/2022,6/19/2023,10,0,0,1
11/12/2022,2022/2023,Bournemouth,Everton,1,3,0,GARY O'NEIL,8/30/2022,6/19/2023,11,0,0,0
12/27/2022,2022/2023,Bournemouth,Chelsea,0,0,2,GARY O'NEIL,8/30/2022,6/19/2023,12,0,0,0
12/31/2022,2022/2023,Bournemouth,Crystal Palace,1,0,2,GARY O'NEIL,8/30/2022,6/19/2023,13,0,0,0
1/3/2023,2022/2023,Bournemouth,Manchester Utd,0,0,3,GARY O'NEIL,8/30/2022,6/19/2023,14,0,0,0
8/6/2022,2022/2023,Bournemouth,Aston Villa,1,2,0,SCOTT PARKER,1/7/2021,8/30/2022,1,1,0,0
8/13/2022,2022/2023,Bournemouth,Manchester City,0,0,4,SCOTT PARKER,1/7/2021,8/30/2022,2,1,0,0
8/20/2022,2022/2023,Bournemouth,Arsenal,1,0,3,SCOTT PARKER,1/7/2021,8/30/2022,3,1,0,0
8/27/2022,2022/2023,Bournemouth,Liverpool,0,0,9,SCOTT PARKER,1/7/2021,8/30/2022,4,0,1,0
8/13/2021,2021/2022,Brentford,Arsenal,1,2,0,THOMAS FRANK,10/16/2018,6/30/2025,1,1,0,0
8/21/2021,2021/2022,Brentford,Crystal Palace,0,0,0,THOMAS FRANK,10/16/2018,6/30/2025,2,1,0,0
8/28/2021,2021/2022,Brentford,Aston Villa,0,1,1,THOMAS FRANK,10/16/2018,6/30/2025,3,1,0,0
9/11/2021,2021/2022,Brentford,Brighton,1,0,1,THOMAS FRANK,10/16/2018,6/30/2025,4,0,1,0
9/18/2021,2021/2022,Brentford,Wolves,0,2,0,THOMAS FRANK,10/16/2018,6/30/2025,5,0,1,0
9/25/2021,2021/2022,Brentford,Liverpool,1,3,3,THOMAS FRANK,10/16/2018,6/30/2025,6,0,1,0
10/3/2021,2021/2022,Brentford,West Ham,0,2,1,THOMAS FRANK,10/16/2018,6/30/2025,7,0,0,1
10/16/2021,2021/2022,Brentford,Chelsea,1,0,1,THOMAS FRANK,10/16/2018,6/30/2025,8,0,0,1
10/24/2021,2021/2022,Brentford,Leicester City,1,1,2,THOMAS FRANK,10/16/2018,6/30/2025,9,0,0,1
10/30/2021,2021/2022,Brentford,Burnley,0,1,3,THOMAS FRANK,10/16/2018,6/30/2025,10,0,0,1
11/6/2021,2021/2022,Brentford,Norwich City,1,1,2,THOMAS FRANK,10/16/2018,6/30/2025,11,0,0,0
11/20/2021,2021/2022,Brentford,Newcastle Utd,0,3,3,THOMAS FRANK,10/16/2018,6/30/2025,12,0,0,0
11/28/2021,2021/2022,Brentford,Everton,1,1,0,THOMAS FRANK,10/16/2018,6/30/2025,13,0,0,0
12/2/2021,2021/2022,Brentford,Tottenham,0,0,2,THOMAS FRANK,10/16/2018,6/30/2025,14,0,0,0
12/5/2021,2021/2022,Brentford,Leeds United,0,2,2,THOMAS FRANK,10/16/2018,6/30/2025,15,0,0,0
12/10/2021,2021/2022,Brentford,Watford,1,2,1,THOMAS FRANK,10/16/2018,6/30/2025,16,0,0,0
12/26/2021,2021/2022,Brentford,Brighton,0,0,2,THOMAS FRANK,10/16/2018,6/30/2025,17,0,0,0
12/29/2021,2021/2022,Brentford,Manchester City,1,0,1,THOMAS FRANK,10/16/2018,6/30/2025,18,0,0,0
1/2/2022,2021/2022,Brentford,Aston Villa,1,2,1,THOMAS FRANK,10/16/2018,6/30/2025,19,0,0,0
1/11/2022,2021/2022,Brentford,Southampton,0,1,4,THOMAS FRANK,10/16/2018,6/30/2025,20,0,0,0
1/16/2022,2021/2022,Brentford,Liverpool,0,0,3,THOMAS FRANK,10/16/2018,6/30/2025,21,0,0,0
1/19/2022,2021/2022,Brentford,Manchester Utd,1,1,3,THOMAS FRANK,10/16/2018,6/30/2025,22,0,0,0
1/22/2022,2021/2022,Brentford,Wolves,1,1,2,THOMAS FRANK,10/16/2018,6/30/2025,23,0,0,0
2/9/2022,2021/2022,Brentford,Manchester City,0,0,2,THOMAS FRANK,10/16/2018,6/30/2025,24,0,0,0
2/12/2022,2021/2022,Brentford,Crystal Palace,1,0,0,THOMAS FRANK,10/16/2018,6/30/2025,25,0,0,0
2/19/2022,2021/2022,Brentford,Arsenal,0,1,2,THOMAS FRANK,10/16/2018,6/30/2025,26,0,0,0
2/26/2022,2021/2022,Brentford,Newcastle Utd,1,0,2,THOMAS FRANK,10/16/2018,6/30/2025,27,0,0,0
3/5/2022,2021/2022,Brentford,Norwich City,0,3,1,THOMAS FRANK,10/16/2018,6/30/2025,28,0,0,0
3/12/2022,2021/2022,Brentford,Burnley,1,2,0,THOMAS FRANK,10/16/2018,6/30/2025,29,0,0,0
3/20/2022,2021/2022,Brentford,Leicester City,0,1,2,THOMAS FRANK,10/16/2018,6/30/2025,30,0,0,0
4/2/2022,2021/2022,Brentford,Chelsea,0,4,1,THOMAS FRANK,10/16/2018,6/30/2025,31,0,0,0
4/10/2022,2021/2022,Brentford,West Ham,1,2,0,THOMAS FRANK,10/16/2018,6/30/2025,32,0,0,0
4/16/2022,2021/2022,Brentford,Watford,0,2,1,THOMAS FRANK,10/16/2018,6/30/2025,33,0,0,0
4/23/2022,2021/2022,Brentford,Tottenham,1,0,0,THOMAS FRANK,10/16/2018,6/30/2025,34,0,0,0
5/2/2022,2021/2022,Brentford,Manchester Utd,0,0,3,THOMAS FRANK,10/16/2018,6/30/2025,35,0,0,0
5/7/2022,2021/2022,Brentford,Southampton,1,3,0,THOMAS FRANK,10/16/2018,6/30/2025,36,0,0,0
5/15/2022,2021/2022,Brentford,Everton,0,3,2,THOMAS FRANK,10/16/2018,6/30/2025,37,0,0,0
5/22/2022,2021/2022,Brentford,Leeds United,1,1,2,THOMAS FRANK,10/16/2018,6/30/2025,38,0,0,0
8/7/2022,2022/2023,Brentford,Leicester City,0,2,2,THOMAS FRANK,10/16/2018,6/30/2025,39,0,0,0
8/13/2022,2022/2023,Brentford,Manchester Utd,1,4,0,THOMAS FRANK,10/16/2018,6/30/2025,40,0,0,0
8/20/2022,2022/2023,Brentford,Fulham,0,2,3,THOMAS FRANK,10/16/2018,6/30/2025,41,0,0,0
8/27/2022,2022/2023,Brentford,Everton,1,1,1,THOMAS FRANK,10/16/2018,6/30/2025,42,0,0,0
8/30/2022,2022/2023,Brentford,Crystal Palace,0,1,1,THOMAS FRANK,10/16/2018,6/30/2025,43,0,0,0
9/3/2022,2022/2023,Brentford,Leeds United,1,5,2,THOMAS FRANK,10/16/2018,6/30/2025,44,0,0,0
9/18/2022,2022/2023,Brentford,Arsenal,1,0,3,THOMAS FRANK,10/16/2018,6/30/2025,45,0,0,0
10/1/2022,2022/2023,Brentford,Bournemouth,0,0,0,THOMAS FRANK,10/16/2018,6/30/2025,46,0,0,0
10/8/2022,2022/2023,Brentford,Newcastle Utd,0,1,5,THOMAS FRANK,10/16/2018,6/30/2025,47,0,0,0
10/14/2022,2022/2023,Brentford,Brighton,1,2,0,THOMAS FRANK,10/16/2018,6/30/2025,48,0,0,0
10/19/2022,2022/2023,Brentford,Chelsea,1,0,0,THOMAS FRANK,10/16/2018,6/30/2025,49,0,0,0
10/23/2022,2022/2023,Brentford,Aston Villa,0,0,4,THOMAS FRANK,10/16/2018,6/30/2025,50,0,0,0
10/29/2022,2022/2023,Brentford,Wolves,1,1,1,THOMAS FRANK,10/16/2018,6/30/2025,51,0,0,0
11/5/2022,2022/2023,Brentford,Nott'ham Forest,0,2,2,THOMAS FRANK,10/16/2018,6/30/2025,52,0,0,0
11/12/2022,2022/2023,Brentford,Manchester City,0,2,1,THOMAS FRANK,10/16/2018,6/30/2025,53,0,0,0
12/26/2022,2022/2023,Brentford,Tottenham,1,2,2,THOMAS FRANK,10/16/2018,6/30/2025,54,0,0,0
12/30/2022,2022/2023,Brentford,West Ham,0,2,0,THOMAS FRANK,10/16/2018,6/30/2025,55,0,0,0
1/2/2023,2022/2023,Brentford,Liverpool,1,3,1,THOMAS FRANK,10/16/2018,6/30/2025,56,0,0,0
1/14/2023,2022/2023,Brentford,Bournemouth,1,2,0,THOMAS FRANK,10/16/2018,6/30/2025,57,0,0,0
1/22/2023,2022/2023,Brentford,Leeds United,0,0,0,THOMAS FRANK,10/16/2018,6/30/2025,58,0,0,0
2/4/2023,2022/2023,Brentford,Southampton,1,3,0,THOMAS FRANK,10/16/2018,6/30/2025,59,0,0,0
2/11/2023,2022/2023,Brentford,Arsenal,0,1,1,THOMAS FRANK,10/16/2018,6/30/2025,60,0,0,0
2/18/2023,2022/2023,Brentford,Crystal Palace,1,1,1,THOMAS FRANK,10/16/2018,6/30/2025,61,0,0,0
3/6/2023,2022/2023,Brentford,Fulham,1,3,2,THOMAS FRANK,10/16/2018,6/30/2025,62,0,0,0
3/11/2023,2022/2023,Brentford,Everton,0,0,1,THOMAS FRANK,10/16/2018,6/30/2025,63,0,0,0
3/15/2023,2022/2023,Brentford,Southampton,0,2,0,THOMAS FRANK,10/16/2018,6/30/2025,64,0,0,0
3/18/2023,2022/2023,Brentford,Leicester City,1,1,1,THOMAS FRANK,10/16/2018,6/30/2025,65,0,0,0
4/1/2023,2022/2023,Brentford,Brighton,0,3,3,THOMAS FRANK,10/16/2018,6/30/2025,66,0,0,0
4/5/2023,2022/2023,Brentford,Manchester Utd,0,0,1,THOMAS FRANK,10/16/2018,6/30/2025,67,0,0,0
4/8/2023,2022/2023,Brentford,Newcastle Utd,1,1,2,THOMAS FRANK,10/16/2018,6/30/2025,68,0,0,0
4/15/2023,2022/2023,Brentford,Wolves,0,0,2,THOMAS FRANK,10/16/2018,6/30/2025,69,0,0,0
4/22/2023,2022/2023,Brentford,Aston Villa,1,1,1,THOMAS FRANK,10/16/2018,6/30/2025,70,0,0,0
4/26/2023,2022/2023,Brentford,Chelsea,0,2,0,THOMAS FRANK,10/16/2018,6/30/2025,71,0,0,0
4/29/2023,2022/2023,Brentford,Nott'ham Forest,1,2,1,THOMAS FRANK,10/16/2018,6/30/2025,72,0,0,0
5/6/2023,2022/2023,Brentford,Liverpool,0,0,1,THOMAS FRANK,10/16/2018,6/30/2025,73,0,0,0
5/14/2023,2022/2023,Brentford,West Ham,1,2,0,THOMAS FRANK,10/16/2018,6/30/2025,74,0,0,0
5/20/2023,2022/2023,Brentford,Tottenham,0,3,1,THOMAS FRANK,10/16/2018,6/30/2025,75,0,0,0
5/28/2023,2022/2023,Brentford,Manchester City,1,1,0,THOMAS FRANK,10/16/2018,6/30/2025,76,0,0,0
8/13/2023,2023/2024,Brentford,Tottenham,1,2,2,THOMAS FRANK,10/16/2018,6/30/2025,77,0,0,0
8/19/2023,2023/2024,Brentford,Fulham,0,3,0,THOMAS FRANK,10/16/2018,6/30/2025,78,0,0,0
8/26/2023,2023/2024,Brentford,Crystal Palace,1,1,1,THOMAS FRANK,10/16/2018,6/30/2025,79,0,0,0
9/2/2023,2023/2024,Brentford,Bournemouth,1,2,2,THOMAS FRANK,10/16/2018,6/30/2025,80,0,0,0
9/16/2023,2023/2024,Brentford,Newcastle Utd,0,0,1,THOMAS FRANK,10/16/2018,6/30/2025,81,0,0,0
9/23/2023,2023/2024,Brentford,Everton,1,1,3,THOMAS FRANK,10/16/2018,6/30/2025,82,0,0,0
10/1/2023,2023/2024,Brentford,Nott'ham Forest,0,1,1,THOMAS FRANK,10/16/2018,6/30/2025,83,0,0,0
10/7/2023,2023/2024,Brentford,Manchester Utd,0,1,2,THOMAS FRANK,10/16/2018,6/30/2025,84,0,0,0
10/21/2023,2023/2024,Brentford,Burnley,1,3,0,THOMAS FRANK,10/16/2018,6/30/2025,85,0,0,0
10/28/2023,2023/2024,Brentford,Chelsea,0,2,0,THOMAS FRANK,10/16/2018,6/30/2025,86,0,0,0
11/4/2023,2023/2024,Brentford,West Ham,1,3,2,THOMAS FRANK,10/16/2018,6/30/2025,87,0,0,0
11/12/2023,2023/2024,Brentford,Liverpool,0,0,3,THOMAS FRANK,10/16/2018,6/30/2025,88,0,0,0
11/25/2023,2023/2024,Brentford,Arsenal,1,0,1,THOMAS FRANK,10/16/2018,6/30/2025,89,0,0,0
12/2/2023,2023/2024,Brentford,Luton Town,1,3,1,THOMAS FRANK,10/16/2018,6/30/2025,90,0,0,0
12/6/2023,2023/2024,Brentford,Brighton,0,1,2,THOMAS FRANK,10/16/2018,6/30/2025,91,0,0,0
12/9/2023,2023/2024,Brentford,Sheffield Utd,0,0,1,THOMAS FRANK,10/16/2018,6/30/2025,92,0,0,0
12/17/2023,2023/2024,Brentford,Aston Villa,1,1,2,THOMAS FRANK,10/16/2018,6/30/2025,93,0,0,0
12/27/2023,2023/2024,Brentford,Wolves,1,1,4,THOMAS FRANK,10/16/2018,6/30/2025,94,0,0,0
12/30/2023,2023/2024,Brentford,Crystal Palace,0,1,3,THOMAS FRANK,10/16/2018,6/30/2025,95,0,0,0
1/20/2024,2023/2024,Brentford,Nott'ham Forest,1,3,2,THOMAS FRANK,10/16/2018,6/30/2025,96,0,0,0
1/31/2024,2023/2024,Brentford,Tottenham,0,2,3,THOMAS FRANK,10/16/2018,6/30/2025,97,0,0,0
2/5/2024,2023/2024,Brentford,Manchester City,1,1,3,THOMAS FRANK,10/16/2018,6/30/2025,98,0,0,0
2/10/2024,2023/2024,Brentford,Wolves,0,2,0,THOMAS FRANK,10/16/2018,6/30/2025,99,0,0,0
2/17/2024,2023/2024,Brentford,Liverpool,1,1,4,THOMAS FRANK,10/16/2018,6/30/2025,100,0,0,0
2/20/2024,2023/2024,Brentford,Manchester City,0,0,1,THOMAS FRANK,10/16/2018,6/30/2025,101,0,0,0
2/26/2024,2023/2024,Brentford,West Ham,0,2,4,THOMAS FRANK,10/16/2018,6/30/2025,102,0,0,0
3/2/2024,2023/2024,Brentford,Chelsea,1,2,2,THOMAS FRANK,10/16/2018,6/30/2025,103,0,0,0
3/9/2024,2023/2024,Brentford,Arsenal,0,1,2,THOMAS FRANK,10/16/2018,6/30/2025,104,0,0,0
3/16/2024,2023/2024,Brentford,Burnley,0,1,2,THOMAS FRANK,10/16/2018,6/30/2025,105,0,0,0
3/30/2024,2023/2024,Brentford,Manchester Utd,1,1,1,THOMAS FRANK,10/16/2018,6/30/2025,106,0,0,0
4/3/2024,2023/2024,Brentford,Brighton,1,0,0,THOMAS FRANK,10/16/2018,6/30/2025,107,0,0,0
4/6/2024,2023/2024,Brentford,Aston Villa,0,3,3,THOMAS FRANK,10/16/2018,6/30/2025,108,0,0,0
4/13/2024,2023/2024,Brentford,Sheffield Utd,1,2,0,THOMAS FRANK,10/16/2018,6/30/2025,109,0,0,0
4/20/2024,2023/2024,Brentford,Luton Town,0,5,1,THOMAS FRANK,10/16/2018,6/30/2025,110,0,0,0
4/27/2024,2023/2024,Brentford,Everton,0,0,1,THOMAS FRANK,10/16/2018,6/30/2025,111,0,0,0
5/4/2024,2023/2024,Brentford,Fulham,1,0,0,THOMAS FRANK,10/16/2018,6/30/2025,112,0,0,0
5/11/2024,2023/2024,Brentford,Bournemouth,0,2,1,THOMAS FRANK,10/16/2018,6/30/2025,113,0,0,0
5/19/2024,2023/2024,Brentford,Newcastle Utd,1,2,4,THOMAS FRANK,10/16/2018,6/30/2025,114,0,0,0
8/13/2022,2022/2023,Brighton,Newcastle Utd,1,0,0,ANDREW CROFTS,8/9/2022,9/17/2022,1,1,0,0
8/21/2022,2022/2023,Brighton,West Ham,0,2,0,ANDREW CROFTS,8/9/2022,9/17/2022,2,1,0,0
8/27/2022,2022/2023,Brighton,Leeds United,1,1,0,ANDREW CROFTS,8/9/2022,9/17/2022,3,1,0,0
8/30/2022,2022/2023,Brighton,Fulham,0,1,2,ANDREW CROFTS,8/9/2022,9/17/2022,4,0,1,0
9/4/2022,2022/2023,Brighton,Leicester City,1,5,2,ANDREW CROFTS,8/9/2022,9/17/2022,5,0,1,0
8/12/2017,2017/2018,Brighton,Manchester City,1,0,2,CHRIS HUGHTON,12/31/2014,5/13/2019,1,1,0,0
8/19/2017,2017/2018,Brighton,Leicester City,0,0,2,CHRIS HUGHTON,12/31/2014,5/13/2019,2,1,0,0
8/26/2017,2017/2018,Brighton,Watford,0,0,0,CHRIS HUGHTON,12/31/2014,5/13/2019,3,1,0,0
9/9/2017,2017/2018,Brighton,West Brom,1,3,1,CHRIS HUGHTON,12/31/2014,5/13/2019,4,0,1,0
9/15/2017,2017/2018,Brighton,Bournemouth,0,1,2,CHRIS HUGHTON,12/31/2014,5/13/2019,5,0,1,0
9/24/2017,2017/2018,Brighton,Newcastle Utd,1,1,0,CHRIS HUGHTON,12/31/2014,5/13/2019,6,0,1,0
10/1/2017,2017/2018,Brighton,Arsenal,0,0,2,CHRIS HUGHTON,12/31/2014,5/13/2019,7,0,0,1
10/15/2017,2017/2018,Brighton,Everton,1,1,1,CHRIS HUGHTON,12/31/2014,5/13/2019,8,0,0,1
10/20/2017,2017/2018,Brighton,West Ham,0,3,0,CHRIS HUGHTON,12/31/2014,5/13/2019,9,0,0,1
10/29/2017,2017/2018,Brighton,Southampton,1,1,1,CHRIS HUGHTON,12/31/2014,5/13/2019,10,0,0,1
11/4/2017,2017/2018,Brighton,Swansea City,0,1,0,CHRIS HUGHTON,12/31/2014,5/13/2019,11,0,0,0
11/20/2017,2017/2018,Brighton,Stoke City,1,2,2,CHRIS HUGHTON,12/31/2014,5/13/2019,12,0,0,0
11/25/2017,2017/2018,Brighton,Manchester Utd,0,0,1,CHRIS HUGHTON,12/31/2014,5/13/2019,13,0,0,0
11/28/2017,2017/2018,Brighton,Crystal Palace,1,0,0,CHRIS HUGHTON,12/31/2014,5/13/2019,14,0,0,0
12/2/2017,2017/2018,Brighton,Liverpool,1,1,5,CHRIS HUGHTON,12/31/2014,5/13/2019,15,0,0,0
12/9/2017,2017/2018,Brighton,Huddersfield,0,0,2,CHRIS HUGHTON,12/31/2014,5/13/2019,16,0,0,0
12/13/2017,2017/2018,Brighton,Tottenham,0,0,2,CHRIS HUGHTON,12/31/2014,5/13/2019,17,0,0,0
12/16/2017,2017/2018,Brighton,Burnley,1,0,0,CHRIS HUGHTON,12/31/2014,5/13/2019,18,0,0,0
12/23/2017,2017/2018,Brighton,Watford,1,1,0,CHRIS HUGHTON,12/31/2014,5/13/2019,19,0,0,0
12/26/2017,2017/2018,Brighton,Chelsea,0,0,2,CHRIS HUGHTON,12/31/2014,5/13/2019,20,0,0,0
12/30/2017,2017/2018,Brighton,Newcastle Utd,0,0,0,CHRIS HUGHTON,12/31/2014,5/13/2019,21,0,0,0
1/1/2018,2017/2018,Brighton,Bournemouth,1,2,2,CHRIS HUGHTON,12/31/2014,5/13/2019,22,0,0,0
1/13/2018,2017/2018,Brighton,West Brom,0,0,2,CHRIS HUGHTON,12/31/2014,5/13/2019,23,0,0,0
1/20/2018,2017/2018,Brighton,Chelsea,1,0,4,CHRIS HUGHTON,12/31/2014,5/13/2019,24,0,0,0
1/31/2018,2017/2018,Brighton,Southampton,0,1,1,CHRIS HUGHTON,12/31/2014,5/13/2019,25,0,0,0
2/3/2018,2017/2018,Brighton,West Ham,1,3,1,CHRIS HUGHTON,12/31/2014,5/13/2019,26,0,0,0
2/10/2018,2017/2018,Brighton,Stoke City,0,1,1,CHRIS HUGHTON,12/31/2014,5/13/2019,27,0,0,0
2/24/2018,2017/2018,Brighton,Swansea City,1,4,1,CHRIS HUGHTON,12/31/2014,5/13/2019,28,0,0,0
3/4/2018,2017/2018,Brighton,Arsenal,1,2,1,CHRIS HUGHTON,12/31/2014,5/13/2019,29,0,0,0
3/10/2018,2017/2018,Brighton,Everton,0,0,2,CHRIS HUGHTON,12/31/2014,5/13/2019,30,0,0,0
3/31/2018,2017/2018,Brighton,Leicester City,1,0,2,CHRIS HUGHTON,12/31/2014,5/13/2019,31,0,0,0
4/7/2018,2017/2018,Brighton,Huddersfield,1,1,1,CHRIS HUGHTON,12/31/2014,5/13/2019,32,0,0,0
4/14/2018,2017/2018,Brighton,Crystal Palace,0,2,3,CHRIS HUGHTON,12/31/2014,5/13/2019,33,0,0,0
4/17/2018,2017/2018,Brighton,Tottenham,1,1,1,CHRIS HUGHTON,12/31/2014,5/13/2019,34,0,0,0
4/28/2018,2017/2018,Brighton,Burnley,0,0,0,CHRIS HUGHTON,12/31/2014,5/13/2019,35,0,0,0
5/4/2018,2017/2018,Brighton,Manchester Utd,1,1,0,CHRIS HUGHTON,12/31/2014,5/13/2019,36,0,0,0
5/9/2018,2017/2018,Brighton,Manchester City,0,1,3,CHRIS HUGHTON,12/31/2014,5/13/2019,37,0,0,0
5/13/2018,2017/2018,Brighton,Liverpool,0,0,4,CHRIS HUGHTON,12/31/2014,5/13/2019,38,0,0,0
8/11/2018,2018/2019,Brighton,Watford,0,0,2,CHRIS HUGHTON,12/31/2014,5/13/2019,39,0,0,0
8/19/2018,2018/2019,Brighton,Manchester Utd,1,3,2,CHRIS HUGHTON,12/31/2014,5/13/2019,40,0,0,0
8/25/2018,2018/2019,Brighton,Liverpool,0,0,1,CHRIS HUGHTON,12/31/2014,5/13/2019,41,0,0,0
9/1/2018,2018/2019,Brighton,Fulham,1,2,2,CHRIS HUGHTON,12/31/2014,5/13/2019,42,0,0,0
9/17/2018,2018/2019,Brighton,Southampton,0,2,2,CHRIS HUGHTON,12/31/2014,5/13/2019,43,0,0,0
9/22/2018,2018/2019,Brighton,Tottenham,1,1,2,CHRIS HUGHTON,12/31/2014,5/13/2019,44,0,0,0
9/29/2018,2018/2019,Brighton,Manchester City,0,0,2,CHRIS HUGHTON,12/31/2014,5/13/2019,45,0,0,0
10/5/2018,2018/2019,Brighton,West Ham,1,1,0,CHRIS HUGHTON,12/31/2014,5/13/2019,46,0,0,0
10/20/2018,2018/2019,Brighton,Newcastle Utd,0,1,0,CHRIS HUGHTON,12/31/2014,5/13/2019,47,0,0,0
10/27/2018,2018/2019,Brighton,Wolves,1,1,0,CHRIS HUGHTON,12/31/2014,5/13/2019,48,0,0,0
11/3/2018,2018/2019,Brighton,Everton,0,1,3,CHRIS HUGHTON,12/31/2014,5/13/2019,49,0,0,0
11/10/2018,2018/2019,Brighton,Cardiff City,0,1,2,CHRIS HUGHTON,12/31/2014,5/13/2019,50,0,0,0
11/24/2018,2018/2019,Brighton,Leicester City,1,1,1,CHRIS HUGHTON,12/31/2014,5/13/2019,51,0,0,0
12/1/2018,2018/2019,Brighton,Huddersfield,0,2,1,CHRIS HUGHTON,12/31/2014,5/13/2019,52,0,0,0
12/4/2018,2018/2019,Brighton,Crystal Palace,1,3,1,CHRIS HUGHTON,12/31/2014,5/13/2019,53,0,0,0
12/8/2018,2018/2019,Brighton,Burnley,0,0,1,CHRIS HUGHTON,12/31/2014,5/13/2019,54,0,0,0
12/16/2018,2018/2019,Brighton,Chelsea,1,1,2,CHRIS HUGHTON,12/31/2014,5/13/2019,55,0,0,0
12/22/2018,2018/2019,Brighton,Bournemouth,0,0,2,CHRIS HUGHTON,12/31/2014,5/13/2019,56,0,0,0
12/26/2018,2018/2019,Brighton,Arsenal,1,1,1,CHRIS HUGHTON,12/31/2014,5/13/2019,57,0,0,0
12/29/2018,2018/2019,Brighton,Everton,1,1,0,CHRIS HUGHTON,12/31/2014,5/13/2019,58,0,0,0
1/2/2019,2018/2019,Brighton,West Ham,0,2,2,CHRIS HUGHTON,12/31/2014,5/13/2019,59,0,0,0
1/12/2019,2018/2019,Brighton,Liverpool,1,0,1,CHRIS HUGHTON,12/31/2014,5/13/2019,60,0,0,0
1/19/2019,2018/2019,Brighton,Manchester Utd,0,1,2,CHRIS HUGHTON,12/31/2014,5/13/2019,61,0,0,0
1/29/2019,2018/2019,Brighton,Fulham,0,2,4,CHRIS HUGHTON,12/31/2014,5/13/2019,62,0,0,0
2/2/2019,2018/2019,Brighton,Watford,1,0,0,CHRIS HUGHTON,12/31/2014,5/13/2019,63,0,0,0
2/9/2019,2018/2019,Brighton,Burnley,1,1,3,CHRIS HUGHTON,12/31/2014,5/13/2019,64,0,0,0
2/26/2019,2018/2019,Brighton,Leicester City,0,1,2,CHRIS HUGHTON,12/31/2014,5/13/2019,65,0,0,0
3/2/2019,2018/2019,Brighton,Huddersfield,1,1,0,CHRIS HUGHTON,12/31/2014,5/13/2019,66,0,0,0
3/9/2019,2018/2019,Brighton,Crystal Palace,0,2,1,CHRIS HUGHTON,12/31/2014,5/13/2019,67,0,0,0
3/30/2019,2018/2019,Brighton,Southampton,1,0,1,CHRIS HUGHTON,12/31/2014,5/13/2019,68,0,0,0
4/3/2019,2018/2019,Brighton,Chelsea,0,0,3,CHRIS HUGHTON,12/31/2014,5/13/2019,69,0,0,0
4/13/2019,2018/2019,Brighton,Bournemouth,1,0,5,CHRIS HUGHTON,12/31/2014,5/13/2019,70,0,0,0
4/16/2019,2018/2019,Brighton,Cardiff City,1,0,2,CHRIS HUGHTON,12/31/2014,5/13/2019,71,0,0,0
4/20/2019,2018/2019,Brighton,Wolves,0,0,0,CHRIS HUGHTON,12/31/2014,5/13/2019,72,0,0,0
4/23/2019,2018/2019,Brighton,Tottenham,0,0,1,CHRIS HUGHTON,12/31/2014,5/13/2019,73,0,0,0
4/27/2019,2018/2019,Brighton,Newcastle Utd,1,1,1,CHRIS HUGHTON,12/31/2014,5/13/2019,74,0,0,0
5/5/2019,2018/2019,Brighton,Arsenal,0,1,1,CHRIS HUGHTON,12/31/2014,5/13/2019,75,0,0,0
5/12/2019,2018/2019,Brighton,Manchester City,1,1,4,CHRIS HUGHTON,12/31/2014,5/13/2019,76,0,0,0
1/22/2024,2023/2024,Brighton,Wolves,1,0,0,FABIAN HURZELER,1/7/2024,1/1/2100,1,1,0,0
1/30/2024,2023/2024,Brighton,Luton Town,0,0,4,FABIAN HURZELER,1/7/2024,1/1/2100,2,1,0,0
2/3/2024,2023/2024,Brighton,Crystal Palace,1,4,1,FABIAN HURZELER,1/7/2024,1/1/2100,3,1,0,0
2/10/2024,2023/2024,Brighton,Tottenham,0,1,2,FABIAN HURZELER,1/7/2024,1/1/2100,4,0,1,0
2/18/2024,2023/2024,Brighton,Sheffield Utd,0,5,0,FABIAN HURZELER,1/7/2024,1/1/2100,5,0,1,0
2/24/2024,2023/2024,Brighton,Everton,1,1,1,FABIAN HURZELER,1/7/2024,1/1/2100,6,0,1,0
3/2/2024,2023/2024,Brighton,Fulham,0,0,3,FABIAN HURZELER,1/7/2024,1/1/2100,7,0,0,1
3/10/2024,2023/2024,Brighton,Nott'ham Forest,1,1,0,FABIAN HURZELER,1/7/2024,1/1/2100,8,0,0,1
3/31/2024,2023/2024,Brighton,Liverpool,0,1,2,FABIAN HURZELER,1/7/2024,1/1/2100,9,0,0,1
4/3/2024,2023/2024,Brighton,Brentford,0,0,0,FABIAN HURZELER,1/7/2024,1/1/2100,10,0,0,1
4/6/2024,2023/2024,Brighton,Arsenal,1,0,3,FABIAN HURZELER,1/7/2024,1/1/2100,11,0,0,0
4/13/2024,2023/2024,Brighton,Burnley,0,1,1,FABIAN HURZELER,1/7/2024,1/1/2100,12,0,0,0
4/25/2024,2023/2024,Brighton,Manchester City,1,0,4,FABIAN HURZELER,1/7/2024,1/1/2100,13,0,0,0
4/28/2024,2023/2024,Brighton,Bournemouth,0,0,3,FABIAN HURZELER,1/7/2024,1/1/2100,14,0,0,0
5/5/2024,2023/2024,Brighton,Aston Villa,1,1,0,FABIAN HURZELER,1/7/2024,1/1/2100,15,0,0,0
5/11/2024,2023/2024,Brighton,Newcastle Utd,0,1,1,FABIAN HURZELER,1/7/2024,1/1/2100,16,0,0,0
5/15/2024,2023/2024,Brighton,Chelsea,1,1,2,FABIAN HURZELER,1/7/2024,1/1/2100,17,0,0,0
5/19/2024,2023/2024,Brighton,Manchester Utd,1,0,2,FABIAN HURZELER,1/7/2024,1/1/2100,18,0,0,0
8/10/2019,2019/2020,Brighton,Watford,0,3,0,GRAHAM POTTER,5/20/2019,7/9/2022,1,1,0,0
8/17/2019,2019/2020,Brighton,West Ham,1,1,1,GRAHAM POTTER,5/20/2019,7/9/2022,2,1,0,0
8/24/2019,2019/2020,Brighton,Southampton,1,0,2,GRAHAM POTTER,5/20/2019,7/9/2022,3,1,0,0
8/31/2019,2019/2020,Brighton,Manchester City,0,0,4,GRAHAM POTTER,5/20/2019,7/9/2022,4,0,1,0
9/14/2019,2019/2020,Brighton,Burnley,1,1,1,GRAHAM POTTER,5/20/2019,7/9/2022,5,0,1,0
9/21/2019,2019/2020,Brighton,Newcastle Utd,0,0,0,GRAHAM POTTER,5/20/2019,7/9/2022,6,0,1,0
9/28/2019,2019/2020,Brighton,Chelsea,0,0,2,GRAHAM POTTER,5/20/2019,7/9/2022,7,0,0,1
10/5/2019,2019/2020,Brighton,Tottenham,1,3,0,GRAHAM POTTER,5/20/2019,7/9/2022,8,0,0,1
10/19/2019,2019/2020,Brighton,Aston Villa,0,1,2,GRAHAM POTTER,5/20/2019,7/9/2022,9,0,0,1
10/26/2019,2019/2020,Brighton,Everton,1,3,2,GRAHAM POTTER,5/20/2019,7/9/2022,10,0,0,1
11/2/2019,2019/2020,Brighton,Norwich City,1,2,0,GRAHAM POTTER,5/20/2019,7/9/2022,11,0,0,0
11/10/2019,2019/2020,Brighton,Manchester Utd,0,1,3,GRAHAM POTTER,5/20/2019,7/9/2022,12,0,0,0
11/23/2019,2019/2020,Brighton,Leicester City,1,0,2,GRAHAM POTTER,5/20/2019,7/9/2022,13,0,0,0
11/30/2019,2019/2020,Brighton,Liverpool,0,1,2,GRAHAM POTTER,5/20/2019,7/9/2022,14,0,0,0
12/5/2019,2019/2020,Brighton,Arsenal,0,2,1,GRAHAM POTTER,5/20/2019,7/9/2022,15,0,0,0
12/8/2019,2019/2020,Brighton,Wolves,1,2,2,GRAHAM POTTER,5/20/2019,7/9/2022,16,0,0,0
12/16/2019,2019/2020,Brighton,Crystal Palace,0,1,1,GRAHAM POTTER,5/20/2019,7/9/2022,17,0,0,0
12/21/2019,2019/2020,Brighton,Sheffield Utd,1,0,1,GRAHAM POTTER,5/20/2019,7/9/2022,18,0,0,0
12/26/2019,2019/2020,Brighton,Tottenham,0,1,2,GRAHAM POTTER,5/20/2019,7/9/2022,19,0,0,0
12/28/2019,2019/2020,Brighton,Bournemouth,1,2,0,GRAHAM POTTER,5/20/2019,7/9/2022,20,0,0,0
1/1/2020,2019/2020,Brighton,Chelsea,1,1,1,GRAHAM POTTER,5/20/2019,7/9/2022,21,0,0,0
1/11/2020,2019/2020,Brighton,Everton,0,0,1,GRAHAM POTTER,5/20/2019,7/9/2022,22,0,0,0
1/18/2020,2019/2020,Brighton,Aston Villa,1,1,1,GRAHAM POTTER,5/20/2019,7/9/2022,23,0,0,0
1/21/2020,2019/2020,Brighton,Bournemouth,0,1,3,GRAHAM POTTER,5/20/2019,7/9/2022,24,0,0,0
2/1/2020,2019/2020,Brighton,West Ham,0,3,3,GRAHAM POTTER,5/20/2019,7/9/2022,25,0,0,0
2/8/2020,2019/2020,Brighton,Watford,1,1,1,GRAHAM POTTER,5/20/2019,7/9/2022,26,0,0,0
2/22/2020,2019/2020,Brighton,Sheffield Utd,0,1,1,GRAHAM POTTER,5/20/2019,7/9/2022,27,0,0,0
2/29/2020,2019/2020,Brighton,Crystal Palace,1,0,1,GRAHAM POTTER,5/20/2019,7/9/2022,28,0,0,0
3/7/2020,2019/2020,Brighton,Wolves,0,0,0,GRAHAM POTTER,5/20/2019,7/9/2022,29,0,0,0
6/20/2020,2019/2020,Brighton,Arsenal,1,2,1,GRAHAM POTTER,5/20/2019,7/9/2022,30,0,0,0
6/23/2020,2019/2020,Brighton,Leicester City,0,0,0,GRAHAM POTTER,5/20/2019,7/9/2022,31,0,0,0
6/30/2020,2019/2020,Brighton,Manchester Utd,1,0,3,GRAHAM POTTER,5/20/2019,7/9/2022,32,0,0,0
7/4/2020,2019/2020,Brighton,Norwich City,0,1,0,GRAHAM POTTER,5/20/2019,7/9/2022,33,0,0,0
7/8/2020,2019/2020,Brighton,Liverpool,1,1,3,GRAHAM POTTER,5/20/2019,7/9/2022,34,0,0,0
7/11/2020,2019/2020,Brighton,Manchester City,1,0,5,GRAHAM POTTER,5/20/2019,7/9/2022,35,0,0,0
7/16/2020,2019/2020,Brighton,Southampton,0,1,1,GRAHAM POTTER,5/20/2019,7/9/2022,36,0,0,0
7/20/2020,2019/2020,Brighton,Newcastle Utd,1,0,0,GRAHAM POTTER,5/20/2019,7/9/2022,37,0,0,0
7/26/2020,2019/2020,Brighton,Burnley,0,2,1,GRAHAM POTTER,5/20/2019,7/9/2022,38,0,0,0
9/14/2020,2020/2021,Brighton,Chelsea,1,1,3,GRAHAM POTTER,5/20/2019,7/9/2022,39,0,0,0
9/20/2020,2020/2021,Brighton,Newcastle Utd,0,3,0,GRAHAM POTTER,5/20/2019,7/9/2022,40,0,0,0
9/26/2020,2020/2021,Brighton,Manchester Utd,1,2,3,GRAHAM POTTER,5/20/2019,7/9/2022,41,0,0,0
10/3/2020,2020/2021,Brighton,Everton,0,2,4,GRAHAM POTTER,5/20/2019,7/9/2022,42,0,0,0
10/18/2020,2020/2021,Brighton,Crystal Palace,0,1,1,GRAHAM POTTER,5/20/2019,7/9/2022,43,0,0,0
10/26/2020,2020/2021,Brighton,West Brom,1,1,1,GRAHAM POTTER,5/20/2019,7/9/2022,44,0,0,0
11/1/2020,2020/2021,Brighton,Tottenham,0,1,2,GRAHAM POTTER,5/20/2019,7/9/2022,45,0,0,0
11/6/2020,2020/2021,Brighton,Burnley,1,0,0,GRAHAM POTTER,5/20/2019,7/9/2022,46,0,0,0
11/21/2020,2020/2021,Brighton,Aston Villa,0,2,1,GRAHAM POTTER,5/20/2019,7/9/2022,47,0,0,0
11/28/2020,2020/2021,Brighton,Liverpool,1,1,1,GRAHAM POTTER,5/20/2019,7/9/2022,48,0,0,0
12/7/2020,2020/2021,Brighton,Southampton,1,1,2,GRAHAM POTTER,5/20/2019,7/9/2022,49,0,0,0
12/13/2020,2020/2021,Brighton,Leicester City,0,0,3,GRAHAM POTTER,5/20/2019,7/9/2022,50,0,0,0
12/16/2020,2020/2021,Brighton,Fulham,0,0,0,GRAHAM POTTER,5/20/2019,7/9/2022,51,0,0,0
12/20/2020,2020/2021,Brighton,Sheffield Utd,1,1,1,GRAHAM POTTER,5/20/2019,7/9/2022,52,0,0,0
12/27/2020,2020/2021,Brighton,West Ham,0,2,2,GRAHAM POTTER,5/20/2019,7/9/2022,53,0,0,0
12/29/2020,2020/2021,Brighton,Arsenal,1,0,1,GRAHAM POTTER,5/20/2019,7/9/2022,54,0,0,0
1/2/2021,2020/2021,Brighton,Wolves,1,3,3,GRAHAM POTTER,5/20/2019,7/9/2022,55,0,0,0
1/13/2021,2020/2021,Brighton,Manchester City,0,0,1,GRAHAM POTTER,5/20/2019,7/9/2022,56,0,0,0
1/16/2021,2020/2021,Brighton,Leeds United,0,1,0,GRAHAM POTTER,5/20/2019,7/9/2022,57,0,0,0
1/27/2021,2020/2021,Brighton,Fulham,1,0,0,GRAHAM POTTER,5/20/2019,7/9/2022,58,0,0,0
1/31/2021,2020/2021,Brighton,Tottenham,1,1,0,GRAHAM POTTER,5/20/2019,7/9/2022,59,0,0,0
2/3/2021,2020/2021,Brighton,Liverpool,0,1,0,GRAHAM POTTER,5/20/2019,7/9/2022,60,0,0,0
2/6/2021,2020/2021,Brighton,Burnley,0,1,1,GRAHAM POTTER,5/20/2019,7/9/2022,61,0,0,0
2/13/2021,2020/2021,Brighton,Aston Villa,1,0,0,GRAHAM POTTER,5/20/2019,7/9/2022,62,0,0,0
2/22/2021,2020/2021,Brighton,Crystal Palace,1,1,2,GRAHAM POTTER,5/20/2019,7/9/2022,63,0,0,0
2/27/2021,2020/2021,Brighton,West Brom,0,0,1,GRAHAM POTTER,5/20/2019,7/9/2022,64,0,0,0
3/6/2021,2020/2021,Brighton,Leicester City,1,1,2,GRAHAM POTTER,5/20/2019,7/9/2022,65,0,0,0
3/14/2021,2020/2021,Brighton,Southampton,0,2,1,GRAHAM POTTER,5/20/2019,7/9/2022,66,0,0,0
3/20/2021,2020/2021,Brighton,Newcastle Utd,1,3,0,GRAHAM POTTER,5/20/2019,7/9/2022,67,0,0,0
4/4/2021,2020/2021,Brighton,Manchester Utd,0,1,2,GRAHAM POTTER,5/20/2019,7/9/2022,68,0,0,0
4/12/2021,2020/2021,Brighton,Everton,1,0,0,GRAHAM POTTER,5/20/2019,7/9/2022,69,0,0,0
4/20/2021,2020/2021,Brighton,Chelsea,0,0,0,GRAHAM POTTER,5/20/2019,7/9/2022,70,0,0,0
4/24/2021,2020/2021,Brighton,Sheffield Utd,0,0,1,GRAHAM POTTER,5/20/2019,7/9/2022,71,0,0,0
5/1/2021,2020/2021,Brighton,Leeds United,1,2,0,GRAHAM POTTER,5/20/2019,7/9/2022,72,0,0,0
5/9/2021,2020/2021,Brighton,Wolves,0,1,2,GRAHAM POTTER,5/20/2019,7/9/2022,73,0,0,0
5/15/2021,2020/2021,Brighton,West Ham,1,1,1,GRAHAM POTTER,5/20/2019,7/9/2022,74,0,0,0
5/18/2021,2020/2021,Brighton,Manchester City,1,3,2,GRAHAM POTTER,5/20/2019,7/9/2022,75,0,0,0
5/23/2021,2020/2021,Brighton,Arsenal,0,0,2,GRAHAM POTTER,5/20/2019,7/9/2022,76,0,0,0
8/14/2021,2021/2022,Brighton,Burnley,0,2,1,GRAHAM POTTER,5/20/2019,7/9/2022,77,0,0,0
8/21/2021,2021/2022,Brighton,Watford,1,2,0,GRAHAM POTTER,5/20/2019,7/9/2022,78,0,0,0
8/28/2021,2021/2022,Brighton,Everton,1,0,2,GRAHAM POTTER,5/20/2019,7/9/2022,79,0,0,0
9/11/2021,2021/2022,Brighton,Brentford,0,1,0,GRAHAM POTTER,5/20/2019,7/9/2022,80,0,0,0
9/19/2021,2021/2022,Brighton,Leicester City,1,2,1,GRAHAM POTTER,5/20/2019,7/9/2022,81,0,0,0
9/27/2021,2021/2022,Brighton,Crystal Palace,0,1,1,GRAHAM POTTER,5/20/2019,7/9/2022,82,0,0,0
10/2/2021,2021/2022,Brighton,Arsenal,1,0,0,GRAHAM POTTER,5/20/2019,7/9/2022,83,0,0,0
10/16/2021,2021/2022,Brighton,Norwich City,0,0,0,GRAHAM POTTER,5/20/2019,7/9/2022,84,0,0,0
10/23/2021,2021/2022,Brighton,Manchester City,1,1,4,GRAHAM POTTER,5/20/2019,7/9/2022,85,0,0,0
10/30/2021,2021/2022,Brighton,Liverpool,0,2,2,GRAHAM POTTER,5/20/2019,7/9/2022,86,0,0,0
11/6/2021,2021/2022,Brighton,Newcastle Utd,1,1,1,GRAHAM POTTER,5/20/2019,7/9/2022,87,0,0,0
11/20/2021,2021/2022,Brighton,Aston Villa,0,0,2,GRAHAM POTTER,5/20/2019,7/9/2022,88,0,0,0
11/27/2021,2021/2022,Brighton,Leeds United,1,0,0,GRAHAM POTTER,5/20/2019,7/9/2022,89,0,0,0
12/1/2021,2021/2022,Brighton,West Ham,0,1,1,GRAHAM POTTER,5/20/2019,7/9/2022,90,0,0,0
12/4/2021,2021/2022,Brighton,Southampton,0,1,1,GRAHAM POTTER,5/20/2019,7/9/2022,91,0,0,0
12/15/2021,2021/2022,Brighton,Wolves,1,0,1,GRAHAM POTTER,5/20/2019,7/9/2022,92,0,0,0
12/26/2021,2021/2022,Brighton,Brentford,1,2,0,GRAHAM POTTER,5/20/2019,7/9/2022,93,0,0,0
12/29/2021,2021/2022,Brighton,Chelsea,0,1,1,GRAHAM POTTER,5/20/2019,7/9/2022,94,0,0,0
1/2/2022,2021/2022,Brighton,Everton,0,3,2,GRAHAM POTTER,5/20/2019,7/9/2022,95,0,0,0
1/14/2022,2021/2022,Brighton,Crystal Palace,1,1,1,GRAHAM POTTER,5/20/2019,7/9/2022,96,0,0,0
1/18/2022,2021/2022,Brighton,Chelsea,1,1,1,GRAHAM POTTER,5/20/2019,7/9/2022,97,0,0,0
1/23/2022,2021/2022,Brighton,Leicester City,0,1,1,GRAHAM POTTER,5/20/2019,7/9/2022,98,0,0,0
2/12/2022,2021/2022,Brighton,Watford,0,2,0,GRAHAM POTTER,5/20/2019,7/9/2022,99,0,0,0
2/15/2022,2021/2022,Brighton,Manchester Utd,0,0,2,GRAHAM POTTER,5/20/2019,7/9/2022,100,0,0,0
2/19/2022,2021/2022,Brighton,Burnley,1,0,3,GRAHAM POTTER,5/20/2019,7/9/2022,101,0,0,0
2/26/2022,2021/2022,Brighton,Aston Villa,1,0,2,GRAHAM POTTER,5/20/2019,7/9/2022,102,0,0,0
3/5/2022,2021/2022,Brighton,Newcastle Utd,0,1,2,GRAHAM POTTER,5/20/2019,7/9/2022,103,0,0,0
3/12/2022,2021/2022,Brighton,Liverpool,1,0,2,GRAHAM POTTER,5/20/2019,7/9/2022,104,0,0,0
3/16/2022,2021/2022,Brighton,Tottenham,1,0,2,GRAHAM POTTER,5/20/2019,7/9/2022,105,0,0,0
4/2/2022,2021/2022,Brighton,Norwich City,1,0,0,GRAHAM POTTER,5/20/2019,7/9/2022,106,0,0,0
4/9/2022,2021/2022,Brighton,Arsenal,0,2,1,GRAHAM POTTER,5/20/2019,7/9/2022,107,0,0,0
4/16/2022,2021/2022,Brighton,Tottenham,0,1,0,GRAHAM POTTER,5/20/2019,7/9/2022,108,0,0,0
4/20/2022,2021/2022,Brighton,Manchester City,0,0,3,GRAHAM POTTER,5/20/2019,7/9/2022,109,0,0,0
4/24/2022,2021/2022,Brighton,Southampton,1,2,2,GRAHAM POTTER,5/20/2019,7/9/2022,110,0,0,0
4/30/2022,2021/2022,Brighton,Wolves,0,3,0,GRAHAM POTTER,5/20/2019,7/9/2022,111,0,0,0
5/7/2022,2021/2022,Brighton,Manchester Utd,1,4,0,GRAHAM POTTER,5/20/2019,7/9/2022,112,0,0,0
5/15/2022,2021/2022,Brighton,Leeds United,0,1,1,GRAHAM POTTER,5/20/2019,7/9/2022,113,0,0,0
5/22/2022,2021/2022,Brighton,West Ham,1,3,1,GRAHAM POTTER,5/20/2019,7/9/2022,114,0,0,0
10/1/2022,2022/2023,Brighton,Liverpool,0,3,3,ROBERTO DE ZERBI,9/18/2022,6/30/2024,1,1,0,0
10/8/2022,2022/2023,Brighton,Tottenham,1,0,1,ROBERTO DE ZERBI,9/18/2022,6/30/2024,2,1,0,0
10/14/2022,2022/2023,Brighton,Brentford,0,0,2,ROBERTO DE ZERBI,9/18/2022,6/30/2024,3,1,0,0
10/18/2022,2022/2023,Brighton,Nott'ham Forest,1,0,0,ROBERTO DE ZERBI,9/18/2022,6/30/2024,4,0,1,0
10/22/2022,2022/2023,Brighton,Manchester City,0,1,3,ROBERTO DE ZERBI,9/18/2022,6/30/2024,5,0,1,0
10/29/2022,2022/2023,Brighton,Chelsea,1,4,1,ROBERTO DE ZERBI,9/18/2022,6/30/2024,6,0,1,0
11/5/2022,2022/2023,Brighton,Wolves,0,3,2,ROBERTO DE ZERBI,9/18/2022,6/30/2024,7,0,0,1
11/13/2022,2022/2023,Brighton,Aston Villa,1,1,2,ROBERTO DE ZERBI,9/18/2022,6/30/2024,8,0,0,1
12/26/2022,2022/2023,Brighton,Southampton,0,3,1,ROBERTO DE ZERBI,9/18/2022,6/30/2024,9,0,0,1
12/31/2022,2022/2023,Brighton,Arsenal,1,2,4,ROBERTO DE ZERBI,9/18/2022,6/30/2024,10,0,0,1
1/3/2023,2022/2023,Brighton,Everton,0,4,1,ROBERTO DE ZERBI,9/18/2022,6/30/2024,11,0,0,0
1/14/2023,2022/2023,Brighton,Liverpool,1,3,0,ROBERTO DE ZERBI,9/18/2022,6/30/2024,12,0,0,0
1/21/2023,2022/2023,Brighton,Leicester City,0,2,2,ROBERTO DE ZERBI,9/18/2022,6/30/2024,13,0,0,0
2/4/2023,2022/2023,Brighton,Bournemouth,1,1,0,ROBERTO DE ZERBI,9/18/2022,6/30/2024,14,0,0,0
2/11/2023,2022/2023,Brighton,Crystal Palace,0,1,1,ROBERTO DE ZERBI,9/18/2022,6/30/2024,15,0,0,0
2/18/2023,2022/2023,Brighton,Fulham,1,0,1,ROBERTO DE ZERBI,9/18/2022,6/30/2024,16,0,0,0
3/4/2023,2022/2023,Brighton,West Ham,1,4,0,ROBERTO DE ZERBI,9/18/2022,6/30/2024,17,0,0,0
3/11/2023,2022/2023,Brighton,Leeds United,0,2,2,ROBERTO DE ZERBI,9/18/2022,6/30/2024,18,0,0,0
3/15/2023,2022/2023,Brighton,Crystal Palace,1,1,0,ROBERTO DE ZERBI,9/18/2022,6/30/2024,19,0,0,0
4/1/2023,2022/2023,Brighton,Brentford,1,3,3,ROBERTO DE ZERBI,9/18/2022,6/30/2024,20,0,0,0
4/4/2023,2022/2023,Brighton,Bournemouth,0,2,0,ROBERTO DE ZERBI,9/18/2022,6/30/2024,21,0,0,0
4/8/2023,2022/2023,Brighton,Tottenham,0,1,2,ROBERTO DE ZERBI,9/18/2022,6/30/2024,22,0,0,0
4/15/2023,2022/2023,Brighton,Chelsea,0,2,1,ROBERTO DE ZERBI,9/18/2022,6/30/2024,23,0,0,0
4/26/2023,2022/2023,Brighton,Nott'ham Forest,0,1,3,ROBERTO DE ZERBI,9/18/2022,6/30/2024,24,0,0,0
4/29/2023,2022/2023,Brighton,Wolves,1,6,0,ROBERTO DE ZERBI,9/18/2022,6/30/2024,25,0,0,0
5/4/2023,2022/2023,Brighton,Manchester Utd,1,1,0,ROBERTO DE ZERBI,9/18/2022,6/30/2024,26,0,0,0
5/8/2023,2022/2023,Brighton,Everton,1,1,5,ROBERTO DE ZERBI,9/18/2022,6/30/2024,27,0,0,0
5/14/2023,2022/2023,Brighton,Arsenal,0,3,0,ROBERTO DE ZERBI,9/18/2022,6/30/2024,28,0,0,0
5/18/2023,2022/2023,Brighton,Newcastle Utd,0,1,4,ROBERTO DE ZERBI,9/18/2022,6/30/2024,29,0,0,0
5/21/2023,2022/2023,Brighton,Southampton,1,3,1,ROBERTO DE ZERBI,9/18/2022,6/30/2024,30,0,0,0
5/24/2023,2022/2023,Brighton,Manchester City,1,1,1,ROBERTO DE ZERBI,9/18/2022,6/30/2024,31,0,0,0
5/28/2023,2022/2023,Brighton,Aston Villa,0,1,2,ROBERTO DE ZERBI,9/18/2022,6/30/2024,32,0,0,0
8/12/2023,2023/2024,Brighton,Luton Town,1,4,1,ROBERTO DE ZERBI,9/18/2022,6/30/2024,33,0,0,0
8/19/2023,2023/2024,Brighton,Wolves,0,4,1,ROBERTO DE ZERBI,9/18/2022,6/30/2024,34,0,0,0
8/26/2023,2023/2024,Brighton,West Ham,1,1,3,ROBERTO DE ZERBI,9/18/2022,6/30/2024,35,0,0,0
9/2/2023,2023/2024,Brighton,Newcastle Utd,1,3,1,ROBERTO DE ZERBI,9/18/2022,6/30/2024,36,0,0,0
9/16/2023,2023/2024,Brighton,Manchester Utd,0,3,1,ROBERTO DE ZERBI,9/18/2022,6/30/2024,37,0,0,0
9/24/2023,2023/2024,Brighton,Bournemouth,1,3,1,ROBERTO DE ZERBI,9/18/2022,6/30/2024,38,0,0,0
9/30/2023,2023/2024,Brighton,Aston Villa,0,1,6,ROBERTO DE ZERBI,9/18/2022,6/30/2024,39,0,0,0
10/8/2023,2023/2024,Brighton,Liverpool,1,2,2,ROBERTO DE ZERBI,9/18/2022,6/30/2024,40,0,0,0
10/21/2023,2023/2024,Brighton,Manchester City,0,1,2,ROBERTO DE ZERBI,9/18/2022,6/30/2024,41,0,0,0
10/29/2023,2023/2024,Brighton,Fulham,1,1,1,ROBERTO DE ZERBI,9/18/2022,6/30/2024,42,0,0,0
11/4/2023,2023/2024,Brighton,Everton,0,1,1,ROBERTO DE ZERBI,9/18/2022,6/30/2024,43,0,0,0
11/12/2023,2023/2024,Brighton,Sheffield Utd,1,1,1,ROBERTO DE ZERBI,9/18/2022,6/30/2024,44,0,0,0
11/25/2023,2023/2024,Brighton,Nott'ham Forest,0,3,2,ROBERTO DE ZERBI,9/18/2022,6/30/2024,45,0,0,0
12/3/2023,2023/2024,Brighton,Chelsea,0,2,3,ROBERTO DE ZERBI,9/18/2022,6/30/2024,46,0,0,0
12/6/2023,2023/2024,Brighton,Brentford,1,2,1,ROBERTO DE ZERBI,9/18/2022,6/30/2024,47,0,0,0
12/9/2023,2023/2024,Brighton,Burnley,1,1,1,ROBERTO DE ZERBI,9/18/2022,6/30/2024,48,0,0,0
12/17/2023,2023/2024,Brighton,Arsenal,0,0,2,ROBERTO DE ZERBI,9/18/2022,6/30/2024,49,0,0,0
12/21/2023,2023/2024,Brighton,Crystal Palace,0,1,1,ROBERTO DE ZERBI,9/18/2022,6/30/2024,50,0,0,0
12/28/2023,2023/2024,Brighton,Tottenham,1,4,2,ROBERTO DE ZERBI,9/18/2022,6/30/2024,51,0,0,0
1/2/2024,2023/2024,Brighton,West Ham,0,0,0,ROBERTO DE ZERBI,9/18/2022,6/30/2024,52,0,0,0
4/17/2022,2021/2022,Burnley,West Ham,0,1,1,MIKE JACKSON,4/15/2022,6/30/2022,1,1,0,0
4/21/2022,2021/2022,Burnley,Southampton,1,2,0,MIKE JACKSON,4/15/2022,6/30/2022,2,1,0,0
4/24/2022,2021/2022,Burnley,Wolves,1,1,0,MIKE JACKSON,4/15/2022,6/30/2022,3,1,0,0
4/30/2022,2021/2022,Burnley,Watford,0,2,1,MIKE JACKSON,4/15/2022,6/30/2022,4,0,1,0
5/7/2022,2021/2022,Burnley,Aston Villa,1,1,3,MIKE JACKSON,4/15/2022,6/30/2022,5,0,1,0
5/15/2022,2021/2022,Burnley,Tottenham,0,0,1,MIKE JACKSON,4/15/2022,6/30/2022,6,0,1,0
5/19/2022,2021/2022,Burnley,Aston Villa,0,1,1,MIKE JACKSON,4/15/2022,6/30/2022,7,0,0,1
5/22/2022,2021/2022,Burnley,Newcastle Utd,1,1,2,MIKE JACKSON,4/15/2022,6/30/2022,8,0,0,1
5/11/2024,2023/2024,Burnley,Tottenham,0,1,2,SCOTT PARKER,5/7/2024,1/1/2100,1,1,0,0
5/19/2024,2023/2024,Burnley,Nott'ham Forest,1,1,2,SCOTT PARKER,5/7/2024,1/1/2100,2,1,0,0
8/18/2014,2014/2015,Burnley,Chelsea,1,1,3,SEAN DYCHE,10/30/2012,4/15/2022,101,0,0,0
8/23/2014,2014/2015,Burnley,Swansea City,0,0,1,SEAN DYCHE,10/30/2012,4/15/2022,102,0,0,0
8/30/2014,2014/2015,Burnley,Manchester Utd,1,0,0,SEAN DYCHE,10/30/2012,4/15/2022,103,0,0,0
9/13/2014,2014/2015,Burnley,Crystal Palace,0,0,0,SEAN DYCHE,10/30/2012,4/15/2022,104,0,0,0
9/20/2014,2014/2015,Burnley,Sunderland,1,0,0,SEAN DYCHE,10/30/2012,4/15/2022,105,0,0,0
9/28/2014,2014/2015,Burnley,West Brom,0,0,4,SEAN DYCHE,10/30/2012,4/15/2022,106,0,0,0
10/4/2014,2014/2015,Burnley,Leicester City,0,2,2,SEAN DYCHE,10/30/2012,4/15/2022,107,0,0,0
10/18/2014,2014/2015,Burnley,West Ham,1,1,3,SEAN DYCHE,10/30/2012,4/15/2022,108,0,0,0
10/26/2014,2014/2015,Burnley,Everton,1,1,3,SEAN DYCHE,10/30/2012,4/15/2022,109,0,0,0
11/1/2014,2014/2015,Burnley,Arsenal,0,0,3,SEAN DYCHE,10/30/2012,4/15/2022,110,0,0,0
11/8/2014,2014/2015,Burnley,Hull City,1,1,0,SEAN DYCHE,10/30/2012,4/15/2022,111,0,0,0
11/22/2014,2014/2015,Burnley,Stoke City,0,2,1,SEAN DYCHE,10/30/2012,4/15/2022,112,0,0,0
11/29/2014,2014/2015,Burnley,Aston Villa,1,1,1,SEAN DYCHE,10/30/2012,4/15/2022,113,0,0,0
12/2/2014,2014/2015,Burnley,Newcastle Utd,1,1,1,SEAN DYCHE,10/30/2012,4/15/2022,114,0,0,0
12/6/2014,2014/2015,Burnley,QPR,0,0,2,SEAN DYCHE,10/30/2012,4/15/2022,115,0,0,0
12/13/2014,2014/2015,Burnley,Southampton,1,1,0,SEAN DYCHE,10/30/2012,4/15/2022,116,0,0,0
12/20/2014,2014/2015,Burnley,Tottenham,0,1,2,SEAN DYCHE,10/30/2012,4/15/2022,117,0,0,0
12/26/2014,2014/2015,Burnley,Liverpool,1,0,1,SEAN DYCHE,10/30/2012,4/15/2022,118,0,0,0
12/28/2014,2014/2015,Burnley,Manchester City,0,2,2,SEAN DYCHE,10/30/2012,4/15/2022,119,0,0,0
1/1/2015,2014/2015,Burnley,Newcastle Utd,0,3,3,SEAN DYCHE,10/30/2012,4/15/2022,120,0,0,0
1/10/2015,2014/2015,Burnley,QPR,1,2,1,SEAN DYCHE,10/30/2012,4/15/2022,121,0,0,0
1/17/2015,2014/2015,Burnley,Crystal Palace,1,2,3,SEAN DYCHE,10/30/2012,4/15/2022,122,0,0,0
1/31/2015,2014/2015,Burnley,Sunderland,0,0,2,SEAN DYCHE,10/30/2012,4/15/2022,123,0,0,0
2/8/2015,2014/2015,Burnley,West Brom,1,2,2,SEAN DYCHE,10/30/2012,4/15/2022,124,0,0,0
2/11/2015,2014/2015,Burnley,Manchester Utd,0,1,3,SEAN DYCHE,10/30/2012,4/15/2022,125,0,0,0
2/21/2015,2014/2015,Burnley,Chelsea,0,1,1,SEAN DYCHE,10/30/2012,4/15/2022,126,0,0,0
2/28/2015,2014/2015,Burnley,Swansea City,1,0,1,SEAN DYCHE,10/30/2012,4/15/2022,127,0,0,0
3/4/2015,2014/2015,Burnley,Liverpool,0,0,2,SEAN DYCHE,10/30/2012,4/15/2022,128,0,0,0
3/14/2015,2014/2015,Burnley,Manchester City,1,1,0,SEAN DYCHE,10/30/2012,4/15/2022,129,0,0,0
3/21/2015,2014/2015,Burnley,Southampton,0,0,2,SEAN DYCHE,10/30/2012,4/15/2022,130,0,0,0
4/5/2015,2014/2015,Burnley,Tottenham,1,0,0,SEAN DYCHE,10/30/2012,4/15/2022,131,0,0,0
4/11/2015,2014/2015,Burnley,Arsenal,1,0,1,SEAN DYCHE,10/30/2012,4/15/2022,132,0,0,0
4/18/2015,2014/2015,Burnley,Everton,0,0,1,SEAN DYCHE,10/30/2012,4/15/2022,133,0,0,0
4/25/2015,2014/2015,Burnley,Leicester City,1,0,1,SEAN DYCHE,10/30/2012,4/15/2022,134,0,0,0
5/2/2015,2014/2015,Burnley,West Ham,0,0,1,SEAN DYCHE,10/30/2012,4/15/2022,135,0,0,0
5/9/2015,2014/2015,Burnley,Hull City,0,1,0,SEAN DYCHE,10/30/2012,4/15/2022,136,0,0,0
5/16/2015,2014/2015,Burnley,Stoke City,1,0,0,SEAN DYCHE,10/30/2012,4/15/2022,137,0,0,0
5/24/2015,2014/2015,Burnley,Aston Villa,0,1,0,SEAN DYCHE,10/30/2012,4/15/2022,138,0,0,0
8/13/2016,2016/2017,Burnley,Swansea City,1,0,1,SEAN DYCHE,10/30/2012,4/15/2022,139,0,0,0
8/20/2016,2016/2017,Burnley,Liverpool,1,2,0,SEAN DYCHE,10/30/2012,4/15/2022,140,0,0,0
8/27/2016,2016/2017,Burnley,Chelsea,0,0,3,SEAN DYCHE,10/30/2012,4/15/2022,141,0,0,0
9/10/2016,2016/2017,Burnley,Hull City,1,1,1,SEAN DYCHE,10/30/2012,4/15/2022,142,0,0,0
9/17/2016,2016/2017,Burnley,Leicester City,0,0,3,SEAN DYCHE,10/30/2012,4/15/2022,143,0,0,0
9/26/2016,2016/2017,Burnley,Watford,1,2,0,SEAN DYCHE,10/30/2012,4/15/2022,144,0,0,0
10/2/2016,2016/2017,Burnley,Arsenal,1,0,1,SEAN DYCHE,10/30/2012,4/15/2022,145,0,0,0
10/16/2016,2016/2017,Burnley,Southampton,0,1,3,SEAN DYCHE,10/30/2012,4/15/2022,146,0,0,0
10/22/2016,2016/2017,Burnley,Everton,1,2,1,SEAN DYCHE,10/30/2012,4/15/2022,147,0,0,0
10/29/2016,2016/2017,Burnley,Manchester Utd,0,0,0,SEAN DYCHE,10/30/2012,4/15/2022,148,0,0,0
11/5/2016,2016/2017,Burnley,Crystal Palace,1,3,2,SEAN DYCHE,10/30/2012,4/15/2022,149,0,0,0
11/21/2016,2016/2017,Burnley,West Brom,0,0,4,SEAN DYCHE,10/30/2012,4/15/2022,150,0,0,0
11/26/2016,2016/2017,Burnley,Manchester City,1,1,2,SEAN DYCHE,10/30/2012,4/15/2022,151,0,0,0
12/3/2016,2016/2017,Burnley,Stoke City,0,0,2,SEAN DYCHE,10/30/2012,4/15/2022,152,0,0,0
12/10/2016,2016/2017,Burnley,Bournemouth,1,3,2,SEAN DYCHE,10/30/2012,4/15/2022,153,0,0,0
12/14/2016,2016/2017,Burnley,West Ham,0,0,1,SEAN DYCHE,10/30/2012,4/15/2022,154,0,0,0
12/18/2016,2016/2017,Burnley,Tottenham,0,1,2,SEAN DYCHE,10/30/2012,4/15/2022,155,0,0,0
12/26/2016,2016/2017,Burnley,Middlesbrough,1,1,0,SEAN DYCHE,10/30/2012,4/15/2022,156,0,0,0
12/31/2016,2016/2017,Burnley,Sunderland,1,4,1,SEAN DYCHE,10/30/2012,4/15/2022,157,0,0,0
1/2/2017,2016/2017,Burnley,Manchester City,0,1,2,SEAN DYCHE,10/30/2012,4/15/2022,158,0,0,0
1/14/2017,2016/2017,Burnley,Southampton,1,1,0,SEAN DYCHE,10/30/2012,4/15/2022,159,0,0,0
1/22/2017,2016/2017,Burnley,Arsenal,0,1,2,SEAN DYCHE,10/30/2012,4/15/2022,160,0,0,0
1/31/2017,2016/2017,Burnley,Leicester City,1,1,0,SEAN DYCHE,10/30/2012,4/15/2022,161,0,0,0
2/4/2017,2016/2017,Burnley,Watford,0,1,2,SEAN DYCHE,10/30/2012,4/15/2022,162,0,0,0
2/12/2017,2016/2017,Burnley,Chelsea,1,1,1,SEAN DYCHE,10/30/2012,4/15/2022,163,0,0,0
2/25/2017,2016/2017,Burnley,Hull City,0,1,1,SEAN DYCHE,10/30/2012,4/15/2022,164,0,0,0
3/4/2017,2016/2017,Burnley,Swansea City,0,2,3,SEAN DYCHE,10/30/2012,4/15/2022,165,0,0,0
3/12/2017,2016/2017,Burnley,Liverpool,0,1,2,SEAN DYCHE,10/30/2012,4/15/2022,166,0,0,0
3/18/2017,2016/2017,Burnley,Sunderland,0,0,0,SEAN DYCHE,10/30/2012,4/15/2022,167,0,0,0
4/1/2017,2016/2017,Burnley,Tottenham,1,0,2,SEAN DYCHE,10/30/2012,4/15/2022,168,0,0,0
4/4/2017,2016/2017,Burnley,Stoke City,1,1,0,SEAN DYCHE,10/30/2012,4/15/2022,169,0,0,0
4/8/2017,2016/2017,Burnley,Middlesbrough,0,0,0,SEAN DYCHE,10/30/2012,4/15/2022,170,0,0,0
4/15/2017,2016/2017,Burnley,Everton,0,1,3,SEAN DYCHE,10/30/2012,4/15/2022,171,0,0,0
4/23/2017,2016/2017,Burnley,Manchester Utd,1,0,2,SEAN DYCHE,10/30/2012,4/15/2022,172,0,0,0
4/29/2017,2016/2017,Burnley,Crystal Palace,0,2,0,SEAN DYCHE,10/30/2012,4/15/2022,173,0,0,0
5/6/2017,2016/2017,Burnley,West Brom,1,2,2,SEAN DYCHE,10/30/2012,4/15/2022,174,0,0,0
5/13/2017,2016/2017,Burnley,Bournemouth,0,1,2,SEAN DYCHE,10/30/2012,4/15/2022,175,0,0,0
5/21/2017,2016/2017,Burnley,West Ham,1,1,2,SEAN DYCHE,10/30/2012,4/15/2022,176,0,0,0
8/12/2017,2017/2018,Burnley,Chelsea,0,3,2,SEAN DYCHE,10/30/2012,4/15/2022,177,0,0,0
8/19/2017,2017/2018,Burnley,West Brom,1,0,1,SEAN DYCHE,10/30/2012,4/15/2022,178,0,0,0
8/27/2017,2017/2018,Burnley,Tottenham,0,1,1,SEAN DYCHE,10/30/2012,4/15/2022,179,0,0,0
9/10/2017,2017/2018,Burnley,Crystal Palace,1,1,0,SEAN DYCHE,10/30/2012,4/15/2022,180,0,0,0
9/16/2017,2017/2018,Burnley,Liverpool,0,1,1,SEAN DYCHE,10/30/2012,4/15/2022,181,0,0,0
9/23/2017,2017/2018,Burnley,Huddersfield,1,0,0,SEAN DYCHE,10/30/2012,4/15/2022,182,0,0,0
10/1/2017,2017/2018,Burnley,Everton,0,1,0,SEAN DYCHE,10/30/2012,4/15/2022,183,0,0,0
10/14/2017,2017/2018,Burnley,West Ham,1,1,1,SEAN DYCHE,10/30/2012,4/15/2022,184,0,0,0
10/21/2017,2017/2018,Burnley,Manchester City,0,0,3,SEAN DYCHE,10/30/2012,4/15/2022,185,0,0,0
10/30/2017,2017/2018,Burnley,Newcastle Utd,1,1,0,SEAN DYCHE,10/30/2012,4/15/2022,186,0,0,0
11/4/2017,2017/2018,Burnley,Southampton,0,1,0,SEAN DYCHE,10/30/2012,4/15/2022,187,0,0,0
11/18/2017,2017/2018,Burnley,Swansea City,1,2,0,SEAN DYCHE,10/30/2012,4/15/2022,188,0,0,0
11/26/2017,2017/2018,Burnley,Arsenal,1,0,1,SEAN DYCHE,10/30/2012,4/15/2022,189,0,0,0
11/29/2017,2017/2018,Burnley,Bournemouth,0,2,1,SEAN DYCHE,10/30/2012,4/15/2022,190,0,0,0
12/2/2017,2017/2018,Burnley,Leicester City,0,0,1,SEAN DYCHE,10/30/2012,4/15/2022,191,0,0,0
12/9/2017,2017/2018,Burnley,Watford,1,1,0,SEAN DYCHE,10/30/2012,4/15/2022,192,0,0,0
12/12/2017,2017/2018,Burnley,Stoke City,1,1,0,SEAN DYCHE,10/30/2012,4/15/2022,193,0,0,0
12/16/2017,2017/2018,Burnley,Brighton,0,0,0,SEAN DYCHE,10/30/2012,4/15/2022,194,0,0,0
12/23/2017,2017/2018,Burnley,Tottenham,1,0,3,SEAN DYCHE,10/30/2012,4/15/2022,195,0,0,0
12/26/2017,2017/2018,Burnley,Manchester Utd,0,2,2,SEAN DYCHE,10/30/2012,4/15/2022,196,0,0,0
12/30/2017,2017/2018,Burnley,Huddersfield,0,0,0,SEAN DYCHE,10/30/2012,4/15/2022,197,0,0,0
1/1/2018,2017/2018,Burnley,Liverpool,1,1,2,SEAN DYCHE,10/30/2012,4/15/2022,198,0,0,0
1/13/2018,2017/2018,Burnley,Crystal Palace,0,0,1,SEAN DYCHE,10/30/2012,4/15/2022,199,0,0,0
1/20/2018,2017/2018,Burnley,Manchester Utd,1,0,1,SEAN DYCHE,10/30/2012,4/15/2022,200,0,0,0
1/31/2018,2017/2018,Burnley,Newcastle Utd,0,1,1,SEAN DYCHE,10/30/2012,4/15/2022,201,0,0,0
2/3/2018,2017/2018,Burnley,Manchester City,1,1,1,SEAN DYCHE,10/30/2012,4/15/2022,202,0,0,0
2/10/2018,2017/2018,Burnley,Swansea City,0,0,1,SEAN DYCHE,10/30/2012,4/15/2022,203,0,0,0
2/24/2018,2017/2018,Burnley,Southampton,1,1,1,SEAN DYCHE,10/30/2012,4/15/2022,204,0,0,0
3/3/2018,2017/2018,Burnley,Everton,1,2,1,SEAN DYCHE,10/30/2012,4/15/2022,205,0,0,0
3/10/2018,2017/2018,Burnley,West Ham,0,3,0,SEAN DYCHE,10/30/2012,4/15/2022,206,0,0,0
3/31/2018,2017/2018,Burnley,West Brom,0,2,1,SEAN DYCHE,10/30/2012,4/15/2022,207,0,0,0
4/7/2018,2017/2018,Burnley,Watford,0,2,1,SEAN DYCHE,10/30/2012,4/15/2022,208,0,0,0
4/14/2018,2017/2018,Burnley,Leicester City,1,2,1,SEAN DYCHE,10/30/2012,4/15/2022,209,0,0,0
4/19/2018,2017/2018,Burnley,Chelsea,1,1,2,SEAN DYCHE,10/30/2012,4/15/2022,210,0,0,0
4/22/2018,2017/2018,Burnley,Stoke City,0,1,1,SEAN DYCHE,10/30/2012,4/15/2022,211,0,0,0
4/28/2018,2017/2018,Burnley,Brighton,1,0,0,SEAN DYCHE,10/30/2012,4/15/2022,212,0,0,0
5/6/2018,2017/2018,Burnley,Arsenal,0,0,5,SEAN DYCHE,10/30/2012,4/15/2022,213,0,0,0
5/13/2018,2017/2018,Burnley,Bournemouth,1,1,2,SEAN DYCHE,10/30/2012,4/15/2022,214,0,0,0
8/12/2018,2018/2019,Burnley,Southampton,0,0,0,SEAN DYCHE,10/30/2012,4/15/2022,215,0,0,0
8/19/2018,2018/2019,Burnley,Watford,1,1,3,SEAN DYCHE,10/30/2012,4/15/2022,216,0,0,0
8/26/2018,2018/2019,Burnley,Fulham,0,2,4,SEAN DYCHE,10/30/2012,4/15/2022,217,0,0,0
9/2/2018,2018/2019,Burnley,Manchester Utd,1,0,2,SEAN DYCHE,10/30/2012,4/15/2022,218,0,0,0
9/16/2018,2018/2019,Burnley,Wolves,0,0,1,SEAN DYCHE,10/30/2012,4/15/2022,219,0,0,0
9/22/2018,2018/2019,Burnley,Bournemouth,1,4,0,SEAN DYCHE,10/30/2012,4/15/2022,220,0,0,0
9/30/2018,2018/2019,Burnley,Cardiff City,0,2,1,SEAN DYCHE,10/30/2012,4/15/2022,221,0,0,0
10/6/2018,2018/2019,Burnley,Huddersfield,1,1,1,SEAN DYCHE,10/30/2012,4/15/2022,222,0,0,0
10/20/2018,2018/2019,Burnley,Manchester City,0,0,5,SEAN DYCHE,10/30/2012,4/15/2022,223,0,0,0
10/28/2018,2018/2019,Burnley,Chelsea,1,0,4,SEAN DYCHE,10/30/2012,4/15/2022,224,0,0,0
11/3/2018,2018/2019,Burnley,West Ham,0,2,4,SEAN DYCHE,10/30/2012,4/15/2022,225,0,0,0
11/10/2018,2018/2019,Burnley,Leicester City,0,0,0,SEAN DYCHE,10/30/2012,4/15/2022,226,0,0,0
11/26/2018,2018/2019,Burnley,Newcastle Utd,1,1,2,SEAN DYCHE,10/30/2012,4/15/2022,227,0,0,0
12/1/2018,2018/2019,Burnley,Crystal Palace,0,0,2,SEAN DYCHE,10/30/2012,4/15/2022,228,0,0,0
12/5/2018,2018/2019,Burnley,Liverpool,1,1,3,SEAN DYCHE,10/30/2012,4/15/2022,229,0,0,0
12/8/2018,2018/2019,Burnley,Brighton,1,1,0,SEAN DYCHE,10/30/2012,4/15/2022,230,0,0,0
12/15/2018,2018/2019,Burnley,Tottenham,0,0,1,SEAN DYCHE,10/30/2012,4/15/2022,231,0,0,0
12/22/2018,2018/2019,Burnley,Arsenal,0,1,3,SEAN DYCHE,10/30/2012,4/15/2022,232,0,0,0
12/26/2018,2018/2019,Burnley,Everton,1,1,5,SEAN DYCHE,10/30/2012,4/15/2022,233,0,0,0
12/30/2018,2018/2019,Burnley,West Ham,1,2,0,SEAN DYCHE,10/30/2012,4/15/2022,234,0,0,0
1/2/2019,2018/2019,Burnley,Huddersfield,0,2,1,SEAN DYCHE,10/30/2012,4/15/2022,235,0,0,0
1/12/2019,2018/2019,Burnley,Fulham,1,2,1,SEAN DYCHE,10/30/2012,4/15/2022,236,0,0,0
1/19/2019,2018/2019,Burnley,Watford,0,0,0,SEAN DYCHE,10/30/2012,4/15/2022,237,0,0,0
1/29/2019,2018/2019,Burnley,Manchester Utd,0,2,2,SEAN DYCHE,10/30/2012,4/15/2022,238,0,0,0
2/2/2019,2018/2019,Burnley,Southampton,1,1,1,SEAN DYCHE,10/30/2012,4/15/2022,239,0,0,0
2/9/2019,2018/2019,Burnley,Brighton,0,3,1,SEAN DYCHE,10/30/2012,4/15/2022,240,0,0,0
2/23/2019,2018/2019,Burnley,Tottenham,1,2,1,SEAN DYCHE,10/30/2012,4/15/2022,241,0,0,0
2/26/2019,2018/2019,Burnley,Newcastle Utd,0,0,2,SEAN DYCHE,10/30/2012,4/15/2022,242,0,0,0
3/2/2019,2018/2019,Burnley,Crystal Palace,1,1,3,SEAN DYCHE,10/30/2012,4/15/2022,243,0,0,0
3/10/2019,2018/2019,Burnley,Liverpool,0,2,4,SEAN DYCHE,10/30/2012,4/15/2022,244,0,0,0
3/16/2019,2018/2019,Burnley,Leicester City,1,1,2,SEAN DYCHE,10/30/2012,4/15/2022,245,0,0,0
3/30/2019,2018/2019,Burnley,Wolves,1,2,0,SEAN DYCHE,10/30/2012,4/15/2022,246,0,0,0
4/6/2019,2018/2019,Burnley,Bournemouth,0,3,1,SEAN DYCHE,10/30/2012,4/15/2022,247,0,0,0
4/13/2019,2018/2019,Burnley,Cardiff City,1,2,0,SEAN DYCHE,10/30/2012,4/15/2022,248,0,0,0
4/22/2019,2018/2019,Burnley,Chelsea,0,2,2,SEAN DYCHE,10/30/2012,4/15/2022,249,0,0,0
4/28/2019,2018/2019,Burnley,Manchester City,1,0,1,SEAN DYCHE,10/30/2012,4/15/2022,250,0,0,0
5/3/2019,2018/2019,Burnley,Everton,0,0,2,SEAN DYCHE,10/30/2012,4/15/2022,251,0,0,0
5/12/2019,2018/2019,Burnley,Arsenal,1,1,3,SEAN DYCHE,10/30/2012,4/15/2022,252,0,0,0
8/10/2019,2019/2020,Burnley,Southampton,1,3,0,SEAN DYCHE,10/30/2012,4/15/2022,253,0,0,0
8/17/2019,2019/2020,Burnley,Arsenal,0,1,2,SEAN DYCHE,10/30/2012,4/15/2022,254,0,0,0
8/25/2019,2019/2020,Burnley,Wolves,0,1,1,SEAN DYCHE,10/30/2012,4/15/2022,255,0,0,0
8/31/2019,2019/2020,Burnley,Liverpool,1,0,3,SEAN DYCHE,10/30/2012,4/15/2022,256,0,0,0
9/14/2019,2019/2020,Burnley,Brighton,0,1,1,SEAN DYCHE,10/30/2012,4/15/2022,257,0,0,0
9/21/2019,2019/2020,Burnley,Norwich City,1,2,0,SEAN DYCHE,10/30/2012,4/15/2022,258,0,0,0
9/28/2019,2019/2020,Burnley,Aston Villa,0,2,2,SEAN DYCHE,10/30/2012,4/15/2022,259,0,0,0
10/5/2019,2019/2020,Burnley,Everton,1,1,0,SEAN DYCHE,10/30/2012,4/15/2022,260,0,0,0
10/19/2019,2019/2020,Burnley,Leicester City,0,1,2,SEAN DYCHE,10/30/2012,4/15/2022,261,0,0,0
10/26/2019,2019/2020,Burnley,Chelsea,1,2,4,SEAN DYCHE,10/30/2012,4/15/2022,262,0,0,0
11/2/2019,2019/2020,Burnley,Sheffield Utd,0,0,3,SEAN DYCHE,10/30/2012,4/15/2022,263,0,0,0
11/9/2019,2019/2020,Burnley,West Ham,1,3,0,SEAN DYCHE,10/30/2012,4/15/2022,264,0,0,0
11/23/2019,2019/2020,Burnley,Watford,0,3,0,SEAN DYCHE,10/30/2012,4/15/2022,265,0,0,0
11/30/2019,2019/2020,Burnley,Crystal Palace,1,0,2,SEAN DYCHE,10/30/2012,4/15/2022,266,0,0,0
12/3/2019,2019/2020,Burnley,Manchester City,1,1,4,SEAN DYCHE,10/30/2012,4/15/2022,267,0,0,0
12/7/2019,2019/2020,Burnley,Tottenham,0,0,5,SEAN DYCHE,10/30/2012,4/15/2022,268,0,0,0
12/14/2019,2019/2020,Burnley,Newcastle Utd,1,1,0,SEAN DYCHE,10/30/2012,4/15/2022,269,0,0,0
12/21/2019,2019/2020,Burnley,Bournemouth,0,1,0,SEAN DYCHE,10/30/2012,4/15/2022,270,0,0,0
12/26/2019,2019/2020,Burnley,Everton,0,0,1,SEAN DYCHE,10/30/2012,4/15/2022,271,0,0,0
12/28/2019,2019/2020,Burnley,Manchester Utd,1,0,2,SEAN DYCHE,10/30/2012,4/15/2022,272,0,0,0
1/1/2020,2019/2020,Burnley,Aston Villa,1,1,2,SEAN DYCHE,10/30/2012,4/15/2022,273,0,0,0
1/11/2020,2019/2020,Burnley,Chelsea,0,0,3,SEAN DYCHE,10/30/2012,4/15/2022,274,0,0,0
1/19/2020,2019/2020,Burnley,Leicester City,1,2,1,SEAN DYCHE,10/30/2012,4/15/2022,275,0,0,0
1/22/2020,2019/2020,Burnley,Manchester Utd,0,2,0,SEAN DYCHE,10/30/2012,4/15/2022,276,0,0,0
2/2/2020,2019/2020,Burnley,Arsenal,1,0,0,SEAN DYCHE,10/30/2012,4/15/2022,277,0,0,0
2/15/2020,2019/2020,Burnley,Southampton,0,2,1,SEAN DYCHE,10/30/2012,4/15/2022,278,0,0,0
2/22/2020,2019/2020,Burnley,Bournemouth,1,3,0,SEAN DYCHE,10/30/2012,4/15/2022,279,0,0,0
2/29/2020,2019/2020,Burnley,Newcastle Utd,0,0,0,SEAN DYCHE,10/30/2012,4/15/2022,280,0,0,0
3/7/2020,2019/2020,Burnley,Tottenham,1,1,1,SEAN DYCHE,10/30/2012,4/15/2022,281,0,0,0
6/22/2020,2019/2020,Burnley,Manchester City,0,0,5,SEAN DYCHE,10/30/2012,4/15/2022,282,0,0,0
6/25/2020,2019/2020,Burnley,Watford,1,1,0,SEAN DYCHE,10/30/2012,4/15/2022,283,0,0,0
6/29/2020,2019/2020,Burnley,Crystal Palace,0,1,0,SEAN DYCHE,10/30/2012,4/15/2022,284,0,0,0
7/5/2020,2019/2020,Burnley,Sheffield Utd,1,1,1,SEAN DYCHE,10/30/2012,4/15/2022,285,0,0,0
7/8/2020,2019/2020,Burnley,West Ham,0,1,0,SEAN DYCHE,10/30/2012,4/15/2022,286,0,0,0
7/11/2020,2019/2020,Burnley,Liverpool,0,1,1,SEAN DYCHE,10/30/2012,4/15/2022,287,0,0,0
7/15/2020,2019/2020,Burnley,Wolves,1,1,1,SEAN DYCHE,10/30/2012,4/15/2022,288,0,0,0
7/18/2020,2019/2020,Burnley,Norwich City,0,2,0,SEAN DYCHE,10/30/2012,4/15/2022,289,0,0,0
7/26/2020,2019/2020,Burnley,Brighton,1,1,2,SEAN DYCHE,10/30/2012,4/15/2022,290,0,0,0
9/20/2020,2020/2021,Burnley,Leicester City,0,2,4,SEAN DYCHE,10/30/2012,4/15/2022,291,0,0,0
9/26/2020,2020/2021,Burnley,Southampton,1,0,1,SEAN DYCHE,10/30/2012,4/15/2022,292,0,0,0
10/3/2020,2020/2021,Burnley,Newcastle Utd,0,1,3,SEAN DYCHE,10/30/2012,4/15/2022,293,0,0,0
10/19/2020,2020/2021,Burnley,West Brom,0,0,0,SEAN DYCHE,10/30/2012,4/15/2022,294,0,0,0
10/26/2020,2020/2021,Burnley,Tottenham,1,0,1,SEAN DYCHE,10/30/2012,4/15/2022,295,0,0,0
10/31/2020,2020/2021,Burnley,Chelsea,1,0,3,SEAN DYCHE,10/30/2012,4/15/2022,296,0,0,0
11/6/2020,2020/2021,Burnley,Brighton,0,0,0,SEAN DYCHE,10/30/2012,4/15/2022,297,0,0,0
11/23/2020,2020/2021,Burnley,Crystal Palace,1,1,0,SEAN DYCHE,10/30/2012,4/15/2022,298,0,0,0
11/28/2020,2020/2021,Burnley,Manchester City,0,0,5,SEAN DYCHE,10/30/2012,4/15/2022,299,0,0,0
12/5/2020,2020/2021,Burnley,Everton,1,1,1,SEAN DYCHE,10/30/2012,4/15/2022,300,0,0,0
12/13/2020,2020/2021,Burnley,Arsenal,0,1,0,SEAN DYCHE,10/30/2012,4/15/2022,301,0,0,0
12/17/2020,2020/2021,Burnley,Aston Villa,0,0,0,SEAN DYCHE,10/30/2012,4/15/2022,302,0,0,0
12/21/2020,2020/2021,Burnley,Wolves,1,2,1,SEAN DYCHE,10/30/2012,4/15/2022,303,0,0,0
12/27/2020,2020/2021,Burnley,Leeds United,0,0,1,SEAN DYCHE,10/30/2012,4/15/2022,304,0,0,0
12/29/2020,2020/2021,Burnley,Sheffield Utd,1,1,0,SEAN DYCHE,10/30/2012,4/15/2022,305,0,0,0
1/12/2021,2020/2021,Burnley,Manchester Utd,1,0,1,SEAN DYCHE,10/30/2012,4/15/2022,306,0,0,0
1/16/2021,2020/2021,Burnley,West Ham,0,0,1,SEAN DYCHE,10/30/2012,4/15/2022,307,0,0,0
1/21/2021,2020/2021,Burnley,Liverpool,0,1,0,SEAN DYCHE,10/30/2012,4/15/2022,308,0,0,0
1/27/2021,2020/2021,Burnley,Aston Villa,1,3,2,SEAN DYCHE,10/30/2012,4/15/2022,309,0,0,0
1/31/2021,2020/2021,Burnley,Chelsea,0,0,2,SEAN DYCHE,10/30/2012,4/15/2022,310,0,0,0
2/3/2021,2020/2021,Burnley,Manchester City,1,0,2,SEAN DYCHE,10/30/2012,4/15/2022,311,0,0,0
2/6/2021,2020/2021,Burnley,Brighton,1,1,1,SEAN DYCHE,10/30/2012,4/15/2022,312,0,0,0
2/13/2021,2020/2021,Burnley,Crystal Palace,0,3,0,SEAN DYCHE,10/30/2012,4/15/2022,313,0,0,0
2/17/2021,2020/2021,Burnley,Fulham,1,1,1,SEAN DYCHE,10/30/2012,4/15/2022,314,0,0,0
2/20/2021,2020/2021,Burnley,West Brom,1,0,0,SEAN DYCHE,10/30/2012,4/15/2022,315,0,0,0
2/28/2021,2020/2021,Burnley,Tottenham,0,0,4,SEAN DYCHE,10/30/2012,4/15/2022,316,0,0,0
3/3/2021,2020/2021,Burnley,Leicester City,1,1,1,SEAN DYCHE,10/30/2012,4/15/2022,317,0,0,0
3/6/2021,2020/2021,Burnley,Arsenal,1,1,1,SEAN DYCHE,10/30/2012,4/15/2022,318,0,0,0
3/13/2021,2020/2021,Burnley,Everton,0,2,1,SEAN DYCHE,10/30/2012,4/15/2022,319,0,0,0
4/4/2021,2020/2021,Burnley,Southampton,0,2,3,SEAN DYCHE,10/30/2012,4/15/2022,320,0,0,0
4/11/2021,2020/2021,Burnley,Newcastle Utd,1,1,2,SEAN DYCHE,10/30/2012,4/15/2022,321,0,0,0
4/18/2021,2020/2021,Burnley,Manchester Utd,0,1,3,SEAN DYCHE,10/30/2012,4/15/2022,322,0,0,0
4/25/2021,2020/2021,Burnley,Wolves,0,4,0,SEAN DYCHE,10/30/2012,4/15/2022,323,0,0,0
5/3/2021,2020/2021,Burnley,West Ham,1,1,2,SEAN DYCHE,10/30/2012,4/15/2022,324,0,0,0
5/10/2021,2020/2021,Burnley,Fulham,0,2,0,SEAN DYCHE,10/30/2012,4/15/2022,325,0,0,0
5/15/2021,2020/2021,Burnley,Leeds United,1,0,4,SEAN DYCHE,10/30/2012,4/15/2022,326,0,0,0
5/19/2021,2020/2021,Burnley,Liverpool,1,0,3,SEAN DYCHE,10/30/2012,4/15/2022,327,0,0,0
5/23/2021,2020/2021,Burnley,Sheffield Utd,0,0,1,SEAN DYCHE,10/30/2012,4/15/2022,328,0,0,0
8/14/2021,2021/2022,Burnley,Brighton,1,1,2,SEAN DYCHE,10/30/2012,4/15/2022,329,0,0,0
8/21/2021,2021/2022,Burnley,Liverpool,0,0,2,SEAN DYCHE,10/30/2012,4/15/2022,330,0,0,0
8/29/2021,2021/2022,Burnley,Leeds United,1,1,1,SEAN DYCHE,10/30/2012,4/15/2022,331,0,0,0
9/13/2021,2021/2022,Burnley,Everton,0,1,3,SEAN DYCHE,10/30/2012,4/15/2022,332,0,0,0
9/18/2021,2021/2022,Burnley,Arsenal,1,0,1,SEAN DYCHE,10/30/2012,4/15/2022,333,0,0,0
9/25/2021,2021/2022,Burnley,Leicester City,0,2,2,SEAN DYCHE,10/30/2012,4/15/2022,334,0,0,0
10/2/2021,2021/2022,Burnley,Norwich City,1,0,0,SEAN DYCHE,10/30/2012,4/15/2022,335,0,0,0
10/16/2021,2021/2022,Burnley,Manchester City,0,0,2,SEAN DYCHE,10/30/2012,4/15/2022,336,0,0,0
10/23/2021,2021/2022,Burnley,Southampton,0,2,2,SEAN DYCHE,10/30/2012,4/15/2022,337,0,0,0
10/30/2021,2021/2022,Burnley,Brentford,1,3,1,SEAN DYCHE,10/30/2012,4/15/2022,338,0,0,0
11/6/2021,2021/2022,Burnley,Chelsea,0,1,1,SEAN DYCHE,10/30/2012,4/15/2022,339,0,0,0
11/20/2021,2021/2022,Burnley,Crystal Palace,1,3,3,SEAN DYCHE,10/30/2012,4/15/2022,340,0,0,0
12/1/2021,2021/2022,Burnley,Wolves,0,0,0,SEAN DYCHE,10/30/2012,4/15/2022,341,0,0,0
12/4/2021,2021/2022,Burnley,Newcastle Utd,0,0,1,SEAN DYCHE,10/30/2012,4/15/2022,342,0,0,0
12/12/2021,2021/2022,Burnley,West Ham,1,0,0,SEAN DYCHE,10/30/2012,4/15/2022,343,0,0,0
12/30/2021,2021/2022,Burnley,Manchester Utd,0,1,3,SEAN DYCHE,10/30/2012,4/15/2022,344,0,0,0
1/2/2022,2021/2022,Burnley,Leeds United,0,1,3,SEAN DYCHE,10/30/2012,4/15/2022,345,0,0,0
1/23/2022,2021/2022,Burnley,Arsenal,0,0,0,VINCENT KOMPANY,1/7/2022,6/30/2024,1,1,0,0
2/5/2022,2021/2022,Burnley,Watford,1,0,0,VINCENT KOMPANY,1/7/2022,6/30/2024,2,1,0,0
2/8/2022,2021/2022,Burnley,Manchester Utd,1,1,1,VINCENT KOMPANY,1/7/2022,6/30/2024,3,1,0,0
2/13/2022,2021/2022,Burnley,Liverpool,1,0,1,VINCENT KOMPANY,1/7/2022,6/30/2024,4,0,1,0
2/19/2022,2021/2022,Burnley,Brighton,0,3,0,VINCENT KOMPANY,1/7/2022,6/30/2024,5,0,1,0
2/23/2022,2021/2022,Burnley,Tottenham,1,1,0,VINCENT KOMPANY,1/7/2022,6/30/2024,6,0,1,0
2/26/2022,2021/2022,Burnley,Crystal Palace,0,1,1,VINCENT KOMPANY,1/7/2022,6/30/2024,7,0,0,1
3/1/2022,2021/2022,Burnley,Leicester City,1,0,2,VINCENT KOMPANY,1/7/2022,6/30/2024,8,0,0,1
3/5/2022,2021/2022,Burnley,Chelsea,1,0,4,VINCENT KOMPANY,1/7/2022,6/30/2024,9,0,0,1
3/12/2022,2021/2022,Burnley,Brentford,0,0,2,VINCENT KOMPANY,1/7/2022,6/30/2024,10,0,0,1
4/2/2022,2021/2022,Burnley,Manchester City,1,0,2,VINCENT KOMPANY,1/7/2022,6/30/2024,11,0,0,0
4/6/2022,2021/2022,Burnley,Everton,1,3,2,VINCENT KOMPANY,1/7/2022,6/30/2024,12,0,0,0
4/10/2022,2021/2022,Burnley,Norwich City,0,0,2,VINCENT KOMPANY,1/7/2022,6/30/2024,13,0,0,0
8/11/2023,2023/2024,Burnley,Manchester City,1,0,3,VINCENT KOMPANY,1/7/2022,6/30/2024,14,0,0,0
8/27/2023,2023/2024,Burnley,Aston Villa,1,1,3,VINCENT KOMPANY,1/7/2022,6/30/2024,15,0,0,0
9/2/2023,2023/2024,Burnley,Tottenham,1,2,5,VINCENT KOMPANY,1/7/2022,6/30/2024,16,0,0,0
9/18/2023,2023/2024,Burnley,Nott'ham Forest,0,1,1,VINCENT KOMPANY,1/7/2022,6/30/2024,17,0,0,0
9/23/2023,2023/2024,Burnley,Manchester Utd,1,0,1,VINCENT KOMPANY,1/7/2022,6/30/2024,18,0,0,0
9/30/2023,2023/2024,Burnley,Newcastle Utd,0,0,2,VINCENT KOMPANY,1/7/2022,6/30/2024,19,0,0,0
10/3/2023,2023/2024,Burnley,Luton Town,0,2,1,VINCENT KOMPANY,1/7/2022,6/30/2024,20,0,0,0
10/7/2023,2023/2024,Burnley,Chelsea,1,1,4,VINCENT KOMPANY,1/7/2022,6/30/2024,21,0,0,0
10/21/2023,2023/2024,Burnley,Brentford,0,0,3,VINCENT KOMPANY,1/7/2022,6/30/2024,22,0,0,0
10/28/2023,2023/2024,Burnley,Bournemouth,0,1,2,VINCENT KOMPANY,1/7/2022,6/30/2024,23,0,0,0
11/4/2023,2023/2024,Burnley,Crystal Palace,1,0,2,VINCENT KOMPANY,1/7/2022,6/30/2024,24,0,0,0
11/11/2023,2023/2024,Burnley,Arsenal,0,1,3,VINCENT KOMPANY,1/7/2022,6/30/2024,25,0,0,0
11/25/2023,2023/2024,Burnley,West Ham,1,1,2,VINCENT KOMPANY,1/7/2022,6/30/2024,26,0,0,0
12/2/2023,2023/2024,Burnley,Sheffield Utd,1,5,0,VINCENT KOMPANY,1/7/2022,6/30/2024,27,0,0,0
12/5/2023,2023/2024,Burnley,Wolves,0,0,1,VINCENT KOMPANY,1/7/2022,6/30/2024,28,0,0,0
12/9/2023,2023/2024,Burnley,Brighton,0,1,1,VINCENT KOMPANY,1/7/2022,6/30/2024,29,0,0,0
12/16/2023,2023/2024,Burnley,Everton,1,0,2,VINCENT KOMPANY,1/7/2022,6/30/2024,30,0,0,0
12/23/2023,2023/2024,Burnley,Fulham,0,2,0,VINCENT KOMPANY,1/7/2022,6/30/2024,31,0,0,0
12/26/2023,2023/2024,Burnley,Liverpool,1,0,2,VINCENT KOMPANY,1/7/2022,6/30/2024,32,0,0,0
12/30/2023,2023/2024,Burnley,Aston Villa,0,2,3,VINCENT KOMPANY,1/7/2022,6/30/2024,33,0,0,0
1/12/2024,2023/2024,Burnley,Luton Town,1,1,1,VINCENT KOMPANY,1/7/2022,6/30/2024,34,0,0,0
1/31/2024,2023/2024,Burnley,Manchester City,0,1,3,VINCENT KOMPANY,1/7/2022,6/30/2024,35,0,0,0
2/3/2024,2023/2024,Burnley,Fulham,1,2,2,VINCENT KOMPANY,1/7/2022,6/30/2024,36,0,0,0
2/10/2024,2023/2024,Burnley,Liverpool,0,1,3,VINCENT KOMPANY,1/7/2022,6/30/2024,37,0,0,0
2/17/2024,2023/2024,Burnley,Arsenal,1,0,5,VINCENT KOMPANY,1/7/2022,6/30/2024,38,0,0,0
2/24/2024,2023/2024,Burnley,Crystal Palace,0,0,3,VINCENT KOMPANY,1/7/2022,6/30/2024,39,0,0,0
3/3/2024,2023/2024,Burnley,Bournemouth,1,0,2,VINCENT KOMPANY,1/7/2022,6/30/2024,40,0,0,0
3/10/2024,2023/2024,Burnley,West Ham,0,2,2,VINCENT KOMPANY,1/7/2022,6/30/2024,41,0,0,0
3/16/2024,2023/2024,Burnley,Brentford,1,2,1,VINCENT KOMPANY,1/7/2022,6/30/2024,42,0,0,0
3/30/2024,2023/2024,Burnley,Chelsea,0,2,2,VINCENT KOMPANY,1/7/2022,6/30/2024,43,0,0,0
4/2/2024,2023/2024,Burnley,Wolves,1,1,1,VINCENT KOMPANY,1/7/2022,6/30/2024,44,0,0,0
4/6/2024,2023/2024,Burnley,Everton,0,0,1,VINCENT KOMPANY,1/7/2022,6/30/2024,45,0,0,0
4/13/2024,2023/2024,Burnley,Brighton,1,1,1,VINCENT KOMPANY,1/7/2022,6/30/2024,46,0,0,0
4/20/2024,2023/2024,Burnley,Sheffield Utd,0,4,1,VINCENT KOMPANY,1/7/2022,6/30/2024,47,0,0,0
4/27/2024,2023/2024,Burnley,Manchester Utd,0,1,1,VINCENT KOMPANY,1/7/2022,6/30/2024,48,0,0,0
5/4/2024,2023/2024,Burnley,Newcastle Utd,1,1,4,VINCENT KOMPANY,1/7/2022,6/30/2024,49,0,0,0
8/11/2018,2018/2019,Cardiff City,Bournemouth,0,0,2,NEIL WARNOCK,5/10/2016,11/11/2019,1,1,0,0
8/18/2018,2018/2019,Cardiff City,Newcastle Utd,1,0,0,NEIL WARNOCK,5/10/2016,11/11/2019,2,1,0,0
8/25/2018,2018/2019,Cardiff City,Huddersfield,0,0,0,NEIL WARNOCK,5/10/2016,11/11/2019,3,1,0,0
9/2/2018,2018/2019,Cardiff City,Arsenal,1,2,3,NEIL WARNOCK,5/10/2016,11/11/2019,4,0,1,0
9/15/2018,2018/2019,Cardiff City,Chelsea,0,1,4,NEIL WARNOCK,5/10/2016,11/11/2019,5,0,1,0
9/22/2018,2018/2019,Cardiff City,Manchester City,1,0,5,NEIL WARNOCK,5/10/2016,11/11/2019,6,0,1,0
9/30/2018,2018/2019,Cardiff City,Burnley,1,1,2,NEIL WARNOCK,5/10/2016,11/11/2019,7,0,0,1
10/6/2018,2018/2019,Cardiff City,Tottenham,0,0,1,NEIL WARNOCK,5/10/2016,11/11/2019,8,0,0,1
10/20/2018,2018/2019,Cardiff City,Fulham,1,4,2,NEIL WARNOCK,5/10/2016,11/11/2019,9,0,0,1
10/27/2018,2018/2019,Cardiff City,Liverpool,0,1,4,NEIL WARNOCK,5/10/2016,11/11/2019,10,0,0,1
11/3/2018,2018/2019,Cardiff City,Leicester City,1,0,1,NEIL WARNOCK,5/10/2016,11/11/2019,11,0,0,0
11/10/2018,2018/2019,Cardiff City,Brighton,1,2,1,NEIL WARNOCK,5/10/2016,11/11/2019,12,0,0,0
11/24/2018,2018/2019,Cardiff City,Everton,0,0,1,NEIL WARNOCK,5/10/2016,11/11/2019,13,0,0,0
11/30/2018,2018/2019,Cardiff City,Wolves,1,2,1,NEIL WARNOCK,5/10/2016,11/11/2019,14,0,0,0
12/4/2018,2018/2019,Cardiff City,West Ham,0,1,3,NEIL WARNOCK,5/10/2016,11/11/2019,15,0,0,0
12/8/2018,2018/2019,Cardiff City,Southampton,1,1,0,NEIL WARNOCK,5/10/2016,11/11/2019,16,0,0,0
12/15/2018,2018/2019,Cardiff City,Watford,0,2,3,NEIL WARNOCK,5/10/2016,11/11/2019,17,0,0,0
12/22/2018,2018/2019,Cardiff City,Manchester Utd,1,1,5,NEIL WARNOCK,5/10/2016,11/11/2019,18,0,0,0
12/26/2018,2018/2019,Cardiff City,Crystal Palace,0,0,0,NEIL WARNOCK,5/10/2016,11/11/2019,19,0,0,0
12/29/2018,2018/2019,Cardiff City,Leicester City,0,1,0,NEIL WARNOCK,5/10/2016,11/11/2019,20,0,0,0
1/1/2019,2018/2019,Cardiff City,Tottenham,1,0,3,NEIL WARNOCK,5/10/2016,11/11/2019,21,0,0,0
1/12/2019,2018/2019,Cardiff City,Huddersfield,1,0,0,NEIL WARNOCK,5/10/2016,11/11/2019,22,0,0,0
1/19/2019,2018/2019,Cardiff City,Newcastle Utd,0,0,3,NEIL WARNOCK,5/10/2016,11/11/2019,23,0,0,0
1/29/2019,2018/2019,Cardiff City,Arsenal,0,1,2,NEIL WARNOCK,5/10/2016,11/11/2019,24,0,0,0
2/2/2019,2018/2019,Cardiff City,Bournemouth,1,2,0,NEIL WARNOCK,5/10/2016,11/11/2019,25,0,0,0
2/9/2019,2018/2019,Cardiff City,Southampton,0,2,1,NEIL WARNOCK,5/10/2016,11/11/2019,26,0,0,0
2/22/2019,2018/2019,Cardiff City,Watford,1,1,5,NEIL WARNOCK,5/10/2016,11/11/2019,27,0,0,0
2/26/2019,2018/2019,Cardiff City,Everton,1,0,3,NEIL WARNOCK,5/10/2016,11/11/2019,28,0,0,0
3/2/2019,2018/2019,Cardiff City,Wolves,0,0,2,NEIL WARNOCK,5/10/2016,11/11/2019,29,0,0,0
3/9/2019,2018/2019,Cardiff City,West Ham,1,2,0,NEIL WARNOCK,5/10/2016,11/11/2019,30,0,0,0
3/31/2019,2018/2019,Cardiff City,Chelsea,1,1,2,NEIL WARNOCK,5/10/2016,11/11/2019,31,0,0,0
4/3/2019,2018/2019,Cardiff City,Manchester City,0,0,2,NEIL WARNOCK,5/10/2016,11/11/2019,32,0,0,0
4/13/2019,2018/2019,Cardiff City,Burnley,0,0,2,NEIL WARNOCK,5/10/2016,11/11/2019,33,0,0,0
4/16/2019,2018/2019,Cardiff City,Brighton,0,2,0,NEIL WARNOCK,5/10/2016,11/11/2019,34,0,0,0
4/21/2019,2018/2019,Cardiff City,Liverpool,1,0,2,NEIL WARNOCK,5/10/2016,11/11/2019,35,0,0,0
4/27/2019,2018/2019,Cardiff City,Fulham,0,0,1,NEIL WARNOCK,5/10/2016,11/11/2019,36,0,0,0
5/4/2019,2018/2019,Cardiff City,Crystal Palace,1,2,3,NEIL WARNOCK,5/10/2016,11/11/2019,37,0,0,0
5/12/2019,2018/2019,Cardiff City,Manchester Utd,0,2,0,NEIL WARNOCK,5/10/2016,11/11/2019,38,0,0,0
1/13/2016,2015/2016,Chelsea,West Brom,1,2,2,ANTONIO CONTE,1/7/2016,7/13/2018,1,1,0,0
1/16/2016,2015/2016,Chelsea,Everton,1,3,3,ANTONIO CONTE,1/7/2016,7/13/2018,2,1,0,0
1/24/2016,2015/2016,Chelsea,Arsenal,0,1,0,ANTONIO CONTE,1/7/2016,7/13/2018,3,1,0,0
2/3/2016,2015/2016,Chelsea,Watford,0,0,0,ANTONIO CONTE,1/7/2016,7/13/2018,4,0,1,0
2/7/2016,2015/2016,Chelsea,Manchester Utd,1,1,1,ANTONIO CONTE,1/7/2016,7/13/2018,5,0,1,0
2/13/2016,2015/2016,Chelsea,Newcastle Utd,1,5,1,ANTONIO CONTE,1/7/2016,7/13/2018,6,0,1,0
2/27/2016,2015/2016,Chelsea,Southampton,0,2,1,ANTONIO CONTE,1/7/2016,7/13/2018,7,0,0,1
3/1/2016,2015/2016,Chelsea,Norwich City,0,2,1,ANTONIO CONTE,1/7/2016,7/13/2018,8,0,0,1
3/5/2016,2015/2016,Chelsea,Stoke City,1,1,1,ANTONIO CONTE,1/7/2016,7/13/2018,9,0,0,1
3/19/2016,2015/2016,Chelsea,West Ham,1,2,2,ANTONIO CONTE,1/7/2016,7/13/2018,10,0,0,1
4/2/2016,2015/2016,Chelsea,Aston Villa,0,4,0,ANTONIO CONTE,1/7/2016,7/13/2018,11,0,0,0
4/9/2016,2015/2016,Chelsea,Swansea City,0,0,1,ANTONIO CONTE,1/7/2016,7/13/2018,12,0,0,0
4/16/2016,2015/2016,Chelsea,Manchester City,1,0,3,ANTONIO CONTE,1/7/2016,7/13/2018,13,0,0,0
4/23/2016,2015/2016,Chelsea,Bournemouth,0,4,1,ANTONIO CONTE,1/7/2016,7/13/2018,14,0,0,0
5/2/2016,2015/2016,Chelsea,Tottenham,1,2,2,ANTONIO CONTE,1/7/2016,7/13/2018,15,0,0,0
5/7/2016,2015/2016,Chelsea,Sunderland,0,2,3,ANTONIO CONTE,1/7/2016,7/13/2018,16,0,0,0
5/11/2016,2015/2016,Chelsea,Liverpool,0,1,1,ANTONIO CONTE,1/7/2016,7/13/2018,17,0,0,0
5/15/2016,2015/2016,Chelsea,Leicester City,1,1,1,ANTONIO CONTE,1/7/2016,7/13/2018,18,0,0,0
8/15/2016,2016/2017,Chelsea,West Ham,1,2,1,ANTONIO CONTE,1/7/2016,7/13/2018,19,0,0,0
8/20/2016,2016/2017,Chelsea,Watford,0,2,1,ANTONIO CONTE,1/7/2016,7/13/2018,20,0,0,0
8/27/2016,2016/2017,Chelsea,Burnley,1,3,0,ANTONIO CONTE,1/7/2016,7/13/2018,21,0,0,0
9/11/2016,2016/2017,Chelsea,Swansea City,0,2,2,ANTONIO CONTE,1/7/2016,7/13/2018,22,0,0,0
9/16/2016,2016/2017,Chelsea,Liverpool,1,1,2,ANTONIO CONTE,1/7/2016,7/13/2018,23,0,0,0
9/24/2016,2016/2017,Chelsea,Arsenal,0,0,3,ANTONIO CONTE,1/7/2016,7/13/2018,24,0,0,0
10/1/2016,2016/2017,Chelsea,Hull City,0,2,0,ANTONIO CONTE,1/7/2016,7/13/2018,25,0,0,0
10/15/2016,2016/2017,Chelsea,Leicester City,1,3,0,ANTONIO CONTE,1/7/2016,7/13/2018,26,0,0,0
10/23/2016,2016/2017,Chelsea,Manchester Utd,1,4,0,ANTONIO CONTE,1/7/2016,7/13/2018,27,0,0,0
10/30/2016,2016/2017,Chelsea,Southampton,0,2,0,ANTONIO CONTE,1/7/2016,7/13/2018,28,0,0,0
11/5/2016,2016/2017,Chelsea,Everton,1,5,0,ANTONIO CONTE,1/7/2016,7/13/2018,29,0,0,0
11/20/2016,2016/2017,Chelsea,Middlesbrough,0,1,0,ANTONIO CONTE,1/7/2016,7/13/2018,30,0,0,0
11/26/2016,2016/2017,Chelsea,Tottenham,1,2,1,ANTONIO CONTE,1/7/2016,7/13/2018,31,0,0,0
12/3/2016,2016/2017,Chelsea,Manchester City,0,3,1,ANTONIO CONTE,1/7/2016,7/13/2018,32,0,0,0
12/11/2016,2016/2017,Chelsea,West Brom,1,1,0,ANTONIO CONTE,1/7/2016,7/13/2018,33,0,0,0
12/14/2016,2016/2017,Chelsea,Sunderland,0,1,0,ANTONIO CONTE,1/7/2016,7/13/2018,34,0,0,0
12/17/2016,2016/2017,Chelsea,Crystal Palace,0,1,0,ANTONIO CONTE,1/7/2016,7/13/2018,35,0,0,0
12/26/2016,2016/2017,Chelsea,Bournemouth,1,3,0,ANTONIO CONTE,1/7/2016,7/13/2018,36,0,0,0
12/31/2016,2016/2017,Chelsea,Stoke City,1,4,2,ANTONIO CONTE,1/7/2016,7/13/2018,37,0,0,0
1/4/2017,2016/2017,Chelsea,Tottenham,0,0,2,ANTONIO CONTE,1/7/2016,7/13/2018,38,0,0,0
1/14/2017,2016/2017,Chelsea,Leicester City,0,3,0,ANTONIO CONTE,1/7/2016,7/13/2018,39,0,0,0
1/22/2017,2016/2017,Chelsea,Hull City,1,2,0,ANTONIO CONTE,1/7/2016,7/13/2018,40,0,0,0
1/31/2017,2016/2017,Chelsea,Liverpool,0,1,1,ANTONIO CONTE,1/7/2016,7/13/2018,41,0,0,0
2/4/2017,2016/2017,Chelsea,Arsenal,1,3,1,ANTONIO CONTE,1/7/2016,7/13/2018,42,0,0,0
2/12/2017,2016/2017,Chelsea,Burnley,0,1,1,ANTONIO CONTE,1/7/2016,7/13/2018,43,0,0,0
2/25/2017,2016/2017,Chelsea,Swansea City,1,3,1,ANTONIO CONTE,1/7/2016,7/13/2018,44,0,0,0
3/6/2017,2016/2017,Chelsea,West Ham,0,2,1,ANTONIO CONTE,1/7/2016,7/13/2018,45,0,0,0
3/18/2017,2016/2017,Chelsea,Stoke City,0,2,1,ANTONIO CONTE,1/7/2016,7/13/2018,46,0,0,0
4/1/2017,2016/2017,Chelsea,Crystal Palace,1,1,2,ANTONIO CONTE,1/7/2016,7/13/2018,47,0,0,0
4/5/2017,2016/2017,Chelsea,Manchester City,1,2,1,ANTONIO CONTE,1/7/2016,7/13/2018,48,0,0,0
4/8/2017,2016/2017,Chelsea,Bournemouth,0,3,1,ANTONIO CONTE,1/7/2016,7/13/2018,49,0,0,0
4/16/2017,2016/2017,Chelsea,Manchester Utd,0,0,2,ANTONIO CONTE,1/7/2016,7/13/2018,50,0,0,0
4/25/2017,2016/2017,Chelsea,Southampton,1,4,2,ANTONIO CONTE,1/7/2016,7/13/2018,51,0,0,0
4/30/2017,2016/2017,Chelsea,Everton,0,3,0,ANTONIO CONTE,1/7/2016,7/13/2018,52,0,0,0
5/8/2017,2016/2017,Chelsea,Middlesbrough,1,3,0,ANTONIO CONTE,1/7/2016,7/13/2018,53,0,0,0
5/12/2017,2016/2017,Chelsea,West Brom,0,1,0,ANTONIO CONTE,1/7/2016,7/13/2018,54,0,0,0
5/15/2017,2016/2017,Chelsea,Watford,1,4,3,ANTONIO CONTE,1/7/2016,7/13/2018,55,0,0,0
5/21/2017,2016/2017,Chelsea,Sunderland,1,5,1,ANTONIO CONTE,1/7/2016,7/13/2018,56,0,0,0
8/12/2017,2017/2018,Chelsea,Burnley,1,2,3,ANTONIO CONTE,1/7/2016,7/13/2018,57,0,0,0
8/20/2017,2017/2018,Chelsea,Tottenham,0,2,1,ANTONIO CONTE,1/7/2016,7/13/2018,58,0,0,0
8/27/2017,2017/2018,Chelsea,Everton,1,2,0,ANTONIO CONTE,1/7/2016,7/13/2018,59,0,0,0
9/9/2017,2017/2018,Chelsea,Leicester City,0,2,1,ANTONIO CONTE,1/7/2016,7/13/2018,60,0,0,0
9/17/2017,2017/2018,Chelsea,Arsenal,1,0,0,ANTONIO CONTE,1/7/2016,7/13/2018,61,0,0,0
9/23/2017,2017/2018,Chelsea,Stoke City,0,4,0,ANTONIO CONTE,1/7/2016,7/13/2018,62,0,0,0
9/30/2017,2017/2018,Chelsea,Manchester City,1,0,1,ANTONIO CONTE,1/7/2016,7/13/2018,63,0,0,0
10/14/2017,2017/2018,Chelsea,Crystal Palace,0,1,2,ANTONIO CONTE,1/7/2016,7/13/2018,64,0,0,0
10/21/2017,2017/2018,Chelsea,Watford,1,4,2,ANTONIO CONTE,1/7/2016,7/13/2018,65,0,0,0
10/28/2017,2017/2018,Chelsea,Bournemouth,0,1,0,ANTONIO CONTE,1/7/2016,7/13/2018,66,0,0,0
11/5/2017,2017/2018,Chelsea,Manchester Utd,1,1,0,ANTONIO CONTE,1/7/2016,7/13/2018,67,0,0,0
11/18/2017,2017/2018,Chelsea,West Brom,0,4,0,ANTONIO CONTE,1/7/2016,7/13/2018,68,0,0,0
11/25/2017,2017/2018,Chelsea,Liverpool,0,1,1,ANTONIO CONTE,1/7/2016,7/13/2018,69,0,0,0
11/29/2017,2017/2018,Chelsea,Swansea City,1,1,0,ANTONIO CONTE,1/7/2016,7/13/2018,70,0,0,0
12/2/2017,2017/2018,Chelsea,Newcastle Utd,1,3,1,ANTONIO CONTE,1/7/2016,7/13/2018,71,0,0,0
12/9/2017,2017/2018,Chelsea,West Ham,0,0,1,ANTONIO CONTE,1/7/2016,7/13/2018,72,0,0,0
12/12/2017,2017/2018,Chelsea,Huddersfield,0,3,1,ANTONIO CONTE,1/7/2016,7/13/2018,73,0,0,0
12/16/2017,2017/2018,Chelsea,Southampton,1,1,0,ANTONIO CONTE,1/7/2016,7/13/2018,74,0,0,0
12/23/2017,2017/2018,Chelsea,Everton,0,0,0,ANTONIO CONTE,1/7/2016,7/13/2018,75,0,0,0
12/26/2017,2017/2018,Chelsea,Brighton,1,2,0,ANTONIO CONTE,1/7/2016,7/13/2018,76,0,0,0
12/30/2017,2017/2018,Chelsea,Stoke City,1,5,0,ANTONIO CONTE,1/7/2016,7/13/2018,77,0,0,0
1/3/2018,2017/2018,Chelsea,Arsenal,0,2,2,ANTONIO CONTE,1/7/2016,7/13/2018,78,0,0,0
1/13/2018,2017/2018,Chelsea,Leicester City,1,0,0,ANTONIO CONTE,1/7/2016,7/13/2018,79,0,0,0
1/20/2018,2017/2018,Chelsea,Brighton,0,4,0,ANTONIO CONTE,1/7/2016,7/13/2018,80,0,0,0
1/31/2018,2017/2018,Chelsea,Bournemouth,1,0,3,ANTONIO CONTE,1/7/2016,7/13/2018,81,0,0,0
2/5/2018,2017/2018,Chelsea,Watford,0,1,4,ANTONIO CONTE,1/7/2016,7/13/2018,82,0,0,0
2/12/2018,2017/2018,Chelsea,West Brom,1,3,0,ANTONIO CONTE,1/7/2016,7/13/2018,83,0,0,0
2/25/2018,2017/2018,Chelsea,Manchester Utd,0,1,2,ANTONIO CONTE,1/7/2016,7/13/2018,84,0,0,0
3/4/2018,2017/2018,Chelsea,Manchester City,0,0,1,ANTONIO CONTE,1/7/2016,7/13/2018,85,0,0,0
3/10/2018,2017/2018,Chelsea,Crystal Palace,1,2,1,ANTONIO CONTE,1/7/2016,7/13/2018,86,0,0,0
4/1/2018,2017/2018,Chelsea,Tottenham,1,1,3,ANTONIO CONTE,1/7/2016,7/13/2018,87,0,0,0
4/8/2018,2017/2018,Chelsea,West Ham,1,1,1,ANTONIO CONTE,1/7/2016,7/13/2018,88,0,0,0
4/14/2018,2017/2018,Chelsea,Southampton,0,3,2,ANTONIO CONTE,1/7/2016,7/13/2018,89,0,0,0
4/19/2018,2017/2018,Chelsea,Burnley,0,2,1,ANTONIO CONTE,1/7/2016,7/13/2018,90,0,0,0
4/28/2018,2017/2018,Chelsea,Swansea City,0,1,0,ANTONIO CONTE,1/7/2016,7/13/2018,91,0,0,0
5/6/2018,2017/2018,Chelsea,Liverpool,1,1,0,ANTONIO CONTE,1/7/2016,7/13/2018,92,0,0,0
5/9/2018,2017/2018,Chelsea,Huddersfield,1,1,1,ANTONIO CONTE,1/7/2016,7/13/2018,93,0,0,0
5/13/2018,2017/2018,Chelsea,Newcastle Utd,0,0,3,ANTONIO CONTE,1/7/2016,7/13/2018,94,0,0,0
3/4/2023,2022/2023,Chelsea,Leeds United,1,1,0,BRUNO SALTOR,3/4/2023,5/4/2023,1,1,0,0
3/11/2023,2022/2023,Chelsea,Leicester City,0,3,1,BRUNO SALTOR,3/4/2023,5/4/2023,2,1,0,0
3/18/2023,2022/2023,Chelsea,Everton,1,2,2,BRUNO SALTOR,3/4/2023,5/4/2023,3,1,0,0
4/1/2023,2022/2023,Chelsea,Aston Villa,1,0,2,BRUNO SALTOR,3/4/2023,5/4/2023,4,0,1,0
4/4/2023,2022/2023,Chelsea,Liverpool,1,0,0,BRUNO SALTOR,3/4/2023,5/4/2023,5,0,1,0
4/8/2023,2022/2023,Chelsea,Wolves,0,0,1,BRUNO SALTOR,3/4/2023,5/4/2023,6,0,1,0
4/15/2023,2022/2023,Chelsea,Brighton,1,1,2,BRUNO SALTOR,3/4/2023,5/4/2023,7,0,0,1
4/26/2023,2022/2023,Chelsea,Brentford,1,0,2,BRUNO SALTOR,3/4/2023,5/4/2023,8,0,0,1
5/2/2023,2022/2023,Chelsea,Arsenal,0,1,3,BRUNO SALTOR,3/4/2023,5/4/2023,9,0,0,1
4/8/2019,2018/2019,Chelsea,West Ham,1,2,0,FRANK LAMPARD,4/7/2019,1/25/2021,1,1,0,0
4/14/2019,2018/2019,Chelsea,Liverpool,0,0,2,FRANK LAMPARD,4/7/2019,1/25/2021,2,1,0,0
4/22/2019,2018/2019,Chelsea,Burnley,1,2,2,FRANK LAMPARD,4/7/2019,1/25/2021,3,1,0,0
4/28/2019,2018/2019,Chelsea,Manchester Utd,0,1,1,FRANK LAMPARD,4/7/2019,1/25/2021,4,0,1,0
5/5/2019,2018/2019,Chelsea,Watford,1,3,0,FRANK LAMPARD,4/7/2019,1/25/2021,5,0,1,0
5/12/2019,2018/2019,Chelsea,Leicester City,0,0,0,FRANK LAMPARD,4/7/2019,1/25/2021,6,0,1,0
8/11/2019,2019/2020,Chelsea,Manchester Utd,0,0,4,FRANK LAMPARD,4/7/2019,1/25/2021,7,0,0,1
8/18/2019,2019/2020,Chelsea,Leicester City,1,1,1,FRANK LAMPARD,4/7/2019,1/25/2021,8,0,0,1
8/24/2019,2019/2020,Chelsea,Norwich City,0,3,2,FRANK LAMPARD,4/7/2019,1/25/2021,9,0,0,1
8/31/2019,2019/2020,Chelsea,Sheffield Utd,1,2,2,FRANK LAMPARD,4/7/2019,1/25/2021,10,0,0,1
9/14/2019,2019/2020,Chelsea,Wolves,0,5,2,FRANK LAMPARD,4/7/2019,1/25/2021,11,0,0,0
9/22/2019,2019/2020,Chelsea,Liverpool,1,1,2,FRANK LAMPARD,4/7/2019,1/25/2021,12,0,0,0
9/28/2019,2019/2020,Chelsea,Brighton,1,2,0,FRANK LAMPARD,4/7/2019,1/25/2021,13,0,0,0
10/6/2019,2019/2020,Chelsea,Southampton,0,4,1,FRANK LAMPARD,4/7/2019,1/25/2021,14,0,0,0
10/19/2019,2019/2020,Chelsea,Newcastle Utd,1,1,0,FRANK LAMPARD,4/7/2019,1/25/2021,15,0,0,0
10/26/2019,2019/2020,Chelsea,Burnley,0,4,2,FRANK LAMPARD,4/7/2019,1/25/2021,16,0,0,0
11/2/2019,2019/2020,Chelsea,Watford,0,2,1,FRANK LAMPARD,4/7/2019,1/25/2021,17,0,0,0
11/9/2019,2019/2020,Chelsea,Crystal Palace,1,2,0,FRANK LAMPARD,4/7/2019,1/25/2021,18,0,0,0
11/23/2019,2019/2020,Chelsea,Manchester City,0,1,2,FRANK LAMPARD,4/7/2019,1/25/2021,19,0,0,0
11/30/2019,2019/2020,Chelsea,West Ham,1,0,1,FRANK LAMPARD,4/7/2019,1/25/2021,20,0,0,0
12/4/2019,2019/2020,Chelsea,Aston Villa,1,2,1,FRANK LAMPARD,4/7/2019,1/25/2021,21,0,0,0
12/7/2019,2019/2020,Chelsea,Everton,0,1,3,FRANK LAMPARD,4/7/2019,1/25/2021,22,0,0,0
12/14/2019,2019/2020,Chelsea,Bournemouth,1,0,1,FRANK LAMPARD,4/7/2019,1/25/2021,23,0,0,0
12/22/2019,2019/2020,Chelsea,Tottenham,0,2,0,FRANK LAMPARD,4/7/2019,1/25/2021,24,0,0,0
12/26/2019,2019/2020,Chelsea,Southampton,1,0,2,FRANK LAMPARD,4/7/2019,1/25/2021,25,0,0,0
12/29/2019,2019/2020,Chelsea,Arsenal,0,2,1,FRANK LAMPARD,4/7/2019,1/25/2021,26,0,0,0
1/1/2020,2019/2020,Chelsea,Brighton,0,1,1,FRANK LAMPARD,4/7/2019,1/25/2021,27,0,0,0
1/11/2020,2019/2020,Chelsea,Burnley,1,3,0,FRANK LAMPARD,4/7/2019,1/25/2021,28,0,0,0
1/18/2020,2019/2020,Chelsea,Newcastle Utd,0,0,1,FRANK LAMPARD,4/7/2019,1/25/2021,29,0,0,0
1/21/2020,2019/2020,Chelsea,Arsenal,1,2,2,FRANK LAMPARD,4/7/2019,1/25/2021,30,0,0,0
2/1/2020,2019/2020,Chelsea,Leicester City,0,2,2,FRANK LAMPARD,4/7/2019,1/25/2021,31,0,0,0
2/17/2020,2019/2020,Chelsea,Manchester Utd,1,0,2,FRANK LAMPARD,4/7/2019,1/25/2021,32,0,0,0
2/22/2020,2019/2020,Chelsea,Tottenham,1,2,1,FRANK LAMPARD,4/7/2019,1/25/2021,33,0,0,0
2/29/2020,2019/2020,Chelsea,Bournemouth,0,2,2,FRANK LAMPARD,4/7/2019,1/25/2021,34,0,0,0
3/8/2020,2019/2020,Chelsea,Everton,1,4,0,FRANK LAMPARD,4/7/2019,1/25/2021,35,0,0,0
6/21/2020,2019/2020,Chelsea,Aston Villa,0,2,1,FRANK LAMPARD,4/7/2019,1/25/2021,36,0,0,0
6/25/2020,2019/2020,Chelsea,Manchester City,1,2,1,FRANK LAMPARD,4/7/2019,1/25/2021,37,0,0,0
7/1/2020,2019/2020,Chelsea,West Ham,0,2,3,FRANK LAMPARD,4/7/2019,1/25/2021,38,0,0,0
7/4/2020,2019/2020,Chelsea,Watford,1,3,0,FRANK LAMPARD,4/7/2019,1/25/2021,39,0,0,0
7/7/2020,2019/2020,Chelsea,Crystal Palace,0,3,2,FRANK LAMPARD,4/7/2019,1/25/2021,40,0,0,0
7/11/2020,2019/2020,Chelsea,Sheffield Utd,0,0,3,FRANK LAMPARD,4/7/2019,1/25/2021,41,0,0,0
7/14/2020,2019/2020,Chelsea,Norwich City,1,1,0,FRANK LAMPARD,4/7/2019,1/25/2021,42,0,0,0
7/22/2020,2019/2020,Chelsea,Liverpool,0,3,5,FRANK LAMPARD,4/7/2019,1/25/2021,43,0,0,0
7/26/2020,2019/2020,Chelsea,Wolves,1,2,0,FRANK LAMPARD,4/7/2019,1/25/2021,44,0,0,0
9/14/2020,2020/2021,Chelsea,Brighton,0,3,1,FRANK LAMPARD,4/7/2019,1/25/2021,45,0,0,0
9/20/2020,2020/2021,Chelsea,Liverpool,1,0,2,FRANK LAMPARD,4/7/2019,1/25/2021,46,0,0,0
9/26/2020,2020/2021,Chelsea,West Brom,0,3,3,FRANK LAMPARD,4/7/2019,1/25/2021,47,0,0,0
10/3/2020,2020/2021,Chelsea,Crystal Palace,1,4,0,FRANK LAMPARD,4/7/2019,1/25/2021,48,0,0,0
10/17/2020,2020/2021,Chelsea,Southampton,1,3,3,FRANK LAMPARD,4/7/2019,1/25/2021,49,0,0,0
10/24/2020,2020/2021,Chelsea,Manchester Utd,0,0,0,FRANK LAMPARD,4/7/2019,1/25/2021,50,0,0,0
10/31/2020,2020/2021,Chelsea,Burnley,0,3,0,FRANK LAMPARD,4/7/2019,1/25/2021,51,0,0,0
11/7/2020,2020/2021,Chelsea,Sheffield Utd,1,4,1,FRANK LAMPARD,4/7/2019,1/25/2021,52,0,0,0
11/21/2020,2020/2021,Chelsea,Newcastle Utd,0,2,0,FRANK LAMPARD,4/7/2019,1/25/2021,53,0,0,0
11/29/2020,2020/2021,Chelsea,Tottenham,1,0,0,FRANK LAMPARD,4/7/2019,1/25/2021,54,0,0,0
12/5/2020,2020/2021,Chelsea,Leeds United,1,3,1,FRANK LAMPARD,4/7/2019,1/25/2021,55,0,0,0
12/12/2020,2020/2021,Chelsea,Everton,0,0,1,FRANK LAMPARD,4/7/2019,1/25/2021,56,0,0,0
12/15/2020,2020/2021,Chelsea,Wolves,0,1,2,FRANK LAMPARD,4/7/2019,1/25/2021,57,0,0,0
12/21/2020,2020/2021,Chelsea,West Ham,1,3,0,FRANK LAMPARD,4/7/2019,1/25/2021,58,0,0,0
12/26/2020,2020/2021,Chelsea,Arsenal,0,1,3,FRANK LAMPARD,4/7/2019,1/25/2021,59,0,0,0
12/28/2020,2020/2021,Chelsea,Aston Villa,1,1,1,FRANK LAMPARD,4/7/2019,1/25/2021,60,0,0,0
1/3/2021,2020/2021,Chelsea,Manchester City,1,1,3,FRANK LAMPARD,4/7/2019,1/25/2021,61,0,0,0
1/16/2021,2020/2021,Chelsea,Fulham,0,1,0,FRANK LAMPARD,4/7/2019,1/25/2021,62,0,0,0
1/19/2021,2020/2021,Chelsea,Leicester City,0,0,2,FRANK LAMPARD,4/7/2019,1/25/2021,63,0,0,0
8/14/2022,2022/2023,Chelsea,Tottenham,1,2,2,GRAHAM POTTER,8/9/2022,2/4/2023,1,1,0,0
8/21/2022,2022/2023,Chelsea,Leeds United,0,0,3,GRAHAM POTTER,8/9/2022,2/4/2023,2,1,0,0
8/27/2022,2022/2023,Chelsea,Leicester City,1,2,1,GRAHAM POTTER,8/9/2022,2/4/2023,3,1,0,0
8/30/2022,2022/2023,Chelsea,Southampton,0,1,2,GRAHAM POTTER,8/9/2022,2/4/2023,4,0,1,0
9/3/2022,2022/2023,Chelsea,West Ham,1,2,1,GRAHAM POTTER,8/9/2022,2/4/2023,5,0,1,0
10/1/2022,2022/2023,Chelsea,Crystal Palace,0,2,1,GRAHAM POTTER,8/9/2022,2/4/2023,6,0,1,0
10/8/2022,2022/2023,Chelsea,Wolves,1,3,0,GRAHAM POTTER,8/9/2022,2/4/2023,7,0,0,1
10/16/2022,2022/2023,Chelsea,Aston Villa,0,2,0,GRAHAM POTTER,8/9/2022,2/4/2023,8,0,0,1
10/19/2022,2022/2023,Chelsea,Brentford,0,0,0,GRAHAM POTTER,8/9/2022,2/4/2023,9,0,0,1
10/22/2022,2022/2023,Chelsea,Manchester Utd,1,1,1,GRAHAM POTTER,8/9/2022,2/4/2023,10,0,0,1
10/29/2022,2022/2023,Chelsea,Brighton,0,1,4,GRAHAM POTTER,8/9/2022,2/4/2023,11,0,0,0
11/6/2022,2022/2023,Chelsea,Arsenal,1,0,1,GRAHAM POTTER,8/9/2022,2/4/2023,12,0,0,0
11/12/2022,2022/2023,Chelsea,Newcastle Utd,0,0,1,GRAHAM POTTER,8/9/2022,2/4/2023,13,0,0,0
12/27/2022,2022/2023,Chelsea,Bournemouth,1,2,0,GRAHAM POTTER,8/9/2022,2/4/2023,14,0,0,0
1/1/2023,2022/2023,Chelsea,Nott'ham Forest,0,1,1,GRAHAM POTTER,8/9/2022,2/4/2023,15,0,0,0
1/5/2023,2022/2023,Chelsea,Manchester City,1,0,1,GRAHAM POTTER,8/9/2022,2/4/2023,16,0,0,0
12/26/2015,2015/2016,Chelsea,Watford,1,2,2,GUUS HIDDINK,12/21/2015,6/30/2016,1,1,0,0
12/28/2015,2015/2016,Chelsea,Manchester Utd,0,0,0,GUUS HIDDINK,12/21/2015,6/30/2016,2,1,0,0
1/3/2016,2015/2016,Chelsea,Crystal Palace,0,3,0,GUUS HIDDINK,12/21/2015,6/30/2016,3,1,0,0
8/18/2014,2014/2015,Chelsea,Burnley,0,3,1,JOSE MOURINHO,1/7/2013,12/17/2015,101,0,0,0
8/23/2014,2014/2015,Chelsea,Leicester City,1,2,0,JOSE MOURINHO,1/7/2013,12/17/2015,102,0,0,0
8/30/2014,2014/2015,Chelsea,Everton,0,6,3,JOSE MOURINHO,1/7/2013,12/17/2015,103,0,0,0
9/13/2014,2014/2015,Chelsea,Swansea City,1,4,2,JOSE MOURINHO,1/7/2013,12/17/2015,104,0,0,0
9/21/2014,2014/2015,Chelsea,Manchester City,0,1,1,JOSE MOURINHO,1/7/2013,12/17/2015,105,0,0,0
9/27/2014,2014/2015,Chelsea,Aston Villa,1,3,0,JOSE MOURINHO,1/7/2013,12/17/2015,106,0,0,0
10/5/2014,2014/2015,Chelsea,Arsenal,1,2,0,JOSE MOURINHO,1/7/2013,12/17/2015,107,0,0,0
10/18/2014,2014/2015,Chelsea,Crystal Palace,0,2,1,JOSE MOURINHO,1/7/2013,12/17/2015,108,0,0,0
10/26/2014,2014/2015,Chelsea,Manchester Utd,0,1,1,JOSE MOURINHO,1/7/2013,12/17/2015,109,0,0,0
11/1/2014,2014/2015,Chelsea,QPR,1,2,1,JOSE MOURINHO,1/7/2013,12/17/2015,110,0,0,0
11/8/2014,2014/2015,Chelsea,Liverpool,0,2,1,JOSE MOURINHO,1/7/2013,12/17/2015,111,0,0,0
11/22/2014,2014/2015,Chelsea,West Brom,1,2,0,JOSE MOURINHO,1/7/2013,12/17/2015,112,0,0,0
11/29/2014,2014/2015,Chelsea,Sunderland,0,0,0,JOSE MOURINHO,1/7/2013,12/17/2015,113,0,0,0
12/3/2014,2014/2015,Chelsea,Tottenham,1,3,0,JOSE MOURINHO,1/7/2013,12/17/2015,114,0,0,0
12/6/2014,2014/2015,Chelsea,Newcastle Utd,0,1,2,JOSE MOURINHO,1/7/2013,12/17/2015,115,0,0,0
12/13/2014,2014/2015,Chelsea,Hull City,1,2,0,JOSE MOURINHO,1/7/2013,12/17/2015,116,0,0,0
12/22/2014,2014/2015,Chelsea,Stoke City,0,2,0,JOSE MOURINHO,1/7/2013,12/17/2015,117,0,0,0
12/26/2014,2014/2015,Chelsea,West Ham,1,2,0,JOSE MOURINHO,1/7/2013,12/17/2015,118,0,0,0
12/28/2014,2014/2015,Chelsea,Southampton,0,1,1,JOSE MOURINHO,1/7/2013,12/17/2015,119,0,0,0
1/1/2015,2014/2015,Chelsea,Tottenham,0,3,5,JOSE MOURINHO,1/7/2013,12/17/2015,120,0,0,0
1/10/2015,2014/2015,Chelsea,Newcastle Utd,1,2,0,JOSE MOURINHO,1/7/2013,12/17/2015,121,0,0,0
1/17/2015,2014/2015,Chelsea,Swansea City,0,5,0,JOSE MOURINHO,1/7/2013,12/17/2015,122,0,0,0
1/31/2015,2014/2015,Chelsea,Manchester City,1,1,1,JOSE MOURINHO,1/7/2013,12/17/2015,123,0,0,0
2/7/2015,2014/2015,Chelsea,Aston Villa,0,2,1,JOSE MOURINHO,1/7/2013,12/17/2015,124,0,0,0
2/11/2015,2014/2015,Chelsea,Everton,1,1,0,JOSE MOURINHO,1/7/2013,12/17/2015,125,0,0,0
2/21/2015,2014/2015,Chelsea,Burnley,1,1,1,JOSE MOURINHO,1/7/2013,12/17/2015,126,0,0,0
3/4/2015,2014/2015,Chelsea,West Ham,0,1,0,JOSE MOURINHO,1/7/2013,12/17/2015,127,0,0,0
3/15/2015,2014/2015,Chelsea,Southampton,1,1,1,JOSE MOURINHO,1/7/2013,12/17/2015,128,0,0,0
3/22/2015,2014/2015,Chelsea,Hull City,0,3,2,JOSE MOURINHO,1/7/2013,12/17/2015,129,0,0,0
4/4/2015,2014/2015,Chelsea,Stoke City,1,2,1,JOSE MOURINHO,1/7/2013,12/17/2015,130,0,0,0
4/12/2015,2014/2015,Chelsea,QPR,0,1,0,JOSE MOURINHO,1/7/2013,12/17/2015,131,0,0,0
4/18/2015,2014/2015,Chelsea,Manchester Utd,1,1,0,JOSE MOURINHO,1/7/2013,12/17/2015,132,0,0,0
4/26/2015,2014/2015,Chelsea,Arsenal,0,0,0,JOSE MOURINHO,1/7/2013,12/17/2015,133,0,0,0
4/29/2015,2014/2015,Chelsea,Leicester City,0,3,1,JOSE MOURINHO,1/7/2013,12/17/2015,134,0,0,0
5/3/2015,2014/2015,Chelsea,Crystal Palace,1,1,0,JOSE MOURINHO,1/7/2013,12/17/2015,135,0,0,0
5/10/2015,2014/2015,Chelsea,Liverpool,1,1,1,JOSE MOURINHO,1/7/2013,12/17/2015,136,0,0,0
5/18/2015,2014/2015,Chelsea,West Brom,0,0,3,JOSE MOURINHO,1/7/2013,12/17/2015,137,0,0,0
5/24/2015,2014/2015,Chelsea,Sunderland,1,3,1,JOSE MOURINHO,1/7/2013,12/17/2015,138,0,0,0
8/8/2015,2015/2016,Chelsea,Swansea City,1,2,2,JOSE MOURINHO,1/7/2013,12/17/2015,139,0,0,0
8/16/2015,2015/2016,Chelsea,Manchester City,0,0,3,JOSE MOURINHO,1/7/2013,12/17/2015,140,0,0,0
8/23/2015,2015/2016,Chelsea,West Brom,0,3,2,JOSE MOURINHO,1/7/2013,12/17/2015,141,0,0,0
8/29/2015,2015/2016,Chelsea,Crystal Palace,1,1,2,JOSE MOURINHO,1/7/2013,12/17/2015,142,0,0,0
9/12/2015,2015/2016,Chelsea,Everton,0,1,3,JOSE MOURINHO,1/7/2013,12/17/2015,143,0,0,0
9/19/2015,2015/2016,Chelsea,Arsenal,1,2,0,JOSE MOURINHO,1/7/2013,12/17/2015,144,0,0,0
9/26/2015,2015/2016,Chelsea,Newcastle Utd,0,2,2,JOSE MOURINHO,1/7/2013,12/17/2015,145,0,0,0
10/3/2015,2015/2016,Chelsea,Southampton,1,1,3,JOSE MOURINHO,1/7/2013,12/17/2015,146,0,0,0
10/17/2015,2015/2016,Chelsea,Aston Villa,1,2,0,JOSE MOURINHO,1/7/2013,12/17/2015,147,0,0,0
10/24/2015,2015/2016,Chelsea,West Ham,0,1,2,JOSE MOURINHO,1/7/2013,12/17/2015,148,0,0,0
10/31/2015,2015/2016,Chelsea,Liverpool,1,1,3,JOSE MOURINHO,1/7/2013,12/17/2015,149,0,0,0
11/7/2015,2015/2016,Chelsea,Stoke City,0,0,1,JOSE MOURINHO,1/7/2013,12/17/2015,150,0,0,0
11/21/2015,2015/2016,Chelsea,Norwich City,1,1,0,JOSE MOURINHO,1/7/2013,12/17/2015,151,0,0,0
11/29/2015,2015/2016,Chelsea,Tottenham,0,0,0,JOSE MOURINHO,1/7/2013,12/17/2015,152,0,0,0
12/5/2015,2015/2016,Chelsea,Bournemouth,1,0,1,JOSE MOURINHO,1/7/2013,12/17/2015,153,0,0,0
12/14/2015,2015/2016,Chelsea,Leicester City,0,1,2,JOSE MOURINHO,1/7/2013,12/17/2015,154,0,0,0
1/12/2023,2022/2023,Chelsea,Fulham,0,1,2,MAURICIO POCHETTINO,1/7/2023,6/30/2024,1,1,0,0
1/15/2023,2022/2023,Chelsea,Crystal Palace,1,1,0,MAURICIO POCHETTINO,1/7/2023,6/30/2024,2,1,0,0
1/21/2023,2022/2023,Chelsea,Liverpool,0,0,0,MAURICIO POCHETTINO,1/7/2023,6/30/2024,3,1,0,0
2/3/2023,2022/2023,Chelsea,Fulham,1,0,0,MAURICIO POCHETTINO,1/7/2023,6/30/2024,4,0,1,0
2/11/2023,2022/2023,Chelsea,West Ham,0,1,1,MAURICIO POCHETTINO,1/7/2023,6/30/2024,5,0,1,0
2/18/2023,2022/2023,Chelsea,Southampton,1,0,1,MAURICIO POCHETTINO,1/7/2023,6/30/2024,6,0,1,0
2/26/2023,2022/2023,Chelsea,Tottenham,0,0,2,MAURICIO POCHETTINO,1/7/2023,6/30/2024,7,0,0,1
5/6/2023,2022/2023,Chelsea,Bournemouth,0,3,1,MAURICIO POCHETTINO,1/7/2023,6/30/2024,8,0,0,1
5/13/2023,2022/2023,Chelsea,Nott'ham Forest,1,2,2,MAURICIO POCHETTINO,1/7/2023,6/30/2024,9,0,0,1
5/21/2023,2022/2023,Chelsea,Manchester City,0,0,1,MAURICIO POCHETTINO,1/7/2023,6/30/2024,10,0,0,1
5/25/2023,2022/2023,Chelsea,Manchester Utd,0,1,4,MAURICIO POCHETTINO,1/7/2023,6/30/2024,11,0,0,0
5/28/2023,2022/2023,Chelsea,Newcastle Utd,1,1,1,MAURICIO POCHETTINO,1/7/2023,6/30/2024,12,0,0,0
8/13/2023,2023/2024,Chelsea,Liverpool,1,1,1,MAURICIO POCHETTINO,1/7/2023,6/30/2024,13,0,0,0
8/20/2023,2023/2024,Chelsea,West Ham,0,1,3,MAURICIO POCHETTINO,1/7/2023,6/30/2024,14,0,0,0
8/25/2023,2023/2024,Chelsea,Luton Town,1,3,0,MAURICIO POCHETTINO,1/7/2023,6/30/2024,15,0,0,0
9/2/2023,2023/2024,Chelsea,Nott'ham Forest,1,0,1,MAURICIO POCHETTINO,1/7/2023,6/30/2024,16,0,0,0
9/17/2023,2023/2024,Chelsea,Bournemouth,0,0,0,MAURICIO POCHETTINO,1/7/2023,6/30/2024,17,0,0,0
9/24/2023,2023/2024,Chelsea,Aston Villa,1,0,1,MAURICIO POCHETTINO,1/7/2023,6/30/2024,18,0,0,0
10/2/2023,2023/2024,Chelsea,Fulham,0,2,0,MAURICIO POCHETTINO,1/7/2023,6/30/2024,19,0,0,0
10/7/2023,2023/2024,Chelsea,Burnley,0,4,1,MAURICIO POCHETTINO,1/7/2023,6/30/2024,20,0,0,0
10/21/2023,2023/2024,Chelsea,Arsenal,1,2,2,MAURICIO POCHETTINO,1/7/2023,6/30/2024,21,0,0,0
10/28/2023,2023/2024,Chelsea,Brentford,1,0,2,MAURICIO POCHETTINO,1/7/2023,6/30/2024,22,0,0,0
11/6/2023,2023/2024,Chelsea,Tottenham,0,4,1,MAURICIO POCHETTINO,1/7/2023,6/30/2024,23,0,0,0
11/12/2023,2023/2024,Chelsea,Manchester City,1,4,4,MAURICIO POCHETTINO,1/7/2023,6/30/2024,24,0,0,0
11/25/2023,2023/2024,Chelsea,Newcastle Utd,0,1,4,MAURICIO POCHETTINO,1/7/2023,6/30/2024,25,0,0,0
12/3/2023,2023/2024,Chelsea,Brighton,1,3,2,MAURICIO POCHETTINO,1/7/2023,6/30/2024,26,0,0,0
12/6/2023,2023/2024,Chelsea,Manchester Utd,0,1,2,MAURICIO POCHETTINO,1/7/2023,6/30/2024,27,0,0,0
12/10/2023,2023/2024,Chelsea,Everton,0,0,2,MAURICIO POCHETTINO,1/7/2023,6/30/2024,28,0,0,0
12/16/2023,2023/2024,Chelsea,Sheffield Utd,1,2,0,MAURICIO POCHETTINO,1/7/2023,6/30/2024,29,0,0,0
12/24/2023,2023/2024,Chelsea,Wolves,0,1,2,MAURICIO POCHETTINO,1/7/2023,6/30/2024,30,0,0,0
12/27/2023,2023/2024,Chelsea,Crystal Palace,1,2,1,MAURICIO POCHETTINO,1/7/2023,6/30/2024,31,0,0,0
12/30/2023,2023/2024,Chelsea,Luton Town,0,3,2,MAURICIO POCHETTINO,1/7/2023,6/30/2024,32,0,0,0
1/13/2024,2023/2024,Chelsea,Fulham,1,1,0,MAURICIO POCHETTINO,1/7/2023,6/30/2024,33,0,0,0
1/31/2024,2023/2024,Chelsea,Liverpool,0,1,4,MAURICIO POCHETTINO,1/7/2023,6/30/2024,34,0,0,0
2/4/2024,2023/2024,Chelsea,Wolves,1,2,4,MAURICIO POCHETTINO,1/7/2023,6/30/2024,35,0,0,0
2/12/2024,2023/2024,Chelsea,Crystal Palace,0,3,1,MAURICIO POCHETTINO,1/7/2023,6/30/2024,36,0,0,0
2/17/2024,2023/2024,Chelsea,Manchester City,0,1,1,MAURICIO POCHETTINO,1/7/2023,6/30/2024,37,0,0,0
3/2/2024,2023/2024,Chelsea,Brentford,0,2,2,MAURICIO POCHETTINO,1/7/2023,6/30/2024,38,0,0,0
3/11/2024,2023/2024,Chelsea,Newcastle Utd,1,3,2,MAURICIO POCHETTINO,1/7/2023,6/30/2024,39,0,0,0
3/30/2024,2023/2024,Chelsea,Burnley,1,2,2,MAURICIO POCHETTINO,1/7/2023,6/30/2024,40,0,0,0
4/4/2024,2023/2024,Chelsea,Manchester Utd,1,4,3,MAURICIO POCHETTINO,1/7/2023,6/30/2024,41,0,0,0
4/7/2024,2023/2024,Chelsea,Sheffield Utd,0,2,2,MAURICIO POCHETTINO,1/7/2023,6/30/2024,42,0,0,0
4/15/2024,2023/2024,Chelsea,Everton,1,6,0,MAURICIO POCHETTINO,1/7/2023,6/30/2024,43,0,0,0
4/23/2024,2023/2024,Chelsea,Arsenal,0,0,5,MAURICIO POCHETTINO,1/7/2023,6/30/2024,44,0,0,0
4/27/2024,2023/2024,Chelsea,Aston Villa,0,2,2,MAURICIO POCHETTINO,1/7/2023,6/30/2024,45,0,0,0
5/2/2024,2023/2024,Chelsea,Tottenham,1,2,0,MAURICIO POCHETTINO,1/7/2023,6/30/2024,46,0,0,0
5/5/2024,2023/2024,Chelsea,West Ham,1,5,0,MAURICIO POCHETTINO,1/7/2023,6/30/2024,47,0,0,0
5/11/2024,2023/2024,Chelsea,Nott'ham Forest,0,3,2,MAURICIO POCHETTINO,1/7/2023,6/30/2024,48,0,0,0
5/15/2024,2023/2024,Chelsea,Brighton,0,2,1,MAURICIO POCHETTINO,1/7/2023,6/30/2024,49,0,0,0
5/19/2024,2023/2024,Chelsea,Bournemouth,1,2,1,MAURICIO POCHETTINO,1/7/2023,6/30/2024,50,0,0,0
8/11/2018,2018/2019,Chelsea,Huddersfield,0,3,0,MAURIZIO SARRI,7/14/2018,6/30/2019,1,1,0,0
8/18/2018,2018/2019,Chelsea,Arsenal,1,3,2,MAURIZIO SARRI,7/14/2018,6/30/2019,2,1,0,0
8/26/2018,2018/2019,Chelsea,Newcastle Utd,0,2,1,MAURIZIO SARRI,7/14/2018,6/30/2019,3,1,0,0
9/1/2018,2018/2019,Chelsea,Bournemouth,1,2,0,MAURIZIO SARRI,7/14/2018,6/30/2019,4,0,1,0
9/15/2018,2018/2019,Chelsea,Cardiff City,1,4,1,MAURIZIO SARRI,7/14/2018,6/30/2019,5,0,1,0
9/23/2018,2018/2019,Chelsea,West Ham,0,0,0,MAURIZIO SARRI,7/14/2018,6/30/2019,6,0,1,0
9/29/2018,2018/2019,Chelsea,Liverpool,1,1,1,MAURIZIO SARRI,7/14/2018,6/30/2019,7,0,0,1
10/7/2018,2018/2019,Chelsea,Southampton,0,3,0,MAURIZIO SARRI,7/14/2018,6/30/2019,8,0,0,1
10/20/2018,2018/2019,Chelsea,Manchester Utd,1,2,2,MAURIZIO SARRI,7/14/2018,6/30/2019,9,0,0,1
10/28/2018,2018/2019,Chelsea,Burnley,0,4,0,MAURIZIO SARRI,7/14/2018,6/30/2019,10,0,0,1
11/4/2018,2018/2019,Chelsea,Crystal Palace,1,3,1,MAURIZIO SARRI,7/14/2018,6/30/2019,11,0,0,0
11/11/2018,2018/2019,Chelsea,Everton,1,0,0,MAURIZIO SARRI,7/14/2018,6/30/2019,12,0,0,0
11/24/2018,2018/2019,Chelsea,Tottenham,0,1,3,MAURIZIO SARRI,7/14/2018,6/30/2019,13,0,0,0
12/2/2018,2018/2019,Chelsea,Fulham,1,2,0,MAURIZIO SARRI,7/14/2018,6/30/2019,14,0,0,0
12/5/2018,2018/2019,Chelsea,Wolves,0,1,2,MAURIZIO SARRI,7/14/2018,6/30/2019,15,0,0,0
12/8/2018,2018/2019,Chelsea,Manchester City,1,2,0,MAURIZIO SARRI,7/14/2018,6/30/2019,16,0,0,0
12/16/2018,2018/2019,Chelsea,Brighton,0,2,1,MAURIZIO SARRI,7/14/2018,6/30/2019,17,0,0,0
12/22/2018,2018/2019,Chelsea,Leicester City,1,0,1,MAURIZIO SARRI,7/14/2018,6/30/2019,18,0,0,0
12/26/2018,2018/2019,Chelsea,Watford,0,2,1,MAURIZIO SARRI,7/14/2018,6/30/2019,19,0,0,0
12/30/2018,2018/2019,Chelsea,Crystal Palace,0,1,0,MAURIZIO SARRI,7/14/2018,6/30/2019,20,0,0,0
1/2/2019,2018/2019,Chelsea,Southampton,1,0,0,MAURIZIO SARRI,7/14/2018,6/30/2019,21,0,0,0
1/12/2019,2018/2019,Chelsea,Newcastle Utd,1,2,1,MAURIZIO SARRI,7/14/2018,6/30/2019,22,0,0,0
1/19/2019,2018/2019,Chelsea,Arsenal,0,0,2,MAURIZIO SARRI,7/14/2018,6/30/2019,23,0,0,0
1/30/2019,2018/2019,Chelsea,Bournemouth,0,0,4,MAURIZIO SARRI,7/14/2018,6/30/2019,24,0,0,0
2/2/2019,2018/2019,Chelsea,Huddersfield,1,5,0,MAURIZIO SARRI,7/14/2018,6/30/2019,25,0,0,0
2/10/2019,2018/2019,Chelsea,Manchester City,0,0,6,MAURIZIO SARRI,7/14/2018,6/30/2019,26,0,0,0
2/27/2019,2018/2019,Chelsea,Tottenham,1,2,0,MAURIZIO SARRI,7/14/2018,6/30/2019,27,0,0,0
3/3/2019,2018/2019,Chelsea,Fulham,0,2,1,MAURIZIO SARRI,7/14/2018,6/30/2019,28,0,0,0
3/10/2019,2018/2019,Chelsea,Wolves,1,1,1,MAURIZIO SARRI,7/14/2018,6/30/2019,29,0,0,0
3/17/2019,2018/2019,Chelsea,Everton,0,0,2,MAURIZIO SARRI,7/14/2018,6/30/2019,30,0,0,0
3/31/2019,2018/2019,Chelsea,Cardiff City,0,2,1,MAURIZIO SARRI,7/14/2018,6/30/2019,31,0,0,0
4/3/2019,2018/2019,Chelsea,Brighton,1,3,0,MAURIZIO SARRI,7/14/2018,6/30/2019,32,0,0,0
1/27/2021,2020/2021,Chelsea,Wolves,1,0,0,THOMAS TUCHEL,1/26/2021,7/9/2022,1,1,0,0
1/31/2021,2020/2021,Chelsea,Burnley,1,2,0,THOMAS TUCHEL,1/26/2021,7/9/2022,2,1,0,0
2/4/2021,2020/2021,Chelsea,Tottenham,0,1,0,THOMAS TUCHEL,1/26/2021,7/9/2022,3,1,0,0
2/7/2021,2020/2021,Chelsea,Sheffield Utd,0,2,1,THOMAS TUCHEL,1/26/2021,7/9/2022,4,0,1,0
2/15/2021,2020/2021,Chelsea,Newcastle Utd,1,2,0,THOMAS TUCHEL,1/26/2021,7/9/2022,5,0,1,0
2/20/2021,2020/2021,Chelsea,Southampton,0,1,1,THOMAS TUCHEL,1/26/2021,7/9/2022,6,0,1,0
2/28/2021,2020/2021,Chelsea,Manchester Utd,1,0,0,THOMAS TUCHEL,1/26/2021,7/9/2022,7,0,0,1
3/4/2021,2020/2021,Chelsea,Liverpool,0,1,0,THOMAS TUCHEL,1/26/2021,7/9/2022,8,0,0,1
3/8/2021,2020/2021,Chelsea,Everton,1,2,0,THOMAS TUCHEL,1/26/2021,7/9/2022,9,0,0,1
3/13/2021,2020/2021,Chelsea,Leeds United,0,0,0,THOMAS TUCHEL,1/26/2021,7/9/2022,10,0,0,1
4/3/2021,2020/2021,Chelsea,West Brom,1,2,5,THOMAS TUCHEL,1/26/2021,7/9/2022,11,0,0,0
4/10/2021,2020/2021,Chelsea,Crystal Palace,0,4,1,THOMAS TUCHEL,1/26/2021,7/9/2022,12,0,0,0
4/20/2021,2020/2021,Chelsea,Brighton,1,0,0,THOMAS TUCHEL,1/26/2021,7/9/2022,13,0,0,0
4/24/2021,2020/2021,Chelsea,West Ham,0,1,0,THOMAS TUCHEL,1/26/2021,7/9/2022,14,0,0,0
5/1/2021,2020/2021,Chelsea,Fulham,1,2,0,THOMAS TUCHEL,1/26/2021,7/9/2022,15,0,0,0
5/8/2021,2020/2021,Chelsea,Manchester City,0,2,1,THOMAS TUCHEL,1/26/2021,7/9/2022,16,0,0,0
5/12/2021,2020/2021,Chelsea,Arsenal,1,0,1,THOMAS TUCHEL,1/26/2021,7/9/2022,17,0,0,0
5/18/2021,2020/2021,Chelsea,Leicester City,1,2,1,THOMAS TUCHEL,1/26/2021,7/9/2022,18,0,0,0
5/23/2021,2020/2021,Chelsea,Aston Villa,0,1,2,THOMAS TUCHEL,1/26/2021,7/9/2022,19,0,0,0
8/14/2021,2021/2022,Chelsea,Crystal Palace,1,3,0,THOMAS TUCHEL,1/26/2021,7/9/2022,20,0,0,0
8/22/2021,2021/2022,Chelsea,Arsenal,0,2,0,THOMAS TUCHEL,1/26/2021,7/9/2022,21,0,0,0
8/28/2021,2021/2022,Chelsea,Liverpool,0,1,1,THOMAS TUCHEL,1/26/2021,7/9/2022,22,0,0,0
9/11/2021,2021/2022,Chelsea,Aston Villa,1,3,0,THOMAS TUCHEL,1/26/2021,7/9/2022,23,0,0,0
9/19/2021,2021/2022,Chelsea,Tottenham,0,3,0,THOMAS TUCHEL,1/26/2021,7/9/2022,24,0,0,0
9/25/2021,2021/2022,Chelsea,Manchester City,1,0,1,THOMAS TUCHEL,1/26/2021,7/9/2022,25,0,0,0
10/2/2021,2021/2022,Chelsea,Southampton,1,3,1,THOMAS TUCHEL,1/26/2021,7/9/2022,26,0,0,0
10/16/2021,2021/2022,Chelsea,Brentford,0,1,0,THOMAS TUCHEL,1/26/2021,7/9/2022,27,0,0,0
10/23/2021,2021/2022,Chelsea,Norwich City,1,7,0,THOMAS TUCHEL,1/26/2021,7/9/2022,28,0,0,0
10/30/2021,2021/2022,Chelsea,Newcastle Utd,0,3,0,THOMAS TUCHEL,1/26/2021,7/9/2022,29,0,0,0
11/6/2021,2021/2022,Chelsea,Burnley,1,1,1,THOMAS TUCHEL,1/26/2021,7/9/2022,30,0,0,0
11/20/2021,2021/2022,Chelsea,Leicester City,0,3,0,THOMAS TUCHEL,1/26/2021,7/9/2022,31,0,0,0
11/28/2021,2021/2022,Chelsea,Manchester Utd,1,1,1,THOMAS TUCHEL,1/26/2021,7/9/2022,32,0,0,0
12/1/2021,2021/2022,Chelsea,Watford,0,2,1,THOMAS TUCHEL,1/26/2021,7/9/2022,33,0,0,0
12/4/2021,2021/2022,Chelsea,West Ham,0,2,3,THOMAS TUCHEL,1/26/2021,7/9/2022,34,0,0,0
12/11/2021,2021/2022,Chelsea,Leeds United,1,3,2,THOMAS TUCHEL,1/26/2021,7/9/2022,35,0,0,0
12/16/2021,2021/2022,Chelsea,Everton,1,1,1,THOMAS TUCHEL,1/26/2021,7/9/2022,36,0,0,0
12/19/2021,2021/2022,Chelsea,Wolves,0,0,0,THOMAS TUCHEL,1/26/2021,7/9/2022,37,0,0,0
12/26/2021,2021/2022,Chelsea,Aston Villa,0,3,1,THOMAS TUCHEL,1/26/2021,7/9/2022,38,0,0,0
12/29/2021,2021/2022,Chelsea,Brighton,1,1,1,THOMAS TUCHEL,1/26/2021,7/9/2022,39,0,0,0
1/2/2022,2021/2022,Chelsea,Liverpool,1,2,2,THOMAS TUCHEL,1/26/2021,7/9/2022,40,0,0,0
1/15/2022,2021/2022,Chelsea,Manchester City,0,0,1,THOMAS TUCHEL,1/26/2021,7/9/2022,41,0,0,0
1/18/2022,2021/2022,Chelsea,Brighton,0,1,1,THOMAS TUCHEL,1/26/2021,7/9/2022,42,0,0,0
1/23/2022,2021/2022,Chelsea,Tottenham,1,2,0,THOMAS TUCHEL,1/26/2021,7/9/2022,43,0,0,0
2/19/2022,2021/2022,Chelsea,Crystal Palace,0,1,0,THOMAS TUCHEL,1/26/2021,7/9/2022,44,0,0,0
3/5/2022,2021/2022,Chelsea,Burnley,0,4,0,THOMAS TUCHEL,1/26/2021,7/9/2022,45,0,0,0
3/10/2022,2021/2022,Chelsea,Norwich City,0,3,1,THOMAS TUCHEL,1/26/2021,7/9/2022,46,0,0,0
3/13/2022,2021/2022,Chelsea,Newcastle Utd,1,1,0,THOMAS TUCHEL,1/26/2021,7/9/2022,47,0,0,0
4/2/2022,2021/2022,Chelsea,Brentford,1,1,4,THOMAS TUCHEL,1/26/2021,7/9/2022,48,0,0,0
4/9/2022,2021/2022,Chelsea,Southampton,0,6,0,THOMAS TUCHEL,1/26/2021,7/9/2022,49,0,0,0
4/20/2022,2021/2022,Chelsea,Arsenal,1,2,4,THOMAS TUCHEL,1/26/2021,7/9/2022,50,0,0,0
4/24/2022,2021/2022,Chelsea,West Ham,1,1,0,THOMAS TUCHEL,1/26/2021,7/9/2022,51,0,0,0
4/28/2022,2021/2022,Chelsea,Manchester Utd,0,1,1,THOMAS TUCHEL,1/26/2021,7/9/2022,52,0,0,0
5/1/2022,2021/2022,Chelsea,Everton,0,0,1,THOMAS TUCHEL,1/26/2021,7/9/2022,53,0,0,0
5/7/2022,2021/2022,Chelsea,Wolves,1,2,2,THOMAS TUCHEL,1/26/2021,7/9/2022,54,0,0,0
5/11/2022,2021/2022,Chelsea,Leeds United,0,3,0,THOMAS TUCHEL,1/26/2021,7/9/2022,55,0,0,0
5/19/2022,2021/2022,Chelsea,Leicester City,1,1,1,THOMAS TUCHEL,1/26/2021,7/9/2022,56,0,0,0
5/22/2022,2021/2022,Chelsea,Watford,1,2,1,THOMAS TUCHEL,1/26/2021,7/9/2022,57,0,0,0
3/3/2015,2014/2015,Crystal Palace,Southampton,0,0,1,ALAN PARDEW,3/1/2015,1/1/2100,1,1,0,0
3/14/2015,2014/2015,Crystal Palace,QPR,1,3,1,ALAN PARDEW,3/1/2015,1/1/2100,2,1,0,0
3/21/2015,2014/2015,Crystal Palace,Stoke City,0,2,1,ALAN PARDEW,3/1/2015,1/1/2100,3,1,0,0
4/6/2015,2014/2015,Crystal Palace,Manchester City,1,2,1,ALAN PARDEW,3/1/2015,1/1/2100,4,0,1,0
4/11/2015,2014/2015,Crystal Palace,Sunderland,0,4,1,ALAN PARDEW,3/1/2015,1/1/2100,5,0,1,0
4/18/2015,2014/2015,Crystal Palace,West Brom,1,0,2,ALAN PARDEW,3/1/2015,1/1/2100,6,0,1,0
4/25/2015,2014/2015,Crystal Palace,Hull City,1,0,2,ALAN PARDEW,3/1/2015,1/1/2100,7,0,0,1
5/3/2015,2014/2015,Crystal Palace,Chelsea,0,0,1,ALAN PARDEW,3/1/2015,1/1/2100,8,0,0,1
5/9/2015,2014/2015,Crystal Palace,Manchester Utd,1,1,2,ALAN PARDEW,3/1/2015,1/1/2100,9,0,0,1
5/16/2015,2014/2015,Crystal Palace,Liverpool,0,3,1,ALAN PARDEW,3/1/2015,1/1/2100,10,0,0,1
5/24/2015,2014/2015,Crystal Palace,Swansea City,1,1,0,ALAN PARDEW,3/1/2015,1/1/2100,11,0,0,0
8/8/2015,2015/2016,Crystal Palace,Norwich City,0,3,1,ALAN PARDEW,3/1/2015,1/1/2100,12,0,0,0
8/16/2015,2015/2016,Crystal Palace,Arsenal,1,1,2,ALAN PARDEW,3/1/2015,1/1/2100,13,0,0,0
8/22/2015,2015/2016,Crystal Palace,Aston Villa,1,2,1,ALAN PARDEW,3/1/2015,1/1/2100,14,0,0,0
8/29/2015,2015/2016,Crystal Palace,Chelsea,0,2,1,ALAN PARDEW,3/1/2015,1/1/2100,15,0,0,0
9/12/2015,2015/2016,Crystal Palace,Manchester City,1,0,1,ALAN PARDEW,3/1/2015,1/1/2100,16,0,0,0
9/20/2015,2015/2016,Crystal Palace,Tottenham,0,0,1,ALAN PARDEW,3/1/2015,1/1/2100,17,0,0,0
9/27/2015,2015/2016,Crystal Palace,Watford,0,1,0,ALAN PARDEW,3/1/2015,1/1/2100,18,0,0,0
10/3/2015,2015/2016,Crystal Palace,West Brom,1,2,0,ALAN PARDEW,3/1/2015,1/1/2100,19,0,0,0
10/17/2015,2015/2016,Crystal Palace,West Ham,1,1,3,ALAN PARDEW,3/1/2015,1/1/2100,20,0,0,0
10/24/2015,2015/2016,Crystal Palace,Leicester City,0,0,1,ALAN PARDEW,3/1/2015,1/1/2100,21,0,0,0
10/31/2015,2015/2016,Crystal Palace,Manchester Utd,1,0,0,ALAN PARDEW,3/1/2015,1/1/2100,22,0,0,0
11/8/2015,2015/2016,Crystal Palace,Liverpool,0,2,1,ALAN PARDEW,3/1/2015,1/1/2100,23,0,0,0
11/23/2015,2015/2016,Crystal Palace,Sunderland,1,0,1,ALAN PARDEW,3/1/2015,1/1/2100,24,0,0,0
11/28/2015,2015/2016,Crystal Palace,Newcastle Utd,1,5,1,ALAN PARDEW,3/1/2015,1/1/2100,25,0,0,0
12/7/2015,2015/2016,Crystal Palace,Everton,0,1,1,ALAN PARDEW,3/1/2015,1/1/2100,26,0,0,0
12/12/2015,2015/2016,Crystal Palace,Southampton,1,1,0,ALAN PARDEW,3/1/2015,1/1/2100,27,0,0,0
12/19/2015,2015/2016,Crystal Palace,Stoke City,0,2,1,ALAN PARDEW,3/1/2015,1/1/2100,28,0,0,0
12/26/2015,2015/2016,Crystal Palace,Bournemouth,0,0,0,ALAN PARDEW,3/1/2015,1/1/2100,29,0,0,0
12/28/2015,2015/2016,Crystal Palace,Swansea City,1,0,0,ALAN PARDEW,3/1/2015,1/1/2100,30,0,0,0
1/3/2016,2015/2016,Crystal Palace,Chelsea,1,0,3,ALAN PARDEW,3/1/2015,1/1/2100,31,0,0,0
1/12/2016,2015/2016,Crystal Palace,Aston Villa,0,0,1,ALAN PARDEW,3/1/2015,1/1/2100,32,0,0,0
1/16/2016,2015/2016,Crystal Palace,Manchester City,0,0,4,ALAN PARDEW,3/1/2015,1/1/2100,33,0,0,0
1/23/2016,2015/2016,Crystal Palace,Tottenham,1,1,3,ALAN PARDEW,3/1/2015,1/1/2100,34,0,0,0
2/2/2016,2015/2016,Crystal Palace,Bournemouth,1,1,2,ALAN PARDEW,3/1/2015,1/1/2100,35,0,0,0
2/6/2016,2015/2016,Crystal Palace,Swansea City,0,1,1,ALAN PARDEW,3/1/2015,1/1/2100,36,0,0,0
2/13/2016,2015/2016,Crystal Palace,Watford,1,1,2,ALAN PARDEW,3/1/2015,1/1/2100,37,0,0,0
2/27/2016,2015/2016,Crystal Palace,West Brom,0,2,3,ALAN PARDEW,3/1/2015,1/1/2100,38,0,0,0
3/1/2016,2015/2016,Crystal Palace,Sunderland,0,2,2,ALAN PARDEW,3/1/2015,1/1/2100,39,0,0,0
3/6/2016,2015/2016,Crystal Palace,Liverpool,1,1,2,ALAN PARDEW,3/1/2015,1/1/2100,40,0,0,0
3/19/2016,2015/2016,Crystal Palace,Leicester City,1,0,1,ALAN PARDEW,3/1/2015,1/1/2100,41,0,0,0
4/2/2016,2015/2016,Crystal Palace,West Ham,0,2,2,ALAN PARDEW,3/1/2015,1/1/2100,42,0,0,0
4/9/2016,2015/2016,Crystal Palace,Norwich City,1,1,0,ALAN PARDEW,3/1/2015,1/1/2100,43,0,0,0
4/13/2016,2015/2016,Crystal Palace,Everton,1,0,0,ALAN PARDEW,3/1/2015,1/1/2100,44,0,0,0
4/17/2016,2015/2016,Crystal Palace,Arsenal,0,1,1,ALAN PARDEW,3/1/2015,1/1/2100,45,0,0,0
4/20/2016,2015/2016,Crystal Palace,Manchester Utd,0,0,2,ALAN PARDEW,3/1/2015,1/1/2100,46,0,0,0
4/30/2016,2015/2016,Crystal Palace,Newcastle Utd,0,0,1,ALAN PARDEW,3/1/2015,1/1/2100,47,0,0,0
5/7/2016,2015/2016,Crystal Palace,Stoke City,1,2,1,ALAN PARDEW,3/1/2015,1/1/2100,48,0,0,0
5/15/2016,2015/2016,Crystal Palace,Southampton,0,1,4,ALAN PARDEW,3/1/2015,1/1/2100,49,0,0,0
8/13/2016,2016/2017,Crystal Palace,West Brom,1,0,1,ALAN PARDEW,3/1/2015,1/1/2100,50,0,0,0
8/20/2016,2016/2017,Crystal Palace,Tottenham,0,0,1,ALAN PARDEW,3/1/2015,1/1/2100,51,0,0,0
8/27/2016,2016/2017,Crystal Palace,Bournemouth,1,1,1,ALAN PARDEW,3/1/2015,1/1/2100,52,0,0,0
9/10/2016,2016/2017,Crystal Palace,Middlesbrough,0,2,1,ALAN PARDEW,3/1/2015,1/1/2100,53,0,0,0
9/18/2016,2016/2017,Crystal Palace,Stoke City,1,4,1,ALAN PARDEW,3/1/2015,1/1/2100,54,0,0,0
9/24/2016,2016/2017,Crystal Palace,Sunderland,0,3,2,ALAN PARDEW,3/1/2015,1/1/2100,55,0,0,0
9/30/2016,2016/2017,Crystal Palace,Everton,0,1,1,ALAN PARDEW,3/1/2015,1/1/2100,56,0,0,0
10/15/2016,2016/2017,Crystal Palace,West Ham,1,0,1,ALAN PARDEW,3/1/2015,1/1/2100,57,0,0,0
10/22/2016,2016/2017,Crystal Palace,Leicester City,0,1,3,ALAN PARDEW,3/1/2015,1/1/2100,58,0,0,0
10/29/2016,2016/2017,Crystal Palace,Liverpool,1,2,4,ALAN PARDEW,3/1/2015,1/1/2100,59,0,0,0
11/5/2016,2016/2017,Crystal Palace,Burnley,0,2,3,ALAN PARDEW,3/1/2015,1/1/2100,60,0,0,0
11/19/2016,2016/2017,Crystal Palace,Manchester City,1,1,2,ALAN PARDEW,3/1/2015,1/1/2100,61,0,0,0
1/14/2017,2016/2017,Crystal Palace,West Ham,0,0,3,FRANK DE BOER,1/7/2017,11/9/2017,1,1,0,0
1/21/2017,2016/2017,Crystal Palace,Everton,1,0,1,FRANK DE BOER,1/7/2017,11/9/2017,2,1,0,0
1/31/2017,2016/2017,Crystal Palace,Bournemouth,0,2,0,FRANK DE BOER,1/7/2017,11/9/2017,3,1,0,0
2/4/2017,2016/2017,Crystal Palace,Sunderland,1,0,4,FRANK DE BOER,1/7/2017,11/9/2017,4,0,1,0
2/11/2017,2016/2017,Crystal Palace,Stoke City,0,0,1,FRANK DE BOER,1/7/2017,11/9/2017,5,0,1,0
2/25/2017,2016/2017,Crystal Palace,Middlesbrough,1,1,0,FRANK DE BOER,1/7/2017,11/9/2017,6,0,1,0
3/4/2017,2016/2017,Crystal Palace,West Brom,0,2,0,FRANK DE BOER,1/7/2017,11/9/2017,7,0,0,1
3/18/2017,2016/2017,Crystal Palace,Watford,1,1,0,FRANK DE BOER,1/7/2017,11/9/2017,8,0,0,1
4/1/2017,2016/2017,Crystal Palace,Chelsea,0,2,1,FRANK DE BOER,1/7/2017,11/9/2017,9,0,0,1
4/5/2017,2016/2017,Crystal Palace,Southampton,0,1,3,FRANK DE BOER,1/7/2017,11/9/2017,10,0,0,1
4/10/2017,2016/2017,Crystal Palace,Arsenal,1,3,0,FRANK DE BOER,1/7/2017,11/9/2017,11,0,0,0
4/15/2017,2016/2017,Crystal Palace,Leicester City,1,2,2,FRANK DE BOER,1/7/2017,11/9/2017,12,0,0,0
4/23/2017,2016/2017,Crystal Palace,Liverpool,0,2,1,FRANK DE BOER,1/7/2017,11/9/2017,13,0,0,0
4/26/2017,2016/2017,Crystal Palace,Tottenham,1,0,1,FRANK DE BOER,1/7/2017,11/9/2017,14,0,0,0
4/29/2017,2016/2017,Crystal Palace,Burnley,1,0,2,FRANK DE BOER,1/7/2017,11/9/2017,15,0,0,0
5/6/2017,2016/2017,Crystal Palace,Manchester City,0,0,5,FRANK DE BOER,1/7/2017,11/9/2017,16,0,0,0
5/14/2017,2016/2017,Crystal Palace,Hull City,1,4,0,FRANK DE BOER,1/7/2017,11/9/2017,17,0,0,0
5/21/2017,2016/2017,Crystal Palace,Manchester Utd,0,0,2,FRANK DE BOER,1/7/2017,11/9/2017,18,0,0,0
8/12/2017,2017/2018,Crystal Palace,Huddersfield,1,0,3,FRANK DE BOER,1/7/2017,11/9/2017,19,0,0,0
8/19/2017,2017/2018,Crystal Palace,Liverpool,0,0,1,FRANK DE BOER,1/7/2017,11/9/2017,20,0,0,0
8/26/2017,2017/2018,Crystal Palace,Swansea City,1,0,2,FRANK DE BOER,1/7/2017,11/9/2017,21,0,0,0
9/10/2017,2017/2018,Crystal Palace,Burnley,0,0,1,FRANK DE BOER,1/7/2017,11/9/2017,22,0,0,0
9/16/2017,2017/2018,Crystal Palace,Southampton,1,0,1,FRANK DE BOER,1/7/2017,11/9/2017,23,0,0,0
9/23/2017,2017/2018,Crystal Palace,Manchester City,0,0,5,FRANK DE BOER,1/7/2017,11/9/2017,24,0,0,0
9/30/2017,2017/2018,Crystal Palace,Manchester Utd,0,0,4,FRANK DE BOER,1/7/2017,11/9/2017,25,0,0,0
10/14/2017,2017/2018,Crystal Palace,Chelsea,1,2,1,FRANK DE BOER,1/7/2017,11/9/2017,26,0,0,0
10/21/2017,2017/2018,Crystal Palace,Newcastle Utd,0,0,1,FRANK DE BOER,1/7/2017,11/9/2017,27,0,0,0
10/28/2017,2017/2018,Crystal Palace,West Ham,1,2,2,FRANK DE BOER,1/7/2017,11/9/2017,28,0,0,0
11/5/2017,2017/2018,Crystal Palace,Tottenham,0,0,1,FRANK DE BOER,1/7/2017,11/9/2017,29,0,0,0
8/16/2014,2014/2015,Crystal Palace,Arsenal,0,1,2,KEITH MILLEN,8/15/2014,1/1/2100,1,1,0,0
8/23/2014,2014/2015,Crystal Palace,West Ham,1,1,3,KEITH MILLEN,8/15/2014,1/1/2100,2,1,0,0
2/7/2015,2014/2015,Crystal Palace,Leicester City,0,1,0,KEITH MILLEN,2/1/2015,12/27/2024,3,1,0,0
2/11/2015,2014/2015,Crystal Palace,Newcastle Utd,1,1,1,KEITH MILLEN,2/1/2015,12/27/2024,4,0,1,0
2/21/2015,2014/2015,Crystal Palace,Arsenal,1,1,2,KEITH MILLEN,2/1/2015,12/27/2024,5,0,1,0
2/28/2015,2014/2015,Crystal Palace,West Ham,0,3,1,KEITH MILLEN,2/1/2015,12/27/2024,6,0,1,0
8/30/2014,2014/2015,Crystal Palace,Newcastle Utd,0,3,3,NEIL WARNOCK,8/27/2014,1/1/2100,1,1,0,0
9/13/2014,2014/2015,Crystal Palace,Burnley,1,0,0,NEIL WARNOCK,8/27/2014,1/1/2100,2,1,0,0
9/21/2014,2014/2015,Crystal Palace,Everton,0,3,2,NEIL WARNOCK,8/27/2014,1/1/2100,3,1,0,0
9/27/2014,2014/2015,Crystal Palace,Leicester City,1,2,0,NEIL WARNOCK,8/27/2014,1/1/2100,4,0,1,0
10/4/2014,2014/2015,Crystal Palace,Hull City,0,0,2,NEIL WARNOCK,8/27/2014,1/1/2100,5,0,1,0
10/18/2014,2014/2015,Crystal Palace,Chelsea,1,1,2,NEIL WARNOCK,8/27/2014,1/1/2100,6,0,1,0
10/25/2014,2014/2015,Crystal Palace,West Brom,0,2,2,NEIL WARNOCK,8/27/2014,1/1/2100,7,0,0,1
11/3/2014,2014/2015,Crystal Palace,Sunderland,1,1,3,NEIL WARNOCK,8/27/2014,1/1/2100,8,0,0,1
11/8/2014,2014/2015,Crystal Palace,Manchester Utd,0,0,1,NEIL WARNOCK,8/27/2014,1/1/2100,9,0,0,1
11/23/2014,2014/2015,Crystal Palace,Liverpool,1,3,1,NEIL WARNOCK,8/27/2014,1/1/2100,10,0,0,1
11/29/2014,2014/2015,Crystal Palace,Swansea City,0,1,1,NEIL WARNOCK,8/27/2014,1/1/2100,11,0,0,0
12/2/2014,2014/2015,Crystal Palace,Aston Villa,1,0,1,NEIL WARNOCK,8/27/2014,1/1/2100,12,0,0,0
12/6/2014,2014/2015,Crystal Palace,Tottenham,0,0,0,NEIL WARNOCK,8/27/2014,1/1/2100,13,0,0,0
12/13/2014,2014/2015,Crystal Palace,Stoke City,1,1,1,NEIL WARNOCK,8/27/2014,1/1/2100,14,0,0,0
12/20/2014,2014/2015,Crystal Palace,Manchester City,0,0,3,NEIL WARNOCK,8/27/2014,1/1/2100,15,0,0,0
12/26/2014,2014/2015,Crystal Palace,Southampton,1,1,3,NEIL WARNOCK,8/27/2014,1/1/2100,16,0,0,0
12/28/2014,2014/2015,Crystal Palace,QPR,0,0,0,NEIL WARNOCK,8/27/2014,1/1/2100,17,0,0,0
1/1/2015,2014/2015,Crystal Palace,Aston Villa,0,0,0,NEIL WARNOCK,8/27/2014,1/1/2100,18,0,0,0
1/10/2015,2014/2015,Crystal Palace,Tottenham,1,2,1,NEIL WARNOCK,8/27/2014,1/1/2100,19,0,0,0
1/17/2015,2014/2015,Crystal Palace,Burnley,0,3,2,NEIL WARNOCK,8/27/2014,1/1/2100,20,0,0,0
1/31/2015,2014/2015,Crystal Palace,Everton,1,0,1,NEIL WARNOCK,8/27/2014,1/1/2100,21,0,0,0
2/24/2024,2023/2024,Crystal Palace,Burnley,1,3,0,OLIVER GASNER,2/20/2024,1/1/2100,1,1,0,0
3/2/2024,2023/2024,Crystal Palace,Tottenham,0,1,3,OLIVER GASNER,2/20/2024,1/1/2100,2,1,0,0
3/9/2024,2023/2024,Crystal Palace,Luton Town,1,1,1,OLIVER GASNER,2/20/2024,1/1/2100,3,1,0,0
3/30/2024,2023/2024,Crystal Palace,Nott'ham Forest,0,1,1,OLIVER GASNER,2/20/2024,1/1/2100,4,0,1,0
4/2/2024,2023/2024,Crystal Palace,Bournemouth,0,0,1,OLIVER GASNER,2/20/2024,1/1/2100,5,0,1,0
4/6/2024,2023/2024,Crystal Palace,Manchester City,1,2,4,OLIVER GASNER,2/20/2024,1/1/2100,6,0,1,0
4/14/2024,2023/2024,Crystal Palace,Liverpool,0,1,0,OLIVER GASNER,2/20/2024,1/1/2100,7,0,0,1
4/21/2024,2023/2024,Crystal Palace,West Ham,1,5,2,OLIVER GASNER,2/20/2024,1/1/2100,8,0,0,1
4/24/2024,2023/2024,Crystal Palace,Newcastle Utd,1,2,0,OLIVER GASNER,2/20/2024,1/1/2100,9,0,0,1
4/27/2024,2023/2024,Crystal Palace,Fulham,0,1,1,OLIVER GASNER,2/20/2024,1/1/2100,10,0,0,1
5/6/2024,2023/2024,Crystal Palace,Manchester Utd,1,4,0,OLIVER GASNER,2/20/2024,1/1/2100,11,0,0,0
5/11/2024,2023/2024,Crystal Palace,Wolves,0,3,1,OLIVER GASNER,2/20/2024,1/1/2100,12,0,0,0
5/19/2024,2023/2024,Crystal Palace,Aston Villa,1,5,0,OLIVER GASNER,2/20/2024,1/1/2100,13,0,0,0
3/19/2023,2022/2023,Crystal Palace,Arsenal,0,1,4,PATRICK MCCARTHY,3/17/2023,1/1/2100,1,1,0,0
4/10/2021,2020/2021,Crystal Palace,Chelsea,1,1,4,PATRICK VIEIRA,4/7/2021,1/1/2100,1,1,0,0
4/26/2021,2020/2021,Crystal Palace,Leicester City,0,1,2,PATRICK VIEIRA,4/7/2021,1/1/2100,2,1,0,0
5/1/2021,2020/2021,Crystal Palace,Manchester City,1,0,2,PATRICK VIEIRA,4/7/2021,1/1/2100,3,1,0,0
5/8/2021,2020/2021,Crystal Palace,Sheffield Utd,0,2,0,PATRICK VIEIRA,4/7/2021,1/1/2100,4,0,1,0
5/11/2021,2020/2021,Crystal Palace,Southampton,0,1,3,PATRICK VIEIRA,4/7/2021,1/1/2100,5,0,1,0
5/16/2021,2020/2021,Crystal Palace,Aston Villa,1,3,2,PATRICK VIEIRA,4/7/2021,1/1/2100,6,0,1,0
5/19/2021,2020/2021,Crystal Palace,Arsenal,1,1,3,PATRICK VIEIRA,4/7/2021,1/1/2100,7,0,0,1
5/23/2021,2020/2021,Crystal Palace,Liverpool,0,0,2,PATRICK VIEIRA,4/7/2021,1/1/2100,8,0,0,1
8/14/2021,2021/2022,Crystal Palace,Chelsea,0,0,3,PATRICK VIEIRA,4/7/2021,1/1/2100,9,0,0,1
8/21/2021,2021/2022,Crystal Palace,Brentford,1,0,0,PATRICK VIEIRA,4/7/2021,1/1/2100,10,0,0,1
8/28/2021,2021/2022,Crystal Palace,West Ham,0,2,2,PATRICK VIEIRA,4/7/2021,1/1/2100,11,0,0,0
9/11/2021,2021/2022,Crystal Palace,Tottenham,1,3,0,PATRICK VIEIRA,4/7/2021,1/1/2100,12,0,0,0
9/18/2021,2021/2022,Crystal Palace,Liverpool,0,0,3,PATRICK VIEIRA,4/7/2021,1/1/2100,13,0,0,0
9/27/2021,2021/2022,Crystal Palace,Brighton,1,1,1,PATRICK VIEIRA,4/7/2021,1/1/2100,14,0,0,0
10/3/2021,2021/2022,Crystal Palace,Leicester City,1,2,2,PATRICK VIEIRA,4/7/2021,1/1/2100,15,0,0,0
10/18/2021,2021/2022,Crystal Palace,Arsenal,0,2,2,PATRICK VIEIRA,4/7/2021,1/1/2100,16,0,0,0
10/23/2021,2021/2022,Crystal Palace,Newcastle Utd,1,1,1,PATRICK VIEIRA,4/7/2021,1/1/2100,17,0,0,0
10/30/2021,2021/2022,Crystal Palace,Manchester City,0,2,0,PATRICK VIEIRA,4/7/2021,1/1/2100,18,0,0,0
11/6/2021,2021/2022,Crystal Palace,Wolves,1,2,0,PATRICK VIEIRA,4/7/2021,1/1/2100,19,0,0,0
11/20/2021,2021/2022,Crystal Palace,Burnley,0,3,3,PATRICK VIEIRA,4/7/2021,1/1/2100,20,0,0,0
11/27/2021,2021/2022,Crystal Palace,Aston Villa,1,1,2,PATRICK VIEIRA,4/7/2021,1/1/2100,21,0,0,0
11/30/2021,2021/2022,Crystal Palace,Leeds United,0,0,1,PATRICK VIEIRA,4/7/2021,1/1/2100,22,0,0,0
12/5/2021,2021/2022,Crystal Palace,Manchester Utd,0,0,1,PATRICK VIEIRA,4/7/2021,1/1/2100,23,0,0,0
12/12/2021,2021/2022,Crystal Palace,Everton,1,3,1,PATRICK VIEIRA,4/7/2021,1/1/2100,24,0,0,0
12/15/2021,2021/2022,Crystal Palace,Southampton,1,2,2,PATRICK VIEIRA,4/7/2021,1/1/2100,25,0,0,0
12/26/2021,2021/2022,Crystal Palace,Tottenham,0,0,3,PATRICK VIEIRA,4/7/2021,1/1/2100,26,0,0,0
12/28/2021,2021/2022,Crystal Palace,Norwich City,1,3,0,PATRICK VIEIRA,4/7/2021,1/1/2100,27,0,0,0
1/1/2022,2021/2022,Crystal Palace,West Ham,1,2,3,PATRICK VIEIRA,4/7/2021,1/1/2100,28,0,0,0
1/14/2022,2021/2022,Crystal Palace,Brighton,0,1,1,PATRICK VIEIRA,4/7/2021,1/1/2100,29,0,0,0
1/23/2022,2021/2022,Crystal Palace,Liverpool,1,1,3,PATRICK VIEIRA,4/7/2021,1/1/2100,30,0,0,0
2/9/2022,2021/2022,Crystal Palace,Norwich City,0,1,1,PATRICK VIEIRA,4/7/2021,1/1/2100,31,0,0,0
2/12/2022,2021/2022,Crystal Palace,Brentford,0,0,0,PATRICK VIEIRA,4/7/2021,1/1/2100,32,0,0,0
2/19/2022,2021/2022,Crystal Palace,Chelsea,1,0,1,PATRICK VIEIRA,4/7/2021,1/1/2100,33,0,0,0
2/23/2022,2021/2022,Crystal Palace,Watford,0,4,1,PATRICK VIEIRA,4/7/2021,1/1/2100,34,0,0,0
2/26/2022,2021/2022,Crystal Palace,Burnley,1,1,1,PATRICK VIEIRA,4/7/2021,1/1/2100,35,0,0,0
3/5/2022,2021/2022,Crystal Palace,Wolves,0,2,0,PATRICK VIEIRA,4/7/2021,1/1/2100,36,0,0,0
3/14/2022,2021/2022,Crystal Palace,Manchester City,1,0,0,PATRICK VIEIRA,4/7/2021,1/1/2100,37,0,0,0
4/4/2022,2021/2022,Crystal Palace,Arsenal,1,3,0,PATRICK VIEIRA,4/7/2021,1/1/2100,38,0,0,0
4/10/2022,2021/2022,Crystal Palace,Leicester City,0,1,2,PATRICK VIEIRA,4/7/2021,1/1/2100,39,0,0,0
4/20/2022,2021/2022,Crystal Palace,Newcastle Utd,0,0,1,PATRICK VIEIRA,4/7/2021,1/1/2100,40,0,0,0
4/25/2022,2021/2022,Crystal Palace,Leeds United,1,0,0,PATRICK VIEIRA,4/7/2021,1/1/2100,41,0,0,0
4/30/2022,2021/2022,Crystal Palace,Southampton,0,2,1,PATRICK VIEIRA,4/7/2021,1/1/2100,42,0,0,0
5/7/2022,2021/2022,Crystal Palace,Watford,1,1,0,PATRICK VIEIRA,4/7/2021,1/1/2100,43,0,0,0
5/15/2022,2021/2022,Crystal Palace,Aston Villa,0,1,1,PATRICK VIEIRA,4/7/2021,1/1/2100,44,0,0,0
5/19/2022,2021/2022,Crystal Palace,Everton,0,2,3,PATRICK VIEIRA,4/7/2021,1/1/2100,45,0,0,0
5/22/2022,2021/2022,Crystal Palace,Manchester Utd,1,1,0,PATRICK VIEIRA,4/7/2021,1/1/2100,46,0,0,0
8/5/2022,2022/2023,Crystal Palace,Arsenal,1,0,2,PATRICK VIEIRA,4/7/2021,1/1/2100,47,0,0,0
8/15/2022,2022/2023,Crystal Palace,Liverpool,0,1,1,PATRICK VIEIRA,4/7/2021,1/1/2100,48,0,0,0
8/20/2022,2022/2023,Crystal Palace,Aston Villa,1,3,1,PATRICK VIEIRA,4/7/2021,1/1/2100,49,0,0,0
8/27/2022,2022/2023,Crystal Palace,Manchester City,0,2,4,PATRICK VIEIRA,4/7/2021,1/1/2100,50,0,0,0
8/30/2022,2022/2023,Crystal Palace,Brentford,1,1,1,PATRICK VIEIRA,4/7/2021,1/1/2100,51,0,0,0
9/3/2022,2022/2023,Crystal Palace,Newcastle Utd,0,0,0,PATRICK VIEIRA,4/7/2021,1/1/2100,52,0,0,0
10/1/2022,2022/2023,Crystal Palace,Chelsea,1,1,2,PATRICK VIEIRA,4/7/2021,1/1/2100,53,0,0,0
10/9/2022,2022/2023,Crystal Palace,Leeds United,1,2,1,PATRICK VIEIRA,4/7/2021,1/1/2100,54,0,0,0
10/15/2022,2022/2023,Crystal Palace,Leicester City,0,0,0,PATRICK VIEIRA,4/7/2021,1/1/2100,55,0,0,0
10/18/2022,2022/2023,Crystal Palace,Wolves,1,2,1,PATRICK VIEIRA,4/7/2021,1/1/2100,56,0,0,0
10/22/2022,2022/2023,Crystal Palace,Everton,0,0,3,PATRICK VIEIRA,4/7/2021,1/1/2100,57,0,0,0
10/29/2022,2022/2023,Crystal Palace,Southampton,1,1,0,PATRICK VIEIRA,4/7/2021,1/1/2100,58,0,0,0
11/6/2022,2022/2023,Crystal Palace,West Ham,0,2,1,PATRICK VIEIRA,4/7/2021,1/1/2100,59,0,0,0
11/12/2022,2022/2023,Crystal Palace,Nott'ham Forest,0,0,1,PATRICK VIEIRA,4/7/2021,1/1/2100,60,0,0,0
12/26/2022,2022/2023,Crystal Palace,Fulham,1,0,3,PATRICK VIEIRA,4/7/2021,1/1/2100,61,0,0,0
12/31/2022,2022/2023,Crystal Palace,Bournemouth,0,2,0,PATRICK VIEIRA,4/7/2021,1/1/2100,62,0,0,0
1/4/2023,2022/2023,Crystal Palace,Tottenham,1,0,4,PATRICK VIEIRA,4/7/2021,1/1/2100,63,0,0,0
1/15/2023,2022/2023,Crystal Palace,Chelsea,0,0,1,PATRICK VIEIRA,4/7/2021,1/1/2100,64,0,0,0
1/18/2023,2022/2023,Crystal Palace,Manchester Utd,1,1,1,PATRICK VIEIRA,4/7/2021,1/1/2100,65,0,0,0
1/21/2023,2022/2023,Crystal Palace,Newcastle Utd,1,0,0,PATRICK VIEIRA,4/7/2021,1/1/2100,66,0,0,0
2/4/2023,2022/2023,Crystal Palace,Manchester Utd,0,1,2,PATRICK VIEIRA,4/7/2021,1/1/2100,67,0,0,0
2/11/2023,2022/2023,Crystal Palace,Brighton,1,1,1,PATRICK VIEIRA,4/7/2021,1/1/2100,68,0,0,0
2/18/2023,2022/2023,Crystal Palace,Brentford,0,1,1,PATRICK VIEIRA,4/7/2021,1/1/2100,69,0,0,0
2/25/2023,2022/2023,Crystal Palace,Liverpool,1,0,0,PATRICK VIEIRA,4/7/2021,1/1/2100,70,0,0,0
3/4/2023,2022/2023,Crystal Palace,Aston Villa,0,0,1,PATRICK VIEIRA,4/7/2021,1/1/2100,71,0,0,0
3/11/2023,2022/2023,Crystal Palace,Manchester City,1,0,1,PATRICK VIEIRA,4/7/2021,1/1/2100,72,0,0,0
3/15/2023,2022/2023,Crystal Palace,Brighton,0,0,1,PATRICK VIEIRA,4/7/2021,1/1/2100,73,0,0,0
12/9/2017,2017/2018,Crystal Palace,Bournemouth,1,2,2,ROY HODGSON,12/9/2017,1/1/2100,1,1,0,0
12/12/2017,2017/2018,Crystal Palace,Watford,1,2,1,ROY HODGSON,12/9/2017,1/1/2100,2,1,0,0
12/16/2017,2017/2018,Crystal Palace,Leicester City,0,3,0,ROY HODGSON,12/9/2017,1/1/2100,3,1,0,0
12/23/2017,2017/2018,Crystal Palace,Swansea City,0,1,1,ROY HODGSON,12/9/2017,1/1/2100,4,0,1,0
12/28/2017,2017/2018,Crystal Palace,Arsenal,1,2,3,ROY HODGSON,12/9/2017,1/1/2100,5,0,1,0
12/31/2017,2017/2018,Crystal Palace,Manchester City,1,0,0,ROY HODGSON,12/9/2017,1/1/2100,6,0,1,0
1/2/2018,2017/2018,Crystal Palace,Southampton,0,2,1,ROY HODGSON,12/9/2017,1/1/2100,7,0,0,1
1/13/2018,2017/2018,Crystal Palace,Burnley,1,1,0,ROY HODGSON,12/9/2017,1/1/2100,8,0,0,1
1/20/2018,2017/2018,Crystal Palace,Arsenal,0,1,4,ROY HODGSON,12/9/2017,1/1/2100,9,0,0,1
1/30/2018,2017/2018,Crystal Palace,West Ham,0,1,1,ROY HODGSON,12/9/2017,1/1/2100,10,0,0,1
2/4/2018,2017/2018,Crystal Palace,Newcastle Utd,1,1,1,ROY HODGSON,12/9/2017,1/1/2100,11,0,0,0
2/10/2018,2017/2018,Crystal Palace,Everton,0,1,3,ROY HODGSON,12/9/2017,1/1/2100,12,0,0,0
2/25/2018,2017/2018,Crystal Palace,Tottenham,1,0,1,ROY HODGSON,12/9/2017,1/1/2100,13,0,0,0
3/5/2018,2017/2018,Crystal Palace,Manchester Utd,1,2,3,ROY HODGSON,12/9/2017,1/1/2100,14,0,0,0
3/10/2018,2017/2018,Crystal Palace,Chelsea,0,1,2,ROY HODGSON,12/9/2017,1/1/2100,15,0,0,0
3/17/2018,2017/2018,Crystal Palace,Huddersfield,0,2,0,ROY HODGSON,12/9/2017,1/1/2100,16,0,0,0
3/31/2018,2017/2018,Crystal Palace,Liverpool,1,1,2,ROY HODGSON,12/9/2017,1/1/2100,17,0,0,0
4/7/2018,2017/2018,Crystal Palace,Bournemouth,0,2,2,ROY HODGSON,12/9/2017,1/1/2100,18,0,0,0
4/14/2018,2017/2018,Crystal Palace,Brighton,1,3,2,ROY HODGSON,12/9/2017,1/1/2100,19,0,0,0
4/21/2018,2017/2018,Crystal Palace,Watford,0,0,0,ROY HODGSON,12/9/2017,1/1/2100,20,0,0,0
4/28/2018,2017/2018,Crystal Palace,Leicester City,1,5,0,ROY HODGSON,12/9/2017,1/1/2100,21,0,0,0
5/5/2018,2017/2018,Crystal Palace,Stoke City,0,2,1,ROY HODGSON,12/9/2017,1/1/2100,22,0,0,0
5/13/2018,2017/2018,Crystal Palace,West Brom,1,2,0,ROY HODGSON,12/9/2017,1/1/2100,23,0,0,0
8/11/2018,2018/2019,Crystal Palace,Fulham,0,2,0,ROY HODGSON,12/9/2017,1/1/2100,24,0,0,0
8/20/2018,2018/2019,Crystal Palace,Liverpool,1,0,2,ROY HODGSON,12/9/2017,1/1/2100,25,0,0,0
8/26/2018,2018/2019,Crystal Palace,Watford,0,1,2,ROY HODGSON,12/9/2017,1/1/2100,26,0,0,0
9/1/2018,2018/2019,Crystal Palace,Southampton,1,0,2,ROY HODGSON,12/9/2017,1/1/2100,27,0,0,0
9/15/2018,2018/2019,Crystal Palace,Huddersfield,0,1,0,ROY HODGSON,12/9/2017,1/1/2100,28,0,0,0
9/22/2018,2018/2019,Crystal Palace,Newcastle Utd,1,0,0,ROY HODGSON,12/9/2017,1/1/2100,29,0,0,0
10/1/2018,2018/2019,Crystal Palace,Bournemouth,0,1,2,ROY HODGSON,12/9/2017,1/1/2100,30,0,0,0
10/6/2018,2018/2019,Crystal Palace,Wolves,1,0,1,ROY HODGSON,12/9/2017,1/1/2100,31,0,0,0
10/21/2018,2018/2019,Crystal Palace,Everton,0,0,2,ROY HODGSON,12/9/2017,1/1/2100,32,0,0,0
10/28/2018,2018/2019,Crystal Palace,Arsenal,1,2,2,ROY HODGSON,12/9/2017,1/1/2100,33,0,0,0
11/4/2018,2018/2019,Crystal Palace,Chelsea,0,1,3,ROY HODGSON,12/9/2017,1/1/2100,34,0,0,0
11/10/2018,2018/2019,Crystal Palace,Tottenham,1,0,1,ROY HODGSON,12/9/2017,1/1/2100,35,0,0,0
11/24/2018,2018/2019,Crystal Palace,Manchester Utd,0,0,0,ROY HODGSON,12/9/2017,1/1/2100,36,0,0,0
12/1/2018,2018/2019,Crystal Palace,Burnley,1,2,0,ROY HODGSON,12/9/2017,1/1/2100,37,0,0,0
12/4/2018,2018/2019,Crystal Palace,Brighton,0,1,3,ROY HODGSON,12/9/2017,1/1/2100,38,0,0,0
12/8/2018,2018/2019,Crystal Palace,West Ham,0,2,3,ROY HODGSON,12/9/2017,1/1/2100,39,0,0,0
12/15/2018,2018/2019,Crystal Palace,Leicester City,1,1,0,ROY HODGSON,12/9/2017,1/1/2100,40,0,0,0
12/22/2018,2018/2019,Crystal Palace,Manchester City,0,3,2,ROY HODGSON,12/9/2017,1/1/2100,41,0,0,0
12/26/2018,2018/2019,Crystal Palace,Cardiff City,1,0,0,ROY HODGSON,12/9/2017,1/1/2100,42,0,0,0
12/30/2018,2018/2019,Crystal Palace,Chelsea,1,0,1,ROY HODGSON,12/9/2017,1/1/2100,43,0,0,0
1/2/2019,2018/2019,Crystal Palace,Wolves,0,2,0,ROY HODGSON,12/9/2017,1/1/2100,44,0,0,0
1/12/2019,2018/2019,Crystal Palace,Watford,1,1,2,ROY HODGSON,12/9/2017,1/1/2100,45,0,0,0
1/19/2019,2018/2019,Crystal Palace,Liverpool,0,3,4,ROY HODGSON,12/9/2017,1/1/2100,46,0,0,0
1/30/2019,2018/2019,Crystal Palace,Southampton,0,1,1,ROY HODGSON,12/9/2017,1/1/2100,47,0,0,0
2/2/2019,2018/2019,Crystal Palace,Fulham,1,2,0,ROY HODGSON,12/9/2017,1/1/2100,48,0,0,0
2/9/2019,2018/2019,Crystal Palace,West Ham,1,1,1,ROY HODGSON,12/9/2017,1/1/2100,49,0,0,0
2/23/2019,2018/2019,Crystal Palace,Leicester City,0,4,1,ROY HODGSON,12/9/2017,1/1/2100,50,0,0,0
2/27/2019,2018/2019,Crystal Palace,Manchester Utd,1,1,3,ROY HODGSON,12/9/2017,1/1/2100,51,0,0,0
3/2/2019,2018/2019,Crystal Palace,Burnley,0,3,1,ROY HODGSON,12/9/2017,1/1/2100,52,0,0,0
3/9/2019,2018/2019,Crystal Palace,Brighton,1,1,2,ROY HODGSON,12/9/2017,1/1/2100,53,0,0,0
3/30/2019,2018/2019,Crystal Palace,Huddersfield,1,2,0,ROY HODGSON,12/9/2017,1/1/2100,54,0,0,0
4/3/2019,2018/2019,Crystal Palace,Tottenham,0,0,2,ROY HODGSON,12/9/2017,1/1/2100,55,0,0,0
4/6/2019,2018/2019,Crystal Palace,Newcastle Utd,0,1,0,ROY HODGSON,12/9/2017,1/1/2100,56,0,0,0
4/14/2019,2018/2019,Crystal Palace,Manchester City,1,1,3,ROY HODGSON,12/9/2017,1/1/2100,57,0,0,0
4/21/2019,2018/2019,Crystal Palace,Arsenal,0,3,2,ROY HODGSON,12/9/2017,1/1/2100,58,0,0,0
4/27/2019,2018/2019,Crystal Palace,Everton,1,0,0,ROY HODGSON,12/9/2017,1/1/2100,59,0,0,0
5/4/2019,2018/2019,Crystal Palace,Cardiff City,0,3,2,ROY HODGSON,12/9/2017,1/1/2100,60,0,0,0
5/12/2019,2018/2019,Crystal Palace,Bournemouth,1,5,3,ROY HODGSON,12/9/2017,1/1/2100,61,0,0,0
8/10/2019,2019/2020,Crystal Palace,Everton,1,0,0,ROY HODGSON,12/9/2017,1/1/2100,62,0,0,0
8/18/2019,2019/2020,Crystal Palace,Sheffield Utd,0,0,1,ROY HODGSON,12/9/2017,1/1/2100,63,0,0,0
8/24/2019,2019/2020,Crystal Palace,Manchester Utd,0,2,1,ROY HODGSON,12/9/2017,1/1/2100,64,0,0,0
8/31/2019,2019/2020,Crystal Palace,Aston Villa,1,1,0,ROY HODGSON,12/9/2017,1/1/2100,65,0,0,0
9/14/2019,2019/2020,Crystal Palace,Tottenham,0,0,4,ROY HODGSON,12/9/2017,1/1/2100,66,0,0,0
9/22/2019,2019/2020,Crystal Palace,Wolves,1,1,1,ROY HODGSON,12/9/2017,1/1/2100,67,0,0,0
9/28/2019,2019/2020,Crystal Palace,Norwich City,1,2,0,ROY HODGSON,12/9/2017,1/1/2100,68,0,0,0
10/5/2019,2019/2020,Crystal Palace,West Ham,0,2,1,ROY HODGSON,12/9/2017,1/1/2100,69,0,0,0
10/19/2019,2019/2020,Crystal Palace,Manchester City,1,0,2,ROY HODGSON,12/9/2017,1/1/2100,70,0,0,0
10/27/2019,2019/2020,Crystal Palace,Arsenal,0,2,2,ROY HODGSON,12/9/2017,1/1/2100,71,0,0,0
11/3/2019,2019/2020,Crystal Palace,Leicester City,1,0,2,ROY HODGSON,12/9/2017,1/1/2100,72,0,0,0
11/9/2019,2019/2020,Crystal Palace,Chelsea,0,0,2,ROY HODGSON,12/9/2017,1/1/2100,73,0,0,0
11/23/2019,2019/2020,Crystal Palace,Liverpool,1,1,2,ROY HODGSON,12/9/2017,1/1/2100,74,0,0,0
11/30/2019,2019/2020,Crystal Palace,Burnley,0,2,0,ROY HODGSON,12/9/2017,1/1/2100,75,0,0,0
12/3/2019,2019/2020,Crystal Palace,Bournemouth,1,1,0,ROY HODGSON,12/9/2017,1/1/2100,76,0,0,0
12/7/2019,2019/2020,Crystal Palace,Watford,0,0,0,ROY HODGSON,12/9/2017,1/1/2100,77,0,0,0
12/16/2019,2019/2020,Crystal Palace,Brighton,1,1,1,ROY HODGSON,12/9/2017,1/1/2100,78,0,0,0
12/21/2019,2019/2020,Crystal Palace,Newcastle Utd,0,0,1,ROY HODGSON,12/9/2017,1/1/2100,79,0,0,0
12/26/2019,2019/2020,Crystal Palace,West Ham,1,2,1,ROY HODGSON,12/9/2017,1/1/2100,80,0,0,0
12/28/2019,2019/2020,Crystal Palace,Southampton,0,1,1,ROY HODGSON,12/9/2017,1/1/2100,81,0,0,0
1/1/2020,2019/2020,Crystal Palace,Norwich City,0,1,1,ROY HODGSON,12/9/2017,1/1/2100,82,0,0,0
1/11/2020,2019/2020,Crystal Palace,Arsenal,1,1,1,ROY HODGSON,12/9/2017,1/1/2100,83,0,0,0
1/18/2020,2019/2020,Crystal Palace,Manchester City,0,2,2,ROY HODGSON,12/9/2017,1/1/2100,84,0,0,0
1/21/2020,2019/2020,Crystal Palace,Southampton,1,0,2,ROY HODGSON,12/9/2017,1/1/2100,85,0,0,0
2/1/2020,2019/2020,Crystal Palace,Sheffield Utd,1,0,1,ROY HODGSON,12/9/2017,1/1/2100,86,0,0,0
2/8/2020,2019/2020,Crystal Palace,Everton,0,1,3,ROY HODGSON,12/9/2017,1/1/2100,87,0,0,0
2/22/2020,2019/2020,Crystal Palace,Newcastle Utd,1,1,0,ROY HODGSON,12/9/2017,1/1/2100,88,0,0,0
2/29/2020,2019/2020,Crystal Palace,Brighton,0,1,0,ROY HODGSON,12/9/2017,1/1/2100,89,0,0,0
3/7/2020,2019/2020,Crystal Palace,Watford,1,1,0,ROY HODGSON,12/9/2017,1/1/2100,90,0,0,0
6/20/2020,2019/2020,Crystal Palace,Bournemouth,0,2,0,ROY HODGSON,12/9/2017,1/1/2100,91,0,0,0
6/24/2020,2019/2020,Crystal Palace,Liverpool,0,0,4,ROY HODGSON,12/9/2017,1/1/2100,92,0,0,0
6/29/2020,2019/2020,Crystal Palace,Burnley,1,0,1,ROY HODGSON,12/9/2017,1/1/2100,93,0,0,0
7/4/2020,2019/2020,Crystal Palace,Leicester City,0,0,3,ROY HODGSON,12/9/2017,1/1/2100,94,0,0,0
7/7/2020,2019/2020,Crystal Palace,Chelsea,1,2,3,ROY HODGSON,12/9/2017,1/1/2100,95,0,0,0
7/12/2020,2019/2020,Crystal Palace,Aston Villa,0,0,2,ROY HODGSON,12/9/2017,1/1/2100,96,0,0,0
7/16/2020,2019/2020,Crystal Palace,Manchester Utd,1,0,2,ROY HODGSON,12/9/2017,1/1/2100,97,0,0,0
7/20/2020,2019/2020,Crystal Palace,Wolves,0,0,2,ROY HODGSON,12/9/2017,1/1/2100,98,0,0,0
7/26/2020,2019/2020,Crystal Palace,Tottenham,1,1,1,ROY HODGSON,12/9/2017,1/1/2100,99,0,0,0
9/12/2020,2020/2021,Crystal Palace,Southampton,1,1,0,ROY HODGSON,12/9/2017,1/1/2100,100,0,0,0
9/19/2020,2020/2021,Crystal Palace,Manchester Utd,0,3,1,ROY HODGSON,12/9/2017,1/1/2100,101,0,0,0
9/26/2020,2020/2021,Crystal Palace,Everton,1,1,2,ROY HODGSON,12/9/2017,1/1/2100,102,0,0,0
10/3/2020,2020/2021,Crystal Palace,Chelsea,0,0,4,ROY HODGSON,12/9/2017,1/1/2100,103,0,0,0
10/18/2020,2020/2021,Crystal Palace,Brighton,1,1,1,ROY HODGSON,12/9/2017,1/1/2100,104,0,0,0
10/24/2020,2020/2021,Crystal Palace,Fulham,0,2,1,ROY HODGSON,12/9/2017,1/1/2100,105,0,0,0
10/30/2020,2020/2021,Crystal Palace,Wolves,0,0,2,ROY HODGSON,12/9/2017,1/1/2100,106,0,0,0
11/7/2020,2020/2021,Crystal Palace,Leeds United,1,4,1,ROY HODGSON,12/9/2017,1/1/2100,107,0,0,0
11/23/2020,2020/2021,Crystal Palace,Burnley,0,0,1,ROY HODGSON,12/9/2017,1/1/2100,108,0,0,0
11/27/2020,2020/2021,Crystal Palace,Newcastle Utd,1,0,2,ROY HODGSON,12/9/2017,1/1/2100,109,0,0,0
12/6/2020,2020/2021,Crystal Palace,West Brom,0,5,1,ROY HODGSON,12/9/2017,1/1/2100,110,0,0,0
12/13/2020,2020/2021,Crystal Palace,Tottenham,1,1,1,ROY HODGSON,12/9/2017,1/1/2100,111,0,0,0
12/16/2020,2020/2021,Crystal Palace,West Ham,0,1,1,ROY HODGSON,12/9/2017,1/1/2100,112,0,0,0
12/19/2020,2020/2021,Crystal Palace,Liverpool,1,0,7,ROY HODGSON,12/9/2017,1/1/2100,113,0,0,0
12/26/2020,2020/2021,Crystal Palace,Aston Villa,0,0,3,ROY HODGSON,12/9/2017,1/1/2100,114,0,0,0
12/28/2020,2020/2021,Crystal Palace,Leicester City,1,1,1,ROY HODGSON,12/9/2017,1/1/2100,115,0,0,0
1/2/2021,2020/2021,Crystal Palace,Sheffield Utd,1,2,0,ROY HODGSON,12/9/2017,1/1/2100,116,0,0,0
1/14/2021,2020/2021,Crystal Palace,Arsenal,0,0,0,ROY HODGSON,12/9/2017,1/1/2100,117,0,0,0
1/17/2021,2020/2021,Crystal Palace,Manchester City,0,0,4,ROY HODGSON,12/9/2017,1/1/2100,118,0,0,0
1/26/2021,2020/2021,Crystal Palace,West Ham,1,2,3,ROY HODGSON,12/9/2017,1/1/2100,119,0,0,0
1/30/2021,2020/2021,Crystal Palace,Wolves,1,1,0,ROY HODGSON,12/9/2017,1/1/2100,120,0,0,0
2/2/2021,2020/2021,Crystal Palace,Newcastle Utd,0,2,1,ROY HODGSON,12/9/2017,1/1/2100,121,0,0,0
2/8/2021,2020/2021,Crystal Palace,Leeds United,0,0,2,ROY HODGSON,12/9/2017,1/1/2100,122,0,0,0
2/13/2021,2020/2021,Crystal Palace,Burnley,1,0,3,ROY HODGSON,12/9/2017,1/1/2100,123,0,0,0
2/22/2021,2020/2021,Crystal Palace,Brighton,0,2,1,ROY HODGSON,12/9/2017,1/1/2100,124,0,0,0
2/28/2021,2020/2021,Crystal Palace,Fulham,1,0,0,ROY HODGSON,12/9/2017,1/1/2100,125,0,0,0
3/3/2021,2020/2021,Crystal Palace,Manchester Utd,1,0,0,ROY HODGSON,12/9/2017,1/1/2100,126,0,0,0
3/7/2021,2020/2021,Crystal Palace,Tottenham,0,1,4,ROY HODGSON,12/9/2017,1/1/2100,127,0,0,0
3/13/2021,2020/2021,Crystal Palace,West Brom,1,1,0,ROY HODGSON,12/9/2017,1/1/2100,128,0,0,0
4/5/2021,2020/2021,Crystal Palace,Everton,0,1,1,ROY HODGSON,12/9/2017,1/1/2100,129,0,0,0
4/1/2023,2022/2023,Crystal Palace,Leicester City,1,2,1,ROY HODGSON,3/21/2023,1/1/2100,130,0,0,0
4/9/2023,2022/2023,Crystal Palace,Leeds United,0,5,1,ROY HODGSON,3/21/2023,1/1/2100,131,0,0,0
4/15/2023,2022/2023,Crystal Palace,Southampton,0,2,0,ROY HODGSON,3/21/2023,1/1/2100,132,0,0,0
4/22/2023,2022/2023,Crystal Palace,Everton,1,0,0,ROY HODGSON,3/21/2023,1/1/2100,133,0,0,0
4/25/2023,2022/2023,Crystal Palace,Wolves,0,0,2,ROY HODGSON,3/21/2023,1/1/2100,134,0,0,0
4/29/2023,2022/2023,Crystal Palace,West Ham,1,4,3,ROY HODGSON,3/21/2023,1/1/2100,135,0,0,0
5/6/2023,2022/2023,Crystal Palace,Tottenham,0,0,1,ROY HODGSON,3/21/2023,1/1/2100,136,0,0,0
5/13/2023,2022/2023,Crystal Palace,Bournemouth,1,2,0,ROY HODGSON,3/21/2023,1/1/2100,137,0,0,0
5/20/2023,2022/2023,Crystal Palace,Fulham,0,2,2,ROY HODGSON,3/21/2023,1/1/2100,138,0,0,0
5/28/2023,2022/2023,Crystal Palace,Nott'ham Forest,1,1,1,ROY HODGSON,3/21/2023,1/1/2100,139,0,0,0
8/12/2023,2023/2024,Crystal Palace,Sheffield Utd,0,1,0,ROY HODGSON,3/21/2023,1/1/2100,140,0,0,0
8/21/2023,2023/2024,Crystal Palace,Arsenal,1,0,1,ROY HODGSON,3/21/2023,1/1/2100,141,0,0,0
8/26/2023,2023/2024,Crystal Palace,Brentford,0,1,1,ROY HODGSON,3/21/2023,1/1/2100,142,0,0,0
9/3/2023,2023/2024,Crystal Palace,Wolves,1,3,2,ROY HODGSON,3/21/2023,1/1/2100,143,0,0,0
9/16/2023,2023/2024,Crystal Palace,Aston Villa,0,1,3,ROY HODGSON,3/21/2023,1/1/2100,144,0,0,0
9/23/2023,2023/2024,Crystal Palace,Fulham,1,0,0,ROY HODGSON,3/21/2023,1/1/2100,145,0,0,0
9/30/2023,2023/2024,Crystal Palace,Manchester Utd,0,1,0,ROY HODGSON,3/21/2023,1/1/2100,146,0,0,0
10/7/2023,2023/2024,Crystal Palace,Nott'ham Forest,1,0,0,ROY HODGSON,3/21/2023,1/1/2100,147,0,0,0
10/21/2023,2023/2024,Crystal Palace,Newcastle Utd,0,0,4,ROY HODGSON,3/21/2023,1/1/2100,148,0,0,0
10/27/2023,2023/2024,Crystal Palace,Tottenham,1,1,2,ROY HODGSON,3/21/2023,1/1/2100,149,0,0,0
11/4/2023,2023/2024,Crystal Palace,Burnley,0,2,0,ROY HODGSON,3/21/2023,1/1/2100,150,0,0,0
11/11/2023,2023/2024,Crystal Palace,Everton,1,2,3,ROY HODGSON,3/21/2023,1/1/2100,151,0,0,0
11/25/2023,2023/2024,Crystal Palace,Luton Town,0,1,2,ROY HODGSON,3/21/2023,1/1/2100,152,0,0,0
12/3/2023,2023/2024,Crystal Palace,West Ham,0,1,1,ROY HODGSON,3/21/2023,1/1/2100,153,0,0,0
12/6/2023,2023/2024,Crystal Palace,Bournemouth,1,0,2,ROY HODGSON,3/21/2023,1/1/2100,154,0,0,0
12/9/2023,2023/2024,Crystal Palace,Liverpool,1,1,2,ROY HODGSON,3/21/2023,1/1/2100,155,0,0,0
12/16/2023,2023/2024,Crystal Palace,Manchester City,0,2,2,ROY HODGSON,3/21/2023,1/1/2100,156,0,0,0
12/21/2023,2023/2024,Crystal Palace,Brighton,1,1,1,ROY HODGSON,3/21/2023,1/1/2100,157,0,0,0
12/27/2023,2023/2024,Crystal Palace,Chelsea,0,1,2,ROY HODGSON,3/21/2023,1/1/2100,158,0,0,0
12/30/2023,2023/2024,Crystal Palace,Brentford,1,3,1,ROY HODGSON,3/21/2023,1/1/2100,159,0,0,0
1/20/2024,2023/2024,Crystal Palace,Arsenal,0,0,5,ROY HODGSON,3/21/2023,1/1/2100,160,0,0,0
1/30/2024,2023/2024,Crystal Palace,Sheffield Utd,1,3,2,ROY HODGSON,3/21/2023,1/1/2100,161,0,0,0
2/3/2024,2023/2024,Crystal Palace,Brighton,0,1,4,ROY HODGSON,3/21/2023,1/1/2100,162,0,0,0
2/12/2024,2023/2024,Crystal Palace,Chelsea,1,1,3,ROY HODGSON,3/21/2023,1/1/2100,163,0,0,0
2/19/2024,2023/2024,Crystal Palace,Everton,0,1,1,ROY HODGSON,3/21/2023,1/1/2100,164,0,0,0
11/26/2016,2016/2017,Crystal Palace,Swansea City,0,4,5,SAM ALLARDYCE,11/23/2016,1/1/2100,1,1,0,0
12/3/2016,2016/2017,Crystal Palace,Southampton,1,3,0,SAM ALLARDYCE,11/23/2016,1/1/2100,2,1,0,0
12/10/2016,2016/2017,Crystal Palace,Hull City,0,3,3,SAM ALLARDYCE,11/23/2016,1/1/2100,3,1,0,0
12/14/2016,2016/2017,Crystal Palace,Manchester Utd,1,1,2,SAM ALLARDYCE,11/23/2016,1/1/2100,4,0,1,0
12/17/2016,2016/2017,Crystal Palace,Chelsea,1,0,1,SAM ALLARDYCE,11/23/2016,1/1/2100,5,0,1,0
12/26/2016,2016/2017,Crystal Palace,Watford,0,1,1,SAM ALLARDYCE,11/23/2016,1/1/2100,6,0,1,0
1/1/2017,2016/2017,Crystal Palace,Arsenal,0,0,2,SAM ALLARDYCE,11/23/2016,1/1/2100,7,0,0,1
1/3/2017,2016/2017,Crystal Palace,Swansea City,1,1,2,SAM ALLARDYCE,11/23/2016,1/1/2100,8,0,0,1
11/18/2017,2017/2018,Crystal Palace,Everton,1,2,2,SAM ALLARDYCE,11/23/2016,1/1/2100,9,0,0,1
11/25/2017,2017/2018,Crystal Palace,Stoke City,1,2,1,SAM ALLARDYCE,11/23/2016,1/1/2100,10,0,0,1
11/28/2017,2017/2018,Crystal Palace,Brighton,0,0,0,SAM ALLARDYCE,11/23/2016,1/1/2100,11,0,0,0
12/2/2017,2017/2018,Crystal Palace,West Brom,0,0,0,SAM ALLARDYCE,11/23/2016,1/1/2100,12,0,0,0
12/26/2019,2019/2020,Everton,Burnley,1,1,0,CARLO ANCELOTTI,12/22/2019,1/1/2100,1,1,0,0
12/28/2019,2019/2020,Everton,Newcastle Utd,0,2,1,CARLO ANCELOTTI,12/22/2019,1/1/2100,2,1,0,0
1/1/2020,2019/2020,Everton,Manchester City,0,1,2,CARLO ANCELOTTI,12/22/2019,1/1/2100,3,1,0,0
1/11/2020,2019/2020,Everton,Brighton,1,1,0,CARLO ANCELOTTI,12/22/2019,1/1/2100,4,0,1,0
1/18/2020,2019/2020,Everton,West Ham,0,1,1,CARLO ANCELOTTI,12/22/2019,1/1/2100,5,0,1,0
1/21/2020,2019/2020,Everton,Newcastle Utd,1,2,2,CARLO ANCELOTTI,12/22/2019,1/1/2100,6,0,1,0
2/1/2020,2019/2020,Everton,Watford,0,3,2,CARLO ANCELOTTI,12/22/2019,1/1/2100,7,0,0,1
2/8/2020,2019/2020,Everton,Crystal Palace,1,3,1,CARLO ANCELOTTI,12/22/2019,1/1/2100,8,0,0,1
2/23/2020,2019/2020,Everton,Arsenal,0,2,3,CARLO ANCELOTTI,12/22/2019,1/1/2100,9,0,0,1
3/1/2020,2019/2020,Everton,Manchester Utd,1,1,1,CARLO ANCELOTTI,12/22/2019,1/1/2100,10,0,0,1
3/8/2020,2019/2020,Everton,Chelsea,0,0,4,CARLO ANCELOTTI,12/22/2019,1/1/2100,11,0,0,0
6/21/2020,2019/2020,Everton,Liverpool,1,0,0,CARLO ANCELOTTI,12/22/2019,1/1/2100,12,0,0,0
6/24/2020,2019/2020,Everton,Norwich City,0,1,0,CARLO ANCELOTTI,12/22/2019,1/1/2100,13,0,0,0
7/1/2020,2019/2020,Everton,Leicester City,1,2,1,CARLO ANCELOTTI,12/22/2019,1/1/2100,14,0,0,0
7/6/2020,2019/2020,Everton,Tottenham,0,0,1,CARLO ANCELOTTI,12/22/2019,1/1/2100,15,0,0,0
7/9/2020,2019/2020,Everton,Southampton,1,1,1,CARLO ANCELOTTI,12/22/2019,1/1/2100,16,0,0,0
7/12/2020,2019/2020,Everton,Wolves,0,0,3,CARLO ANCELOTTI,12/22/2019,1/1/2100,17,0,0,0
7/16/2020,2019/2020,Everton,Aston Villa,1,1,1,CARLO ANCELOTTI,12/22/2019,1/1/2100,18,0,0,0
7/20/2020,2019/2020,Everton,Sheffield Utd,0,1,0,CARLO ANCELOTTI,12/22/2019,1/1/2100,19,0,0,0
7/26/2020,2019/2020,Everton,Bournemouth,1,1,3,CARLO ANCELOTTI,12/22/2019,1/1/2100,20,0,0,0
9/13/2020,2020/2021,Everton,Tottenham,0,1,0,CARLO ANCELOTTI,12/22/2019,1/1/2100,21,0,0,0
9/19/2020,2020/2021,Everton,West Brom,1,5,2,CARLO ANCELOTTI,12/22/2019,1/1/2100,22,0,0,0
9/26/2020,2020/2021,Everton,Crystal Palace,0,2,1,CARLO ANCELOTTI,12/22/2019,1/1/2100,23,0,0,0
10/3/2020,2020/2021,Everton,Brighton,1,4,2,CARLO ANCELOTTI,12/22/2019,1/1/2100,24,0,0,0
10/17/2020,2020/2021,Everton,Liverpool,1,2,2,CARLO ANCELOTTI,12/22/2019,1/1/2100,25,0,0,0
10/25/2020,2020/2021,Everton,Southampton,0,0,2,CARLO ANCELOTTI,12/22/2019,1/1/2100,26,0,0,0
11/1/2020,2020/2021,Everton,Newcastle Utd,0,1,2,CARLO ANCELOTTI,12/22/2019,1/1/2100,27,0,0,0
11/7/2020,2020/2021,Everton,Manchester Utd,1,1,3,CARLO ANCELOTTI,12/22/2019,1/1/2100,28,0,0,0
11/22/2020,2020/2021,Everton,Fulham,0,3,2,CARLO ANCELOTTI,12/22/2019,1/1/2100,29,0,0,0
11/28/2020,2020/2021,Everton,Leeds United,1,0,1,CARLO ANCELOTTI,12/22/2019,1/1/2100,30,0,0,0
12/5/2020,2020/2021,Everton,Burnley,0,1,1,CARLO ANCELOTTI,12/22/2019,1/1/2100,31,0,0,0
12/12/2020,2020/2021,Everton,Chelsea,1,1,0,CARLO ANCELOTTI,12/22/2019,1/1/2100,32,0,0,0
12/16/2020,2020/2021,Everton,Leicester City,0,2,0,CARLO ANCELOTTI,12/22/2019,1/1/2100,33,0,0,0
12/19/2020,2020/2021,Everton,Arsenal,1,2,1,CARLO ANCELOTTI,12/22/2019,1/1/2100,34,0,0,0
12/26/2020,2020/2021,Everton,Sheffield Utd,0,1,0,CARLO ANCELOTTI,12/22/2019,1/1/2100,35,0,0,0
1/1/2021,2020/2021,Everton,West Ham,1,0,1,CARLO ANCELOTTI,12/22/2019,1/1/2100,36,0,0,0
12/10/2016,2016/2017,Everton,Watford,0,2,3,DAVID UNSWORTH,12/5/2016,1/1/2100,1,1,0,0
12/13/2016,2016/2017,Everton,Arsenal,1,2,1,DAVID UNSWORTH,12/5/2016,1/1/2100,2,1,0,0
12/19/2016,2016/2017,Everton,Liverpool,1,0,1,DAVID UNSWORTH,12/5/2016,1/1/2100,3,1,0,0
12/26/2016,2016/2017,Everton,Leicester City,0,2,0,DAVID UNSWORTH,12/5/2016,1/1/2100,4,0,1,0
12/30/2016,2016/2017,Everton,Hull City,0,2,2,DAVID UNSWORTH,12/5/2016,1/1/2100,5,0,1,0
1/2/2017,2016/2017,Everton,Southampton,1,3,0,DAVID UNSWORTH,12/5/2016,1/1/2100,6,0,1,0
1/15/2017,2016/2017,Everton,Manchester City,1,4,0,DAVID UNSWORTH,12/5/2016,1/1/2100,7,0,0,1
1/21/2017,2016/2017,Everton,Crystal Palace,0,1,0,DAVID UNSWORTH,12/5/2016,1/1/2100,8,0,0,1
2/1/2017,2016/2017,Everton,Stoke City,0,1,1,DAVID UNSWORTH,12/5/2016,1/1/2100,9,0,0,1
2/4/2017,2016/2017,Everton,Bournemouth,1,6,3,DAVID UNSWORTH,12/5/2016,1/1/2100,10,0,0,1
2/11/2017,2016/2017,Everton,Middlesbrough,0,0,0,DAVID UNSWORTH,12/5/2016,1/1/2100,11,0,0,0
2/25/2017,2016/2017,Everton,Sunderland,1,2,0,DAVID UNSWORTH,12/5/2016,1/1/2100,12,0,0,0
3/5/2017,2016/2017,Everton,Tottenham,0,2,3,DAVID UNSWORTH,12/5/2016,1/1/2100,13,0,0,0
3/11/2017,2016/2017,Everton,West Brom,1,3,0,DAVID UNSWORTH,12/5/2016,1/1/2100,14,0,0,0
3/18/2017,2016/2017,Everton,Hull City,1,4,0,DAVID UNSWORTH,12/5/2016,1/1/2100,15,0,0,0
4/1/2017,2016/2017,Everton,Liverpool,0,1,3,DAVID UNSWORTH,12/5/2016,1/1/2100,16,0,0,0
4/4/2017,2016/2017,Everton,Manchester Utd,0,1,1,DAVID UNSWORTH,12/5/2016,1/1/2100,17,0,0,0
4/9/2017,2016/2017,Everton,Leicester City,1,4,2,DAVID UNSWORTH,12/5/2016,1/1/2100,18,0,0,0
4/15/2017,2016/2017,Everton,Burnley,1,3,1,DAVID UNSWORTH,12/5/2016,1/1/2100,19,0,0,0
4/22/2017,2016/2017,Everton,West Ham,0,0,0,DAVID UNSWORTH,12/5/2016,1/1/2100,20,0,0,0
4/30/2017,2016/2017,Everton,Chelsea,1,0,3,DAVID UNSWORTH,12/5/2016,1/1/2100,21,0,0,0
5/6/2017,2016/2017,Everton,Swansea City,0,0,1,DAVID UNSWORTH,12/5/2016,1/1/2100,22,0,0,0
5/12/2017,2016/2017,Everton,Watford,1,1,0,DAVID UNSWORTH,12/5/2016,1/1/2100,23,0,0,0
5/21/2017,2016/2017,Everton,Arsenal,0,1,3,DAVID UNSWORTH,12/5/2016,1/1/2100,24,0,0,0
8/12/2017,2017/2018,Everton,Stoke City,1,1,0,DAVID UNSWORTH,12/5/2016,1/1/2100,25,0,0,0
8/21/2017,2017/2018,Everton,Manchester City,0,1,1,DAVID UNSWORTH,12/5/2016,1/1/2100,26,0,0,0
8/27/2017,2017/2018,Everton,Chelsea,0,0,2,DAVID UNSWORTH,12/5/2016,1/1/2100,27,0,0,0
9/9/2017,2017/2018,Everton,Tottenham,1,0,3,DAVID UNSWORTH,12/5/2016,1/1/2100,28,0,0,0
9/17/2017,2017/2018,Everton,Manchester Utd,0,0,4,DAVID UNSWORTH,12/5/2016,1/1/2100,29,0,0,0
9/23/2017,2017/2018,Everton,Bournemouth,1,2,1,DAVID UNSWORTH,12/5/2016,1/1/2100,30,0,0,0
10/1/2017,2017/2018,Everton,Burnley,1,0,1,DAVID UNSWORTH,12/5/2016,1/1/2100,31,0,0,0
10/15/2017,2017/2018,Everton,Brighton,0,1,1,DAVID UNSWORTH,12/5/2016,1/1/2100,32,0,0,0
10/22/2017,2017/2018,Everton,Arsenal,1,2,5,DAVID UNSWORTH,12/5/2016,1/1/2100,33,0,0,0
10/29/2017,2017/2018,Everton,Leicester City,0,0,2,DAVID UNSWORTH,10/24/2017,1/1/2100,34,0,0,0
11/5/2017,2017/2018,Everton,Watford,1,3,2,DAVID UNSWORTH,10/24/2017,1/1/2100,35,0,0,0
11/18/2017,2017/2018,Everton,Crystal Palace,0,2,2,DAVID UNSWORTH,10/24/2017,1/1/2100,36,0,0,0
11/26/2017,2017/2018,Everton,Southampton,0,1,4,DAVID UNSWORTH,10/24/2017,1/1/2100,37,0,0,0
11/29/2017,2017/2018,Everton,West Ham,1,4,0,DAVID UNSWORTH,10/24/2017,1/1/2100,38,0,0,0
5/12/2019,2018/2019,Everton,Tottenham,0,2,2,DUNCAN FERGUSON,5/12/2019,1/1/2100,1,1,0,0
8/10/2019,2019/2020,Everton,Crystal Palace,0,0,0,DUNCAN FERGUSON,5/12/2019,1/1/2100,2,1,0,0
8/17/2019,2019/2020,Everton,Watford,1,1,0,DUNCAN FERGUSON,5/12/2019,1/1/2100,3,1,0,0
8/23/2019,2019/2020,Everton,Aston Villa,0,0,2,DUNCAN FERGUSON,5/12/2019,1/1/2100,4,0,1,0
9/1/2019,2019/2020,Everton,Wolves,1,3,2,DUNCAN FERGUSON,5/12/2019,1/1/2100,5,0,1,0
9/15/2019,2019/2020,Everton,Bournemouth,0,1,3,DUNCAN FERGUSON,5/12/2019,1/1/2100,6,0,1,0
9/21/2019,2019/2020,Everton,Sheffield Utd,1,0,2,DUNCAN FERGUSON,5/12/2019,1/1/2100,7,0,0,1
9/28/2019,2019/2020,Everton,Manchester City,1,1,3,DUNCAN FERGUSON,5/12/2019,1/1/2100,8,0,0,1
10/5/2019,2019/2020,Everton,Burnley,0,0,1,DUNCAN FERGUSON,5/12/2019,1/1/2100,9,0,0,1
10/19/2019,2019/2020,Everton,West Ham,1,2,0,DUNCAN FERGUSON,5/12/2019,1/1/2100,10,0,0,1
10/26/2019,2019/2020,Everton,Brighton,0,2,3,DUNCAN FERGUSON,5/12/2019,1/1/2100,11,0,0,0
11/3/2019,2019/2020,Everton,Tottenham,1,1,1,DUNCAN FERGUSON,5/12/2019,1/1/2100,12,0,0,0
11/9/2019,2019/2020,Everton,Southampton,0,2,1,DUNCAN FERGUSON,5/12/2019,1/1/2100,13,0,0,0
11/23/2019,2019/2020,Everton,Norwich City,1,0,2,DUNCAN FERGUSON,5/12/2019,1/1/2100,14,0,0,0
12/1/2019,2019/2020,Everton,Leicester City,0,1,2,DUNCAN FERGUSON,5/12/2019,1/1/2100,15,0,0,0
12/4/2019,2019/2020,Everton,Liverpool,0,2,5,DUNCAN FERGUSON,5/12/2019,1/1/2100,16,0,0,0
12/7/2019,2019/2020,Everton,Chelsea,1,3,1,DUNCAN FERGUSON,5/12/2019,1/1/2100,17,0,0,0
12/15/2019,2019/2020,Everton,Manchester Utd,0,1,1,DUNCAN FERGUSON,5/12/2019,1/1/2100,18,0,0,0
12/21/2019,2019/2020,Everton,Arsenal,1,0,0,DUNCAN FERGUSON,5/12/2019,1/1/2100,19,0,0,0
1/22/2022,2021/2022,Everton,Aston Villa,1,0,1,DUNCAN FERGUSON,1/18/2022,1/1/2100,20,0,0,0
2/8/2022,2021/2022,Everton,Newcastle Utd,0,1,3,FRANK LAMPARD,1/31/2022,1/1/2100,1,1,0,0
2/12/2022,2021/2022,Everton,Leeds United,1,3,0,FRANK LAMPARD,1/31/2022,1/1/2100,2,1,0,0
2/19/2022,2021/2022,Everton,Southampton,0,0,2,FRANK LAMPARD,1/31/2022,1/1/2100,3,1,0,0
2/26/2022,2021/2022,Everton,Manchester City,1,0,1,FRANK LAMPARD,1/31/2022,1/1/2100,4,0,1,0
3/7/2022,2021/2022,Everton,Tottenham,0,0,5,FRANK LAMPARD,1/31/2022,1/1/2100,5,0,1,0
3/13/2022,2021/2022,Everton,Wolves,1,0,1,FRANK LAMPARD,1/31/2022,1/1/2100,6,0,1,0
3/17/2022,2021/2022,Everton,Newcastle Utd,1,1,0,FRANK LAMPARD,1/31/2022,1/1/2100,7,0,0,1
4/3/2022,2021/2022,Everton,West Ham,0,1,2,FRANK LAMPARD,1/31/2022,1/1/2100,8,0,0,1
4/6/2022,2021/2022,Everton,Burnley,0,2,3,FRANK LAMPARD,1/31/2022,1/1/2100,9,0,0,1
4/9/2022,2021/2022,Everton,Manchester Utd,1,1,0,FRANK LAMPARD,1/31/2022,1/1/2100,10,0,0,1
4/20/2022,2021/2022,Everton,Leicester City,1,1,1,FRANK LAMPARD,1/31/2022,1/1/2100,11,0,0,0
4/24/2022,2021/2022,Everton,Liverpool,0,0,2,FRANK LAMPARD,1/31/2022,1/1/2100,12,0,0,0
5/1/2022,2021/2022,Everton,Chelsea,1,1,0,FRANK LAMPARD,1/31/2022,1/1/2100,13,0,0,0
5/8/2022,2021/2022,Everton,Leicester City,0,2,1,FRANK LAMPARD,1/31/2022,1/1/2100,14,0,0,0
5/11/2022,2021/2022,Everton,Watford,0,0,0,FRANK LAMPARD,1/31/2022,1/1/2100,15,0,0,0
5/15/2022,2021/2022,Everton,Brentford,1,2,3,FRANK LAMPARD,1/31/2022,1/1/2100,16,0,0,0
5/19/2022,2021/2022,Everton,Crystal Palace,1,3,2,FRANK LAMPARD,1/31/2022,1/1/2100,17,0,0,0
5/22/2022,2021/2022,Everton,Arsenal,0,1,5,FRANK LAMPARD,1/31/2022,1/1/2100,18,0,0,0
8/6/2022,2022/2023,Everton,Chelsea,1,0,1,FRANK LAMPARD,1/31/2022,1/1/2100,19,0,0,0
8/13/2022,2022/2023,Everton,Aston Villa,0,1,2,FRANK LAMPARD,1/31/2022,1/1/2100,20,0,0,0
8/20/2022,2022/2023,Everton,Nott'ham Forest,1,1,1,FRANK LAMPARD,1/31/2022,1/1/2100,21,0,0,0
8/27/2022,2022/2023,Everton,Brentford,0,1,1,FRANK LAMPARD,1/31/2022,1/1/2100,22,0,0,0
8/30/2022,2022/2023,Everton,Leeds United,0,1,1,FRANK LAMPARD,1/31/2022,1/1/2100,23,0,0,0
9/3/2022,2022/2023,Everton,Liverpool,1,0,0,FRANK LAMPARD,1/31/2022,1/1/2100,24,0,0,0
9/18/2022,2022/2023,Everton,West Ham,1,1,0,FRANK LAMPARD,1/31/2022,1/1/2100,25,0,0,0
10/1/2022,2022/2023,Everton,Southampton,0,2,1,FRANK LAMPARD,1/31/2022,1/1/2100,26,0,0,0
10/9/2022,2022/2023,Everton,Manchester Utd,1,1,2,FRANK LAMPARD,1/31/2022,1/1/2100,27,0,0,0
10/15/2022,2022/2023,Everton,Tottenham,0,0,2,FRANK LAMPARD,1/31/2022,1/1/2100,28,0,0,0
10/19/2022,2022/2023,Everton,Newcastle Utd,0,0,1,FRANK LAMPARD,1/31/2022,1/1/2100,29,0,0,0
10/22/2022,2022/2023,Everton,Crystal Palace,1,3,0,FRANK LAMPARD,1/31/2022,1/1/2100,30,0,0,0
10/29/2022,2022/2023,Everton,Fulham,0,0,0,FRANK LAMPARD,1/31/2022,1/1/2100,31,0,0,0
11/5/2022,2022/2023,Everton,Leicester City,1,0,2,FRANK LAMPARD,1/31/2022,1/1/2100,32,0,0,0
11/12/2022,2022/2023,Everton,Bournemouth,0,0,3,FRANK LAMPARD,1/31/2022,1/1/2100,33,0,0,0
12/26/2022,2022/2023,Everton,Wolves,1,1,2,FRANK LAMPARD,1/31/2022,1/1/2100,34,0,0,0
12/31/2022,2022/2023,Everton,Manchester City,0,1,1,FRANK LAMPARD,1/31/2022,1/1/2100,35,0,0,0
1/3/2023,2022/2023,Everton,Brighton,1,1,4,FRANK LAMPARD,1/31/2022,1/1/2100,36,0,0,0
1/14/2023,2022/2023,Everton,Southampton,1,1,2,FRANK LAMPARD,1/31/2022,1/1/2100,37,0,0,0
1/21/2023,2022/2023,Everton,West Ham,0,0,2,FRANK LAMPARD,1/31/2022,1/1/2100,38,0,0,0
1/13/2018,2017/2018,Everton,Tottenham,0,0,4,MARCO SILVA,1/7/2018,5/12/2019,1,1,0,0
1/20/2018,2017/2018,Everton,West Brom,1,1,1,MARCO SILVA,1/7/2018,5/12/2019,2,1,0,0
1/31/2018,2017/2018,Everton,Leicester City,1,2,1,MARCO SILVA,1/7/2018,5/12/2019,3,1,0,0
2/3/2018,2017/2018,Everton,Arsenal,0,1,5,MARCO SILVA,1/7/2018,5/12/2019,4,0,1,0
2/10/2018,2017/2018,Everton,Crystal Palace,1,3,1,MARCO SILVA,1/7/2018,5/12/2019,5,0,1,0
2/24/2018,2017/2018,Everton,Watford,0,0,1,MARCO SILVA,1/7/2018,5/12/2019,6,0,1,0
3/3/2018,2017/2018,Everton,Burnley,0,1,2,MARCO SILVA,1/7/2018,5/12/2019,7,0,0,1
3/10/2018,2017/2018,Everton,Brighton,1,2,0,MARCO SILVA,1/7/2018,5/12/2019,8,0,0,1
3/17/2018,2017/2018,Everton,Stoke City,0,2,1,MARCO SILVA,1/7/2018,5/12/2019,9,0,0,1
3/31/2018,2017/2018,Everton,Manchester City,1,1,3,MARCO SILVA,1/7/2018,5/12/2019,10,0,0,1
4/7/2018,2017/2018,Everton,Liverpool,1,0,0,MARCO SILVA,1/7/2018,5/12/2019,11,0,0,0
4/14/2018,2017/2018,Everton,Swansea City,0,1,1,MARCO SILVA,1/7/2018,5/12/2019,12,0,0,0
4/23/2018,2017/2018,Everton,Newcastle Utd,1,1,0,MARCO SILVA,1/7/2018,5/12/2019,13,0,0,0
4/28/2018,2017/2018,Everton,Huddersfield,0,2,0,MARCO SILVA,1/7/2018,5/12/2019,14,0,0,0
5/5/2018,2017/2018,Everton,Southampton,1,1,1,MARCO SILVA,1/7/2018,5/12/2019,15,0,0,0
5/13/2018,2017/2018,Everton,West Ham,0,1,3,MARCO SILVA,1/7/2018,5/12/2019,16,0,0,0
8/11/2018,2018/2019,Everton,Wolves,0,2,2,MARCO SILVA,1/7/2018,5/12/2019,17,0,0,0
8/18/2018,2018/2019,Everton,Southampton,1,2,1,MARCO SILVA,1/7/2018,5/12/2019,18,0,0,0
8/25/2018,2018/2019,Everton,Bournemouth,0,2,2,MARCO SILVA,1/7/2018,5/12/2019,19,0,0,0
9/1/2018,2018/2019,Everton,Huddersfield,1,1,1,MARCO SILVA,1/7/2018,5/12/2019,20,0,0,0
9/16/2018,2018/2019,Everton,West Ham,1,1,3,MARCO SILVA,1/7/2018,5/12/2019,21,0,0,0
9/23/2018,2018/2019,Everton,Arsenal,0,0,2,MARCO SILVA,1/7/2018,5/12/2019,22,0,0,0
9/29/2018,2018/2019,Everton,Fulham,1,3,0,MARCO SILVA,1/7/2018,5/12/2019,23,0,0,0
10/6/2018,2018/2019,Everton,Leicester City,0,2,1,MARCO SILVA,1/7/2018,5/12/2019,24,0,0,0
10/21/2018,2018/2019,Everton,Crystal Palace,1,2,0,MARCO SILVA,1/7/2018,5/12/2019,25,0,0,0
10/28/2018,2018/2019,Everton,Manchester Utd,0,1,2,MARCO SILVA,1/7/2018,5/12/2019,26,0,0,0
11/3/2018,2018/2019,Everton,Brighton,1,3,1,MARCO SILVA,1/7/2018,5/12/2019,27,0,0,0
11/11/2018,2018/2019,Everton,Chelsea,0,0,0,MARCO SILVA,1/7/2018,5/12/2019,28,0,0,0
11/24/2018,2018/2019,Everton,Cardiff City,1,1,0,MARCO SILVA,1/7/2018,5/12/2019,29,0,0,0
12/2/2018,2018/2019,Everton,Liverpool,0,0,1,MARCO SILVA,1/7/2018,5/12/2019,30,0,0,0
12/5/2018,2018/2019,Everton,Newcastle Utd,1,1,1,MARCO SILVA,1/7/2018,5/12/2019,31,0,0,0
12/10/2018,2018/2019,Everton,Watford,1,2,2,MARCO SILVA,1/7/2018,5/12/2019,32,0,0,0
12/15/2018,2018/2019,Everton,Manchester City,0,1,3,MARCO SILVA,1/7/2018,5/12/2019,33,0,0,0
12/23/2018,2018/2019,Everton,Tottenham,1,2,6,MARCO SILVA,1/7/2018,5/12/2019,34,0,0,0
12/26/2018,2018/2019,Everton,Burnley,0,5,1,MARCO SILVA,1/7/2018,5/12/2019,35,0,0,0
12/29/2018,2018/2019,Everton,Brighton,0,0,1,MARCO SILVA,1/7/2018,5/12/2019,36,0,0,0
1/1/2019,2018/2019,Everton,Leicester City,1,0,1,MARCO SILVA,1/7/2018,5/12/2019,37,0,0,0
1/13/2019,2018/2019,Everton,Bournemouth,1,2,0,MARCO SILVA,1/7/2018,5/12/2019,38,0,0,0
1/19/2019,2018/2019,Everton,Southampton,0,1,2,MARCO SILVA,1/7/2018,5/12/2019,39,0,0,0
1/29/2019,2018/2019,Everton,Huddersfield,0,1,0,MARCO SILVA,1/7/2018,5/12/2019,40,0,0,0
2/2/2019,2018/2019,Everton,Wolves,1,1,3,MARCO SILVA,1/7/2018,5/12/2019,41,0,0,0
2/6/2019,2018/2019,Everton,Manchester City,1,0,2,MARCO SILVA,1/7/2018,5/12/2019,42,0,0,0
2/9/2019,2018/2019,Everton,Watford,0,0,1,MARCO SILVA,1/7/2018,5/12/2019,43,0,0,0
2/26/2019,2018/2019,Everton,Cardiff City,0,3,0,MARCO SILVA,1/7/2018,5/12/2019,44,0,0,0
3/3/2019,2018/2019,Everton,Liverpool,1,0,0,MARCO SILVA,1/7/2018,5/12/2019,45,0,0,0
3/9/2019,2018/2019,Everton,Newcastle Utd,0,2,3,MARCO SILVA,1/7/2018,5/12/2019,46,0,0,0
3/17/2019,2018/2019,Everton,Chelsea,1,2,0,MARCO SILVA,1/7/2018,5/12/2019,47,0,0,0
3/30/2019,2018/2019,Everton,West Ham,0,2,0,MARCO SILVA,1/7/2018,5/12/2019,48,0,0,0
4/7/2019,2018/2019,Everton,Arsenal,1,1,0,MARCO SILVA,1/7/2018,5/12/2019,49,0,0,0
4/13/2019,2018/2019,Everton,Fulham,0,0,2,MARCO SILVA,1/7/2018,5/12/2019,50,0,0,0
4/21/2019,2018/2019,Everton,Manchester Utd,1,4,0,MARCO SILVA,1/7/2018,5/12/2019,51,0,0,0
4/27/2019,2018/2019,Everton,Crystal Palace,0,0,0,MARCO SILVA,1/7/2018,5/12/2019,52,0,0,0
5/3/2019,2018/2019,Everton,Burnley,1,2,0,MARCO SILVA,1/7/2018,5/12/2019,53,0,0,0
1/12/2021,2020/2021,Everton,Wolves,0,2,1,RAFAEL BENITEZ,1/7/2021,1/1/2100,1,1,0,0
1/27/2021,2020/2021,Everton,Leicester City,1,1,1,RAFAEL BENITEZ,1/7/2021,1/1/2100,2,1,0,0
1/30/2021,2020/2021,Everton,Newcastle Utd,1,0,2,RAFAEL BENITEZ,1/7/2021,1/1/2100,3,1,0,0
2/3/2021,2020/2021,Everton,Leeds United,0,2,1,RAFAEL BENITEZ,1/7/2021,1/1/2100,4,0,1,0
2/6/2021,2020/2021,Everton,Manchester Utd,0,3,3,RAFAEL BENITEZ,1/7/2021,1/1/2100,5,0,1,0
2/14/2021,2020/2021,Everton,Fulham,1,0,2,RAFAEL BENITEZ,1/7/2021,1/1/2100,6,0,1,0
2/17/2021,2020/2021,Everton,Manchester City,1,1,3,RAFAEL BENITEZ,1/7/2021,1/1/2100,7,0,0,1
2/20/2021,2020/2021,Everton,Liverpool,0,2,0,RAFAEL BENITEZ,1/7/2021,1/1/2100,8,0,0,1
3/1/2021,2020/2021,Everton,Southampton,1,1,0,RAFAEL BENITEZ,1/7/2021,1/1/2100,9,0,0,1
3/4/2021,2020/2021,Everton,West Brom,0,1,0,RAFAEL BENITEZ,1/7/2021,1/1/2100,10,0,0,1
3/8/2021,2020/2021,Everton,Chelsea,0,0,2,RAFAEL BENITEZ,1/7/2021,1/1/2100,11,0,0,0
3/13/2021,2020/2021,Everton,Burnley,1,1,2,RAFAEL BENITEZ,1/7/2021,1/1/2100,12,0,0,0
4/5/2021,2020/2021,Everton,Crystal Palace,1,1,1,RAFAEL BENITEZ,1/7/2021,1/1/2100,13,0,0,0
4/12/2021,2020/2021,Everton,Brighton,0,0,0,RAFAEL BENITEZ,1/7/2021,1/1/2100,14,0,0,0
4/16/2021,2020/2021,Everton,Tottenham,1,2,2,RAFAEL BENITEZ,1/7/2021,1/1/2100,15,0,0,0
4/23/2021,2020/2021,Everton,Arsenal,0,1,0,RAFAEL BENITEZ,1/7/2021,1/1/2100,16,0,0,0
5/1/2021,2020/2021,Everton,Aston Villa,1,1,2,RAFAEL BENITEZ,1/7/2021,1/1/2100,17,0,0,0
5/9/2021,2020/2021,Everton,West Ham,0,1,0,RAFAEL BENITEZ,1/7/2021,1/1/2100,18,0,0,0
5/13/2021,2020/2021,Everton,Aston Villa,0,0,0,RAFAEL BENITEZ,1/7/2021,1/1/2100,19,0,0,0
5/16/2021,2020/2021,Everton,Sheffield Utd,1,0,1,RAFAEL BENITEZ,1/7/2021,1/1/2100,20,0,0,0
5/19/2021,2020/2021,Everton,Wolves,1,1,0,RAFAEL BENITEZ,1/7/2021,1/1/2100,21,0,0,0
5/23/2021,2020/2021,Everton,Manchester City,0,0,5,RAFAEL BENITEZ,1/7/2021,1/1/2100,22,0,0,0
8/14/2021,2021/2022,Everton,Southampton,1,3,1,RAFAEL BENITEZ,1/7/2021,1/1/2100,23,0,0,0
8/21/2021,2021/2022,Everton,Leeds United,0,2,2,RAFAEL BENITEZ,1/7/2021,1/1/2100,24,0,0,0
8/28/2021,2021/2022,Everton,Brighton,0,2,0,RAFAEL BENITEZ,1/7/2021,1/1/2100,25,0,0,0
9/13/2021,2021/2022,Everton,Burnley,1,3,1,RAFAEL BENITEZ,1/7/2021,1/1/2100,26,0,0,0
9/18/2021,2021/2022,Everton,Aston Villa,0,0,3,RAFAEL BENITEZ,1/7/2021,1/1/2100,27,0,0,0
9/25/2021,2021/2022,Everton,Norwich City,1,2,0,RAFAEL BENITEZ,1/7/2021,1/1/2100,28,0,0,0
10/2/2021,2021/2022,Everton,Manchester Utd,0,1,1,RAFAEL BENITEZ,1/7/2021,1/1/2100,29,0,0,0
10/17/2021,2021/2022,Everton,West Ham,1,0,1,RAFAEL BENITEZ,1/7/2021,1/1/2100,30,0,0,0
10/23/2021,2021/2022,Everton,Watford,1,2,5,RAFAEL BENITEZ,1/7/2021,1/1/2100,31,0,0,0
11/1/2021,2021/2022,Everton,Wolves,0,1,2,RAFAEL BENITEZ,1/7/2021,1/1/2100,32,0,0,0
11/7/2021,2021/2022,Everton,Tottenham,1,0,0,RAFAEL BENITEZ,1/7/2021,1/1/2100,33,0,0,0
11/21/2021,2021/2022,Everton,Manchester City,0,0,3,RAFAEL BENITEZ,1/7/2021,1/1/2100,34,0,0,0
11/28/2021,2021/2022,Everton,Brentford,0,0,1,RAFAEL BENITEZ,1/7/2021,1/1/2100,35,0,0,0
12/1/2021,2021/2022,Everton,Liverpool,1,1,4,RAFAEL BENITEZ,1/7/2021,1/1/2100,36,0,0,0
12/6/2021,2021/2022,Everton,Arsenal,1,2,1,RAFAEL BENITEZ,1/7/2021,1/1/2100,37,0,0,0
12/12/2021,2021/2022,Everton,Crystal Palace,0,1,3,RAFAEL BENITEZ,1/7/2021,1/1/2100,38,0,0,0
12/16/2021,2021/2022,Everton,Chelsea,0,1,1,RAFAEL BENITEZ,1/7/2021,1/1/2100,39,0,0,0
1/2/2022,2021/2022,Everton,Brighton,1,2,3,RAFAEL BENITEZ,1/7/2021,1/1/2100,40,0,0,0
1/15/2022,2021/2022,Everton,Norwich City,0,1,2,RAFAEL BENITEZ,1/7/2021,1/1/2100,41,0,0,0
8/16/2014,2014/2015,Everton,Leicester City,0,2,2,ROBERTO MARTINEZ,1/7/2013,12/5/2016,101,0,0,0
8/23/2014,2014/2015,Everton,Arsenal,1,2,2,ROBERTO MARTINEZ,1/7/2013,12/5/2016,102,0,0,0
8/30/2014,2014/2015,Everton,Chelsea,1,3,6,ROBERTO MARTINEZ,1/7/2013,12/5/2016,103,0,0,0
9/13/2014,2014/2015,Everton,West Brom,0,2,0,ROBERTO MARTINEZ,1/7/2013,12/5/2016,104,0,0,0
9/21/2014,2014/2015,Everton,Crystal Palace,1,2,3,ROBERTO MARTINEZ,1/7/2013,12/5/2016,105,0,0,0
9/27/2014,2014/2015,Everton,Liverpool,0,1,1,ROBERTO MARTINEZ,1/7/2013,12/5/2016,106,0,0,0
10/5/2014,2014/2015,Everton,Manchester Utd,0,1,2,ROBERTO MARTINEZ,1/7/2013,12/5/2016,107,0,0,0
10/18/2014,2014/2015,Everton,Aston Villa,1,3,0,ROBERTO MARTINEZ,1/7/2013,12/5/2016,108,0,0,0
10/26/2014,2014/2015,Everton,Burnley,0,3,1,ROBERTO MARTINEZ,1/7/2013,12/5/2016,109,0,0,0
11/1/2014,2014/2015,Everton,Swansea City,1,0,0,ROBERTO MARTINEZ,1/7/2013,12/5/2016,110,0,0,0
11/9/2014,2014/2015,Everton,Sunderland,0,1,1,ROBERTO MARTINEZ,1/7/2013,12/5/2016,111,0,0,0
11/22/2014,2014/2015,Everton,West Ham,1,2,1,ROBERTO MARTINEZ,1/7/2013,12/5/2016,112,0,0,0
11/30/2014,2014/2015,Everton,Tottenham,0,1,2,ROBERTO MARTINEZ,1/7/2013,12/5/2016,113,0,0,0
12/3/2014,2014/2015,Everton,Hull City,1,1,1,ROBERTO MARTINEZ,1/7/2013,12/5/2016,114,0,0,0
12/6/2014,2014/2015,Everton,Manchester City,0,0,1,ROBERTO MARTINEZ,1/7/2013,12/5/2016,115,0,0,0
12/15/2014,2014/2015,Everton,QPR,1,3,1,ROBERTO MARTINEZ,1/7/2013,12/5/2016,116,0,0,0
12/20/2014,2014/2015,Everton,Southampton,0,0,3,ROBERTO MARTINEZ,1/7/2013,12/5/2016,117,0,0,0
12/26/2014,2014/2015,Everton,Stoke City,1,0,1,ROBERTO MARTINEZ,1/7/2013,12/5/2016,118,0,0,0
12/28/2014,2014/2015,Everton,Newcastle Utd,0,2,3,ROBERTO MARTINEZ,1/7/2013,12/5/2016,119,0,0,0
1/1/2015,2014/2015,Everton,Hull City,0,0,2,ROBERTO MARTINEZ,1/7/2013,12/5/2016,120,0,0,0
1/10/2015,2014/2015,Everton,Manchester City,1,1,1,ROBERTO MARTINEZ,1/7/2013,12/5/2016,121,0,0,0
1/19/2015,2014/2015,Everton,West Brom,1,0,0,ROBERTO MARTINEZ,1/7/2013,12/5/2016,122,0,0,0
1/31/2015,2014/2015,Everton,Crystal Palace,0,1,0,ROBERTO MARTINEZ,1/7/2013,12/5/2016,123,0,0,0
2/7/2015,2014/2015,Everton,Liverpool,1,0,0,ROBERTO MARTINEZ,1/7/2013,12/5/2016,124,0,0,0
2/11/2015,2014/2015,Everton,Chelsea,0,0,1,ROBERTO MARTINEZ,1/7/2013,12/5/2016,125,0,0,0
2/22/2015,2014/2015,Everton,Leicester City,1,2,2,ROBERTO MARTINEZ,1/7/2013,12/5/2016,126,0,0,0
3/1/2015,2014/2015,Everton,Arsenal,0,0,2,ROBERTO MARTINEZ,1/7/2013,12/5/2016,127,0,0,0
3/4/2015,2014/2015,Everton,Stoke City,0,0,2,ROBERTO MARTINEZ,1/7/2013,12/5/2016,128,0,0,0
3/15/2015,2014/2015,Everton,Newcastle Utd,1,3,0,ROBERTO MARTINEZ,1/7/2013,12/5/2016,129,0,0,0
3/22/2015,2014/2015,Everton,QPR,0,2,1,ROBERTO MARTINEZ,1/7/2013,12/5/2016,130,0,0,0
4/4/2015,2014/2015,Everton,Southampton,1,1,0,ROBERTO MARTINEZ,1/7/2013,12/5/2016,131,0,0,0
4/11/2015,2014/2015,Everton,Swansea City,0,1,1,ROBERTO MARTINEZ,1/7/2013,12/5/2016,132,0,0,0
4/18/2015,2014/2015,Everton,Burnley,1,1,0,ROBERTO MARTINEZ,1/7/2013,12/5/2016,133,0,0,0
4/26/2015,2014/2015,Everton,Manchester Utd,1,3,0,ROBERTO MARTINEZ,1/7/2013,12/5/2016,134,0,0,0
5/2/2015,2014/2015,Everton,Aston Villa,0,2,3,ROBERTO MARTINEZ,1/7/2013,12/5/2016,135,0,0,0
5/9/2015,2014/2015,Everton,Sunderland,1,0,2,ROBERTO MARTINEZ,1/7/2013,12/5/2016,136,0,0,0
5/16/2015,2014/2015,Everton,West Ham,0,2,1,ROBERTO MARTINEZ,1/7/2013,12/5/2016,137,0,0,0
5/24/2015,2014/2015,Everton,Tottenham,1,0,1,ROBERTO MARTINEZ,1/7/2013,12/5/2016,138,0,0,0
8/8/2015,2015/2016,Everton,Watford,1,2,2,ROBERTO MARTINEZ,1/7/2013,12/5/2016,139,0,0,0
8/15/2015,2015/2016,Everton,Southampton,0,3,0,ROBERTO MARTINEZ,1/7/2013,12/5/2016,140,0,0,0
8/23/2015,2015/2016,Everton,Manchester City,1,0,2,ROBERTO MARTINEZ,1/7/2013,12/5/2016,141,0,0,0
8/29/2015,2015/2016,Everton,Tottenham,0,0,0,ROBERTO MARTINEZ,1/7/2013,12/5/2016,142,0,0,0
9/12/2015,2015/2016,Everton,Chelsea,1,3,1,ROBERTO MARTINEZ,1/7/2013,12/5/2016,143,0,0,0
9/19/2015,2015/2016,Everton,Swansea City,0,0,0,ROBERTO MARTINEZ,1/7/2013,12/5/2016,144,0,0,0
9/28/2015,2015/2016,Everton,West Brom,0,3,2,ROBERTO MARTINEZ,1/7/2013,12/5/2016,145,0,0,0
10/4/2015,2015/2016,Everton,Liverpool,1,1,1,ROBERTO MARTINEZ,1/7/2013,12/5/2016,146,0,0,0
10/17/2015,2015/2016,Everton,Manchester Utd,1,0,3,ROBERTO MARTINEZ,1/7/2013,12/5/2016,147,0,0,0
10/24/2015,2015/2016,Everton,Arsenal,0,1,2,ROBERTO MARTINEZ,1/7/2013,12/5/2016,148,0,0,0
11/1/2015,2015/2016,Everton,Sunderland,1,6,2,ROBERTO MARTINEZ,1/7/2013,12/5/2016,149,0,0,0
11/7/2015,2015/2016,Everton,West Ham,0,1,1,ROBERTO MARTINEZ,1/7/2013,12/5/2016,150,0,0,0
11/21/2015,2015/2016,Everton,Aston Villa,1,4,0,ROBERTO MARTINEZ,1/7/2013,12/5/2016,151,0,0,0
11/28/2015,2015/2016,Everton,Bournemouth,0,3,3,ROBERTO MARTINEZ,1/7/2013,12/5/2016,152,0,0,0
12/7/2015,2015/2016,Everton,Crystal Palace,1,1,1,ROBERTO MARTINEZ,1/7/2013,12/5/2016,153,0,0,0
12/12/2015,2015/2016,Everton,Norwich City,0,1,1,ROBERTO MARTINEZ,1/7/2013,12/5/2016,154,0,0,0
12/19/2015,2015/2016,Everton,Leicester City,1,2,3,ROBERTO MARTINEZ,1/7/2013,12/5/2016,155,0,0,0
12/26/2015,2015/2016,Everton,Newcastle Utd,0,1,0,ROBERTO MARTINEZ,1/7/2013,12/5/2016,156,0,0,0
12/28/2015,2015/2016,Everton,Stoke City,1,3,4,ROBERTO MARTINEZ,1/7/2013,12/5/2016,157,0,0,0
1/3/2016,2015/2016,Everton,Tottenham,1,1,1,ROBERTO MARTINEZ,1/7/2013,12/5/2016,158,0,0,0
1/13/2016,2015/2016,Everton,Manchester City,0,0,0,RONALD KOEMAN,1/7/2016,1/1/2100,1,1,0,0
1/16/2016,2015/2016,Everton,Chelsea,0,3,3,RONALD KOEMAN,1/7/2016,1/1/2100,2,1,0,0
1/24/2016,2015/2016,Everton,Swansea City,1,1,2,RONALD KOEMAN,1/7/2016,1/1/2100,3,1,0,0
2/3/2016,2015/2016,Everton,Newcastle Utd,1,3,0,RONALD KOEMAN,1/7/2016,1/1/2100,4,0,1,0
2/6/2016,2015/2016,Everton,Stoke City,0,3,0,RONALD KOEMAN,1/7/2016,1/1/2100,5,0,1,0
2/13/2016,2015/2016,Everton,West Brom,1,0,1,RONALD KOEMAN,1/7/2016,1/1/2100,6,0,1,0
3/1/2016,2015/2016,Everton,Aston Villa,0,3,1,RONALD KOEMAN,1/7/2016,1/1/2100,7,0,0,1
3/5/2016,2015/2016,Everton,West Ham,1,2,3,RONALD KOEMAN,1/7/2016,1/1/2100,8,0,0,1
3/19/2016,2015/2016,Everton,Arsenal,1,0,2,RONALD KOEMAN,1/7/2016,1/1/2100,9,0,0,1
4/3/2016,2015/2016,Everton,Manchester Utd,0,0,1,RONALD KOEMAN,1/7/2016,1/1/2100,10,0,0,1
4/9/2016,2015/2016,Everton,Watford,0,1,1,RONALD KOEMAN,1/7/2016,1/1/2100,11,0,0,0
4/13/2016,2015/2016,Everton,Crystal Palace,0,0,0,RONALD KOEMAN,1/7/2016,1/1/2100,12,0,0,0
4/16/2016,2015/2016,Everton,Southampton,1,1,1,RONALD KOEMAN,1/7/2016,1/1/2100,13,0,0,0
4/20/2016,2015/2016,Everton,Liverpool,0,0,4,RONALD KOEMAN,1/7/2016,1/1/2100,14,0,0,0
4/30/2016,2015/2016,Everton,Bournemouth,1,2,1,RONALD KOEMAN,1/7/2016,1/1/2100,15,0,0,0
5/7/2016,2015/2016,Everton,Leicester City,0,1,3,RONALD KOEMAN,1/7/2016,1/1/2100,16,0,0,0
5/11/2016,2015/2016,Everton,Sunderland,0,0,3,RONALD KOEMAN,1/7/2016,1/1/2100,17,0,0,0
5/15/2016,2015/2016,Everton,Norwich City,1,3,0,RONALD KOEMAN,1/7/2016,1/1/2100,18,0,0,0
8/13/2016,2016/2017,Everton,Tottenham,1,1,1,RONALD KOEMAN,1/7/2016,1/1/2100,19,0,0,0
8/20/2016,2016/2017,Everton,West Brom,0,2,1,RONALD KOEMAN,1/7/2016,1/1/2100,20,0,0,0
8/27/2016,2016/2017,Everton,Stoke City,1,1,0,RONALD KOEMAN,1/7/2016,1/1/2100,21,0,0,0
9/12/2016,2016/2017,Everton,Sunderland,0,3,0,RONALD KOEMAN,1/7/2016,1/1/2100,22,0,0,0
9/17/2016,2016/2017,Everton,Middlesbrough,1,3,1,RONALD KOEMAN,1/7/2016,1/1/2100,23,0,0,0
9/24/2016,2016/2017,Everton,Bournemouth,0,0,1,RONALD KOEMAN,1/7/2016,1/1/2100,24,0,0,0
9/30/2016,2016/2017,Everton,Crystal Palace,1,1,1,RONALD KOEMAN,1/7/2016,1/1/2100,25,0,0,0
10/15/2016,2016/2017,Everton,Manchester City,0,1,1,RONALD KOEMAN,1/7/2016,1/1/2100,26,0,0,0
10/22/2016,2016/2017,Everton,Burnley,0,1,2,RONALD KOEMAN,1/7/2016,1/1/2100,27,0,0,0
10/30/2016,2016/2017,Everton,West Ham,1,2,0,RONALD KOEMAN,1/7/2016,1/1/2100,28,0,0,0
11/5/2016,2016/2017,Everton,Chelsea,0,0,5,RONALD KOEMAN,1/7/2016,1/1/2100,29,0,0,0
11/19/2016,2016/2017,Everton,Swansea City,1,1,1,RONALD KOEMAN,1/7/2016,1/1/2100,30,0,0,0
11/27/2016,2016/2017,Everton,Southampton,0,0,1,RONALD KOEMAN,1/7/2016,1/1/2100,31,0,0,0
12/4/2016,2016/2017,Everton,Manchester Utd,1,1,1,RONALD KOEMAN,1/7/2016,1/1/2100,32,0,0,0
12/2/2017,2017/2018,Everton,Huddersfield,1,2,0,SAM ALLARDYCE,11/30/2017,1/1/2100,1,1,0,0
12/10/2017,2017/2018,Everton,Liverpool,0,1,1,SAM ALLARDYCE,11/30/2017,1/1/2100,2,1,0,0
12/13/2017,2017/2018,Everton,Newcastle Utd,0,1,0,SAM ALLARDYCE,11/30/2017,1/1/2100,3,1,0,0
12/18/2017,2017/2018,Everton,Swansea City,1,3,1,SAM ALLARDYCE,11/30/2017,1/1/2100,4,0,1,0
12/23/2017,2017/2018,Everton,Chelsea,1,0,0,SAM ALLARDYCE,11/30/2017,1/1/2100,5,0,1,0
12/26/2017,2017/2018,Everton,West Brom,0,0,0,SAM ALLARDYCE,11/30/2017,1/1/2100,6,0,1,0
12/30/2017,2017/2018,Everton,Bournemouth,0,1,2,SAM ALLARDYCE,11/30/2017,1/1/2100,7,0,0,1
1/1/2018,2017/2018,Everton,Manchester Utd,1,0,2,SAM ALLARDYCE,11/30/2017,1/1/2100,8,0,0,1
2/4/2023,2022/2023,Everton,Arsenal,1,1,0,SEAN DYCHE,1/30/2023,9/1/2025,1,1,0,0
2/13/2023,2022/2023,Everton,Liverpool,0,0,2,SEAN DYCHE,1/30/2023,9/1/2025,2,1,0,0
2/18/2023,2022/2023,Everton,Leeds United,1,1,0,SEAN DYCHE,1/30/2023,9/1/2025,3,1,0,0
2/25/2023,2022/2023,Everton,Aston Villa,1,0,2,SEAN DYCHE,1/30/2023,9/1/2025,4,0,1,0
3/1/2023,2022/2023,Everton,Arsenal,0,0,4,SEAN DYCHE,1/30/2023,9/1/2025,5,0,1,0
3/5/2023,2022/2023,Everton,Nott'ham Forest,0,2,2,SEAN DYCHE,1/30/2023,9/1/2025,6,0,1,0
3/11/2023,2022/2023,Everton,Brentford,1,1,0,SEAN DYCHE,1/30/2023,9/1/2025,7,0,0,1
3/18/2023,2022/2023,Everton,Chelsea,0,2,2,SEAN DYCHE,1/30/2023,9/1/2025,8,0,0,1
4/3/2023,2022/2023,Everton,Tottenham,1,1,1,SEAN DYCHE,1/30/2023,9/1/2025,9,0,0,1
4/8/2023,2022/2023,Everton,Manchester Utd,0,0,2,SEAN DYCHE,1/30/2023,9/1/2025,10,0,0,1
4/15/2023,2022/2023,Everton,Fulham,1,1,3,SEAN DYCHE,1/30/2023,9/1/2025,11,0,0,0
4/22/2023,2022/2023,Everton,Crystal Palace,0,0,0,SEAN DYCHE,1/30/2023,9/1/2025,12,0,0,0
4/27/2023,2022/2023,Everton,Newcastle Utd,1,1,4,SEAN DYCHE,1/30/2023,9/1/2025,13,0,0,0
5/1/2023,2022/2023,Everton,Leicester City,0,2,2,SEAN DYCHE,1/30/2023,9/1/2025,14,0,0,0
5/8/2023,2022/2023,Everton,Brighton,0,5,1,SEAN DYCHE,1/30/2023,9/1/2025,15,0,0,0
5/14/2023,2022/2023,Everton,Manchester City,1,0,3,SEAN DYCHE,1/30/2023,9/1/2025,16,0,0,0
5/20/2023,2022/2023,Everton,Wolves,0,1,1,SEAN DYCHE,1/30/2023,9/1/2025,17,0,0,0
5/28/2023,2022/2023,Everton,Bournemouth,1,1,0,SEAN DYCHE,1/30/2023,9/1/2025,18,0,0,0
8/12/2023,2023/2024,Everton,Fulham,1,0,1,SEAN DYCHE,1/30/2023,9/1/2025,19,0,0,0
8/20/2023,2023/2024,Everton,Aston Villa,0,0,4,SEAN DYCHE,1/30/2023,9/1/2025,20,0,0,0
8/26/2023,2023/2024,Everton,Wolves,1,0,1,SEAN DYCHE,1/30/2023,9/1/2025,21,0,0,0
9/2/2023,2023/2024,Everton,Sheffield Utd,0,2,2,SEAN DYCHE,1/30/2023,9/1/2025,22,0,0,0
9/17/2023,2023/2024,Everton,Arsenal,1,0,1,SEAN DYCHE,1/30/2023,9/1/2025,23,0,0,0
9/23/2023,2023/2024,Everton,Brentford,0,3,1,SEAN DYCHE,1/30/2023,9/1/2025,24,0,0,0
9/30/2023,2023/2024,Everton,Luton Town,1,1,2,SEAN DYCHE,1/30/2023,9/1/2025,25,0,0,0
10/7/2023,2023/2024,Everton,Bournemouth,1,3,0,SEAN DYCHE,1/30/2023,9/1/2025,26,0,0,0
10/21/2023,2023/2024,Everton,Liverpool,0,0,2,SEAN DYCHE,1/30/2023,9/1/2025,27,0,0,0
10/29/2023,2023/2024,Everton,West Ham,0,1,0,SEAN DYCHE,1/30/2023,9/1/2025,28,0,0,0
11/4/2023,2023/2024,Everton,Brighton,1,1,1,SEAN DYCHE,1/30/2023,9/1/2025,29,0,0,0
11/11/2023,2023/2024,Everton,Crystal Palace,0,3,2,SEAN DYCHE,1/30/2023,9/1/2025,30,0,0,0
11/26/2023,2023/2024,Everton,Manchester Utd,1,0,3,SEAN DYCHE,1/30/2023,9/1/2025,31,0,0,0
12/2/2023,2023/2024,Everton,Nott'ham Forest,0,1,0,SEAN DYCHE,1/30/2023,9/1/2025,32,0,0,0
12/7/2023,2023/2024,Everton,Newcastle Utd,1,3,0,SEAN DYCHE,1/30/2023,9/1/2025,33,0,0,0
12/10/2023,2023/2024,Everton,Chelsea,1,2,0,SEAN DYCHE,1/30/2023,9/1/2025,34,0,0,0
12/16/2023,2023/2024,Everton,Burnley,0,2,0,SEAN DYCHE,1/30/2023,9/1/2025,35,0,0,0
12/23/2023,2023/2024,Everton,Tottenham,0,1,2,SEAN DYCHE,1/30/2023,9/1/2025,36,0,0,0
12/27/2023,2023/2024,Everton,Manchester City,1,1,3,SEAN DYCHE,1/30/2023,9/1/2025,37,0,0,0
12/30/2023,2023/2024,Everton,Wolves,0,0,3,SEAN DYCHE,1/30/2023,9/1/2025,38,0,0,0
1/14/2024,2023/2024,Everton,Aston Villa,1,0,0,SEAN DYCHE,1/30/2023,9/1/2025,39,0,0,0
1/30/2024,2023/2024,Everton,Fulham,0,0,0,SEAN DYCHE,1/30/2023,9/1/2025,40,0,0,0
2/3/2024,2023/2024,Everton,Tottenham,1,2,2,SEAN DYCHE,1/30/2023,9/1/2025,41,0,0,0
2/10/2024,2023/2024,Everton,Manchester City,0,0,2,SEAN DYCHE,1/30/2023,9/1/2025,42,0,0,0
2/19/2024,2023/2024,Everton,Crystal Palace,1,1,1,SEAN DYCHE,1/30/2023,9/1/2025,43,0,0,0
2/24/2024,2023/2024,Everton,Brighton,0,1,1,SEAN DYCHE,1/30/2023,9/1/2025,44,0,0,0
3/2/2024,2023/2024,Everton,West Ham,1,1,3,SEAN DYCHE,1/30/2023,9/1/2025,45,0,0,0
3/9/2024,2023/2024,Everton,Manchester Utd,0,0,2,SEAN DYCHE,1/30/2023,9/1/2025,46,0,0,0
3/30/2024,2023/2024,Everton,Bournemouth,0,1,2,SEAN DYCHE,1/30/2023,9/1/2025,47,0,0,0
4/2/2024,2023/2024,Everton,Newcastle Utd,0,1,1,SEAN DYCHE,1/30/2023,9/1/2025,48,0,0,0
4/6/2024,2023/2024,Everton,Burnley,1,1,0,SEAN DYCHE,1/30/2023,9/1/2025,49,0,0,0
4/15/2024,2023/2024,Everton,Chelsea,0,0,6,SEAN DYCHE,1/30/2023,9/1/2025,50,0,0,0
4/21/2024,2023/2024,Everton,Nott'ham Forest,1,2,0,SEAN DYCHE,1/30/2023,9/1/2025,51,0,0,0
4/24/2024,2023/2024,Everton,Liverpool,1,2,0,SEAN DYCHE,1/30/2023,9/1/2025,52,0,0,0
4/27/2024,2023/2024,Everton,Brentford,1,1,0,SEAN DYCHE,1/30/2023,9/1/2025,53,0,0,0
5/3/2024,2023/2024,Everton,Luton Town,0,1,1,SEAN DYCHE,1/30/2023,9/1/2025,54,0,0,0
5/11/2024,2023/2024,Everton,Sheffield Utd,1,1,0,SEAN DYCHE,1/30/2023,9/1/2025,55,0,0,0
5/19/2024,2023/2024,Everton,Arsenal,0,1,2,SEAN DYCHE,1/30/2023,9/1/2025,56,0,0,0
11/24/2018,2018/2019,Fulham,Southampton,1,3,2,CLAUDIO RANIERI,11/14/2018,1/1/2100,1,1,0,0
12/2/2018,2018/2019,Fulham,Chelsea,0,0,2,CLAUDIO RANIERI,11/14/2018,1/1/2100,2,1,0,0
12/5/2018,2018/2019,Fulham,Leicester City,1,1,1,CLAUDIO RANIERI,11/14/2018,1/1/2100,3,1,0,0
12/8/2018,2018/2019,Fulham,Manchester Utd,0,1,4,CLAUDIO RANIERI,11/14/2018,1/1/2100,4,0,1,0
12/15/2018,2018/2019,Fulham,West Ham,1,0,2,CLAUDIO RANIERI,11/14/2018,1/1/2100,5,0,1,0
12/22/2018,2018/2019,Fulham,Newcastle Utd,0,0,0,CLAUDIO RANIERI,11/14/2018,1/1/2100,6,0,1,0
12/26/2018,2018/2019,Fulham,Wolves,1,1,1,CLAUDIO RANIERI,11/14/2018,1/1/2100,7,0,0,1
12/29/2018,2018/2019,Fulham,Huddersfield,1,1,0,CLAUDIO RANIERI,11/14/2018,1/1/2100,8,0,0,1
1/1/2019,2018/2019,Fulham,Arsenal,0,1,4,CLAUDIO RANIERI,11/14/2018,1/1/2100,9,0,0,1
1/12/2019,2018/2019,Fulham,Burnley,0,1,2,CLAUDIO RANIERI,11/14/2018,1/1/2100,10,0,0,1
1/20/2019,2018/2019,Fulham,Tottenham,1,1,2,CLAUDIO RANIERI,11/14/2018,1/1/2100,11,0,0,0
1/29/2019,2018/2019,Fulham,Brighton,1,4,2,CLAUDIO RANIERI,11/14/2018,1/1/2100,12,0,0,0
2/2/2019,2018/2019,Fulham,Crystal Palace,0,0,2,CLAUDIO RANIERI,11/14/2018,1/1/2100,13,0,0,0
2/9/2019,2018/2019,Fulham,Manchester Utd,1,0,3,CLAUDIO RANIERI,11/14/2018,1/1/2100,14,0,0,0
2/22/2019,2018/2019,Fulham,West Ham,0,1,3,CLAUDIO RANIERI,11/14/2018,1/1/2100,15,0,0,0
2/27/2019,2018/2019,Fulham,Southampton,0,0,2,CLAUDIO RANIERI,11/14/2018,1/1/2100,16,0,0,0
1/13/2021,2020/2021,Fulham,Tottenham,0,1,1,MARCO SILVA,1/7/2021,1/1/2100,1,1,0,0
1/16/2021,2020/2021,Fulham,Chelsea,1,0,1,MARCO SILVA,1/7/2021,1/1/2100,2,1,0,0
1/20/2021,2020/2021,Fulham,Manchester Utd,1,1,2,MARCO SILVA,1/7/2021,1/1/2100,3,1,0,0
1/27/2021,2020/2021,Fulham,Brighton,0,0,0,MARCO SILVA,1/7/2021,1/1/2100,4,0,1,0
1/30/2021,2020/2021,Fulham,West Brom,0,2,2,MARCO SILVA,1/7/2021,1/1/2100,5,0,1,0
2/3/2021,2020/2021,Fulham,Leicester City,1,0,2,MARCO SILVA,1/7/2021,1/1/2100,6,0,1,0
2/6/2021,2020/2021,Fulham,West Ham,1,0,0,MARCO SILVA,1/7/2021,1/1/2100,7,0,0,1
2/14/2021,2020/2021,Fulham,Everton,0,2,0,MARCO SILVA,1/7/2021,1/1/2100,8,0,0,1
2/17/2021,2020/2021,Fulham,Burnley,0,1,1,MARCO SILVA,1/7/2021,1/1/2100,9,0,0,1
2/20/2021,2020/2021,Fulham,Sheffield Utd,1,1,0,MARCO SILVA,1/7/2021,1/1/2100,10,0,0,1
2/28/2021,2020/2021,Fulham,Crystal Palace,0,0,0,MARCO SILVA,1/7/2021,1/1/2100,11,0,0,0
3/4/2021,2020/2021,Fulham,Tottenham,1,0,1,MARCO SILVA,1/7/2021,1/1/2100,12,0,0,0
3/7/2021,2020/2021,Fulham,Liverpool,0,1,0,MARCO SILVA,1/7/2021,1/1/2100,13,0,0,0
3/13/2021,2020/2021,Fulham,Manchester City,1,0,3,MARCO SILVA,1/7/2021,1/1/2100,14,0,0,0
3/19/2021,2020/2021,Fulham,Leeds United,1,1,2,MARCO SILVA,1/7/2021,1/1/2100,15,0,0,0
4/4/2021,2020/2021,Fulham,Aston Villa,0,1,3,MARCO SILVA,1/7/2021,1/1/2100,16,0,0,0
4/9/2021,2020/2021,Fulham,Wolves,1,0,1,MARCO SILVA,1/7/2021,1/1/2100,17,0,0,0
4/18/2021,2020/2021,Fulham,Arsenal,0,1,1,MARCO SILVA,1/7/2021,1/1/2100,18,0,0,0
5/1/2021,2020/2021,Fulham,Chelsea,0,0,2,MARCO SILVA,1/7/2021,1/1/2100,19,0,0,0
5/10/2021,2020/2021,Fulham,Burnley,1,0,2,MARCO SILVA,1/7/2021,1/1/2100,20,0,0,0
5/15/2021,2020/2021,Fulham,Southampton,0,1,3,MARCO SILVA,1/7/2021,1/1/2100,21,0,0,0
5/18/2021,2020/2021,Fulham,Manchester Utd,0,1,1,MARCO SILVA,1/7/2021,1/1/2100,22,0,0,0
5/23/2021,2020/2021,Fulham,Newcastle Utd,1,0,2,MARCO SILVA,1/7/2021,1/1/2100,23,0,0,0
8/6/2022,2022/2023,Fulham,Liverpool,1,2,2,MARCO SILVA,1/7/2021,1/1/2100,24,0,0,0
8/13/2022,2022/2023,Fulham,Wolves,0,0,0,MARCO SILVA,1/7/2021,1/1/2100,25,0,0,0
8/20/2022,2022/2023,Fulham,Brentford,1,3,2,MARCO SILVA,1/7/2021,1/1/2100,26,0,0,0
8/27/2022,2022/2023,Fulham,Arsenal,0,1,2,MARCO SILVA,1/7/2021,1/1/2100,27,0,0,0
8/30/2022,2022/2023,Fulham,Brighton,1,2,1,MARCO SILVA,1/7/2021,1/1/2100,28,0,0,0
9/3/2022,2022/2023,Fulham,Tottenham,0,1,2,MARCO SILVA,1/7/2021,1/1/2100,29,0,0,0
9/16/2022,2022/2023,Fulham,Nott'ham Forest,0,3,2,MARCO SILVA,1/7/2021,1/1/2100,30,0,0,0
10/1/2022,2022/2023,Fulham,Newcastle Utd,1,1,4,MARCO SILVA,1/7/2021,1/1/2100,31,0,0,0
10/9/2022,2022/2023,Fulham,West Ham,0,1,3,MARCO SILVA,1/7/2021,1/1/2100,32,0,0,0
10/15/2022,2022/2023,Fulham,Bournemouth,1,2,2,MARCO SILVA,1/7/2021,1/1/2100,33,0,0,0
10/20/2022,2022/2023,Fulham,Aston Villa,1,3,0,MARCO SILVA,1/7/2021,1/1/2100,34,0,0,0
10/23/2022,2022/2023,Fulham,Leeds United,0,3,2,MARCO SILVA,1/7/2021,1/1/2100,35,0,0,0
10/29/2022,2022/2023,Fulham,Everton,1,0,0,MARCO SILVA,1/7/2021,1/1/2100,36,0,0,0
11/5/2022,2022/2023,Fulham,Manchester City,0,1,2,MARCO SILVA,1/7/2021,1/1/2100,37,0,0,0
11/13/2022,2022/2023,Fulham,Manchester Utd,1,1,2,MARCO SILVA,1/7/2021,1/1/2100,38,0,0,0
12/26/2022,2022/2023,Fulham,Crystal Palace,0,3,0,MARCO SILVA,1/7/2021,1/1/2100,39,0,0,0
12/31/2022,2022/2023,Fulham,Southampton,1,2,1,MARCO SILVA,1/7/2021,1/1/2100,40,0,0,0
1/3/2023,2022/2023,Fulham,Leicester City,0,1,0,MARCO SILVA,1/7/2021,1/1/2100,41,0,0,0
1/12/2023,2022/2023,Fulham,Chelsea,1,2,1,MARCO SILVA,1/7/2021,1/1/2100,42,0,0,0
1/15/2023,2022/2023,Fulham,Newcastle Utd,0,0,1,MARCO SILVA,1/7/2021,1/1/2100,43,0,0,0
1/23/2023,2022/2023,Fulham,Tottenham,1,0,1,MARCO SILVA,1/7/2021,1/1/2100,44,0,0,0
2/3/2023,2022/2023,Fulham,Chelsea,0,0,0,MARCO SILVA,1/7/2021,1/1/2100,45,0,0,0
2/11/2023,2022/2023,Fulham,Nott'ham Forest,1,2,0,MARCO SILVA,1/7/2021,1/1/2100,46,0,0,0
2/18/2023,2022/2023,Fulham,Brighton,0,1,0,MARCO SILVA,1/7/2021,1/1/2100,47,0,0,0
2/24/2023,2022/2023,Fulham,Wolves,1,1,1,MARCO SILVA,1/7/2021,1/1/2100,48,0,0,0
3/6/2023,2022/2023,Fulham,Brentford,0,2,3,MARCO SILVA,1/7/2021,1/1/2100,49,0,0,0
3/12/2023,2022/2023,Fulham,Arsenal,1,0,3,MARCO SILVA,1/7/2021,1/1/2100,50,0,0,0
4/1/2023,2022/2023,Fulham,Bournemouth,0,1,2,MARCO SILVA,1/7/2021,1/1/2100,51,0,0,0
4/8/2023,2022/2023,Fulham,West Ham,1,0,1,MARCO SILVA,1/7/2021,1/1/2100,52,0,0,0
4/15/2023,2022/2023,Fulham,Everton,0,3,1,MARCO SILVA,1/7/2021,1/1/2100,53,0,0,0
4/22/2023,2022/2023,Fulham,Leeds United,1,2,1,MARCO SILVA,1/7/2021,1/1/2100,54,0,0,0
4/25/2023,2022/2023,Fulham,Aston Villa,0,0,1,MARCO SILVA,1/7/2021,1/1/2100,55,0,0,0
4/30/2023,2022/2023,Fulham,Manchester City,1,1,2,MARCO SILVA,1/7/2021,1/1/2100,56,0,0,0
5/3/2023,2022/2023,Fulham,Liverpool,0,0,1,MARCO SILVA,1/7/2021,1/1/2100,57,0,0,0
5/8/2023,2022/2023,Fulham,Leicester City,1,5,3,MARCO SILVA,1/7/2021,1/1/2100,58,0,0,0
5/13/2023,2022/2023,Fulham,Southampton,0,2,0,MARCO SILVA,1/7/2021,1/1/2100,59,0,0,0
5/20/2023,2022/2023,Fulham,Crystal Palace,1,2,2,MARCO SILVA,1/7/2021,1/1/2100,60,0,0,0
5/28/2023,2022/2023,Fulham,Manchester Utd,0,1,2,MARCO SILVA,1/7/2021,1/1/2100,61,0,0,0
8/12/2023,2023/2024,Fulham,Everton,0,1,0,MARCO SILVA,1/7/2021,1/1/2100,62,0,0,0
8/19/2023,2023/2024,Fulham,Brentford,1,0,3,MARCO SILVA,1/7/2021,1/1/2100,63,0,0,0
8/26/2023,2023/2024,Fulham,Arsenal,0,2,2,MARCO SILVA,1/7/2021,1/1/2100,64,0,0,0
9/2/2023,2023/2024,Fulham,Manchester City,0,1,5,MARCO SILVA,1/7/2021,1/1/2100,65,0,0,0
9/16/2023,2023/2024,Fulham,Luton Town,1,1,0,MARCO SILVA,1/7/2021,1/1/2100,66,0,0,0
9/23/2023,2023/2024,Fulham,Crystal Palace,0,0,0,MARCO SILVA,1/7/2021,1/1/2100,67,0,0,0
10/2/2023,2023/2024,Fulham,Chelsea,1,0,2,MARCO SILVA,1/7/2021,1/1/2100,68,0,0,0
10/7/2023,2023/2024,Fulham,Sheffield Utd,1,3,1,MARCO SILVA,1/7/2021,1/1/2100,69,0,0,0
10/23/2023,2023/2024,Fulham,Tottenham,0,0,2,MARCO SILVA,1/7/2021,1/1/2100,70,0,0,0
10/29/2023,2023/2024,Fulham,Brighton,0,1,1,MARCO SILVA,1/7/2021,1/1/2100,71,0,0,0
11/4/2023,2023/2024,Fulham,Manchester Utd,1,0,1,MARCO SILVA,1/7/2021,1/1/2100,72,0,0,0
11/12/2023,2023/2024,Fulham,Aston Villa,0,1,3,MARCO SILVA,1/7/2021,1/1/2100,73,0,0,0
11/27/2023,2023/2024,Fulham,Wolves,1,3,2,MARCO SILVA,1/7/2021,1/1/2100,74,0,0,0
12/3/2023,2023/2024,Fulham,Liverpool,0,3,4,MARCO SILVA,1/7/2021,1/1/2100,75,0,0,0
12/6/2023,2023/2024,Fulham,Nott'ham Forest,1,5,0,MARCO SILVA,1/7/2021,1/1/2100,76,0,0,0
12/10/2023,2023/2024,Fulham,West Ham,1,5,0,MARCO SILVA,1/7/2021,1/1/2100,77,0,0,0
12/16/2023,2023/2024,Fulham,Newcastle Utd,0,0,3,MARCO SILVA,1/7/2021,1/1/2100,78,0,0,0
12/23/2023,2023/2024,Fulham,Burnley,1,0,2,MARCO SILVA,1/7/2021,1/1/2100,79,0,0,0
12/26/2023,2023/2024,Fulham,Bournemouth,0,0,3,MARCO SILVA,1/7/2021,1/1/2100,80,0,0,0
12/31/2023,2023/2024,Fulham,Arsenal,1,2,1,MARCO SILVA,1/7/2021,1/1/2100,81,0,0,0
1/13/2024,2023/2024,Fulham,Chelsea,0,0,1,MARCO SILVA,1/7/2021,1/1/2100,82,0,0,0
1/30/2024,2023/2024,Fulham,Everton,1,0,0,MARCO SILVA,1/7/2021,1/1/2100,83,0,0,0
2/3/2024,2023/2024,Fulham,Burnley,0,2,2,MARCO SILVA,1/7/2021,1/1/2100,84,0,0,0
2/10/2024,2023/2024,Fulham,Bournemouth,1,3,1,MARCO SILVA,1/7/2021,1/1/2100,85,0,0,0
2/17/2024,2023/2024,Fulham,Aston Villa,1,1,2,MARCO SILVA,1/7/2021,1/1/2100,86,0,0,0
2/24/2024,2023/2024,Fulham,Manchester Utd,0,2,1,MARCO SILVA,1/7/2021,1/1/2100,87,0,0,0
3/2/2024,2023/2024,Fulham,Brighton,1,3,0,MARCO SILVA,1/7/2021,1/1/2100,88,0,0,0
3/9/2024,2023/2024,Fulham,Wolves,0,1,2,MARCO SILVA,1/7/2021,1/1/2100,89,0,0,0
3/16/2024,2023/2024,Fulham,Tottenham,1,3,0,MARCO SILVA,1/7/2021,1/1/2100,90,0,0,0
3/30/2024,2023/2024,Fulham,Sheffield Utd,0,3,3,MARCO SILVA,1/7/2021,1/1/2100,91,0,0,0
4/2/2024,2023/2024,Fulham,Nott'ham Forest,0,1,3,MARCO SILVA,1/7/2021,1/1/2100,92,0,0,0
4/6/2024,2023/2024,Fulham,Newcastle Utd,1,0,1,MARCO SILVA,1/7/2021,1/1/2100,93,0,0,0
4/14/2024,2023/2024,Fulham,West Ham,0,2,0,MARCO SILVA,1/7/2021,1/1/2100,94,0,0,0
4/21/2024,2023/2024,Fulham,Liverpool,1,1,3,MARCO SILVA,1/7/2021,1/1/2100,95,0,0,0
4/27/2024,2023/2024,Fulham,Crystal Palace,1,1,1,MARCO SILVA,1/7/2021,1/1/2100,96,0,0,0
5/4/2024,2023/2024,Fulham,Brentford,0,0,0,MARCO SILVA,1/7/2021,1/1/2100,97,0,0,0
5/11/2024,2023/2024,Fulham,Manchester City,1,0,4,MARCO SILVA,1/7/2021,1/1/2100,98,0,0,0
5/19/2024,2023/2024,Fulham,Luton Town,0,4,2,MARCO SILVA,1/7/2021,1/1/2100,99,0,0,0
3/3/2019,2018/2019,Fulham,Chelsea,1,1,2,SCOTT PARKER,2/28/2019,1/1/2100,1,1,0,0
3/9/2019,2018/2019,Fulham,Leicester City,0,1,3,SCOTT PARKER,2/28/2019,1/1/2100,2,1,0,0
3/17/2019,2018/2019,Fulham,Liverpool,1,1,2,SCOTT PARKER,2/28/2019,1/1/2100,3,1,0,0
3/30/2019,2018/2019,Fulham,Manchester City,1,0,2,SCOTT PARKER,2/28/2019,1/1/2100,4,0,1,0
4/2/2019,2018/2019,Fulham,Watford,0,1,4,SCOTT PARKER,2/28/2019,1/1/2100,5,0,1,0
4/13/2019,2018/2019,Fulham,Everton,1,2,0,SCOTT PARKER,2/28/2019,1/1/2100,6,0,1,0
4/20/2019,2018/2019,Fulham,Bournemouth,0,1,0,SCOTT PARKER,2/28/2019,1/1/2100,7,0,0,1
4/27/2019,2018/2019,Fulham,Cardiff City,1,1,0,SCOTT PARKER,2/28/2019,1/1/2100,8,0,0,1
5/4/2019,2018/2019,Fulham,Wolves,0,0,1,SCOTT PARKER,2/28/2019,1/1/2100,9,0,0,1
5/12/2019,2018/2019,Fulham,Newcastle Utd,1,0,4,SCOTT PARKER,2/28/2019,1/1/2100,10,0,0,1
9/12/2020,2020/2021,Fulham,Arsenal,1,0,3,SCOTT PARKER,2/28/2019,1/1/2100,11,0,0,0
9/19/2020,2020/2021,Fulham,Leeds United,0,3,4,SCOTT PARKER,2/28/2019,1/1/2100,12,0,0,0
9/28/2020,2020/2021,Fulham,Aston Villa,1,0,3,SCOTT PARKER,2/28/2019,1/1/2100,13,0,0,0
10/4/2020,2020/2021,Fulham,Wolves,0,0,1,SCOTT PARKER,2/28/2019,1/1/2100,14,0,0,0
10/18/2020,2020/2021,Fulham,Sheffield Utd,0,1,1,SCOTT PARKER,2/28/2019,1/1/2100,15,0,0,0
10/24/2020,2020/2021,Fulham,Crystal Palace,1,1,2,SCOTT PARKER,2/28/2019,1/1/2100,16,0,0,0
11/2/2020,2020/2021,Fulham,West Brom,1,2,0,SCOTT PARKER,2/28/2019,1/1/2100,17,0,0,0
11/7/2020,2020/2021,Fulham,West Ham,0,0,1,SCOTT PARKER,2/28/2019,1/1/2100,18,0,0,0
11/22/2020,2020/2021,Fulham,Everton,1,2,3,SCOTT PARKER,2/28/2019,1/1/2100,19,0,0,0
11/30/2020,2020/2021,Fulham,Leicester City,0,2,1,SCOTT PARKER,2/28/2019,1/1/2100,20,0,0,0
12/5/2020,2020/2021,Fulham,Manchester City,0,0,2,SCOTT PARKER,2/28/2019,1/1/2100,21,0,0,0
12/13/2020,2020/2021,Fulham,Liverpool,1,1,1,SCOTT PARKER,2/28/2019,1/1/2100,22,0,0,0
12/16/2020,2020/2021,Fulham,Brighton,1,0,0,SCOTT PARKER,2/28/2019,1/1/2100,23,0,0,0
12/19/2020,2020/2021,Fulham,Newcastle Utd,0,1,1,SCOTT PARKER,2/28/2019,1/1/2100,24,0,0,0
12/26/2020,2020/2021,Fulham,Southampton,1,0,0,SCOTT PARKER,2/28/2019,1/1/2100,25,0,0,0
8/11/2018,2018/2019,Fulham,Crystal Palace,1,0,2,SLAVISA JOKANOVIC,12/27/2015,1/1/2100,1,1,0,0
8/18/2018,2018/2019,Fulham,Tottenham,0,1,3,SLAVISA JOKANOVIC,12/27/2015,1/1/2100,2,1,0,0
8/26/2018,2018/2019,Fulham,Burnley,1,4,2,SLAVISA JOKANOVIC,12/27/2015,1/1/2100,3,1,0,0
9/1/2018,2018/2019,Fulham,Brighton,0,2,2,SLAVISA JOKANOVIC,12/27/2015,1/1/2100,4,0,1,0
9/15/2018,2018/2019,Fulham,Manchester City,0,0,3,SLAVISA JOKANOVIC,12/27/2015,1/1/2100,5,0,1,0
9/22/2018,2018/2019,Fulham,Watford,1,1,1,SLAVISA JOKANOVIC,12/27/2015,1/1/2100,6,0,1,0
9/29/2018,2018/2019,Fulham,Everton,0,0,3,SLAVISA JOKANOVIC,12/27/2015,1/1/2100,7,0,0,1
10/7/2018,2018/2019,Fulham,Arsenal,1,1,5,SLAVISA JOKANOVIC,12/27/2015,1/1/2100,8,0,0,1
10/20/2018,2018/2019,Fulham,Cardiff City,0,2,4,SLAVISA JOKANOVIC,12/27/2015,1/1/2100,9,0,0,1
10/27/2018,2018/2019,Fulham,Bournemouth,1,0,3,SLAVISA JOKANOVIC,12/27/2015,1/1/2100,10,0,0,1
11/5/2018,2018/2019,Fulham,Huddersfield,0,0,1,SLAVISA JOKANOVIC,12/27/2015,1/1/2100,11,0,0,0
11/11/2018,2018/2019,Fulham,Liverpool,0,0,2,SLAVISA JOKANOVIC,12/27/2015,1/1/2100,12,0,0,0
8/12/2017,2017/2018,Huddersfield,Crystal Palace,0,3,0,DAVID WAGNER,9/11/2015,1/1/2100,1,1,0,0
8/20/2017,2017/2018,Huddersfield,Newcastle Utd,1,1,0,DAVID WAGNER,9/11/2015,1/1/2100,2,1,0,0
8/26/2017,2017/2018,Huddersfield,Southampton,1,0,0,DAVID WAGNER,9/11/2015,1/1/2100,3,1,0,0
9/11/2017,2017/2018,Huddersfield,West Ham,0,0,2,DAVID WAGNER,9/11/2015,1/1/2100,4,0,1,0
9/16/2017,2017/2018,Huddersfield,Leicester City,1,1,1,DAVID WAGNER,9/11/2015,1/1/2100,5,0,1,0
9/23/2017,2017/2018,Huddersfield,Burnley,0,0,0,DAVID WAGNER,9/11/2015,1/1/2100,6,0,1,0
9/30/2017,2017/2018,Huddersfield,Tottenham,1,0,4,DAVID WAGNER,9/11/2015,1/1/2100,7,0,0,1
10/14/2017,2017/2018,Huddersfield,Swansea City,0,0,2,DAVID WAGNER,9/11/2015,1/1/2100,8,0,0,1
10/21/2017,2017/2018,Huddersfield,Manchester Utd,1,2,1,DAVID WAGNER,9/11/2015,1/1/2100,9,0,0,1
10/28/2017,2017/2018,Huddersfield,Liverpool,0,0,3,DAVID WAGNER,9/11/2015,1/1/2100,10,0,0,1
11/4/2017,2017/2018,Huddersfield,West Brom,1,1,0,DAVID WAGNER,9/11/2015,1/1/2100,11,0,0,0
11/18/2017,2017/2018,Huddersfield,Bournemouth,0,0,4,DAVID WAGNER,9/11/2015,1/1/2100,12,0,0,0
11/26/2017,2017/2018,Huddersfield,Manchester City,1,1,2,DAVID WAGNER,9/11/2015,1/1/2100,13,0,0,0
11/29/2017,2017/2018,Huddersfield,Arsenal,0,0,5,DAVID WAGNER,9/11/2015,1/1/2100,14,0,0,0
12/2/2017,2017/2018,Huddersfield,Everton,0,0,2,DAVID WAGNER,9/11/2015,1/1/2100,15,0,0,0
12/9/2017,2017/2018,Huddersfield,Brighton,1,2,0,DAVID WAGNER,9/11/2015,1/1/2100,16,0,0,0
12/12/2017,2017/2018,Huddersfield,Chelsea,1,1,3,DAVID WAGNER,9/11/2015,1/1/2100,17,0,0,0
12/16/2017,2017/2018,Huddersfield,Watford,0,4,1,DAVID WAGNER,9/11/2015,1/1/2100,18,0,0,0
12/23/2017,2017/2018,Huddersfield,Southampton,0,1,1,DAVID WAGNER,9/11/2015,1/1/2100,19,0,0,0
12/26/2017,2017/2018,Huddersfield,Stoke City,1,1,1,DAVID WAGNER,9/11/2015,1/1/2100,20,0,0,0
12/30/2017,2017/2018,Huddersfield,Burnley,1,0,0,DAVID WAGNER,9/11/2015,1/1/2100,21,0,0,0
1/1/2018,2017/2018,Huddersfield,Leicester City,0,0,3,DAVID WAGNER,9/11/2015,1/1/2100,22,0,0,0
1/13/2018,2017/2018,Huddersfield,West Ham,1,1,4,DAVID WAGNER,9/11/2015,1/1/2100,23,0,0,0
1/20/2018,2017/2018,Huddersfield,Stoke City,0,0,2,DAVID WAGNER,9/11/2015,1/1/2100,24,0,0,0
1/30/2018,2017/2018,Huddersfield,Liverpool,1,0,3,DAVID WAGNER,9/11/2015,1/1/2100,25,0,0,0
2/3/2018,2017/2018,Huddersfield,Manchester Utd,0,0,2,DAVID WAGNER,9/11/2015,1/1/2100,26,0,0,0
2/11/2018,2017/2018,Huddersfield,Bournemouth,1,4,1,DAVID WAGNER,9/11/2015,1/1/2100,27,0,0,0
2/24/2018,2017/2018,Huddersfield,West Brom,0,2,1,DAVID WAGNER,9/11/2015,1/1/2100,28,0,0,0
3/3/2018,2017/2018,Huddersfield,Tottenham,0,0,2,DAVID WAGNER,9/11/2015,1/1/2100,29,0,0,0
3/10/2018,2017/2018,Huddersfield,Swansea City,1,0,0,DAVID WAGNER,9/11/2015,1/1/2100,30,0,0,0
3/17/2018,2017/2018,Huddersfield,Crystal Palace,1,0,2,DAVID WAGNER,9/11/2015,1/1/2100,31,0,0,0
3/31/2018,2017/2018,Huddersfield,Newcastle Utd,0,0,1,DAVID WAGNER,9/11/2015,1/1/2100,32,0,0,0
4/7/2018,2017/2018,Huddersfield,Brighton,0,1,1,DAVID WAGNER,9/11/2015,1/1/2100,33,0,0,0
4/14/2018,2017/2018,Huddersfield,Watford,1,1,0,DAVID WAGNER,9/11/2015,1/1/2100,34,0,0,0
4/28/2018,2017/2018,Huddersfield,Everton,1,0,2,DAVID WAGNER,9/11/2015,1/1/2100,35,0,0,0
5/6/2018,2017/2018,Huddersfield,Manchester City,0,0,0,DAVID WAGNER,9/11/2015,1/1/2100,36,0,0,0
5/9/2018,2017/2018,Huddersfield,Chelsea,0,1,1,DAVID WAGNER,9/11/2015,1/1/2100,37,0,0,0
5/13/2018,2017/2018,Huddersfield,Arsenal,1,0,1,DAVID WAGNER,9/11/2015,1/1/2100,38,0,0,0
8/11/2018,2018/2019,Huddersfield,Chelsea,1,0,3,DAVID WAGNER,9/11/2015,1/1/2100,39,0,0,0
8/19/2018,2018/2019,Huddersfield,Manchester City,0,1,6,DAVID WAGNER,9/11/2015,1/1/2100,40,0,0,0
8/25/2018,2018/2019,Huddersfield,Cardiff City,1,0,0,DAVID WAGNER,9/11/2015,1/1/2100,41,0,0,0
9/1/2018,2018/2019,Huddersfield,Everton,0,1,1,DAVID WAGNER,9/11/2015,1/1/2100,42,0,0,0
9/15/2018,2018/2019,Huddersfield,Crystal Palace,1,0,1,DAVID WAGNER,9/11/2015,1/1/2100,43,0,0,0
9/22/2018,2018/2019,Huddersfield,Leicester City,0,1,3,DAVID WAGNER,9/11/2015,1/1/2100,44,0,0,0
9/29/2018,2018/2019,Huddersfield,Tottenham,1,0,2,DAVID WAGNER,9/11/2015,1/1/2100,45,0,0,0
10/6/2018,2018/2019,Huddersfield,Burnley,0,1,1,DAVID WAGNER,9/11/2015,1/1/2100,46,0,0,0
10/20/2018,2018/2019,Huddersfield,Liverpool,1,0,1,DAVID WAGNER,9/11/2015,1/1/2100,47,0,0,0
10/27/2018,2018/2019,Huddersfield,Watford,0,0,3,DAVID WAGNER,9/11/2015,1/1/2100,48,0,0,0
11/5/2018,2018/2019,Huddersfield,Fulham,1,1,0,DAVID WAGNER,9/11/2015,1/1/2100,49,0,0,0
11/10/2018,2018/2019,Huddersfield,West Ham,1,1,1,DAVID WAGNER,9/11/2015,1/1/2100,50,0,0,0
11/25/2018,2018/2019,Huddersfield,Wolves,0,2,0,DAVID WAGNER,9/11/2015,1/1/2100,51,0,0,0
12/1/2018,2018/2019,Huddersfield,Brighton,1,1,2,DAVID WAGNER,9/11/2015,1/1/2100,52,0,0,0
12/4/2018,2018/2019,Huddersfield,Bournemouth,0,1,2,DAVID WAGNER,9/11/2015,1/1/2100,53,0,0,0
12/8/2018,2018/2019,Huddersfield,Arsenal,0,0,1,DAVID WAGNER,9/11/2015,1/1/2100,54,0,0,0
12/15/2018,2018/2019,Huddersfield,Newcastle Utd,1,0,1,DAVID WAGNER,9/11/2015,1/1/2100,55,0,0,0
12/22/2018,2018/2019,Huddersfield,Southampton,1,1,3,DAVID WAGNER,9/11/2015,1/1/2100,56,0,0,0
12/26/2018,2018/2019,Huddersfield,Manchester Utd,0,1,3,DAVID WAGNER,9/11/2015,1/1/2100,57,0,0,0
12/29/2018,2018/2019,Huddersfield,Fulham,0,0,1,DAVID WAGNER,9/11/2015,1/1/2100,58,0,0,0
1/2/2019,2018/2019,Huddersfield,Burnley,1,1,2,DAVID WAGNER,9/11/2015,1/1/2100,59,0,0,0
1/12/2019,2018/2019,Huddersfield,Cardiff City,0,0,0,DAVID WAGNER,9/11/2015,1/1/2100,60,0,0,0
1/29/2019,2018/2019,Huddersfield,Everton,1,0,1,JAN SIEWERT,1/21/2019,1/1/2100,1,1,0,0
2/2/2019,2018/2019,Huddersfield,Chelsea,0,0,5,JAN SIEWERT,1/21/2019,1/1/2100,2,1,0,0
2/9/2019,2018/2019,Huddersfield,Arsenal,1,1,2,JAN SIEWERT,1/21/2019,1/1/2100,3,1,0,0
2/23/2019,2018/2019,Huddersfield,Newcastle Utd,0,0,2,JAN SIEWERT,1/21/2019,1/1/2100,4,0,1,0
2/26/2019,2018/2019,Huddersfield,Wolves,1,1,0,JAN SIEWERT,1/21/2019,1/1/2100,5,0,1,0
3/2/2019,2018/2019,Huddersfield,Brighton,0,0,1,JAN SIEWERT,1/21/2019,1/1/2100,6,0,1,0
3/9/2019,2018/2019,Huddersfield,Bournemouth,1,0,2,JAN SIEWERT,1/21/2019,1/1/2100,7,0,0,1
3/16/2019,2018/2019,Huddersfield,West Ham,0,3,4,JAN SIEWERT,1/21/2019,1/1/2100,8,0,0,1
3/30/2019,2018/2019,Huddersfield,Crystal Palace,0,0,2,JAN SIEWERT,1/21/2019,1/1/2100,9,0,0,1
4/6/2019,2018/2019,Huddersfield,Leicester City,1,1,4,JAN SIEWERT,1/21/2019,1/1/2100,10,0,0,1
4/13/2019,2018/2019,Huddersfield,Tottenham,0,0,4,JAN SIEWERT,1/21/2019,1/1/2100,11,0,0,0
4/20/2019,2018/2019,Huddersfield,Watford,1,1,2,JAN SIEWERT,1/21/2019,1/1/2100,12,0,0,0
4/26/2019,2018/2019,Huddersfield,Liverpool,0,0,5,JAN SIEWERT,1/21/2019,1/1/2100,13,0,0,0
5/5/2019,2018/2019,Huddersfield,Manchester Utd,1,1,1,JAN SIEWERT,1/21/2019,1/1/2100,14,0,0,0
5/12/2019,2018/2019,Huddersfield,Southampton,0,1,1,JAN SIEWERT,1/21/2019,1/1/2100,15,0,0,0
1/20/2019,2018/2019,Huddersfield,Manchester City,1,0,3,MARK HUDSON,1/14/2019,1/1/2100,1,1,0,0
1/14/2017,2016/2017,Hull City,Bournemouth,1,3,1,LEONID SLUTSKIY,1/7/2017,3/12/2017,1,1,0,0
1/22/2017,2016/2017,Hull City,Chelsea,0,0,2,LEONID SLUTSKIY,1/7/2017,3/12/2017,2,1,0,0
2/1/2017,2016/2017,Hull City,Manchester Utd,0,0,0,LEONID SLUTSKIY,1/7/2017,3/12/2017,3,1,0,0
2/4/2017,2016/2017,Hull City,Liverpool,1,2,0,LEONID SLUTSKIY,1/7/2017,3/12/2017,4,0,1,0
2/11/2017,2016/2017,Hull City,Arsenal,0,0,2,LEONID SLUTSKIY,1/7/2017,3/12/2017,5,0,1,0
2/25/2017,2016/2017,Hull City,Burnley,1,1,1,LEONID SLUTSKIY,1/7/2017,3/12/2017,6,0,1,0
3/4/2017,2016/2017,Hull City,Leicester City,0,1,3,LEONID SLUTSKIY,1/7/2017,3/12/2017,7,0,0,1
3/11/2017,2016/2017,Hull City,Swansea City,1,2,1,LEONID SLUTSKIY,1/7/2017,3/12/2017,8,0,0,1
5/6/2017,2016/2017,Hull City,Sunderland,1,0,2,MARCO SILVA,5/1/2017,1/1/2100,1,1,0,0
5/14/2017,2016/2017,Hull City,Crystal Palace,0,0,4,MARCO SILVA,5/1/2017,1/1/2100,2,1,0,0
5/21/2017,2016/2017,Hull City,Tottenham,1,1,7,MARCO SILVA,5/1/2017,1/1/2100,3,1,0,0
8/13/2016,2016/2017,Hull City,Leicester City,1,2,1,MIKE PHELAN,7/23/2016,3/1/2017,1,1,0,0
8/20/2016,2016/2017,Hull City,Swansea City,0,2,0,MIKE PHELAN,7/23/2016,3/1/2017,2,1,0,0
8/27/2016,2016/2017,Hull City,Manchester Utd,1,0,1,MIKE PHELAN,7/23/2016,3/1/2017,3,1,0,0
9/10/2016,2016/2017,Hull City,Burnley,0,1,1,MIKE PHELAN,7/23/2016,3/1/2017,4,0,1,0
9/17/2016,2016/2017,Hull City,Arsenal,1,1,4,MIKE PHELAN,7/23/2016,3/1/2017,5,0,1,0
9/24/2016,2016/2017,Hull City,Liverpool,0,1,5,MIKE PHELAN,7/23/2016,3/1/2017,6,0,1,0
10/1/2016,2016/2017,Hull City,Chelsea,1,0,2,MIKE PHELAN,7/23/2016,3/1/2017,7,0,0,1
10/15/2016,2016/2017,Hull City,Bournemouth,0,1,6,MIKE PHELAN,7/23/2016,3/1/2017,8,0,0,1
10/22/2016,2016/2017,Hull City,Stoke City,1,0,2,MIKE PHELAN,7/23/2016,3/1/2017,9,0,0,1
10/29/2016,2016/2017,Hull City,Watford,0,0,1,MIKE PHELAN,7/23/2016,3/1/2017,10,0,0,1
11/6/2016,2016/2017,Hull City,Southampton,1,2,1,MIKE PHELAN,7/23/2016,3/1/2017,11,0,0,0
11/19/2016,2016/2017,Hull City,Sunderland,0,0,3,MIKE PHELAN,7/23/2016,3/1/2017,12,0,0,0
11/26/2016,2016/2017,Hull City,West Brom,1,1,1,MIKE PHELAN,7/23/2016,3/1/2017,13,0,0,0
12/5/2016,2016/2017,Hull City,Middlesbrough,0,0,1,MIKE PHELAN,7/23/2016,3/1/2017,14,0,0,0
12/10/2016,2016/2017,Hull City,Crystal Palace,1,3,3,MIKE PHELAN,7/23/2016,3/1/2017,15,0,0,0
12/14/2016,2016/2017,Hull City,Tottenham,0,0,3,MIKE PHELAN,7/23/2016,3/1/2017,16,0,0,0
12/17/2016,2016/2017,Hull City,West Ham,0,0,1,MIKE PHELAN,7/23/2016,3/1/2017,17,0,0,0
12/26/2016,2016/2017,Hull City,Manchester City,1,0,3,MIKE PHELAN,7/23/2016,3/1/2017,18,0,0,0
12/30/2016,2016/2017,Hull City,Everton,1,2,2,MIKE PHELAN,7/23/2016,3/1/2017,19,0,0,0
1/2/2017,2016/2017,Hull City,West Brom,0,1,3,MIKE PHELAN,7/23/2016,3/1/2017,20,0,0,0
8/16/2014,2014/2015,Hull City,QPR,0,1,0,STEVE BRUCE,1/7/2012,1/1/2100,101,0,0,0
8/24/2014,2014/2015,Hull City,Stoke City,1,1,1,STEVE BRUCE,1/7/2012,1/1/2100,102,0,0,0
8/31/2014,2014/2015,Hull City,Aston Villa,0,1,2,STEVE BRUCE,1/7/2012,1/1/2100,103,0,0,0
9/15/2014,2014/2015,Hull City,West Ham,1,2,2,STEVE BRUCE,1/7/2012,1/1/2100,104,0,0,0
9/20/2014,2014/2015,Hull City,Newcastle Utd,0,2,2,STEVE BRUCE,1/7/2012,1/1/2100,105,0,0,0
9/27/2014,2014/2015,Hull City,Manchester City,1,2,4,STEVE BRUCE,1/7/2012,1/1/2100,106,0,0,0
10/4/2014,2014/2015,Hull City,Crystal Palace,1,2,0,STEVE BRUCE,1/7/2012,1/1/2100,107,0,0,0
10/18/2014,2014/2015,Hull City,Arsenal,0,2,2,STEVE BRUCE,1/7/2012,1/1/2100,108,0,0,0
10/25/2014,2014/2015,Hull City,Liverpool,0,0,0,STEVE BRUCE,1/7/2012,1/1/2100,109,0,0,0
11/1/2014,2014/2015,Hull City,Southampton,1,0,1,STEVE BRUCE,1/7/2012,1/1/2100,110,0,0,0
11/8/2014,2014/2015,Hull City,Burnley,0,0,1,STEVE BRUCE,1/7/2012,1/1/2100,111,0,0,0
11/23/2014,2014/2015,Hull City,Tottenham,1,1,2,STEVE BRUCE,1/7/2012,1/1/2100,112,0,0,0
11/29/2014,2014/2015,Hull City,Manchester Utd,0,0,3,STEVE BRUCE,1/7/2012,1/1/2100,113,0,0,0
12/3/2014,2014/2015,Hull City,Everton,0,1,1,STEVE BRUCE,1/7/2012,1/1/2100,114,0,0,0
12/6/2014,2014/2015,Hull City,West Brom,1,0,0,STEVE BRUCE,1/7/2012,1/1/2100,115,0,0,0
12/13/2014,2014/2015,Hull City,Chelsea,0,0,2,STEVE BRUCE,1/7/2012,1/1/2100,116,0,0,0
12/20/2014,2014/2015,Hull City,Swansea City,1,0,1,STEVE BRUCE,1/7/2012,1/1/2100,117,0,0,0
12/26/2014,2014/2015,Hull City,Sunderland,0,3,1,STEVE BRUCE,1/7/2012,1/1/2100,118,0,0,0
12/28/2014,2014/2015,Hull City,Leicester City,1,0,1,STEVE BRUCE,1/7/2012,1/1/2100,119,0,0,0
1/1/2015,2014/2015,Hull City,Everton,1,2,0,STEVE BRUCE,1/7/2012,1/1/2100,120,0,0,0
1/10/2015,2014/2015,Hull City,West Brom,0,0,1,STEVE BRUCE,1/7/2012,1/1/2100,121,0,0,0
1/18/2015,2014/2015,Hull City,West Ham,0,0,3,STEVE BRUCE,1/7/2012,1/1/2100,122,0,0,0
1/31/2015,2014/2015,Hull City,Newcastle Utd,1,0,3,STEVE BRUCE,1/7/2012,1/1/2100,123,0,0,0
2/7/2015,2014/2015,Hull City,Manchester City,0,1,1,STEVE BRUCE,1/7/2012,1/1/2100,124,0,0,0
2/10/2015,2014/2015,Hull City,Aston Villa,1,2,0,STEVE BRUCE,1/7/2012,1/1/2100,125,0,0,0
2/21/2015,2014/2015,Hull City,QPR,1,2,1,STEVE BRUCE,1/7/2012,1/1/2100,126,0,0,0
2/28/2015,2014/2015,Hull City,Stoke City,0,0,1,STEVE BRUCE,1/7/2012,1/1/2100,127,0,0,0
3/3/2015,2014/2015,Hull City,Sunderland,1,1,1,STEVE BRUCE,1/7/2012,1/1/2100,128,0,0,0
3/14/2015,2014/2015,Hull City,Leicester City,0,0,0,STEVE BRUCE,1/7/2012,1/1/2100,129,0,0,0
3/22/2015,2014/2015,Hull City,Chelsea,1,2,3,STEVE BRUCE,1/7/2012,1/1/2100,130,0,0,0
4/4/2015,2014/2015,Hull City,Swansea City,0,1,3,STEVE BRUCE,1/7/2012,1/1/2100,131,0,0,0
4/11/2015,2014/2015,Hull City,Southampton,0,0,2,STEVE BRUCE,1/7/2012,1/1/2100,132,0,0,0
4/25/2015,2014/2015,Hull City,Crystal Palace,0,2,0,STEVE BRUCE,1/7/2012,1/1/2100,133,0,0,0
4/28/2015,2014/2015,Hull City,Liverpool,1,1,0,STEVE BRUCE,1/7/2012,1/1/2100,134,0,0,0
5/4/2015,2014/2015,Hull City,Arsenal,1,1,3,STEVE BRUCE,1/7/2012,1/1/2100,135,0,0,0
5/9/2015,2014/2015,Hull City,Burnley,1,0,1,STEVE BRUCE,1/7/2012,1/1/2100,136,0,0,0
5/16/2015,2014/2015,Hull City,Tottenham,0,0,2,STEVE BRUCE,1/7/2012,1/1/2100,137,0,0,0
5/24/2015,2014/2015,Hull City,Manchester Utd,1,0,0,STEVE BRUCE,1/7/2012,1/1/2100,138,0,0,0
3/18/2017,2016/2017,Hull City,Everton,0,0,4,STEVE BRUCE,1/7/2012,1/1/2100,139,0,0,0
4/1/2017,2016/2017,Hull City,West Ham,1,2,1,STEVE BRUCE,1/7/2012,1/1/2100,140,0,0,0
4/5/2017,2016/2017,Hull City,Middlesbrough,1,4,2,STEVE BRUCE,1/7/2012,1/1/2100,141,0,0,0
4/8/2017,2016/2017,Hull City,Manchester City,0,1,3,STEVE BRUCE,1/7/2012,1/1/2100,142,0,0,0
4/15/2017,2016/2017,Hull City,Stoke City,0,1,3,STEVE BRUCE,1/7/2012,1/1/2100,143,0,0,0
4/22/2017,2016/2017,Hull City,Watford,1,2,0,STEVE BRUCE,1/7/2012,1/1/2100,144,0,0,0
4/29/2017,2016/2017,Hull City,Southampton,0,0,0,STEVE BRUCE,1/7/2012,1/1/2100,145,0,0,0
2/5/2023,2022/2023,Leeds United,Nott'ham Forest,0,0,1,JAVI GRACIA,2/5/2023,2/24/2023,1,1,0,0
2/8/2023,2022/2023,Leeds United,Manchester Utd,0,2,2,JAVI GRACIA,2/5/2023,2/24/2023,2,1,0,0
2/12/2023,2022/2023,Leeds United,Manchester Utd,1,0,2,JAVI GRACIA,2/5/2023,2/24/2023,3,1,0,0
2/18/2023,2022/2023,Leeds United,Everton,0,0,1,JAVI GRACIA,2/5/2023,2/24/2023,4,0,1,0
3/5/2022,2021/2022,Leeds United,Leicester City,0,0,1,JESSE MARSCH,2/28/2022,6/2/2023,1,1,0,0
3/10/2022,2021/2022,Leeds United,Aston Villa,1,0,3,JESSE MARSCH,2/28/2022,6/2/2023,2,1,0,0
3/13/2022,2021/2022,Leeds United,Norwich City,1,2,1,JESSE MARSCH,2/28/2022,6/2/2023,3,1,0,0
3/18/2022,2021/2022,Leeds United,Wolves,0,3,2,JESSE MARSCH,2/28/2022,6/2/2023,4,0,1,0
4/2/2022,2021/2022,Leeds United,Southampton,1,1,1,JESSE MARSCH,2/28/2022,6/2/2023,5,0,1,0
4/9/2022,2021/2022,Leeds United,Watford,0,3,0,JESSE MARSCH,2/28/2022,6/2/2023,6,0,1,0
4/25/2022,2021/2022,Leeds United,Crystal Palace,0,0,0,JESSE MARSCH,2/28/2022,6/2/2023,7,0,0,1
4/30/2022,2021/2022,Leeds United,Manchester City,1,0,4,JESSE MARSCH,2/28/2022,6/2/2023,8,0,0,1
5/8/2022,2021/2022,Leeds United,Arsenal,0,1,2,JESSE MARSCH,2/28/2022,6/2/2023,9,0,0,1
5/11/2022,2021/2022,Leeds United,Chelsea,1,0,3,JESSE MARSCH,2/28/2022,6/2/2023,10,0,0,1
5/15/2022,2021/2022,Leeds United,Brighton,1,1,1,JESSE MARSCH,2/28/2022,6/2/2023,11,0,0,0
5/22/2022,2021/2022,Leeds United,Brentford,0,2,1,JESSE MARSCH,2/28/2022,6/2/2023,12,0,0,0
8/6/2022,2022/2023,Leeds United,Wolves,1,2,1,JESSE MARSCH,2/28/2022,6/2/2023,13,0,0,0
8/13/2022,2022/2023,Leeds United,Southampton,0,2,2,JESSE MARSCH,2/28/2022,6/2/2023,14,0,0,0
8/21/2022,2022/2023,Leeds United,Chelsea,1,3,0,JESSE MARSCH,2/28/2022,6/2/2023,15,0,0,0
8/27/2022,2022/2023,Leeds United,Brighton,0,0,1,JESSE MARSCH,2/28/2022,6/2/2023,16,0,0,0
8/30/2022,2022/2023,Leeds United,Everton,1,1,1,JESSE MARSCH,2/28/2022,6/2/2023,17,0,0,0
9/3/2022,2022/2023,Leeds United,Brentford,0,2,5,JESSE MARSCH,2/28/2022,6/2/2023,18,0,0,0
10/2/2022,2022/2023,Leeds United,Aston Villa,1,0,0,JESSE MARSCH,2/28/2022,6/2/2023,19,0,0,0
10/9/2022,2022/2023,Leeds United,Crystal Palace,0,1,2,JESSE MARSCH,2/28/2022,6/2/2023,20,0,0,0
10/16/2022,2022/2023,Leeds United,Arsenal,1,0,1,JESSE MARSCH,2/28/2022,6/2/2023,21,0,0,0
10/20/2022,2022/2023,Leeds United,Leicester City,0,0,2,JESSE MARSCH,2/28/2022,6/2/2023,22,0,0,0
10/23/2022,2022/2023,Leeds United,Fulham,1,2,3,JESSE MARSCH,2/28/2022,6/2/2023,23,0,0,0
10/29/2022,2022/2023,Leeds United,Liverpool,0,2,1,JESSE MARSCH,2/28/2022,6/2/2023,24,0,0,0
11/5/2022,2022/2023,Leeds United,Bournemouth,1,4,3,JESSE MARSCH,2/28/2022,6/2/2023,25,0,0,0
11/12/2022,2022/2023,Leeds United,Tottenham,0,3,4,JESSE MARSCH,2/28/2022,6/2/2023,26,0,0,0
12/28/2022,2022/2023,Leeds United,Manchester City,1,1,3,JESSE MARSCH,2/28/2022,6/2/2023,27,0,0,0
12/31/2022,2022/2023,Leeds United,Newcastle Utd,0,0,0,JESSE MARSCH,2/28/2022,6/2/2023,28,0,0,0
1/4/2023,2022/2023,Leeds United,West Ham,1,2,2,JESSE MARSCH,2/28/2022,6/2/2023,29,0,0,0
1/13/2023,2022/2023,Leeds United,Aston Villa,0,1,2,JESSE MARSCH,2/28/2022,6/2/2023,30,0,0,0
1/22/2023,2022/2023,Leeds United,Brentford,1,0,0,JESSE MARSCH,2/28/2022,6/2/2023,31,0,0,0
2/25/2023,2022/2023,Leeds United,Southampton,1,1,0,JESSE MARSCH,2/28/2022,6/2/2023,32,0,0,0
3/4/2023,2022/2023,Leeds United,Chelsea,0,0,1,JESSE MARSCH,2/28/2022,6/2/2023,33,0,0,0
9/12/2020,2020/2021,Leeds United,Liverpool,0,3,4,MARCELO BIELSA,1/7/2018,1/1/2100,1,1,0,0
9/19/2020,2020/2021,Leeds United,Fulham,1,4,3,MARCELO BIELSA,1/7/2018,1/1/2100,2,1,0,0
9/27/2020,2020/2021,Leeds United,Sheffield Utd,0,1,0,MARCELO BIELSA,1/7/2018,1/1/2100,3,1,0,0
10/3/2020,2020/2021,Leeds United,Manchester City,1,1,1,MARCELO BIELSA,1/7/2018,1/1/2100,4,0,1,0
10/19/2020,2020/2021,Leeds United,Wolves,1,0,1,MARCELO BIELSA,1/7/2018,1/1/2100,5,0,1,0
10/23/2020,2020/2021,Leeds United,Aston Villa,0,3,0,MARCELO BIELSA,1/7/2018,1/1/2100,6,0,1,0
11/2/2020,2020/2021,Leeds United,Leicester City,1,1,4,MARCELO BIELSA,1/7/2018,1/1/2100,7,0,0,1
11/7/2020,2020/2021,Leeds United,Crystal Palace,0,1,4,MARCELO BIELSA,1/7/2018,1/1/2100,8,0,0,1
11/22/2020,2020/2021,Leeds United,Arsenal,1,0,0,MARCELO BIELSA,1/7/2018,1/1/2100,9,0,0,1
11/28/2020,2020/2021,Leeds United,Everton,0,1,0,MARCELO BIELSA,1/7/2018,1/1/2100,10,0,0,1
12/5/2020,2020/2021,Leeds United,Chelsea,0,1,3,MARCELO BIELSA,1/7/2018,1/1/2100,11,0,0,0
12/11/2020,2020/2021,Leeds United,West Ham,1,1,2,MARCELO BIELSA,1/7/2018,1/1/2100,12,0,0,0
12/16/2020,2020/2021,Leeds United,Newcastle Utd,1,5,2,MARCELO BIELSA,1/7/2018,1/1/2100,13,0,0,0
12/20/2020,2020/2021,Leeds United,Manchester Utd,0,2,6,MARCELO BIELSA,1/7/2018,1/1/2100,14,0,0,0
12/27/2020,2020/2021,Leeds United,Burnley,1,1,0,MARCELO BIELSA,1/7/2018,1/1/2100,15,0,0,0
12/29/2020,2020/2021,Leeds United,West Brom,0,5,0,MARCELO BIELSA,1/7/2018,1/1/2100,16,0,0,0
1/2/2021,2020/2021,Leeds United,Tottenham,0,0,3,MARCELO BIELSA,1/7/2018,1/1/2100,17,0,0,0
1/16/2021,2020/2021,Leeds United,Brighton,1,0,1,MARCELO BIELSA,1/7/2018,1/1/2100,18,0,0,0
1/26/2021,2020/2021,Leeds United,Newcastle Utd,0,2,1,MARCELO BIELSA,1/7/2018,1/1/2100,19,0,0,0
1/31/2021,2020/2021,Leeds United,Leicester City,0,3,1,MARCELO BIELSA,1/7/2018,1/1/2100,20,0,0,0
2/3/2021,2020/2021,Leeds United,Everton,1,1,2,MARCELO BIELSA,1/7/2018,1/1/2100,21,0,0,0
2/8/2021,2020/2021,Leeds United,Crystal Palace,1,2,0,MARCELO BIELSA,1/7/2018,1/1/2100,22,0,0,0
2/14/2021,2020/2021,Leeds United,Arsenal,0,2,4,MARCELO BIELSA,1/7/2018,1/1/2100,23,0,0,0
2/19/2021,2020/2021,Leeds United,Wolves,0,0,1,MARCELO BIELSA,1/7/2018,1/1/2100,24,0,0,0
2/23/2021,2020/2021,Leeds United,Southampton,1,3,0,MARCELO BIELSA,1/7/2018,1/1/2100,25,0,0,0
2/27/2021,2020/2021,Leeds United,Aston Villa,1,0,1,MARCELO BIELSA,1/7/2018,1/1/2100,26,0,0,0
3/8/2021,2020/2021,Leeds United,West Ham,0,0,2,MARCELO BIELSA,1/7/2018,1/1/2100,27,0,0,0
3/13/2021,2020/2021,Leeds United,Chelsea,1,0,0,MARCELO BIELSA,1/7/2018,1/1/2100,28,0,0,0
3/19/2021,2020/2021,Leeds United,Fulham,0,2,1,MARCELO BIELSA,1/7/2018,1/1/2100,29,0,0,0
4/3/2021,2020/2021,Leeds United,Sheffield Utd,1,2,1,MARCELO BIELSA,1/7/2018,1/1/2100,30,0,0,0
4/10/2021,2020/2021,Leeds United,Manchester City,0,2,1,MARCELO BIELSA,1/7/2018,1/1/2100,31,0,0,0
4/19/2021,2020/2021,Leeds United,Liverpool,1,1,1,MARCELO BIELSA,1/7/2018,1/1/2100,32,0,0,0
4/25/2021,2020/2021,Leeds United,Manchester Utd,1,0,0,MARCELO BIELSA,1/7/2018,1/1/2100,33,0,0,0
5/1/2021,2020/2021,Leeds United,Brighton,0,0,2,MARCELO BIELSA,1/7/2018,1/1/2100,34,0,0,0
5/8/2021,2020/2021,Leeds United,Tottenham,1,3,1,MARCELO BIELSA,1/7/2018,1/1/2100,35,0,0,0
5/15/2021,2020/2021,Leeds United,Burnley,0,4,0,MARCELO BIELSA,1/7/2018,1/1/2100,36,0,0,0
5/18/2021,2020/2021,Leeds United,Southampton,0,2,0,MARCELO BIELSA,1/7/2018,1/1/2100,37,0,0,0
5/23/2021,2020/2021,Leeds United,West Brom,1,3,1,MARCELO BIELSA,1/7/2018,1/1/2100,38,0,0,0
8/14/2021,2021/2022,Leeds United,Manchester Utd,0,1,5,MARCELO BIELSA,1/7/2018,1/1/2100,39,0,0,0
8/21/2021,2021/2022,Leeds United,Everton,1,2,2,MARCELO BIELSA,1/7/2018,1/1/2100,40,0,0,0
8/29/2021,2021/2022,Leeds United,Burnley,0,1,1,MARCELO BIELSA,1/7/2018,1/1/2100,41,0,0,0
9/12/2021,2021/2022,Leeds United,Liverpool,1,0,3,MARCELO BIELSA,1/7/2018,1/1/2100,42,0,0,0
9/17/2021,2021/2022,Leeds United,Newcastle Utd,0,1,1,MARCELO BIELSA,1/7/2018,1/1/2100,43,0,0,0
9/25/2021,2021/2022,Leeds United,West Ham,1,1,2,MARCELO BIELSA,1/7/2018,1/1/2100,44,0,0,0
10/2/2021,2021/2022,Leeds United,Watford,1,1,0,MARCELO BIELSA,1/7/2018,1/1/2100,45,0,0,0
10/16/2021,2021/2022,Leeds United,Southampton,0,0,1,MARCELO BIELSA,1/7/2018,1/1/2100,46,0,0,0
10/23/2021,2021/2022,Leeds United,Wolves,1,1,1,MARCELO BIELSA,1/7/2018,1/1/2100,47,0,0,0
10/31/2021,2021/2022,Leeds United,Norwich City,0,2,1,MARCELO BIELSA,1/7/2018,1/1/2100,48,0,0,0
11/7/2021,2021/2022,Leeds United,Leicester City,1,1,1,MARCELO BIELSA,1/7/2018,1/1/2100,49,0,0,0
11/21/2021,2021/2022,Leeds United,Tottenham,0,1,2,MARCELO BIELSA,1/7/2018,1/1/2100,50,0,0,0
11/27/2021,2021/2022,Leeds United,Brighton,0,0,0,MARCELO BIELSA,1/7/2018,1/1/2100,51,0,0,0
11/30/2021,2021/2022,Leeds United,Crystal Palace,1,1,0,MARCELO BIELSA,1/7/2018,1/1/2100,52,0,0,0
12/5/2021,2021/2022,Leeds United,Brentford,1,2,2,MARCELO BIELSA,1/7/2018,1/1/2100,53,0,0,0
12/11/2021,2021/2022,Leeds United,Chelsea,0,2,3,MARCELO BIELSA,1/7/2018,1/1/2100,54,0,0,0
12/14/2021,2021/2022,Leeds United,Manchester City,0,0,7,MARCELO BIELSA,1/7/2018,1/1/2100,55,0,0,0
12/18/2021,2021/2022,Leeds United,Arsenal,1,1,4,MARCELO BIELSA,1/7/2018,1/1/2100,56,0,0,0
1/2/2022,2021/2022,Leeds United,Burnley,1,3,1,MARCELO BIELSA,1/7/2018,1/1/2100,57,0,0,0
1/16/2022,2021/2022,Leeds United,West Ham,0,3,2,MARCELO BIELSA,1/7/2018,1/1/2100,58,0,0,0
1/22/2022,2021/2022,Leeds United,Newcastle Utd,1,0,1,MARCELO BIELSA,1/7/2018,1/1/2100,59,0,0,0
2/9/2022,2021/2022,Leeds United,Aston Villa,0,3,3,MARCELO BIELSA,1/7/2018,1/1/2100,60,0,0,0
2/12/2022,2021/2022,Leeds United,Everton,0,0,3,MARCELO BIELSA,1/7/2018,1/1/2100,61,0,0,0
2/20/2022,2021/2022,Leeds United,Manchester Utd,1,2,4,MARCELO BIELSA,1/7/2018,1/1/2100,62,0,0,0
2/23/2022,2021/2022,Leeds United,Liverpool,0,0,6,MARCELO BIELSA,1/7/2018,1/1/2100,63,0,0,0
2/26/2022,2021/2022,Leeds United,Tottenham,1,0,4,MARCELO BIELSA,1/7/2018,1/1/2100,64,0,0,0
3/11/2023,2022/2023,Leeds United,Brighton,1,2,2,SAM ALLARDYCE,3/5/2023,1/1/2100,1,1,0,0
3/18/2023,2022/2023,Leeds United,Wolves,0,4,2,SAM ALLARDYCE,3/5/2023,1/1/2100,2,1,0,0
4/1/2023,2022/2023,Leeds United,Arsenal,0,1,4,SAM ALLARDYCE,3/5/2023,1/1/2100,3,1,0,0
4/4/2023,2022/2023,Leeds United,Nott'ham Forest,1,2,1,SAM ALLARDYCE,3/5/2023,1/1/2100,4,0,1,0
4/9/2023,2022/2023,Leeds United,Crystal Palace,1,1,5,SAM ALLARDYCE,3/5/2023,1/1/2100,5,0,1,0
4/17/2023,2022/2023,Leeds United,Liverpool,1,1,6,SAM ALLARDYCE,3/5/2023,1/1/2100,6,0,1,0
4/22/2023,2022/2023,Leeds United,Fulham,0,1,2,SAM ALLARDYCE,3/5/2023,1/1/2100,7,0,0,1
4/25/2023,2022/2023,Leeds United,Leicester City,1,1,1,SAM ALLARDYCE,3/5/2023,1/1/2100,8,0,0,1
4/30/2023,2022/2023,Leeds United,Bournemouth,0,1,4,SAM ALLARDYCE,3/5/2023,1/1/2100,9,0,0,1
5/6/2023,2022/2023,Leeds United,Manchester City,0,1,2,SAM ALLARDYCE,3/5/2023,1/1/2100,10,0,0,1
5/13/2023,2022/2023,Leeds United,Newcastle Utd,1,2,2,SAM ALLARDYCE,3/5/2023,1/1/2100,11,0,0,0
5/21/2023,2022/2023,Leeds United,West Ham,0,1,3,SAM ALLARDYCE,3/5/2023,1/1/2100,12,0,0,0
5/28/2023,2022/2023,Leeds United,Tottenham,1,1,4,SAM ALLARDYCE,3/5/2023,1/1/2100,13,0,0,0
2/26/2019,2018/2019,Leicester City,Brighton,1,2,1,ADAM SADLER,2/24/2019,1/1/2100,1,1,0,0
2/11/2023,2022/2023,Leicester City,Tottenham,1,4,1,ADAM SADLER,2/24/2019,1/1/2100,2,1,0,0
2/19/2023,2022/2023,Leicester City,Manchester Utd,0,0,3,ADAM SADLER,2/24/2019,1/1/2100,3,1,0,0
2/25/2023,2022/2023,Leicester City,Arsenal,1,0,1,ADAM SADLER,2/24/2019,1/1/2100,4,0,1,0
3/3/2019,2018/2019,Leicester City,Watford,0,1,2,BRENDAN RODGERS,2/27/2019,2/4/2023,1,1,0,0
3/9/2019,2018/2019,Leicester City,Fulham,1,3,1,BRENDAN RODGERS,2/27/2019,2/4/2023,2,1,0,0
3/16/2019,2018/2019,Leicester City,Burnley,0,2,1,BRENDAN RODGERS,2/27/2019,2/4/2023,3,1,0,0
3/30/2019,2018/2019,Leicester City,Bournemouth,1,2,0,BRENDAN RODGERS,2/27/2019,2/4/2023,4,0,1,0
4/6/2019,2018/2019,Leicester City,Huddersfield,0,4,1,BRENDAN RODGERS,2/27/2019,2/4/2023,5,0,1,0
4/12/2019,2018/2019,Leicester City,Newcastle Utd,1,0,1,BRENDAN RODGERS,2/27/2019,2/4/2023,6,0,1,0
4/20/2019,2018/2019,Leicester City,West Ham,0,2,2,BRENDAN RODGERS,2/27/2019,2/4/2023,7,0,0,1
4/28/2019,2018/2019,Leicester City,Arsenal,1,3,0,BRENDAN RODGERS,2/27/2019,2/4/2023,8,0,0,1
5/6/2019,2018/2019,Leicester City,Manchester City,0,0,1,BRENDAN RODGERS,2/27/2019,2/4/2023,9,0,0,1
5/12/2019,2018/2019,Leicester City,Chelsea,1,0,0,BRENDAN RODGERS,2/27/2019,2/4/2023,10,0,0,1
8/11/2019,2019/2020,Leicester City,Wolves,1,0,0,BRENDAN RODGERS,2/27/2019,2/4/2023,11,0,0,0
8/18/2019,2019/2020,Leicester City,Chelsea,0,1,1,BRENDAN RODGERS,2/27/2019,2/4/2023,12,0,0,0
8/24/2019,2019/2020,Leicester City,Sheffield Utd,0,2,1,BRENDAN RODGERS,2/27/2019,2/4/2023,13,0,0,0
8/31/2019,2019/2020,Leicester City,Bournemouth,1,3,1,BRENDAN RODGERS,2/27/2019,2/4/2023,14,0,0,0
9/14/2019,2019/2020,Leicester City,Manchester Utd,0,0,1,BRENDAN RODGERS,2/27/2019,2/4/2023,15,0,0,0
9/21/2019,2019/2020,Leicester City,Tottenham,1,2,1,BRENDAN RODGERS,2/27/2019,2/4/2023,16,0,0,0
9/29/2019,2019/2020,Leicester City,Newcastle Utd,1,5,0,BRENDAN RODGERS,2/27/2019,2/4/2023,17,0,0,0
10/5/2019,2019/2020,Leicester City,Liverpool,0,1,2,BRENDAN RODGERS,2/27/2019,2/4/2023,18,0,0,0
10/19/2019,2019/2020,Leicester City,Burnley,1,2,1,BRENDAN RODGERS,2/27/2019,2/4/2023,19,0,0,0
10/25/2019,2019/2020,Leicester City,Southampton,0,9,0,BRENDAN RODGERS,2/27/2019,2/4/2023,20,0,0,0
11/3/2019,2019/2020,Leicester City,Crystal Palace,0,2,0,BRENDAN RODGERS,2/27/2019,2/4/2023,21,0,0,0
11/9/2019,2019/2020,Leicester City,Arsenal,1,2,0,BRENDAN RODGERS,2/27/2019,2/4/2023,22,0,0,0
11/23/2019,2019/2020,Leicester City,Brighton,0,2,0,BRENDAN RODGERS,2/27/2019,2/4/2023,23,0,0,0
12/1/2019,2019/2020,Leicester City,Everton,1,2,1,BRENDAN RODGERS,2/27/2019,2/4/2023,24,0,0,0
12/4/2019,2019/2020,Leicester City,Watford,1,2,0,BRENDAN RODGERS,2/27/2019,2/4/2023,25,0,0,0
12/8/2019,2019/2020,Leicester City,Aston Villa,0,4,1,BRENDAN RODGERS,2/27/2019,2/4/2023,26,0,0,0
12/14/2019,2019/2020,Leicester City,Norwich City,1,1,1,BRENDAN RODGERS,2/27/2019,2/4/2023,27,0,0,0
12/21/2019,2019/2020,Leicester City,Manchester City,0,1,3,BRENDAN RODGERS,2/27/2019,2/4/2023,28,0,0,0
12/26/2019,2019/2020,Leicester City,Liverpool,1,0,4,BRENDAN RODGERS,2/27/2019,2/4/2023,29,0,0,0
12/28/2019,2019/2020,Leicester City,West Ham,0,2,1,BRENDAN RODGERS,2/27/2019,2/4/2023,30,0,0,0
1/1/2020,2019/2020,Leicester City,Newcastle Utd,0,3,0,BRENDAN RODGERS,2/27/2019,2/4/2023,31,0,0,0
1/11/2020,2019/2020,Leicester City,Southampton,1,1,2,BRENDAN RODGERS,2/27/2019,2/4/2023,32,0,0,0
1/19/2020,2019/2020,Leicester City,Burnley,0,1,2,BRENDAN RODGERS,2/27/2019,2/4/2023,33,0,0,0
1/22/2020,2019/2020,Leicester City,West Ham,1,4,1,BRENDAN RODGERS,2/27/2019,2/4/2023,34,0,0,0
2/1/2020,2019/2020,Leicester City,Chelsea,1,2,2,BRENDAN RODGERS,2/27/2019,2/4/2023,35,0,0,0
2/14/2020,2019/2020,Leicester City,Wolves,0,0,0,BRENDAN RODGERS,2/27/2019,2/4/2023,36,0,0,0
2/22/2020,2019/2020,Leicester City,Manchester City,1,0,1,BRENDAN RODGERS,2/27/2019,2/4/2023,37,0,0,0
2/28/2020,2019/2020,Leicester City,Norwich City,0,0,1,BRENDAN RODGERS,2/27/2019,2/4/2023,38,0,0,0
3/9/2020,2019/2020,Leicester City,Aston Villa,1,4,0,BRENDAN RODGERS,2/27/2019,2/4/2023,39,0,0,0
6/20/2020,2019/2020,Leicester City,Watford,0,1,1,BRENDAN RODGERS,2/27/2019,2/4/2023,40,0,0,0
6/23/2020,2019/2020,Leicester City,Brighton,1,0,0,BRENDAN RODGERS,2/27/2019,2/4/2023,41,0,0,0
7/1/2020,2019/2020,Leicester City,Everton,0,1,2,BRENDAN RODGERS,2/27/2019,2/4/2023,42,0,0,0
7/4/2020,2019/2020,Leicester City,Crystal Palace,1,3,0,BRENDAN RODGERS,2/27/2019,2/4/2023,43,0,0,0
7/7/2020,2019/2020,Leicester City,Arsenal,0,1,1,BRENDAN RODGERS,2/27/2019,2/4/2023,44,0,0,0
7/12/2020,2019/2020,Leicester City,Bournemouth,0,1,4,BRENDAN RODGERS,2/27/2019,2/4/2023,45,0,0,0
7/16/2020,2019/2020,Leicester City,Sheffield Utd,1,2,0,BRENDAN RODGERS,2/27/2019,2/4/2023,46,0,0,0
7/19/2020,2019/2020,Leicester City,Tottenham,0,0,3,BRENDAN RODGERS,2/27/2019,2/4/2023,47,0,0,0
7/26/2020,2019/2020,Leicester City,Manchester Utd,1,0,2,BRENDAN RODGERS,2/27/2019,2/4/2023,48,0,0,0
9/13/2020,2020/2021,Leicester City,West Brom,0,3,0,BRENDAN RODGERS,2/27/2019,2/4/2023,49,0,0,0
9/20/2020,2020/2021,Leicester City,Burnley,1,4,2,BRENDAN RODGERS,2/27/2019,2/4/2023,50,0,0,0
9/27/2020,2020/2021,Leicester City,Manchester City,0,5,2,BRENDAN RODGERS,2/27/2019,2/4/2023,51,0,0,0
10/4/2020,2020/2021,Leicester City,West Ham,1,0,3,BRENDAN RODGERS,2/27/2019,2/4/2023,52,0,0,0
10/18/2020,2020/2021,Leicester City,Aston Villa,1,0,1,BRENDAN RODGERS,2/27/2019,2/4/2023,53,0,0,0
10/25/2020,2020/2021,Leicester City,Arsenal,0,1,0,BRENDAN RODGERS,2/27/2019,2/4/2023,54,0,0,0
11/2/2020,2020/2021,Leicester City,Leeds United,0,4,1,BRENDAN RODGERS,2/27/2019,2/4/2023,55,0,0,0
11/8/2020,2020/2021,Leicester City,Wolves,1,1,0,BRENDAN RODGERS,2/27/2019,2/4/2023,56,0,0,0
11/22/2020,2020/2021,Leicester City,Liverpool,0,0,3,BRENDAN RODGERS,2/27/2019,2/4/2023,57,0,0,0
11/30/2020,2020/2021,Leicester City,Fulham,1,1,2,BRENDAN RODGERS,2/27/2019,2/4/2023,58,0,0,0
12/6/2020,2020/2021,Leicester City,Sheffield Utd,0,2,1,BRENDAN RODGERS,2/27/2019,2/4/2023,59,0,0,0
12/13/2020,2020/2021,Leicester City,Brighton,1,3,0,BRENDAN RODGERS,2/27/2019,2/4/2023,60,0,0,0
12/16/2020,2020/2021,Leicester City,Everton,1,0,2,BRENDAN RODGERS,2/27/2019,2/4/2023,61,0,0,0
12/20/2020,2020/2021,Leicester City,Tottenham,0,2,0,BRENDAN RODGERS,2/27/2019,2/4/2023,62,0,0,0
12/26/2020,2020/2021,Leicester City,Manchester Utd,1,2,2,BRENDAN RODGERS,2/27/2019,2/4/2023,63,0,0,0
12/28/2020,2020/2021,Leicester City,Crystal Palace,0,1,1,BRENDAN RODGERS,2/27/2019,2/4/2023,64,0,0,0
1/3/2021,2020/2021,Leicester City,Newcastle Utd,0,2,1,BRENDAN RODGERS,2/27/2019,2/4/2023,65,0,0,0
1/16/2021,2020/2021,Leicester City,Southampton,1,2,0,BRENDAN RODGERS,2/27/2019,2/4/2023,66,0,0,0
1/19/2021,2020/2021,Leicester City,Chelsea,1,2,0,BRENDAN RODGERS,2/27/2019,2/4/2023,67,0,0,0
1/27/2021,2020/2021,Leicester City,Everton,0,1,1,BRENDAN RODGERS,2/27/2019,2/4/2023,68,0,0,0
1/31/2021,2020/2021,Leicester City,Leeds United,1,1,3,BRENDAN RODGERS,2/27/2019,2/4/2023,69,0,0,0
2/3/2021,2020/2021,Leicester City,Fulham,0,2,0,BRENDAN RODGERS,2/27/2019,2/4/2023,70,0,0,0
2/7/2021,2020/2021,Leicester City,Wolves,0,0,0,BRENDAN RODGERS,2/27/2019,2/4/2023,71,0,0,0
2/13/2021,2020/2021,Leicester City,Liverpool,1,3,1,BRENDAN RODGERS,2/27/2019,2/4/2023,72,0,0,0
2/21/2021,2020/2021,Leicester City,Aston Villa,0,2,1,BRENDAN RODGERS,2/27/2019,2/4/2023,73,0,0,0
2/28/2021,2020/2021,Leicester City,Arsenal,1,1,3,BRENDAN RODGERS,2/27/2019,2/4/2023,74,0,0,0
3/3/2021,2020/2021,Leicester City,Burnley,0,1,1,BRENDAN RODGERS,2/27/2019,2/4/2023,75,0,0,0
3/6/2021,2020/2021,Leicester City,Brighton,0,2,1,BRENDAN RODGERS,2/27/2019,2/4/2023,76,0,0,0
3/14/2021,2020/2021,Leicester City,Sheffield Utd,1,5,0,BRENDAN RODGERS,2/27/2019,2/4/2023,77,0,0,0
4/3/2021,2020/2021,Leicester City,Manchester City,1,0,2,BRENDAN RODGERS,2/27/2019,2/4/2023,78,0,0,0
4/11/2021,2020/2021,Leicester City,West Ham,0,2,3,BRENDAN RODGERS,2/27/2019,2/4/2023,79,0,0,0
4/22/2021,2020/2021,Leicester City,West Brom,1,3,0,BRENDAN RODGERS,2/27/2019,2/4/2023,80,0,0,0
4/26/2021,2020/2021,Leicester City,Crystal Palace,1,2,1,BRENDAN RODGERS,2/27/2019,2/4/2023,81,0,0,0
4/30/2021,2020/2021,Leicester City,Southampton,0,1,1,BRENDAN RODGERS,2/27/2019,2/4/2023,82,0,0,0
5/7/2021,2020/2021,Leicester City,Newcastle Utd,1,2,4,BRENDAN RODGERS,2/27/2019,2/4/2023,83,0,0,0
5/11/2021,2020/2021,Leicester City,Manchester Utd,0,2,1,BRENDAN RODGERS,2/27/2019,2/4/2023,84,0,0,0
5/18/2021,2020/2021,Leicester City,Chelsea,0,1,2,BRENDAN RODGERS,2/27/2019,2/4/2023,85,0,0,0
5/23/2021,2020/2021,Leicester City,Tottenham,1,2,4,BRENDAN RODGERS,2/27/2019,2/4/2023,86,0,0,0
8/14/2021,2021/2022,Leicester City,Wolves,1,1,0,BRENDAN RODGERS,2/27/2019,2/4/2023,87,0,0,0
8/23/2021,2021/2022,Leicester City,West Ham,0,1,4,BRENDAN RODGERS,2/27/2019,2/4/2023,88,0,0,0
8/28/2021,2021/2022,Leicester City,Norwich City,0,2,1,BRENDAN RODGERS,2/27/2019,2/4/2023,89,0,0,0
9/11/2021,2021/2022,Leicester City,Manchester City,1,0,1,BRENDAN RODGERS,2/27/2019,2/4/2023,90,0,0,0
9/19/2021,2021/2022,Leicester City,Brighton,0,1,2,BRENDAN RODGERS,2/27/2019,2/4/2023,91,0,0,0
9/25/2021,2021/2022,Leicester City,Burnley,1,2,2,BRENDAN RODGERS,2/27/2019,2/4/2023,92,0,0,0
10/3/2021,2021/2022,Leicester City,Crystal Palace,0,2,2,BRENDAN RODGERS,2/27/2019,2/4/2023,93,0,0,0
10/16/2021,2021/2022,Leicester City,Manchester Utd,1,4,2,BRENDAN RODGERS,2/27/2019,2/4/2023,94,0,0,0
10/24/2021,2021/2022,Leicester City,Brentford,0,2,1,BRENDAN RODGERS,2/27/2019,2/4/2023,95,0,0,0
10/30/2021,2021/2022,Leicester City,Arsenal,1,0,2,BRENDAN RODGERS,2/27/2019,2/4/2023,96,0,0,0
11/7/2021,2021/2022,Leicester City,Leeds United,0,1,1,BRENDAN RODGERS,2/27/2019,2/4/2023,97,0,0,0
11/20/2021,2021/2022,Leicester City,Chelsea,1,0,3,BRENDAN RODGERS,2/27/2019,2/4/2023,98,0,0,0
11/28/2021,2021/2022,Leicester City,Watford,1,4,2,BRENDAN RODGERS,2/27/2019,2/4/2023,99,0,0,0
12/1/2021,2021/2022,Leicester City,Southampton,0,2,2,BRENDAN RODGERS,2/27/2019,2/4/2023,100,0,0,0
12/5/2021,2021/2022,Leicester City,Aston Villa,0,1,2,BRENDAN RODGERS,2/27/2019,2/4/2023,101,0,0,0
12/12/2021,2021/2022,Leicester City,Newcastle Utd,1,4,0,BRENDAN RODGERS,2/27/2019,2/4/2023,102,0,0,0
12/26/2021,2021/2022,Leicester City,Manchester City,0,3,6,BRENDAN RODGERS,2/27/2019,2/4/2023,103,0,0,0
12/28/2021,2021/2022,Leicester City,Liverpool,1,1,0,BRENDAN RODGERS,2/27/2019,2/4/2023,104,0,0,0
1/19/2022,2021/2022,Leicester City,Tottenham,1,2,3,BRENDAN RODGERS,2/27/2019,2/4/2023,105,0,0,0
1/23/2022,2021/2022,Leicester City,Brighton,1,1,1,BRENDAN RODGERS,2/27/2019,2/4/2023,106,0,0,0
2/10/2022,2021/2022,Leicester City,Liverpool,0,0,2,BRENDAN RODGERS,2/27/2019,2/4/2023,107,0,0,0
2/13/2022,2021/2022,Leicester City,West Ham,1,2,2,BRENDAN RODGERS,2/27/2019,2/4/2023,108,0,0,0
2/20/2022,2021/2022,Leicester City,Wolves,0,1,2,BRENDAN RODGERS,2/27/2019,2/4/2023,109,0,0,0
3/1/2022,2021/2022,Leicester City,Burnley,0,2,0,BRENDAN RODGERS,2/27/2019,2/4/2023,110,0,0,0
3/5/2022,2021/2022,Leicester City,Leeds United,1,1,0,BRENDAN RODGERS,2/27/2019,2/4/2023,111,0,0,0
3/13/2022,2021/2022,Leicester City,Arsenal,0,0,2,BRENDAN RODGERS,2/27/2019,2/4/2023,112,0,0,0
3/20/2022,2021/2022,Leicester City,Brentford,1,2,1,BRENDAN RODGERS,2/27/2019,2/4/2023,113,0,0,0
4/2/2022,2021/2022,Leicester City,Manchester Utd,0,1,1,BRENDAN RODGERS,2/27/2019,2/4/2023,114,0,0,0
4/10/2022,2021/2022,Leicester City,Crystal Palace,1,2,1,BRENDAN RODGERS,2/27/2019,2/4/2023,115,0,0,0
4/17/2022,2021/2022,Leicester City,Newcastle Utd,0,1,2,BRENDAN RODGERS,2/27/2019,2/4/2023,116,0,0,0
4/20/2022,2021/2022,Leicester City,Everton,0,1,1,BRENDAN RODGERS,2/27/2019,2/4/2023,117,0,0,0
4/23/2022,2021/2022,Leicester City,Aston Villa,1,0,0,BRENDAN RODGERS,2/27/2019,2/4/2023,118,0,0,0
5/1/2022,2021/2022,Leicester City,Tottenham,0,1,3,BRENDAN RODGERS,2/27/2019,2/4/2023,119,0,0,0
5/8/2022,2021/2022,Leicester City,Everton,1,1,2,BRENDAN RODGERS,2/27/2019,2/4/2023,120,0,0,0
5/11/2022,2021/2022,Leicester City,Norwich City,1,3,0,BRENDAN RODGERS,2/27/2019,2/4/2023,121,0,0,0
5/15/2022,2021/2022,Leicester City,Watford,0,5,1,BRENDAN RODGERS,2/27/2019,2/4/2023,122,0,0,0
5/19/2022,2021/2022,Leicester City,Chelsea,0,1,1,BRENDAN RODGERS,2/27/2019,2/4/2023,123,0,0,0
5/22/2022,2021/2022,Leicester City,Southampton,1,4,1,BRENDAN RODGERS,2/27/2019,2/4/2023,124,0,0,0
8/7/2022,2022/2023,Leicester City,Brentford,1,2,2,BRENDAN RODGERS,2/27/2019,2/4/2023,125,0,0,0
8/13/2022,2022/2023,Leicester City,Arsenal,0,2,4,BRENDAN RODGERS,2/27/2019,2/4/2023,126,0,0,0
8/20/2022,2022/2023,Leicester City,Southampton,1,1,2,BRENDAN RODGERS,2/27/2019,2/4/2023,127,0,0,0
8/27/2022,2022/2023,Leicester City,Chelsea,0,1,2,BRENDAN RODGERS,2/27/2019,2/4/2023,128,0,0,0
9/1/2022,2022/2023,Leicester City,Manchester Utd,1,0,1,BRENDAN RODGERS,2/27/2019,2/4/2023,129,0,0,0
9/4/2022,2022/2023,Leicester City,Brighton,0,2,5,BRENDAN RODGERS,2/27/2019,2/4/2023,130,0,0,0
9/17/2022,2022/2023,Leicester City,Tottenham,0,2,6,BRENDAN RODGERS,2/27/2019,2/4/2023,131,0,0,0
10/3/2022,2022/2023,Leicester City,Nott'ham Forest,1,4,0,BRENDAN RODGERS,2/27/2019,2/4/2023,132,0,0,0
10/8/2022,2022/2023,Leicester City,Bournemouth,0,1,2,BRENDAN RODGERS,2/27/2019,2/4/2023,133,0,0,0
10/15/2022,2022/2023,Leicester City,Crystal Palace,1,0,0,BRENDAN RODGERS,2/27/2019,2/4/2023,134,0,0,0
10/20/2022,2022/2023,Leicester City,Leeds United,1,2,0,BRENDAN RODGERS,2/27/2019,2/4/2023,135,0,0,0
10/23/2022,2022/2023,Leicester City,Wolves,0,4,0,BRENDAN RODGERS,2/27/2019,2/4/2023,136,0,0,0
10/29/2022,2022/2023,Leicester City,Manchester City,1,0,1,BRENDAN RODGERS,2/27/2019,2/4/2023,137,0,0,0
11/5/2022,2022/2023,Leicester City,Everton,0,2,0,BRENDAN RODGERS,2/27/2019,2/4/2023,138,0,0,0
11/12/2022,2022/2023,Leicester City,West Ham,0,2,0,BRENDAN RODGERS,2/27/2019,2/4/2023,139,0,0,0
12/26/2022,2022/2023,Leicester City,Newcastle Utd,1,0,3,BRENDAN RODGERS,2/27/2019,2/4/2023,140,0,0,0
12/30/2022,2022/2023,Leicester City,Liverpool,0,1,2,BRENDAN RODGERS,2/27/2019,2/4/2023,141,0,0,0
1/3/2023,2022/2023,Leicester City,Fulham,1,0,1,BRENDAN RODGERS,2/27/2019,2/4/2023,142,0,0,0
1/14/2023,2022/2023,Leicester City,Nott'ham Forest,0,0,2,BRENDAN RODGERS,2/27/2019,2/4/2023,143,0,0,0
1/21/2023,2022/2023,Leicester City,Brighton,1,2,2,BRENDAN RODGERS,2/27/2019,2/4/2023,144,0,0,0
2/4/2023,2022/2023,Leicester City,Aston Villa,0,4,2,BRENDAN RODGERS,2/27/2019,2/4/2023,145,0,0,0
10/29/2017,2017/2018,Leicester City,Everton,1,2,0,CLAUDE PUEL,10/25/2017,1/1/2100,1,1,0,0
11/4/2017,2017/2018,Leicester City,Stoke City,0,2,2,CLAUDE PUEL,10/25/2017,1/1/2100,2,1,0,0
11/18/2017,2017/2018,Leicester City,Manchester City,1,0,2,CLAUDE PUEL,10/25/2017,1/1/2100,3,1,0,0
11/24/2017,2017/2018,Leicester City,West Ham,0,1,1,CLAUDE PUEL,10/25/2017,1/1/2100,4,0,1,0
11/28/2017,2017/2018,Leicester City,Tottenham,1,2,1,CLAUDE PUEL,10/25/2017,1/1/2100,5,0,1,0
12/2/2017,2017/2018,Leicester City,Burnley,1,1,0,CLAUDE PUEL,10/25/2017,1/1/2100,6,0,1,0
12/9/2017,2017/2018,Leicester City,Newcastle Utd,0,3,2,CLAUDE PUEL,10/25/2017,1/1/2100,7,0,0,1
12/13/2017,2017/2018,Leicester City,Southampton,0,4,1,CLAUDE PUEL,10/25/2017,1/1/2100,8,0,0,1
12/16/2017,2017/2018,Leicester City,Crystal Palace,1,0,3,CLAUDE PUEL,10/25/2017,1/1/2100,9,0,0,1
12/23/2017,2017/2018,Leicester City,Manchester Utd,1,2,2,CLAUDE PUEL,10/25/2017,1/1/2100,10,0,0,1
12/26/2017,2017/2018,Leicester City,Watford,0,1,2,CLAUDE PUEL,10/25/2017,1/1/2100,11,0,0,0
12/30/2017,2017/2018,Leicester City,Liverpool,0,1,2,CLAUDE PUEL,10/25/2017,1/1/2100,12,0,0,0
1/1/2018,2017/2018,Leicester City,Huddersfield,1,3,0,CLAUDE PUEL,10/25/2017,1/1/2100,13,0,0,0
1/13/2018,2017/2018,Leicester City,Chelsea,0,0,0,CLAUDE PUEL,10/25/2017,1/1/2100,14,0,0,0
1/20/2018,2017/2018,Leicester City,Watford,1,2,0,CLAUDE PUEL,10/25/2017,1/1/2100,15,0,0,0
1/31/2018,2017/2018,Leicester City,Everton,0,1,2,CLAUDE PUEL,10/25/2017,1/1/2100,16,0,0,0
2/3/2018,2017/2018,Leicester City,Swansea City,1,1,1,CLAUDE PUEL,10/25/2017,1/1/2100,17,0,0,0
2/10/2018,2017/2018,Leicester City,Manchester City,0,1,5,CLAUDE PUEL,10/25/2017,1/1/2100,18,0,0,0
2/24/2018,2017/2018,Leicester City,Stoke City,1,1,1,CLAUDE PUEL,10/25/2017,1/1/2100,19,0,0,0
3/3/2018,2017/2018,Leicester City,Bournemouth,1,1,1,CLAUDE PUEL,10/25/2017,1/1/2100,20,0,0,0
3/10/2018,2017/2018,Leicester City,West Brom,0,4,1,CLAUDE PUEL,10/25/2017,1/1/2100,21,0,0,0
3/31/2018,2017/2018,Leicester City,Brighton,0,2,0,CLAUDE PUEL,10/25/2017,1/1/2100,22,0,0,0
4/7/2018,2017/2018,Leicester City,Newcastle Utd,1,1,2,CLAUDE PUEL,10/25/2017,1/1/2100,23,0,0,0
4/14/2018,2017/2018,Leicester City,Burnley,0,1,2,CLAUDE PUEL,10/25/2017,1/1/2100,24,0,0,0
4/19/2018,2017/2018,Leicester City,Southampton,1,0,0,CLAUDE PUEL,10/25/2017,1/1/2100,25,0,0,0
4/28/2018,2017/2018,Leicester City,Crystal Palace,0,0,5,CLAUDE PUEL,10/25/2017,1/1/2100,26,0,0,0
5/5/2018,2017/2018,Leicester City,West Ham,1,0,2,CLAUDE PUEL,10/25/2017,1/1/2100,27,0,0,0
5/9/2018,2017/2018,Leicester City,Arsenal,1,3,1,CLAUDE PUEL,10/25/2017,1/1/2100,28,0,0,0
5/13/2018,2017/2018,Leicester City,Tottenham,0,4,5,CLAUDE PUEL,10/25/2017,1/1/2100,29,0,0,0
8/10/2018,2018/2019,Leicester City,Manchester Utd,0,1,2,CLAUDE PUEL,10/25/2017,1/1/2100,30,0,0,0
8/18/2018,2018/2019,Leicester City,Wolves,1,2,0,CLAUDE PUEL,10/25/2017,1/1/2100,31,0,0,0
8/25/2018,2018/2019,Leicester City,Southampton,0,2,1,CLAUDE PUEL,10/25/2017,1/1/2100,32,0,0,0
9/1/2018,2018/2019,Leicester City,Liverpool,1,1,2,CLAUDE PUEL,10/25/2017,1/1/2100,33,0,0,0
9/15/2018,2018/2019,Leicester City,Bournemouth,0,2,4,CLAUDE PUEL,10/25/2017,1/1/2100,34,0,0,0
9/22/2018,2018/2019,Leicester City,Huddersfield,1,3,1,CLAUDE PUEL,10/25/2017,1/1/2100,35,0,0,0
9/29/2018,2018/2019,Leicester City,Newcastle Utd,0,2,0,CLAUDE PUEL,10/25/2017,1/1/2100,36,0,0,0
10/6/2018,2018/2019,Leicester City,Everton,1,1,2,CLAUDE PUEL,10/25/2017,1/1/2100,37,0,0,0
10/22/2018,2018/2019,Leicester City,Arsenal,0,1,3,CLAUDE PUEL,10/25/2017,1/1/2100,38,0,0,0
10/27/2018,2018/2019,Leicester City,West Ham,1,1,1,CLAUDE PUEL,10/25/2017,1/1/2100,39,0,0,0
11/3/2018,2018/2019,Leicester City,Cardiff City,0,1,0,CLAUDE PUEL,10/25/2017,1/1/2100,40,0,0,0
11/10/2018,2018/2019,Leicester City,Burnley,1,0,0,CLAUDE PUEL,10/25/2017,1/1/2100,41,0,0,0
11/24/2018,2018/2019,Leicester City,Brighton,0,1,1,CLAUDE PUEL,10/25/2017,1/1/2100,42,0,0,0
12/1/2018,2018/2019,Leicester City,Watford,1,2,0,CLAUDE PUEL,10/25/2017,1/1/2100,43,0,0,0
12/5/2018,2018/2019,Leicester City,Fulham,0,1,1,CLAUDE PUEL,10/25/2017,1/1/2100,44,0,0,0
12/8/2018,2018/2019,Leicester City,Tottenham,1,0,2,CLAUDE PUEL,10/25/2017,1/1/2100,45,0,0,0
12/15/2018,2018/2019,Leicester City,Crystal Palace,0,0,1,CLAUDE PUEL,10/25/2017,1/1/2100,46,0,0,0
12/22/2018,2018/2019,Leicester City,Chelsea,0,1,0,CLAUDE PUEL,10/25/2017,1/1/2100,47,0,0,0
12/26/2018,2018/2019,Leicester City,Manchester City,1,2,1,CLAUDE PUEL,10/25/2017,1/1/2100,48,0,0,0
12/29/2018,2018/2019,Leicester City,Cardiff City,1,0,1,CLAUDE PUEL,10/25/2017,1/1/2100,49,0,0,0
1/1/2019,2018/2019,Leicester City,Everton,0,1,0,CLAUDE PUEL,10/25/2017,1/1/2100,50,0,0,0
1/12/2019,2018/2019,Leicester City,Southampton,1,1,2,CLAUDE PUEL,10/25/2017,1/1/2100,51,0,0,0
1/19/2019,2018/2019,Leicester City,Wolves,0,3,4,CLAUDE PUEL,10/25/2017,1/1/2100,52,0,0,0
1/30/2019,2018/2019,Leicester City,Liverpool,0,1,1,CLAUDE PUEL,10/25/2017,1/1/2100,53,0,0,0
2/3/2019,2018/2019,Leicester City,Manchester Utd,1,0,1,CLAUDE PUEL,10/25/2017,1/1/2100,54,0,0,0
2/10/2019,2018/2019,Leicester City,Tottenham,0,1,3,CLAUDE PUEL,10/25/2017,1/1/2100,55,0,0,0
2/23/2019,2018/2019,Leicester City,Crystal Palace,1,1,4,CLAUDE PUEL,10/25/2017,1/1/2100,56,0,0,0
1/17/2015,2014/2015,Leicester City,Stoke City,1,0,1,CLAUDIO RANIERI,1/13/2015,1/1/2100,1,1,0,0
1/31/2015,2014/2015,Leicester City,Manchester Utd,0,1,3,CLAUDIO RANIERI,1/13/2015,1/1/2100,2,1,0,0
2/7/2015,2014/2015,Leicester City,Crystal Palace,1,0,1,CLAUDIO RANIERI,1/13/2015,1/1/2100,3,1,0,0
2/10/2015,2014/2015,Leicester City,Arsenal,0,1,2,CLAUDIO RANIERI,1/13/2015,1/1/2100,4,0,1,0
2/22/2015,2014/2015,Leicester City,Everton,0,2,2,CLAUDIO RANIERI,1/13/2015,1/1/2100,5,0,1,0
3/4/2015,2014/2015,Leicester City,Manchester City,0,0,2,CLAUDIO RANIERI,1/13/2015,1/1/2100,6,0,1,0
3/14/2015,2014/2015,Leicester City,Hull City,1,0,0,CLAUDIO RANIERI,1/13/2015,1/1/2100,7,0,0,1
3/21/2015,2014/2015,Leicester City,Tottenham,0,3,4,CLAUDIO RANIERI,1/13/2015,1/1/2100,8,0,0,1
4/4/2015,2014/2015,Leicester City,West Ham,1,2,1,CLAUDIO RANIERI,1/13/2015,1/1/2100,9,0,0,1
4/11/2015,2014/2015,Leicester City,West Brom,0,3,2,CLAUDIO RANIERI,1/13/2015,1/1/2100,10,0,0,1
4/18/2015,2014/2015,Leicester City,Swansea City,1,2,0,CLAUDIO RANIERI,1/13/2015,1/1/2100,11,0,0,0
4/25/2015,2014/2015,Leicester City,Burnley,0,1,0,CLAUDIO RANIERI,1/13/2015,1/1/2100,12,0,0,0
4/29/2015,2014/2015,Leicester City,Chelsea,1,1,3,CLAUDIO RANIERI,1/13/2015,1/1/2100,13,0,0,0
5/2/2015,2014/2015,Leicester City,Newcastle Utd,1,3,0,CLAUDIO RANIERI,1/13/2015,1/1/2100,14,0,0,0
5/9/2015,2014/2015,Leicester City,Southampton,1,2,0,CLAUDIO RANIERI,1/13/2015,1/1/2100,15,0,0,0
5/16/2015,2014/2015,Leicester City,Sunderland,0,0,0,CLAUDIO RANIERI,1/13/2015,1/1/2100,16,0,0,0
5/24/2015,2014/2015,Leicester City,QPR,1,5,1,CLAUDIO RANIERI,1/13/2015,1/1/2100,17,0,0,0
8/8/2015,2015/2016,Leicester City,Sunderland,1,4,2,CLAUDIO RANIERI,1/13/2015,1/1/2100,18,0,0,0
8/15/2015,2015/2016,Leicester City,West Ham,0,2,1,CLAUDIO RANIERI,1/13/2015,1/1/2100,19,0,0,0
8/22/2015,2015/2016,Leicester City,Tottenham,1,1,1,CLAUDIO RANIERI,1/13/2015,1/1/2100,20,0,0,0
8/29/2015,2015/2016,Leicester City,Bournemouth,0,1,1,CLAUDIO RANIERI,1/13/2015,1/1/2100,21,0,0,0
9/13/2015,2015/2016,Leicester City,Aston Villa,1,3,2,CLAUDIO RANIERI,1/13/2015,1/1/2100,22,0,0,0
9/19/2015,2015/2016,Leicester City,Stoke City,0,2,2,CLAUDIO RANIERI,1/13/2015,1/1/2100,23,0,0,0
9/26/2015,2015/2016,Leicester City,Arsenal,1,2,5,CLAUDIO RANIERI,1/13/2015,1/1/2100,24,0,0,0
10/3/2015,2015/2016,Leicester City,Norwich City,0,2,1,CLAUDIO RANIERI,1/13/2015,1/1/2100,25,0,0,0
10/17/2015,2015/2016,Leicester City,Southampton,0,2,2,CLAUDIO RANIERI,1/13/2015,1/1/2100,26,0,0,0
10/24/2015,2015/2016,Leicester City,Crystal Palace,1,1,0,CLAUDIO RANIERI,1/13/2015,1/1/2100,27,0,0,0
10/31/2015,2015/2016,Leicester City,West Brom,0,3,2,CLAUDIO RANIERI,1/13/2015,1/1/2100,28,0,0,0
11/7/2015,2015/2016,Leicester City,Watford,1,2,1,CLAUDIO RANIERI,1/13/2015,1/1/2100,29,0,0,0
11/21/2015,2015/2016,Leicester City,Newcastle Utd,0,3,0,CLAUDIO RANIERI,1/13/2015,1/1/2100,30,0,0,0
11/28/2015,2015/2016,Leicester City,Manchester Utd,1,1,1,CLAUDIO RANIERI,1/13/2015,1/1/2100,31,0,0,0
12/5/2015,2015/2016,Leicester City,Swansea City,0,3,0,CLAUDIO RANIERI,1/13/2015,1/1/2100,32,0,0,0
12/14/2015,2015/2016,Leicester City,Chelsea,1,2,1,CLAUDIO RANIERI,1/13/2015,1/1/2100,33,0,0,0
12/19/2015,2015/2016,Leicester City,Everton,0,3,2,CLAUDIO RANIERI,1/13/2015,1/1/2100,34,0,0,0
12/26/2015,2015/2016,Leicester City,Liverpool,0,0,1,CLAUDIO RANIERI,1/13/2015,1/1/2100,35,0,0,0
12/29/2015,2015/2016,Leicester City,Manchester City,1,0,0,CLAUDIO RANIERI,1/13/2015,1/1/2100,36,0,0,0
1/2/2016,2015/2016,Leicester City,Bournemouth,1,0,0,CLAUDIO RANIERI,1/13/2015,1/1/2100,37,0,0,0
1/13/2016,2015/2016,Leicester City,Tottenham,0,1,0,CLAUDIO RANIERI,1/13/2015,1/1/2100,38,0,0,0
1/16/2016,2015/2016,Leicester City,Aston Villa,0,1,1,CLAUDIO RANIERI,1/13/2015,1/1/2100,39,0,0,0
1/23/2016,2015/2016,Leicester City,Stoke City,1,3,0,CLAUDIO RANIERI,1/13/2015,1/1/2100,40,0,0,0
2/2/2016,2015/2016,Leicester City,Liverpool,1,2,0,CLAUDIO RANIERI,1/13/2015,1/1/2100,41,0,0,0
2/6/2016,2015/2016,Leicester City,Manchester City,0,3,1,CLAUDIO RANIERI,1/13/2015,1/1/2100,42,0,0,0
2/14/2016,2015/2016,Leicester City,Arsenal,0,1,2,CLAUDIO RANIERI,1/13/2015,1/1/2100,43,0,0,0
2/27/2016,2015/2016,Leicester City,Norwich City,1,1,0,CLAUDIO RANIERI,1/13/2015,1/1/2100,44,0,0,0
3/1/2016,2015/2016,Leicester City,West Brom,1,2,2,CLAUDIO RANIERI,1/13/2015,1/1/2100,45,0,0,0
3/5/2016,2015/2016,Leicester City,Watford,0,1,0,CLAUDIO RANIERI,1/13/2015,1/1/2100,46,0,0,0
3/14/2016,2015/2016,Leicester City,Newcastle Utd,1,1,0,CLAUDIO RANIERI,1/13/2015,1/1/2100,47,0,0,0
3/19/2016,2015/2016,Leicester City,Crystal Palace,0,1,0,CLAUDIO RANIERI,1/13/2015,1/1/2100,48,0,0,0
4/3/2016,2015/2016,Leicester City,Southampton,1,1,0,CLAUDIO RANIERI,1/13/2015,1/1/2100,49,0,0,0
4/10/2016,2015/2016,Leicester City,Sunderland,0,2,0,CLAUDIO RANIERI,1/13/2015,1/1/2100,50,0,0,0
4/17/2016,2015/2016,Leicester City,West Ham,1,2,2,CLAUDIO RANIERI,1/13/2015,1/1/2100,51,0,0,0
4/24/2016,2015/2016,Leicester City,Swansea City,1,4,0,CLAUDIO RANIERI,1/13/2015,1/1/2100,52,0,0,0
5/1/2016,2015/2016,Leicester City,Manchester Utd,0,1,1,CLAUDIO RANIERI,1/13/2015,1/1/2100,53,0,0,0
5/7/2016,2015/2016,Leicester City,Everton,1,3,1,CLAUDIO RANIERI,1/13/2015,1/1/2100,54,0,0,0
5/15/2016,2015/2016,Leicester City,Chelsea,0,1,1,CLAUDIO RANIERI,1/13/2015,1/1/2100,55,0,0,0
8/13/2016,2016/2017,Leicester City,Hull City,0,1,2,CLAUDIO RANIERI,1/13/2015,1/1/2100,56,0,0,0
8/20/2016,2016/2017,Leicester City,Arsenal,1,0,0,CLAUDIO RANIERI,1/13/2015,1/1/2100,57,0,0,0
8/27/2016,2016/2017,Leicester City,Swansea City,1,2,1,CLAUDIO RANIERI,1/13/2015,1/1/2100,58,0,0,0
9/10/2016,2016/2017,Leicester City,Liverpool,0,1,4,CLAUDIO RANIERI,1/13/2015,1/1/2100,59,0,0,0
9/17/2016,2016/2017,Leicester City,Burnley,1,3,0,CLAUDIO RANIERI,1/13/2015,1/1/2100,60,0,0,0
9/24/2016,2016/2017,Leicester City,Manchester Utd,0,1,4,CLAUDIO RANIERI,1/13/2015,1/1/2100,61,0,0,0
10/2/2016,2016/2017,Leicester City,Southampton,1,0,0,CLAUDIO RANIERI,1/13/2015,1/1/2100,62,0,0,0
10/15/2016,2016/2017,Leicester City,Chelsea,0,0,3,CLAUDIO RANIERI,1/13/2015,1/1/2100,63,0,0,0
10/22/2016,2016/2017,Leicester City,Crystal Palace,1,3,1,CLAUDIO RANIERI,1/13/2015,1/1/2100,64,0,0,0
10/29/2016,2016/2017,Leicester City,Tottenham,0,1,1,CLAUDIO RANIERI,1/13/2015,1/1/2100,65,0,0,0
11/6/2016,2016/2017,Leicester City,West Brom,1,1,2,CLAUDIO RANIERI,1/13/2015,1/1/2100,66,0,0,0
11/19/2016,2016/2017,Leicester City,Watford,0,1,2,CLAUDIO RANIERI,1/13/2015,1/1/2100,67,0,0,0
11/26/2016,2016/2017,Leicester City,Middlesbrough,1,2,2,CLAUDIO RANIERI,1/13/2015,1/1/2100,68,0,0,0
12/3/2016,2016/2017,Leicester City,Sunderland,0,1,2,CLAUDIO RANIERI,1/13/2015,1/1/2100,69,0,0,0
12/10/2016,2016/2017,Leicester City,Manchester City,1,4,2,CLAUDIO RANIERI,1/13/2015,1/1/2100,70,0,0,0
12/13/2016,2016/2017,Leicester City,Bournemouth,0,0,1,CLAUDIO RANIERI,1/13/2015,1/1/2100,71,0,0,0
12/17/2016,2016/2017,Leicester City,Stoke City,0,2,2,CLAUDIO RANIERI,1/13/2015,1/1/2100,72,0,0,0
12/26/2016,2016/2017,Leicester City,Everton,1,0,2,CLAUDIO RANIERI,1/13/2015,1/1/2100,73,0,0,0
12/31/2016,2016/2017,Leicester City,West Ham,1,1,0,CLAUDIO RANIERI,1/13/2015,1/1/2100,74,0,0,0
1/2/2017,2016/2017,Leicester City,Middlesbrough,0,0,0,CLAUDIO RANIERI,1/13/2015,1/1/2100,75,0,0,0
1/14/2017,2016/2017,Leicester City,Chelsea,1,0,3,CLAUDIO RANIERI,1/13/2015,1/1/2100,76,0,0,0
1/22/2017,2016/2017,Leicester City,Southampton,0,0,3,CLAUDIO RANIERI,1/13/2015,1/1/2100,77,0,0,0
1/31/2017,2016/2017,Leicester City,Burnley,0,0,1,CLAUDIO RANIERI,1/13/2015,1/1/2100,78,0,0,0
2/5/2017,2016/2017,Leicester City,Manchester Utd,1,0,3,CLAUDIO RANIERI,1/13/2015,1/1/2100,79,0,0,0
2/12/2017,2016/2017,Leicester City,Swansea City,0,0,2,CLAUDIO RANIERI,1/13/2015,1/1/2100,80,0,0,0
2/27/2017,2016/2017,Leicester City,Liverpool,1,3,1,CRAIG SHAKESPEARE,2/24/2017,1/1/2100,1,1,0,0
3/4/2017,2016/2017,Leicester City,Hull City,1,3,1,CRAIG SHAKESPEARE,2/24/2017,1/1/2100,2,1,0,0
3/18/2017,2016/2017,Leicester City,West Ham,0,3,2,CRAIG SHAKESPEARE,2/24/2017,1/1/2100,3,1,0,0
4/1/2017,2016/2017,Leicester City,Stoke City,1,2,0,CRAIG SHAKESPEARE,2/24/2017,1/1/2100,4,0,1,0
4/4/2017,2016/2017,Leicester City,Sunderland,1,2,0,CRAIG SHAKESPEARE,2/24/2017,1/1/2100,5,0,1,0
4/9/2017,2016/2017,Leicester City,Everton,0,2,4,CRAIG SHAKESPEARE,2/24/2017,1/1/2100,6,0,1,0
4/15/2017,2016/2017,Leicester City,Crystal Palace,0,2,2,CRAIG SHAKESPEARE,2/24/2017,1/1/2100,7,0,0,1
4/26/2017,2016/2017,Leicester City,Arsenal,0,0,1,CRAIG SHAKESPEARE,2/24/2017,1/1/2100,8,0,0,1
4/29/2017,2016/2017,Leicester City,West Brom,0,1,0,CRAIG SHAKESPEARE,2/24/2017,1/1/2100,9,0,0,1
5/6/2017,2016/2017,Leicester City,Watford,1,3,0,CRAIG SHAKESPEARE,2/24/2017,1/1/2100,10,0,0,1
5/13/2017,2016/2017,Leicester City,Manchester City,0,1,2,CRAIG SHAKESPEARE,2/24/2017,1/1/2100,11,0,0,0
5/18/2017,2016/2017,Leicester City,Tottenham,1,1,6,CRAIG SHAKESPEARE,2/24/2017,1/1/2100,12,0,0,0
5/21/2017,2016/2017,Leicester City,Bournemouth,1,1,1,CRAIG SHAKESPEARE,2/24/2017,1/1/2100,13,0,0,0
8/11/2017,2017/2018,Leicester City,Arsenal,0,3,4,CRAIG SHAKESPEARE,2/24/2017,1/1/2100,14,0,0,0
8/19/2017,2017/2018,Leicester City,Brighton,1,2,0,CRAIG SHAKESPEARE,2/24/2017,1/1/2100,15,0,0,0
8/26/2017,2017/2018,Leicester City,Manchester Utd,0,0,2,CRAIG SHAKESPEARE,2/24/2017,1/1/2100,16,0,0,0
9/9/2017,2017/2018,Leicester City,Chelsea,1,1,2,CRAIG SHAKESPEARE,2/24/2017,1/1/2100,17,0,0,0
9/16/2017,2017/2018,Leicester City,Huddersfield,0,1,1,CRAIG SHAKESPEARE,2/24/2017,1/1/2100,18,0,0,0
9/23/2017,2017/2018,Leicester City,Liverpool,1,2,3,CRAIG SHAKESPEARE,2/24/2017,1/1/2100,19,0,0,0
9/30/2017,2017/2018,Leicester City,Bournemouth,0,0,0,CRAIG SHAKESPEARE,2/24/2017,1/1/2100,20,0,0,0
10/16/2017,2017/2018,Leicester City,West Brom,1,1,1,CRAIG SHAKESPEARE,2/24/2017,1/1/2100,21,0,0,0
10/21/2017,2017/2018,Leicester City,Swansea City,0,2,1,MICHEAL APPLETON,10/17/2017,1/1/2100,1,1,0,0
3/4/2023,2022/2023,Leicester City,Southampton,0,0,1,MIKE STOWELL,3/4/2023,10/4/2023,1,1,0,0
3/11/2023,2022/2023,Leicester City,Chelsea,1,1,3,MIKE STOWELL,3/4/2023,10/4/2023,2,1,0,0
3/18/2023,2022/2023,Leicester City,Brentford,0,1,1,MIKE STOWELL,3/4/2023,10/4/2023,3,1,0,0
4/1/2023,2022/2023,Leicester City,Crystal Palace,0,1,2,MIKE STOWELL,3/4/2023,10/4/2023,4,0,1,0
4/4/2023,2022/2023,Leicester City,Aston Villa,1,1,2,MIKE STOWELL,3/4/2023,10/4/2023,5,0,1,0
4/8/2023,2022/2023,Leicester City,Bournemouth,1,0,1,MIKE STOWELL,3/4/2023,10/4/2023,6,0,1,0
4/15/2023,2022/2023,Leicester City,Manchester City,0,1,3,MIKE STOWELL,3/4/2023,10/4/2023,7,0,0,1
4/22/2023,2022/2023,Leicester City,Wolves,1,2,1,MIKE STOWELL,3/4/2023,10/4/2023,8,0,0,1
4/25/2023,2022/2023,Leicester City,Leeds United,0,1,1,MIKE STOWELL,3/4/2023,10/4/2023,9,0,0,1
5/1/2023,2022/2023,Leicester City,Everton,1,2,2,MIKE STOWELL,3/4/2023,10/4/2023,10,0,0,1
5/8/2023,2022/2023,Leicester City,Fulham,0,3,5,MIKE STOWELL,3/4/2023,10/4/2023,11,0,0,0
5/15/2023,2022/2023,Leicester City,Liverpool,1,0,3,MIKE STOWELL,3/4/2023,10/4/2023,12,0,0,0
5/22/2023,2022/2023,Leicester City,Newcastle Utd,0,0,0,MIKE STOWELL,3/4/2023,10/4/2023,13,0,0,0
5/28/2023,2022/2023,Leicester City,West Ham,1,2,1,MIKE STOWELL,3/4/2023,10/4/2023,14,0,0,0
8/16/2014,2014/2015,Leicester City,Everton,1,2,2,NIGEL PEARSON,11/15/2011,1/1/2100,101,0,0,0
8/23/2014,2014/2015,Leicester City,Chelsea,0,0,2,NIGEL PEARSON,11/15/2011,1/1/2100,102,0,0,0
8/31/2014,2014/2015,Leicester City,Arsenal,1,1,1,NIGEL PEARSON,11/15/2011,1/1/2100,103,0,0,0
9/13/2014,2014/2015,Leicester City,Stoke City,0,1,0,NIGEL PEARSON,11/15/2011,1/1/2100,104,0,0,0
9/21/2014,2014/2015,Leicester City,Manchester Utd,1,5,3,NIGEL PEARSON,11/15/2011,1/1/2100,105,0,0,0
9/27/2014,2014/2015,Leicester City,Crystal Palace,0,0,2,NIGEL PEARSON,11/15/2011,1/1/2100,106,0,0,0
10/4/2014,2014/2015,Leicester City,Burnley,1,2,2,NIGEL PEARSON,11/15/2011,1/1/2100,107,0,0,0
10/18/2014,2014/2015,Leicester City,Newcastle Utd,0,0,1,NIGEL PEARSON,11/15/2011,1/1/2100,108,0,0,0
10/25/2014,2014/2015,Leicester City,Swansea City,0,0,2,NIGEL PEARSON,11/15/2011,1/1/2100,109,0,0,0
11/1/2014,2014/2015,Leicester City,West Brom,1,0,1,NIGEL PEARSON,11/15/2011,1/1/2100,110,0,0,0
11/8/2014,2014/2015,Leicester City,Southampton,0,0,2,NIGEL PEARSON,11/15/2011,1/1/2100,111,0,0,0
11/22/2014,2014/2015,Leicester City,Sunderland,1,0,0,NIGEL PEARSON,11/15/2011,1/1/2100,112,0,0,0
11/29/2014,2014/2015,Leicester City,QPR,0,2,3,NIGEL PEARSON,11/15/2011,1/1/2100,113,0,0,0
12/2/2014,2014/2015,Leicester City,Liverpool,1,1,3,NIGEL PEARSON,11/15/2011,1/1/2100,114,0,0,0
12/7/2014,2014/2015,Leicester City,Aston Villa,0,1,2,NIGEL PEARSON,11/15/2011,1/1/2100,115,0,0,0
12/13/2014,2014/2015,Leicester City,Manchester City,1,0,1,NIGEL PEARSON,11/15/2011,1/1/2100,116,0,0,0
12/20/2014,2014/2015,Leicester City,West Ham,0,0,2,NIGEL PEARSON,11/15/2011,1/1/2100,117,0,0,0
12/26/2014,2014/2015,Leicester City,Tottenham,1,1,2,NIGEL PEARSON,11/15/2011,1/1/2100,118,0,0,0
12/28/2014,2014/2015,Leicester City,Hull City,0,1,0,NIGEL PEARSON,11/15/2011,1/1/2100,119,0,0,0
1/1/2015,2014/2015,Leicester City,Liverpool,0,2,2,NIGEL PEARSON,11/15/2011,1/1/2100,120,0,0,0
1/10/2015,2014/2015,Leicester City,Aston Villa,1,1,0,NIGEL PEARSON,11/15/2011,1/1/2100,121,0,0,0
8/17/2014,2014/2015,Liverpool,Southampton,1,2,1,BRENDAN RODGERS,1/7/2012,4/10/2015,101,0,0,0
8/25/2014,2014/2015,Liverpool,Manchester City,0,1,3,BRENDAN RODGERS,1/7/2012,4/10/2015,102,0,0,0
8/31/2014,2014/2015,Liverpool,Tottenham,0,3,0,BRENDAN RODGERS,1/7/2012,4/10/2015,103,0,0,0
9/13/2014,2014/2015,Liverpool,Aston Villa,1,0,1,BRENDAN RODGERS,1/7/2012,4/10/2015,104,0,0,0
9/20/2014,2014/2015,Liverpool,West Ham,0,1,3,BRENDAN RODGERS,1/7/2012,4/10/2015,105,0,0,0
9/27/2014,2014/2015,Liverpool,Everton,1,1,1,BRENDAN RODGERS,1/7/2012,4/10/2015,106,0,0,0
10/4/2014,2014/2015,Liverpool,West Brom,1,2,1,BRENDAN RODGERS,1/7/2012,4/10/2015,107,0,0,0
10/19/2014,2014/2015,Liverpool,QPR,0,3,2,BRENDAN RODGERS,1/7/2012,4/10/2015,108,0,0,0
10/25/2014,2014/2015,Liverpool,Hull City,1,0,0,BRENDAN RODGERS,1/7/2012,4/10/2015,109,0,0,0
11/1/2014,2014/2015,Liverpool,Newcastle Utd,0,0,1,BRENDAN RODGERS,1/7/2012,4/10/2015,110,0,0,0
11/8/2014,2014/2015,Liverpool,Chelsea,1,1,2,BRENDAN RODGERS,1/7/2012,4/10/2015,111,0,0,0
11/23/2014,2014/2015,Liverpool,Crystal Palace,0,1,3,BRENDAN RODGERS,1/7/2012,4/10/2015,112,0,0,0
11/29/2014,2014/2015,Liverpool,Stoke City,1,1,0,BRENDAN RODGERS,1/7/2012,4/10/2015,113,0,0,0
12/2/2014,2014/2015,Liverpool,Leicester City,0,3,1,BRENDAN RODGERS,1/7/2012,4/10/2015,114,0,0,0
12/6/2014,2014/2015,Liverpool,Sunderland,1,0,0,BRENDAN RODGERS,1/7/2012,4/10/2015,115,0,0,0
12/14/2014,2014/2015,Liverpool,Manchester Utd,0,0,3,BRENDAN RODGERS,1/7/2012,4/10/2015,116,0,0,0
12/21/2014,2014/2015,Liverpool,Arsenal,1,2,2,BRENDAN RODGERS,1/7/2012,4/10/2015,117,0,0,0
12/26/2014,2014/2015,Liverpool,Burnley,0,1,0,BRENDAN RODGERS,1/7/2012,4/10/2015,118,0,0,0
12/29/2014,2014/2015,Liverpool,Swansea City,1,4,1,BRENDAN RODGERS,1/7/2012,4/10/2015,119,0,0,0
1/1/2015,2014/2015,Liverpool,Leicester City,1,2,2,BRENDAN RODGERS,1/7/2012,4/10/2015,120,0,0,0
1/10/2015,2014/2015,Liverpool,Sunderland,0,1,0,BRENDAN RODGERS,1/7/2012,4/10/2015,121,0,0,0
1/17/2015,2014/2015,Liverpool,Aston Villa,0,2,0,BRENDAN RODGERS,1/7/2012,4/10/2015,122,0,0,0
1/31/2015,2014/2015,Liverpool,West Ham,1,2,0,BRENDAN RODGERS,1/7/2012,4/10/2015,123,0,0,0
2/7/2015,2014/2015,Liverpool,Everton,0,0,0,BRENDAN RODGERS,1/7/2012,4/10/2015,124,0,0,0
2/10/2015,2014/2015,Liverpool,Tottenham,1,3,2,BRENDAN RODGERS,1/7/2012,4/10/2015,125,0,0,0
2/22/2015,2014/2015,Liverpool,Southampton,0,2,0,BRENDAN RODGERS,1/7/2012,4/10/2015,126,0,0,0
3/1/2015,2014/2015,Liverpool,Manchester City,1,2,1,BRENDAN RODGERS,1/7/2012,4/10/2015,127,0,0,0
3/4/2015,2014/2015,Liverpool,Burnley,1,2,0,BRENDAN RODGERS,1/7/2012,4/10/2015,128,0,0,0
3/16/2015,2014/2015,Liverpool,Swansea City,0,1,0,BRENDAN RODGERS,1/7/2012,4/10/2015,129,0,0,0
3/22/2015,2014/2015,Liverpool,Manchester Utd,1,1,2,BRENDAN RODGERS,1/7/2012,4/10/2015,130,0,0,0
4/4/2015,2014/2015,Liverpool,Arsenal,0,1,4,BRENDAN RODGERS,1/7/2012,4/10/2015,131,0,0,0
8/17/2015,2015/2016,Liverpool,Bournemouth,1,1,0,JURGEN KLOPP,8/10/2015,1/1/2100,1,1,0,0
8/24/2015,2015/2016,Liverpool,Arsenal,0,0,0,JURGEN KLOPP,8/10/2015,1/1/2100,2,1,0,0
8/29/2015,2015/2016,Liverpool,West Ham,1,0,3,JURGEN KLOPP,8/10/2015,1/1/2100,3,1,0,0
9/12/2015,2015/2016,Liverpool,Manchester Utd,0,1,3,JURGEN KLOPP,8/10/2015,1/1/2100,4,0,1,0
9/20/2015,2015/2016,Liverpool,Norwich City,1,1,1,JURGEN KLOPP,8/10/2015,1/1/2100,5,0,1,0
9/26/2015,2015/2016,Liverpool,Aston Villa,1,3,2,JURGEN KLOPP,8/10/2015,1/1/2100,6,0,1,0
10/4/2015,2015/2016,Liverpool,Everton,0,1,1,JURGEN KLOPP,8/10/2015,1/1/2100,7,0,0,1
10/17/2015,2015/2016,Liverpool,Tottenham,0,0,0,JURGEN KLOPP,8/10/2015,1/1/2100,8,0,0,1
10/25/2015,2015/2016,Liverpool,Southampton,1,1,1,JURGEN KLOPP,8/10/2015,1/1/2100,9,0,0,1
10/31/2015,2015/2016,Liverpool,Chelsea,0,3,1,JURGEN KLOPP,8/10/2015,1/1/2100,10,0,0,1
11/8/2015,2015/2016,Liverpool,Crystal Palace,1,1,2,JURGEN KLOPP,8/10/2015,1/1/2100,11,0,0,0
11/21/2015,2015/2016,Liverpool,Manchester City,0,4,1,JURGEN KLOPP,8/10/2015,1/1/2100,12,0,0,0
11/29/2015,2015/2016,Liverpool,Swansea City,1,1,0,JURGEN KLOPP,8/10/2015,1/1/2100,13,0,0,0
12/6/2015,2015/2016,Liverpool,Newcastle Utd,0,0,2,JURGEN KLOPP,8/10/2015,1/1/2100,14,0,0,0
12/13/2015,2015/2016,Liverpool,West Brom,1,2,2,JURGEN KLOPP,8/10/2015,1/1/2100,15,0,0,0
12/20/2015,2015/2016,Liverpool,Watford,0,0,3,JURGEN KLOPP,8/10/2015,1/1/2100,16,0,0,0
12/26/2015,2015/2016,Liverpool,Leicester City,1,1,0,JURGEN KLOPP,8/10/2015,1/1/2100,17,0,0,0
12/30/2015,2015/2016,Liverpool,Sunderland,0,1,0,JURGEN KLOPP,8/10/2015,1/1/2100,18,0,0,0
1/2/2016,2015/2016,Liverpool,West Ham,0,0,2,JURGEN KLOPP,8/10/2015,1/1/2100,19,0,0,0
1/13/2016,2015/2016,Liverpool,Arsenal,1,3,3,JURGEN KLOPP,8/10/2015,1/1/2100,20,0,0,0
1/17/2016,2015/2016,Liverpool,Manchester Utd,1,0,1,JURGEN KLOPP,8/10/2015,1/1/2100,21,0,0,0
1/23/2016,2015/2016,Liverpool,Norwich City,0,5,4,JURGEN KLOPP,8/10/2015,1/1/2100,22,0,0,0
2/2/2016,2015/2016,Liverpool,Leicester City,0,0,2,JURGEN KLOPP,8/10/2015,1/1/2100,23,0,0,0
2/6/2016,2015/2016,Liverpool,Sunderland,1,2,2,JURGEN KLOPP,8/10/2015,1/1/2100,24,0,0,0
2/14/2016,2015/2016,Liverpool,Aston Villa,0,6,0,JURGEN KLOPP,8/10/2015,1/1/2100,25,0,0,0
3/2/2016,2015/2016,Liverpool,Manchester City,1,3,0,JURGEN KLOPP,8/10/2015,1/1/2100,26,0,0,0
3/6/2016,2015/2016,Liverpool,Crystal Palace,0,2,1,JURGEN KLOPP,8/10/2015,1/1/2100,27,0,0,0
3/20/2016,2015/2016,Liverpool,Southampton,0,2,3,JURGEN KLOPP,8/10/2015,1/1/2100,28,0,0,0
4/2/2016,2015/2016,Liverpool,Tottenham,1,1,1,JURGEN KLOPP,8/10/2015,1/1/2100,29,0,0,0
4/10/2016,2015/2016,Liverpool,Stoke City,1,4,1,JURGEN KLOPP,8/10/2015,1/1/2100,30,0,0,0
4/17/2016,2015/2016,Liverpool,Bournemouth,0,2,1,JURGEN KLOPP,8/10/2015,1/1/2100,31,0,0,0
4/20/2016,2015/2016,Liverpool,Everton,1,4,0,JURGEN KLOPP,8/10/2015,1/1/2100,32,0,0,0
4/23/2016,2015/2016,Liverpool,Newcastle Utd,1,2,2,JURGEN KLOPP,8/10/2015,1/1/2100,33,0,0,0
5/1/2016,2015/2016,Liverpool,Swansea City,0,1,3,JURGEN KLOPP,8/10/2015,1/1/2100,34,0,0,0
5/8/2016,2015/2016,Liverpool,Watford,1,2,0,JURGEN KLOPP,8/10/2015,1/1/2100,35,0,0,0
5/11/2016,2015/2016,Liverpool,Chelsea,1,1,1,JURGEN KLOPP,8/10/2015,1/1/2100,36,0,0,0
5/15/2016,2015/2016,Liverpool,West Brom,0,1,1,JURGEN KLOPP,8/10/2015,1/1/2100,37,0,0,0
8/14/2016,2016/2017,Liverpool,Arsenal,0,4,3,JURGEN KLOPP,8/10/2015,1/1/2100,38,0,0,0
8/20/2016,2016/2017,Liverpool,Burnley,0,0,2,JURGEN KLOPP,8/10/2015,1/1/2100,39,0,0,0
8/27/2016,2016/2017,Liverpool,Tottenham,0,1,1,JURGEN KLOPP,8/10/2015,1/1/2100,40,0,0,0
9/10/2016,2016/2017,Liverpool,Leicester City,1,4,1,JURGEN KLOPP,8/10/2015,1/1/2100,41,0,0,0
9/16/2016,2016/2017,Liverpool,Chelsea,0,2,1,JURGEN KLOPP,8/10/2015,1/1/2100,42,0,0,0
9/24/2016,2016/2017,Liverpool,Hull City,1,5,1,JURGEN KLOPP,8/10/2015,1/1/2100,43,0,0,0
10/1/2016,2016/2017,Liverpool,Swansea City,0,2,1,JURGEN KLOPP,8/10/2015,1/1/2100,44,0,0,0
10/17/2016,2016/2017,Liverpool,Manchester Utd,1,0,0,JURGEN KLOPP,8/10/2015,1/1/2100,45,0,0,0
10/22/2016,2016/2017,Liverpool,West Brom,1,2,1,JURGEN KLOPP,8/10/2015,1/1/2100,46,0,0,0
10/29/2016,2016/2017,Liverpool,Crystal Palace,0,4,2,JURGEN KLOPP,8/10/2015,1/1/2100,47,0,0,0
11/6/2016,2016/2017,Liverpool,Watford,1,6,1,JURGEN KLOPP,8/10/2015,1/1/2100,48,0,0,0
11/19/2016,2016/2017,Liverpool,Southampton,0,0,0,JURGEN KLOPP,8/10/2015,1/1/2100,49,0,0,0
11/26/2016,2016/2017,Liverpool,Sunderland,1,2,0,JURGEN KLOPP,8/10/2015,1/1/2100,50,0,0,0
12/4/2016,2016/2017,Liverpool,Bournemouth,0,3,4,JURGEN KLOPP,8/10/2015,1/1/2100,51,0,0,0
12/11/2016,2016/2017,Liverpool,West Ham,1,2,2,JURGEN KLOPP,8/10/2015,1/1/2100,52,0,0,0
12/14/2016,2016/2017,Liverpool,Middlesbrough,0,3,0,JURGEN KLOPP,8/10/2015,1/1/2100,53,0,0,0
12/19/2016,2016/2017,Liverpool,Everton,0,1,0,JURGEN KLOPP,8/10/2015,1/1/2100,54,0,0,0
12/27/2016,2016/2017,Liverpool,Stoke City,1,4,1,JURGEN KLOPP,8/10/2015,1/1/2100,55,0,0,0
12/31/2016,2016/2017,Liverpool,Manchester City,1,1,0,JURGEN KLOPP,8/10/2015,1/1/2100,56,0,0,0
1/2/2017,2016/2017,Liverpool,Sunderland,0,2,2,JURGEN KLOPP,8/10/2015,1/1/2100,57,0,0,0
1/15/2017,2016/2017,Liverpool,Manchester Utd,0,1,1,JURGEN KLOPP,8/10/2015,1/1/2100,58,0,0,0
1/21/2017,2016/2017,Liverpool,Swansea City,1,2,3,JURGEN KLOPP,8/10/2015,1/1/2100,59,0,0,0
1/31/2017,2016/2017,Liverpool,Chelsea,1,1,1,JURGEN KLOPP,8/10/2015,1/1/2100,60,0,0,0
2/4/2017,2016/2017,Liverpool,Hull City,0,0,2,JURGEN KLOPP,8/10/2015,1/1/2100,61,0,0,0
2/11/2017,2016/2017,Liverpool,Tottenham,1,2,0,JURGEN KLOPP,8/10/2015,1/1/2100,62,0,0,0
2/27/2017,2016/2017,Liverpool,Leicester City,0,1,3,JURGEN KLOPP,8/10/2015,1/1/2100,63,0,0,0
3/4/2017,2016/2017,Liverpool,Arsenal,1,3,1,JURGEN KLOPP,8/10/2015,1/1/2100,64,0,0,0
3/12/2017,2016/2017,Liverpool,Burnley,1,2,1,JURGEN KLOPP,8/10/2015,1/1/2100,65,0,0,0
3/19/2017,2016/2017,Liverpool,Manchester City,0,1,1,JURGEN KLOPP,8/10/2015,1/1/2100,66,0,0,0
4/1/2017,2016/2017,Liverpool,Everton,1,3,1,JURGEN KLOPP,8/10/2015,1/1/2100,67,0,0,0
4/5/2017,2016/2017,Liverpool,Bournemouth,1,2,2,JURGEN KLOPP,8/10/2015,1/1/2100,68,0,0,0
4/8/2017,2016/2017,Liverpool,Stoke City,0,2,1,JURGEN KLOPP,8/10/2015,1/1/2100,69,0,0,0
4/16/2017,2016/2017,Liverpool,West Brom,0,1,0,JURGEN KLOPP,8/10/2015,1/1/2100,70,0,0,0
4/23/2017,2016/2017,Liverpool,Crystal Palace,1,1,2,JURGEN KLOPP,8/10/2015,1/1/2100,71,0,0,0
5/1/2017,2016/2017,Liverpool,Watford,0,1,0,JURGEN KLOPP,8/10/2015,1/1/2100,72,0,0,0
5/7/2017,2016/2017,Liverpool,Southampton,1,0,0,JURGEN KLOPP,8/10/2015,1/1/2100,73,0,0,0
5/14/2017,2016/2017,Liverpool,West Ham,0,4,0,JURGEN KLOPP,8/10/2015,1/1/2100,74,0,0,0
5/21/2017,2016/2017,Liverpool,Middlesbrough,1,3,0,JURGEN KLOPP,8/10/2015,1/1/2100,75,0,0,0
8/12/2017,2017/2018,Liverpool,Watford,0,3,3,JURGEN KLOPP,8/10/2015,1/1/2100,76,0,0,0
8/19/2017,2017/2018,Liverpool,Crystal Palace,1,1,0,JURGEN KLOPP,8/10/2015,1/1/2100,77,0,0,0
8/27/2017,2017/2018,Liverpool,Arsenal,1,4,0,JURGEN KLOPP,8/10/2015,1/1/2100,78,0,0,0
9/9/2017,2017/2018,Liverpool,Manchester City,0,0,5,JURGEN KLOPP,8/10/2015,1/1/2100,79,0,0,0
9/16/2017,2017/2018,Liverpool,Burnley,1,1,1,JURGEN KLOPP,8/10/2015,1/1/2100,80,0,0,0
9/23/2017,2017/2018,Liverpool,Leicester City,0,3,2,JURGEN KLOPP,8/10/2015,1/1/2100,81,0,0,0
10/1/2017,2017/2018,Liverpool,Newcastle Utd,0,1,1,JURGEN KLOPP,8/10/2015,1/1/2100,82,0,0,0
10/14/2017,2017/2018,Liverpool,Manchester Utd,1,0,0,JURGEN KLOPP,8/10/2015,1/1/2100,83,0,0,0
10/22/2017,2017/2018,Liverpool,Tottenham,0,1,4,JURGEN KLOPP,8/10/2015,1/1/2100,84,0,0,0
10/28/2017,2017/2018,Liverpool,Huddersfield,1,3,0,JURGEN KLOPP,8/10/2015,1/1/2100,85,0,0,0
11/4/2017,2017/2018,Liverpool,West Ham,0,4,1,JURGEN KLOPP,8/10/2015,1/1/2100,86,0,0,0
11/18/2017,2017/2018,Liverpool,Southampton,1,3,0,JURGEN KLOPP,8/10/2015,1/1/2100,87,0,0,0
11/25/2017,2017/2018,Liverpool,Chelsea,1,1,1,JURGEN KLOPP,8/10/2015,1/1/2100,88,0,0,0
11/29/2017,2017/2018,Liverpool,Stoke City,0,3,0,JURGEN KLOPP,8/10/2015,1/1/2100,89,0,0,0
12/2/2017,2017/2018,Liverpool,Brighton,0,5,1,JURGEN KLOPP,8/10/2015,1/1/2100,90,0,0,0
12/10/2017,2017/2018,Liverpool,Everton,1,1,1,JURGEN KLOPP,8/10/2015,1/1/2100,91,0,0,0
12/13/2017,2017/2018,Liverpool,West Brom,1,0,0,JURGEN KLOPP,8/10/2015,1/1/2100,92,0,0,0
12/17/2017,2017/2018,Liverpool,Bournemouth,0,4,0,JURGEN KLOPP,8/10/2015,1/1/2100,93,0,0,0
12/22/2017,2017/2018,Liverpool,Arsenal,0,3,3,JURGEN KLOPP,8/10/2015,1/1/2100,94,0,0,0
12/26/2017,2017/2018,Liverpool,Swansea City,1,5,0,JURGEN KLOPP,8/10/2015,1/1/2100,95,0,0,0
12/30/2017,2017/2018,Liverpool,Leicester City,1,2,1,JURGEN KLOPP,8/10/2015,1/1/2100,96,0,0,0
1/1/2018,2017/2018,Liverpool,Burnley,0,2,1,JURGEN KLOPP,8/10/2015,1/1/2100,97,0,0,0
1/14/2018,2017/2018,Liverpool,Manchester City,1,4,3,JURGEN KLOPP,8/10/2015,1/1/2100,98,0,0,0
1/22/2018,2017/2018,Liverpool,Swansea City,0,0,1,JURGEN KLOPP,8/10/2015,1/1/2100,99,0,0,0
1/30/2018,2017/2018,Liverpool,Huddersfield,0,3,0,JURGEN KLOPP,8/10/2015,1/1/2100,100,0,0,0
2/4/2018,2017/2018,Liverpool,Tottenham,1,2,2,JURGEN KLOPP,8/10/2015,1/1/2100,101,0,0,0
2/11/2018,2017/2018,Liverpool,Southampton,0,2,0,JURGEN KLOPP,8/10/2015,1/1/2100,102,0,0,0
2/24/2018,2017/2018,Liverpool,West Ham,1,4,1,JURGEN KLOPP,8/10/2015,1/1/2100,103,0,0,0
3/3/2018,2017/2018,Liverpool,Newcastle Utd,1,2,0,JURGEN KLOPP,8/10/2015,1/1/2100,104,0,0,0
3/10/2018,2017/2018,Liverpool,Manchester Utd,0,1,2,JURGEN KLOPP,8/10/2015,1/1/2100,105,0,0,0
3/17/2018,2017/2018,Liverpool,Watford,1,5,0,JURGEN KLOPP,8/10/2015,1/1/2100,106,0,0,0
3/31/2018,2017/2018,Liverpool,Crystal Palace,0,2,1,JURGEN KLOPP,8/10/2015,1/1/2100,107,0,0,0
4/7/2018,2017/2018,Liverpool,Everton,0,0,0,JURGEN KLOPP,8/10/2015,1/1/2100,108,0,0,0
4/14/2018,2017/2018,Liverpool,Bournemouth,1,3,0,JURGEN KLOPP,8/10/2015,1/1/2100,109,0,0,0
4/21/2018,2017/2018,Liverpool,West Brom,0,2,2,JURGEN KLOPP,8/10/2015,1/1/2100,110,0,0,0
4/28/2018,2017/2018,Liverpool,Stoke City,1,0,0,JURGEN KLOPP,8/10/2015,1/1/2100,111,0,0,0
5/6/2018,2017/2018,Liverpool,Chelsea,0,0,1,JURGEN KLOPP,8/10/2015,1/1/2100,112,0,0,0
5/13/2018,2017/2018,Liverpool,Brighton,1,4,0,JURGEN KLOPP,8/10/2015,1/1/2100,113,0,0,0
8/12/2018,2018/2019,Liverpool,West Ham,1,4,0,JURGEN KLOPP,8/10/2015,1/1/2100,114,0,0,0
8/20/2018,2018/2019,Liverpool,Crystal Palace,0,2,0,JURGEN KLOPP,8/10/2015,1/1/2100,115,0,0,0
8/25/2018,2018/2019,Liverpool,Brighton,1,1,0,JURGEN KLOPP,8/10/2015,1/1/2100,116,0,0,0
9/1/2018,2018/2019,Liverpool,Leicester City,0,2,1,JURGEN KLOPP,8/10/2015,1/1/2100,117,0,0,0
9/15/2018,2018/2019,Liverpool,Tottenham,0,2,1,JURGEN KLOPP,8/10/2015,1/1/2100,118,0,0,0
9/22/2018,2018/2019,Liverpool,Southampton,1,3,0,JURGEN KLOPP,8/10/2015,1/1/2100,119,0,0,0
9/29/2018,2018/2019,Liverpool,Chelsea,0,1,1,JURGEN KLOPP,8/10/2015,1/1/2100,120,0,0,0
10/7/2018,2018/2019,Liverpool,Manchester City,1,0,0,JURGEN KLOPP,8/10/2015,1/1/2100,121,0,0,0
10/20/2018,2018/2019,Liverpool,Huddersfield,0,1,0,JURGEN KLOPP,8/10/2015,1/1/2100,122,0,0,0
10/27/2018,2018/2019,Liverpool,Cardiff City,1,4,1,JURGEN KLOPP,8/10/2015,1/1/2100,123,0,0,0
11/3/2018,2018/2019,Liverpool,Arsenal,0,1,1,JURGEN KLOPP,8/10/2015,1/1/2100,124,0,0,0
11/11/2018,2018/2019,Liverpool,Fulham,1,2,0,JURGEN KLOPP,8/10/2015,1/1/2100,125,0,0,0
11/24/2018,2018/2019,Liverpool,Watford,0,3,0,JURGEN KLOPP,8/10/2015,1/1/2100,126,0,0,0
12/2/2018,2018/2019,Liverpool,Everton,1,1,0,JURGEN KLOPP,8/10/2015,1/1/2100,127,0,0,0
12/5/2018,2018/2019,Liverpool,Burnley,0,3,1,JURGEN KLOPP,8/10/2015,1/1/2100,128,0,0,0
12/8/2018,2018/2019,Liverpool,Bournemouth,0,4,0,JURGEN KLOPP,8/10/2015,1/1/2100,129,0,0,0
12/16/2018,2018/2019,Liverpool,Manchester Utd,1,3,1,JURGEN KLOPP,8/10/2015,1/1/2100,130,0,0,0
12/21/2018,2018/2019,Liverpool,Wolves,0,2,0,JURGEN KLOPP,8/10/2015,1/1/2100,131,0,0,0
12/26/2018,2018/2019,Liverpool,Newcastle Utd,1,4,0,JURGEN KLOPP,8/10/2015,1/1/2100,132,0,0,0
12/29/2018,2018/2019,Liverpool,Arsenal,1,5,1,JURGEN KLOPP,8/10/2015,1/1/2100,133,0,0,0
1/3/2019,2018/2019,Liverpool,Manchester City,0,1,2,JURGEN KLOPP,8/10/2015,1/1/2100,134,0,0,0
1/12/2019,2018/2019,Liverpool,Brighton,0,1,0,JURGEN KLOPP,8/10/2015,1/1/2100,135,0,0,0
1/19/2019,2018/2019,Liverpool,Crystal Palace,1,4,3,JURGEN KLOPP,8/10/2015,1/1/2100,136,0,0,0
1/30/2019,2018/2019,Liverpool,Leicester City,1,1,1,JURGEN KLOPP,8/10/2015,1/1/2100,137,0,0,0
2/4/2019,2018/2019,Liverpool,West Ham,0,1,1,JURGEN KLOPP,8/10/2015,1/1/2100,138,0,0,0
2/9/2019,2018/2019,Liverpool,Bournemouth,1,3,0,JURGEN KLOPP,8/10/2015,1/1/2100,139,0,0,0
2/24/2019,2018/2019,Liverpool,Manchester Utd,0,0,0,JURGEN KLOPP,8/10/2015,1/1/2100,140,0,0,0
2/27/2019,2018/2019,Liverpool,Watford,1,5,0,JURGEN KLOPP,8/10/2015,1/1/2100,141,0,0,0
3/3/2019,2018/2019,Liverpool,Everton,0,0,0,JURGEN KLOPP,8/10/2015,1/1/2100,142,0,0,0
3/10/2019,2018/2019,Liverpool,Burnley,1,4,2,JURGEN KLOPP,8/10/2015,1/1/2100,143,0,0,0
3/17/2019,2018/2019,Liverpool,Fulham,0,2,1,JURGEN KLOPP,8/10/2015,1/1/2100,144,0,0,0
3/31/2019,2018/2019,Liverpool,Tottenham,1,2,1,JURGEN KLOPP,8/10/2015,1/1/2100,145,0,0,0
4/5/2019,2018/2019,Liverpool,Southampton,0,3,1,JURGEN KLOPP,8/10/2015,1/1/2100,146,0,0,0
4/14/2019,2018/2019,Liverpool,Chelsea,1,2,0,JURGEN KLOPP,8/10/2015,1/1/2100,147,0,0,0
4/21/2019,2018/2019,Liverpool,Cardiff City,0,2,0,JURGEN KLOPP,8/10/2015,1/1/2100,148,0,0,0
4/26/2019,2018/2019,Liverpool,Huddersfield,1,5,0,JURGEN KLOPP,8/10/2015,1/1/2100,149,0,0,0
5/4/2019,2018/2019,Liverpool,Newcastle Utd,0,3,2,JURGEN KLOPP,8/10/2015,1/1/2100,150,0,0,0
5/12/2019,2018/2019,Liverpool,Wolves,1,2,0,JURGEN KLOPP,8/10/2015,1/1/2100,151,0,0,0
8/9/2019,2019/2020,Liverpool,Norwich City,1,4,1,JURGEN KLOPP,8/10/2015,1/1/2100,152,0,0,0
8/17/2019,2019/2020,Liverpool,Southampton,0,2,1,JURGEN KLOPP,8/10/2015,1/1/2100,153,0,0,0
8/24/2019,2019/2020,Liverpool,Arsenal,1,3,1,JURGEN KLOPP,8/10/2015,1/1/2100,154,0,0,0
8/31/2019,2019/2020,Liverpool,Burnley,0,3,0,JURGEN KLOPP,8/10/2015,1/1/2100,155,0,0,0
9/14/2019,2019/2020,Liverpool,Newcastle Utd,1,3,1,JURGEN KLOPP,8/10/2015,1/1/2100,156,0,0,0
9/22/2019,2019/2020,Liverpool,Chelsea,0,2,1,JURGEN KLOPP,8/10/2015,1/1/2100,157,0,0,0
9/28/2019,2019/2020,Liverpool,Sheffield Utd,0,1,0,JURGEN KLOPP,8/10/2015,1/1/2100,158,0,0,0
10/5/2019,2019/2020,Liverpool,Leicester City,1,2,1,JURGEN KLOPP,8/10/2015,1/1/2100,159,0,0,0
10/20/2019,2019/2020,Liverpool,Manchester Utd,0,1,1,JURGEN KLOPP,8/10/2015,1/1/2100,160,0,0,0
10/27/2019,2019/2020,Liverpool,Tottenham,1,2,1,JURGEN KLOPP,8/10/2015,1/1/2100,161,0,0,0
11/2/2019,2019/2020,Liverpool,Aston Villa,0,2,1,JURGEN KLOPP,8/10/2015,1/1/2100,162,0,0,0
11/10/2019,2019/2020,Liverpool,Manchester City,1,3,1,JURGEN KLOPP,8/10/2015,1/1/2100,163,0,0,0
11/23/2019,2019/2020,Liverpool,Crystal Palace,0,2,1,JURGEN KLOPP,8/10/2015,1/1/2100,164,0,0,0
11/30/2019,2019/2020,Liverpool,Brighton,1,2,1,JURGEN KLOPP,8/10/2015,1/1/2100,165,0,0,0
12/4/2019,2019/2020,Liverpool,Everton,1,5,2,JURGEN KLOPP,8/10/2015,1/1/2100,166,0,0,0
12/7/2019,2019/2020,Liverpool,Bournemouth,0,3,0,JURGEN KLOPP,8/10/2015,1/1/2100,167,0,0,0
12/14/2019,2019/2020,Liverpool,Watford,1,2,0,JURGEN KLOPP,8/10/2015,1/1/2100,168,0,0,0
12/26/2019,2019/2020,Liverpool,Leicester City,0,4,0,JURGEN KLOPP,8/10/2015,1/1/2100,169,0,0,0
12/29/2019,2019/2020,Liverpool,Wolves,1,1,0,JURGEN KLOPP,8/10/2015,1/1/2100,170,0,0,0
1/2/2020,2019/2020,Liverpool,Sheffield Utd,1,2,0,JURGEN KLOPP,8/10/2015,1/1/2100,171,0,0,0
1/11/2020,2019/2020,Liverpool,Tottenham,0,1,0,JURGEN KLOPP,8/10/2015,1/1/2100,172,0,0,0
1/19/2020,2019/2020,Liverpool,Manchester Utd,1,2,0,JURGEN KLOPP,8/10/2015,1/1/2100,173,0,0,0
1/23/2020,2019/2020,Liverpool,Wolves,0,2,1,JURGEN KLOPP,8/10/2015,1/1/2100,174,0,0,0
1/29/2020,2019/2020,Liverpool,West Ham,0,2,0,JURGEN KLOPP,8/10/2015,1/1/2100,175,0,0,0
2/1/2020,2019/2020,Liverpool,Southampton,1,4,0,JURGEN KLOPP,8/10/2015,1/1/2100,176,0,0,0
2/15/2020,2019/2020,Liverpool,Norwich City,0,1,0,JURGEN KLOPP,8/10/2015,1/1/2100,177,0,0,0
2/24/2020,2019/2020,Liverpool,West Ham,1,3,2,JURGEN KLOPP,8/10/2015,1/1/2100,178,0,0,0
2/29/2020,2019/2020,Liverpool,Watford,0,0,3,JURGEN KLOPP,8/10/2015,1/1/2100,179,0,0,0
3/7/2020,2019/2020,Liverpool,Bournemouth,1,2,1,JURGEN KLOPP,8/10/2015,1/1/2100,180,0,0,0
6/21/2020,2019/2020,Liverpool,Everton,0,0,0,JURGEN KLOPP,8/10/2015,1/1/2100,181,0,0,0
6/24/2020,2019/2020,Liverpool,Crystal Palace,1,4,0,JURGEN KLOPP,8/10/2015,1/1/2100,182,0,0,0
7/2/2020,2019/2020,Liverpool,Manchester City,0,0,4,JURGEN KLOPP,8/10/2015,1/1/2100,183,0,0,0
7/5/2020,2019/2020,Liverpool,Aston Villa,1,2,0,JURGEN KLOPP,8/10/2015,1/1/2100,184,0,0,0
7/8/2020,2019/2020,Liverpool,Brighton,0,3,1,JURGEN KLOPP,8/10/2015,1/1/2100,185,0,0,0
7/11/2020,2019/2020,Liverpool,Burnley,1,1,1,JURGEN KLOPP,8/10/2015,1/1/2100,186,0,0,0
7/15/2020,2019/2020,Liverpool,Arsenal,0,1,2,JURGEN KLOPP,8/10/2015,1/1/2100,187,0,0,0
7/22/2020,2019/2020,Liverpool,Chelsea,1,5,3,JURGEN KLOPP,8/10/2015,1/1/2100,188,0,0,0
7/26/2020,2019/2020,Liverpool,Newcastle Utd,0,3,1,JURGEN KLOPP,8/10/2015,1/1/2100,189,0,0,0
9/12/2020,2020/2021,Liverpool,Leeds United,1,4,3,JURGEN KLOPP,8/10/2015,1/1/2100,190,0,0,0
9/20/2020,2020/2021,Liverpool,Chelsea,0,2,0,JURGEN KLOPP,8/10/2015,1/1/2100,191,0,0,0
9/28/2020,2020/2021,Liverpool,Arsenal,1,3,1,JURGEN KLOPP,8/10/2015,1/1/2100,192,0,0,0
10/4/2020,2020/2021,Liverpool,Aston Villa,0,2,7,JURGEN KLOPP,8/10/2015,1/1/2100,193,0,0,0
10/17/2020,2020/2021,Liverpool,Everton,0,2,2,JURGEN KLOPP,8/10/2015,1/1/2100,194,0,0,0
10/24/2020,2020/2021,Liverpool,Sheffield Utd,1,2,1,JURGEN KLOPP,8/10/2015,1/1/2100,195,0,0,0
10/31/2020,2020/2021,Liverpool,West Ham,1,2,1,JURGEN KLOPP,8/10/2015,1/1/2100,196,0,0,0
11/8/2020,2020/2021,Liverpool,Manchester City,0,1,1,JURGEN KLOPP,8/10/2015,1/1/2100,197,0,0,0
11/22/2020,2020/2021,Liverpool,Leicester City,1,3,0,JURGEN KLOPP,8/10/2015,1/1/2100,198,0,0,0
11/28/2020,2020/2021,Liverpool,Brighton,0,1,1,JURGEN KLOPP,8/10/2015,1/1/2100,199,0,0,0
12/6/2020,2020/2021,Liverpool,Wolves,1,4,0,JURGEN KLOPP,8/10/2015,1/1/2100,200,0,0,0
12/13/2020,2020/2021,Liverpool,Fulham,0,1,1,JURGEN KLOPP,8/10/2015,1/1/2100,201,0,0,0
12/16/2020,2020/2021,Liverpool,Tottenham,1,2,1,JURGEN KLOPP,8/10/2015,1/1/2100,202,0,0,0
12/19/2020,2020/2021,Liverpool,Crystal Palace,0,7,0,JURGEN KLOPP,8/10/2015,1/1/2100,203,0,0,0
12/27/2020,2020/2021,Liverpool,West Brom,1,1,1,JURGEN KLOPP,8/10/2015,1/1/2100,204,0,0,0
12/30/2020,2020/2021,Liverpool,Newcastle Utd,0,0,0,JURGEN KLOPP,8/10/2015,1/1/2100,205,0,0,0
1/4/2021,2020/2021,Liverpool,Southampton,0,0,1,JURGEN KLOPP,8/10/2015,1/1/2100,206,0,0,0
1/17/2021,2020/2021,Liverpool,Manchester Utd,1,0,0,JURGEN KLOPP,8/10/2015,1/1/2100,207,0,0,0
1/21/2021,2020/2021,Liverpool,Burnley,1,0,1,JURGEN KLOPP,8/10/2015,1/1/2100,208,0,0,0
1/28/2021,2020/2021,Liverpool,Tottenham,0,3,1,JURGEN KLOPP,8/10/2015,1/1/2100,209,0,0,0
1/31/2021,2020/2021,Liverpool,West Ham,0,3,1,JURGEN KLOPP,8/10/2015,1/1/2100,210,0,0,0
2/3/2021,2020/2021,Liverpool,Brighton,1,0,1,JURGEN KLOPP,8/10/2015,1/1/2100,211,0,0,0
2/7/2021,2020/2021,Liverpool,Manchester City,1,1,4,JURGEN KLOPP,8/10/2015,1/1/2100,212,0,0,0
2/13/2021,2020/2021,Liverpool,Leicester City,0,1,3,JURGEN KLOPP,8/10/2015,1/1/2100,213,0,0,0
2/20/2021,2020/2021,Liverpool,Everton,1,0,2,JURGEN KLOPP,8/10/2015,1/1/2100,214,0,0,0
2/28/2021,2020/2021,Liverpool,Sheffield Utd,0,2,0,JURGEN KLOPP,8/10/2015,1/1/2100,215,0,0,0
3/4/2021,2020/2021,Liverpool,Chelsea,1,0,1,JURGEN KLOPP,8/10/2015,1/1/2100,216,0,0,0
3/7/2021,2020/2021,Liverpool,Fulham,1,0,1,JURGEN KLOPP,8/10/2015,1/1/2100,217,0,0,0
3/15/2021,2020/2021,Liverpool,Wolves,0,1,0,JURGEN KLOPP,8/10/2015,1/1/2100,218,0,0,0
4/3/2021,2020/2021,Liverpool,Arsenal,0,3,0,JURGEN KLOPP,8/10/2015,1/1/2100,219,0,0,0
4/10/2021,2020/2021,Liverpool,Aston Villa,1,2,1,JURGEN KLOPP,8/10/2015,1/1/2100,220,0,0,0
4/19/2021,2020/2021,Liverpool,Leeds United,0,1,1,JURGEN KLOPP,8/10/2015,1/1/2100,221,0,0,0
4/24/2021,2020/2021,Liverpool,Newcastle Utd,1,1,1,JURGEN KLOPP,8/10/2015,1/1/2100,222,0,0,0
5/8/2021,2020/2021,Liverpool,Southampton,1,2,0,JURGEN KLOPP,8/10/2015,1/1/2100,223,0,0,0
5/13/2021,2020/2021,Liverpool,Manchester Utd,0,4,2,JURGEN KLOPP,8/10/2015,1/1/2100,224,0,0,0
5/16/2021,2020/2021,Liverpool,West Brom,0,2,1,JURGEN KLOPP,8/10/2015,1/1/2100,225,0,0,0
5/19/2021,2020/2021,Liverpool,Burnley,0,3,0,JURGEN KLOPP,8/10/2015,1/1/2100,226,0,0,0
5/23/2021,2020/2021,Liverpool,Crystal Palace,1,2,0,JURGEN KLOPP,8/10/2015,1/1/2100,227,0,0,0
8/14/2021,2021/2022,Liverpool,Norwich City,0,3,0,JURGEN KLOPP,8/10/2015,1/1/2100,228,0,0,0
8/21/2021,2021/2022,Liverpool,Burnley,1,2,0,JURGEN KLOPP,8/10/2015,1/1/2100,229,0,0,0
8/28/2021,2021/2022,Liverpool,Chelsea,1,1,1,JURGEN KLOPP,8/10/2015,1/1/2100,230,0,0,0
9/12/2021,2021/2022,Liverpool,Leeds United,0,3,0,JURGEN KLOPP,8/10/2015,1/1/2100,231,0,0,0
9/18/2021,2021/2022,Liverpool,Crystal Palace,1,3,0,JURGEN KLOPP,8/10/2015,1/1/2100,232,0,0,0
9/25/2021,2021/2022,Liverpool,Brentford,0,3,3,JURGEN KLOPP,8/10/2015,1/1/2100,233,0,0,0
10/3/2021,2021/2022,Liverpool,Manchester City,1,2,2,JURGEN KLOPP,8/10/2015,1/1/2100,234,0,0,0
10/16/2021,2021/2022,Liverpool,Watford,0,5,0,JURGEN KLOPP,8/10/2015,1/1/2100,235,0,0,0
10/24/2021,2021/2022,Liverpool,Manchester Utd,0,5,0,JURGEN KLOPP,8/10/2015,1/1/2100,236,0,0,0
10/30/2021,2021/2022,Liverpool,Brighton,1,2,2,JURGEN KLOPP,8/10/2015,1/1/2100,237,0,0,0
11/7/2021,2021/2022,Liverpool,West Ham,0,2,3,JURGEN KLOPP,8/10/2015,1/1/2100,238,0,0,0
11/20/2021,2021/2022,Liverpool,Arsenal,1,4,0,JURGEN KLOPP,8/10/2015,1/1/2100,239,0,0,0
11/27/2021,2021/2022,Liverpool,Southampton,1,4,0,JURGEN KLOPP,8/10/2015,1/1/2100,240,0,0,0
12/1/2021,2021/2022,Liverpool,Everton,0,4,1,JURGEN KLOPP,8/10/2015,1/1/2100,241,0,0,0
12/4/2021,2021/2022,Liverpool,Wolves,0,1,0,JURGEN KLOPP,8/10/2015,1/1/2100,242,0,0,0
12/11/2021,2021/2022,Liverpool,Aston Villa,1,1,0,JURGEN KLOPP,8/10/2015,1/1/2100,243,0,0,0
12/16/2021,2021/2022,Liverpool,Newcastle Utd,1,3,1,JURGEN KLOPP,8/10/2015,1/1/2100,244,0,0,0
12/19/2021,2021/2022,Liverpool,Tottenham,0,2,2,JURGEN KLOPP,8/10/2015,1/1/2100,245,0,0,0
12/28/2021,2021/2022,Liverpool,Leicester City,0,0,1,JURGEN KLOPP,8/10/2015,1/1/2100,246,0,0,0
1/2/2022,2021/2022,Liverpool,Chelsea,0,2,2,JURGEN KLOPP,8/10/2015,1/1/2100,247,0,0,0
1/16/2022,2021/2022,Liverpool,Brentford,1,3,0,JURGEN KLOPP,8/10/2015,1/1/2100,248,0,0,0
1/23/2022,2021/2022,Liverpool,Crystal Palace,0,3,1,JURGEN KLOPP,8/10/2015,1/1/2100,249,0,0,0
2/10/2022,2021/2022,Liverpool,Leicester City,1,2,0,JURGEN KLOPP,8/10/2015,1/1/2100,250,0,0,0
2/13/2022,2021/2022,Liverpool,Burnley,0,1,0,JURGEN KLOPP,8/10/2015,1/1/2100,251,0,0,0
2/19/2022,2021/2022,Liverpool,Norwich City,1,3,1,JURGEN KLOPP,8/10/2015,1/1/2100,252,0,0,0
2/23/2022,2021/2022,Liverpool,Leeds United,1,6,0,JURGEN KLOPP,8/10/2015,1/1/2100,253,0,0,0
3/5/2022,2021/2022,Liverpool,West Ham,1,1,0,JURGEN KLOPP,8/10/2015,1/1/2100,254,0,0,0
3/12/2022,2021/2022,Liverpool,Brighton,0,2,0,JURGEN KLOPP,8/10/2015,1/1/2100,255,0,0,0
3/16/2022,2021/2022,Liverpool,Arsenal,0,2,0,JURGEN KLOPP,8/10/2015,1/1/2100,256,0,0,0
4/2/2022,2021/2022,Liverpool,Watford,1,2,0,JURGEN KLOPP,8/10/2015,1/1/2100,257,0,0,0
4/10/2022,2021/2022,Liverpool,Manchester City,0,2,2,JURGEN KLOPP,8/10/2015,1/1/2100,258,0,0,0
4/19/2022,2021/2022,Liverpool,Manchester Utd,1,4,0,JURGEN KLOPP,8/10/2015,1/1/2100,259,0,0,0
4/24/2022,2021/2022,Liverpool,Everton,1,2,0,JURGEN KLOPP,8/10/2015,1/1/2100,260,0,0,0
4/30/2022,2021/2022,Liverpool,Newcastle Utd,0,1,0,JURGEN KLOPP,8/10/2015,1/1/2100,261,0,0,0
5/7/2022,2021/2022,Liverpool,Tottenham,1,1,1,JURGEN KLOPP,8/10/2015,1/1/2100,262,0,0,0
5/10/2022,2021/2022,Liverpool,Aston Villa,0,2,1,JURGEN KLOPP,8/10/2015,1/1/2100,263,0,0,0
5/17/2022,2021/2022,Liverpool,Southampton,0,2,1,JURGEN KLOPP,8/10/2015,1/1/2100,264,0,0,0
5/22/2022,2021/2022,Liverpool,Wolves,1,3,1,JURGEN KLOPP,8/10/2015,1/1/2100,265,0,0,0
8/6/2022,2022/2023,Liverpool,Fulham,0,2,2,JURGEN KLOPP,8/10/2015,1/1/2100,266,0,0,0
8/15/2022,2022/2023,Liverpool,Crystal Palace,1,1,1,JURGEN KLOPP,8/10/2015,1/1/2100,267,0,0,0
8/22/2022,2022/2023,Liverpool,Manchester Utd,0,1,2,JURGEN KLOPP,8/10/2015,1/1/2100,268,0,0,0
8/27/2022,2022/2023,Liverpool,Bournemouth,1,9,0,JURGEN KLOPP,8/10/2015,1/1/2100,269,0,0,0
8/31/2022,2022/2023,Liverpool,Newcastle Utd,1,2,1,JURGEN KLOPP,8/10/2015,1/1/2100,270,0,0,0
9/3/2022,2022/2023,Liverpool,Everton,0,0,0,JURGEN KLOPP,8/10/2015,1/1/2100,271,0,0,0
10/1/2022,2022/2023,Liverpool,Brighton,1,3,3,JURGEN KLOPP,8/10/2015,1/1/2100,272,0,0,0
10/9/2022,2022/2023,Liverpool,Arsenal,0,2,3,JURGEN KLOPP,8/10/2015,1/1/2100,273,0,0,0
10/16/2022,2022/2023,Liverpool,Manchester City,1,1,0,JURGEN KLOPP,8/10/2015,1/1/2100,274,0,0,0
10/19/2022,2022/2023,Liverpool,West Ham,1,1,0,JURGEN KLOPP,8/10/2015,1/1/2100,275,0,0,0
10/22/2022,2022/2023,Liverpool,Nott'ham Forest,0,0,1,JURGEN KLOPP,8/10/2015,1/1/2100,276,0,0,0
10/29/2022,2022/2023,Liverpool,Leeds United,1,1,2,JURGEN KLOPP,8/10/2015,1/1/2100,277,0,0,0
11/6/2022,2022/2023,Liverpool,Tottenham,0,2,1,JURGEN KLOPP,8/10/2015,1/1/2100,278,0,0,0
11/12/2022,2022/2023,Liverpool,Southampton,1,3,1,JURGEN KLOPP,8/10/2015,1/1/2100,279,0,0,0
12/26/2022,2022/2023,Liverpool,Aston Villa,0,3,1,JURGEN KLOPP,8/10/2015,1/1/2100,280,0,0,0
12/30/2022,2022/2023,Liverpool,Leicester City,1,2,1,JURGEN KLOPP,8/10/2015,1/1/2100,281,0,0,0
1/2/2023,2022/2023,Liverpool,Brentford,0,1,3,JURGEN KLOPP,8/10/2015,1/1/2100,282,0,0,0
1/14/2023,2022/2023,Liverpool,Brighton,0,0,3,JURGEN KLOPP,8/10/2015,1/1/2100,283,0,0,0
1/21/2023,2022/2023,Liverpool,Chelsea,1,0,0,JURGEN KLOPP,8/10/2015,1/1/2100,284,0,0,0
2/4/2023,2022/2023,Liverpool,Wolves,0,0,3,JURGEN KLOPP,8/10/2015,1/1/2100,285,0,0,0
2/13/2023,2022/2023,Liverpool,Everton,1,2,0,JURGEN KLOPP,8/10/2015,1/1/2100,286,0,0,0
2/18/2023,2022/2023,Liverpool,Newcastle Utd,0,2,0,JURGEN KLOPP,8/10/2015,1/1/2100,287,0,0,0
2/25/2023,2022/2023,Liverpool,Crystal Palace,0,0,0,JURGEN KLOPP,8/10/2015,1/1/2100,288,0,0,0
3/1/2023,2022/2023,Liverpool,Wolves,1,2,0,JURGEN KLOPP,8/10/2015,1/1/2100,289,0,0,0
3/5/2023,2022/2023,Liverpool,Manchester Utd,1,7,0,JURGEN KLOPP,8/10/2015,1/1/2100,290,0,0,0
3/11/2023,2022/2023,Liverpool,Bournemouth,0,0,1,JURGEN KLOPP,8/10/2015,1/1/2100,291,0,0,0
4/1/2023,2022/2023,Liverpool,Manchester City,0,1,4,JURGEN KLOPP,8/10/2015,1/1/2100,292,0,0,0
4/4/2023,2022/2023,Liverpool,Chelsea,0,0,0,JURGEN KLOPP,8/10/2015,1/1/2100,293,0,0,0
4/9/2023,2022/2023,Liverpool,Arsenal,1,2,2,JURGEN KLOPP,8/10/2015,1/1/2100,294,0,0,0
4/17/2023,2022/2023,Liverpool,Leeds United,0,6,1,JURGEN KLOPP,8/10/2015,1/1/2100,295,0,0,0
4/22/2023,2022/2023,Liverpool,Nott'ham Forest,1,3,2,JURGEN KLOPP,8/10/2015,1/1/2100,296,0,0,0
4/26/2023,2022/2023,Liverpool,West Ham,0,2,1,JURGEN KLOPP,8/10/2015,1/1/2100,297,0,0,0
4/30/2023,2022/2023,Liverpool,Tottenham,1,4,3,JURGEN KLOPP,8/10/2015,1/1/2100,298,0,0,0
5/3/2023,2022/2023,Liverpool,Fulham,1,1,0,JURGEN KLOPP,8/10/2015,1/1/2100,299,0,0,0
5/6/2023,2022/2023,Liverpool,Brentford,1,1,0,JURGEN KLOPP,8/10/2015,1/1/2100,300,0,0,0
5/15/2023,2022/2023,Liverpool,Leicester City,0,3,0,JURGEN KLOPP,8/10/2015,1/1/2100,301,0,0,0
5/20/2023,2022/2023,Liverpool,Aston Villa,1,1,1,JURGEN KLOPP,8/10/2015,1/1/2100,302,0,0,0
5/28/2023,2022/2023,Liverpool,Southampton,0,4,4,JURGEN KLOPP,8/10/2015,1/1/2100,303,0,0,0
8/13/2023,2023/2024,Liverpool,Chelsea,0,1,1,JURGEN KLOPP,8/10/2015,1/1/2100,304,0,0,0
8/19/2023,2023/2024,Liverpool,Bournemouth,1,3,1,JURGEN KLOPP,8/10/2015,1/1/2100,305,0,0,0
8/27/2023,2023/2024,Liverpool,Newcastle Utd,0,2,1,JURGEN KLOPP,8/10/2015,1/1/2100,306,0,0,0
9/3/2023,2023/2024,Liverpool,Aston Villa,1,3,0,JURGEN KLOPP,8/10/2015,1/1/2100,307,0,0,0
9/16/2023,2023/2024,Liverpool,Wolves,0,3,1,JURGEN KLOPP,8/10/2015,1/1/2100,308,0,0,0
9/24/2023,2023/2024,Liverpool,West Ham,1,3,1,JURGEN KLOPP,8/10/2015,1/1/2100,309,0,0,0
9/30/2023,2023/2024,Liverpool,Tottenham,0,1,2,JURGEN KLOPP,8/10/2015,1/1/2100,310,0,0,0
10/8/2023,2023/2024,Liverpool,Brighton,0,2,2,JURGEN KLOPP,8/10/2015,1/1/2100,311,0,0,0
10/21/2023,2023/2024,Liverpool,Everton,1,2,0,JURGEN KLOPP,8/10/2015,1/1/2100,312,0,0,0
10/29/2023,2023/2024,Liverpool,Nott'ham Forest,1,3,0,JURGEN KLOPP,8/10/2015,1/1/2100,313,0,0,0
11/5/2023,2023/2024,Liverpool,Luton Town,0,1,1,JURGEN KLOPP,8/10/2015,1/1/2100,314,0,0,0
11/12/2023,2023/2024,Liverpool,Brentford,1,3,0,JURGEN KLOPP,8/10/2015,1/1/2100,315,0,0,0
11/25/2023,2023/2024,Liverpool,Manchester City,0,1,1,JURGEN KLOPP,8/10/2015,1/1/2100,316,0,0,0
12/3/2023,2023/2024,Liverpool,Fulham,1,4,3,JURGEN KLOPP,8/10/2015,1/1/2100,317,0,0,0
12/6/2023,2023/2024,Liverpool,Sheffield Utd,0,2,0,JURGEN KLOPP,8/10/2015,1/1/2100,318,0,0,0
12/9/2023,2023/2024,Liverpool,Crystal Palace,0,2,1,JURGEN KLOPP,8/10/2015,1/1/2100,319,0,0,0
12/17/2023,2023/2024,Liverpool,Manchester Utd,1,0,0,JURGEN KLOPP,8/10/2015,1/1/2100,320,0,0,0
12/23/2023,2023/2024,Liverpool,Arsenal,1,1,1,JURGEN KLOPP,8/10/2015,1/1/2100,321,0,0,0
12/26/2023,2023/2024,Liverpool,Burnley,0,2,0,JURGEN KLOPP,8/10/2015,1/1/2100,322,0,0,0
1/1/2024,2023/2024,Liverpool,Newcastle Utd,1,4,2,JURGEN KLOPP,8/10/2015,1/1/2100,323,0,0,0
1/21/2024,2023/2024,Liverpool,Bournemouth,0,4,0,JURGEN KLOPP,8/10/2015,1/1/2100,324,0,0,0
1/31/2024,2023/2024,Liverpool,Chelsea,1,4,1,JURGEN KLOPP,8/10/2015,1/1/2100,325,0,0,0
2/4/2024,2023/2024,Liverpool,Arsenal,0,1,3,JURGEN KLOPP,8/10/2015,1/1/2100,326,0,0,0
2/10/2024,2023/2024,Liverpool,Burnley,1,3,1,JURGEN KLOPP,8/10/2015,1/1/2100,327,0,0,0
2/17/2024,2023/2024,Liverpool,Brentford,0,4,1,JURGEN KLOPP,8/10/2015,1/1/2100,328,0,0,0
2/21/2024,2023/2024,Liverpool,Luton Town,1,4,1,JURGEN KLOPP,8/10/2015,1/1/2100,329,0,0,0
3/2/2024,2023/2024,Liverpool,Nott'ham Forest,0,1,0,JURGEN KLOPP,8/10/2015,1/1/2100,330,0,0,0
3/10/2024,2023/2024,Liverpool,Manchester City,1,1,1,JURGEN KLOPP,8/10/2015,1/1/2100,331,0,0,0
3/31/2024,2023/2024,Liverpool,Brighton,1,2,1,JURGEN KLOPP,8/10/2015,1/1/2100,332,0,0,0
4/4/2024,2023/2024,Liverpool,Sheffield Utd,1,3,1,JURGEN KLOPP,8/10/2015,1/1/2100,333,0,0,0
4/7/2024,2023/2024,Liverpool,Manchester Utd,0,2,2,JURGEN KLOPP,8/10/2015,1/1/2100,334,0,0,0
4/14/2024,2023/2024,Liverpool,Crystal Palace,1,0,1,JURGEN KLOPP,8/10/2015,1/1/2100,335,0,0,0
4/21/2024,2023/2024,Liverpool,Fulham,0,3,1,JURGEN KLOPP,8/10/2015,1/1/2100,336,0,0,0
4/24/2024,2023/2024,Liverpool,Everton,0,0,2,JURGEN KLOPP,8/10/2015,1/1/2100,337,0,0,0
4/27/2024,2023/2024,Liverpool,West Ham,0,2,2,JURGEN KLOPP,8/10/2015,1/1/2100,338,0,0,0
5/5/2024,2023/2024,Liverpool,Tottenham,1,4,2,JURGEN KLOPP,8/10/2015,1/1/2100,339,0,0,0
5/13/2024,2023/2024,Liverpool,Aston Villa,0,3,3,JURGEN KLOPP,8/10/2015,1/1/2100,340,0,0,0
5/19/2024,2023/2024,Liverpool,Wolves,1,2,0,JURGEN KLOPP,8/10/2015,1/1/2100,341,0,0,0
8/12/2023,2023/2024,Luton Town,Brighton,0,1,4,ROB EDWARDS,2/17/2022,9/1/2025,1,1,0,0
8/25/2023,2023/2024,Luton Town,Chelsea,0,0,3,ROB EDWARDS,2/17/2022,9/1/2025,2,1,0,0
9/1/2023,2023/2024,Luton Town,West Ham,1,1,2,ROB EDWARDS,2/17/2022,9/1/2025,3,1,0,0
9/16/2023,2023/2024,Luton Town,Fulham,0,0,1,ROB EDWARDS,2/17/2022,9/1/2025,4,0,1,0
9/23/2023,2023/2024,Luton Town,Wolves,1,1,1,ROB EDWARDS,2/17/2022,9/1/2025,5,0,1,0
9/30/2023,2023/2024,Luton Town,Everton,0,2,1,ROB EDWARDS,2/17/2022,9/1/2025,6,0,1,0
10/3/2023,2023/2024,Luton Town,Burnley,1,1,2,ROB EDWARDS,2/17/2022,9/1/2025,7,0,0,1
10/7/2023,2023/2024,Luton Town,Tottenham,1,0,1,ROB EDWARDS,2/17/2022,9/1/2025,8,0,0,1
10/21/2023,2023/2024,Luton Town,Nott'ham Forest,0,2,2,ROB EDWARDS,2/17/2022,9/1/2025,9,0,0,1
10/29/2023,2023/2024,Luton Town,Aston Villa,0,1,3,ROB EDWARDS,2/17/2022,9/1/2025,10,0,0,1
11/5/2023,2023/2024,Luton Town,Liverpool,1,1,1,ROB EDWARDS,2/17/2022,9/1/2025,11,0,0,0
11/11/2023,2023/2024,Luton Town,Manchester Utd,0,0,1,ROB EDWARDS,2/17/2022,9/1/2025,12,0,0,0
11/25/2023,2023/2024,Luton Town,Crystal Palace,1,2,1,ROB EDWARDS,2/17/2022,9/1/2025,13,0,0,0
12/2/2023,2023/2024,Luton Town,Brentford,0,1,3,ROB EDWARDS,2/17/2022,9/1/2025,14,0,0,0
12/5/2023,2023/2024,Luton Town,Arsenal,1,3,4,ROB EDWARDS,2/17/2022,9/1/2025,15,0,0,0
12/10/2023,2023/2024,Luton Town,Manchester City,1,1,2,ROB EDWARDS,2/17/2022,9/1/2025,16,0,0,0
12/23/2023,2023/2024,Luton Town,Newcastle Utd,1,1,0,ROB EDWARDS,2/17/2022,9/1/2025,17,0,0,0
12/26/2023,2023/2024,Luton Town,Sheffield Utd,0,3,2,ROB EDWARDS,2/17/2022,9/1/2025,18,0,0,0
12/30/2023,2023/2024,Luton Town,Chelsea,1,2,3,ROB EDWARDS,2/17/2022,9/1/2025,19,0,0,0
1/12/2024,2023/2024,Luton Town,Burnley,0,1,1,ROB EDWARDS,2/17/2022,9/1/2025,20,0,0,0
1/30/2024,2023/2024,Luton Town,Brighton,1,4,0,ROB EDWARDS,2/17/2022,9/1/2025,21,0,0,0
2/3/2024,2023/2024,Luton Town,Newcastle Utd,0,4,4,ROB EDWARDS,2/17/2022,9/1/2025,22,0,0,0
2/10/2024,2023/2024,Luton Town,Sheffield Utd,1,1,3,ROB EDWARDS,2/17/2022,9/1/2025,23,0,0,0
2/18/2024,2023/2024,Luton Town,Manchester Utd,1,1,2,ROB EDWARDS,2/17/2022,9/1/2025,24,0,0,0
2/21/2024,2023/2024,Luton Town,Liverpool,0,1,4,ROB EDWARDS,2/17/2022,9/1/2025,25,0,0,0
3/2/2024,2023/2024,Luton Town,Aston Villa,1,2,3,ROB EDWARDS,2/17/2022,9/1/2025,26,0,0,0
3/9/2024,2023/2024,Luton Town,Crystal Palace,0,1,1,ROB EDWARDS,2/17/2022,9/1/2025,27,0,0,0
3/13/2024,2023/2024,Luton Town,Bournemouth,0,3,4,ROB EDWARDS,2/17/2022,9/1/2025,28,0,0,0
3/16/2024,2023/2024,Luton Town,Nott'ham Forest,1,1,1,ROB EDWARDS,2/17/2022,9/1/2025,29,0,0,0
3/30/2024,2023/2024,Luton Town,Tottenham,0,1,2,ROB EDWARDS,2/17/2022,9/1/2025,30,0,0,0
4/3/2024,2023/2024,Luton Town,Arsenal,0,0,2,ROB EDWARDS,2/17/2022,9/1/2025,31,0,0,0
4/6/2024,2023/2024,Luton Town,Bournemouth,1,2,1,ROB EDWARDS,2/17/2022,9/1/2025,32,0,0,0
4/13/2024,2023/2024,Luton Town,Manchester City,0,1,5,ROB EDWARDS,2/17/2022,9/1/2025,33,0,0,0
4/20/2024,2023/2024,Luton Town,Brentford,1,1,5,ROB EDWARDS,2/17/2022,9/1/2025,34,0,0,0
4/27/2024,2023/2024,Luton Town,Wolves,0,1,2,ROB EDWARDS,2/17/2022,9/1/2025,35,0,0,0
5/3/2024,2023/2024,Luton Town,Everton,1,1,1,ROB EDWARDS,2/17/2022,9/1/2025,36,0,0,0
5/11/2024,2023/2024,Luton Town,West Ham,0,1,3,ROB EDWARDS,2/17/2022,9/1/2025,37,0,0,0
5/19/2024,2023/2024,Luton Town,Fulham,1,2,4,ROB EDWARDS,2/17/2022,9/1/2025,38,0,0,0
8/17/2014,2014/2015,Manchester City,Newcastle Utd,0,2,0,MANUEL PELLEGRINI,1/7/2013,1/1/2100,101,0,0,0
8/25/2014,2014/2015,Manchester City,Liverpool,1,3,1,MANUEL PELLEGRINI,1/7/2013,1/1/2100,102,0,0,0
8/30/2014,2014/2015,Manchester City,Stoke City,1,0,1,MANUEL PELLEGRINI,1/7/2013,1/1/2100,103,0,0,0
9/13/2014,2014/2015,Manchester City,Arsenal,0,2,2,MANUEL PELLEGRINI,1/7/2013,1/1/2100,104,0,0,0
9/21/2014,2014/2015,Manchester City,Chelsea,1,1,1,MANUEL PELLEGRINI,1/7/2013,1/1/2100,105,0,0,0
9/27/2014,2014/2015,Manchester City,Hull City,0,4,2,MANUEL PELLEGRINI,1/7/2013,1/1/2100,106,0,0,0
10/4/2014,2014/2015,Manchester City,Aston Villa,0,2,0,MANUEL PELLEGRINI,1/7/2013,1/1/2100,107,0,0,0
10/18/2014,2014/2015,Manchester City,Tottenham,1,4,1,MANUEL PELLEGRINI,1/7/2013,1/1/2100,108,0,0,0
10/25/2014,2014/2015,Manchester City,West Ham,0,1,2,MANUEL PELLEGRINI,1/7/2013,1/1/2100,109,0,0,0
11/2/2014,2014/2015,Manchester City,Manchester Utd,1,1,0,MANUEL PELLEGRINI,1/7/2013,1/1/2100,110,0,0,0
11/8/2014,2014/2015,Manchester City,QPR,0,2,2,MANUEL PELLEGRINI,1/7/2013,1/1/2100,111,0,0,0
11/22/2014,2014/2015,Manchester City,Swansea City,1,2,1,MANUEL PELLEGRINI,1/7/2013,1/1/2100,112,0,0,0
11/30/2014,2014/2015,Manchester City,Southampton,0,3,0,MANUEL PELLEGRINI,1/7/2013,1/1/2100,113,0,0,0
12/3/2014,2014/2015,Manchester City,Sunderland,0,4,1,MANUEL PELLEGRINI,1/7/2013,1/1/2100,114,0,0,0
12/6/2014,2014/2015,Manchester City,Everton,1,1,0,MANUEL PELLEGRINI,1/7/2013,1/1/2100,115,0,0,0
12/13/2014,2014/2015,Manchester City,Leicester City,0,1,0,MANUEL PELLEGRINI,1/7/2013,1/1/2100,116,0,0,0
12/20/2014,2014/2015,Manchester City,Crystal Palace,1,3,0,MANUEL PELLEGRINI,1/7/2013,1/1/2100,117,0,0,0
12/26/2014,2014/2015,Manchester City,West Brom,0,3,1,MANUEL PELLEGRINI,1/7/2013,1/1/2100,118,0,0,0
12/28/2014,2014/2015,Manchester City,Burnley,1,2,2,MANUEL PELLEGRINI,1/7/2013,1/1/2100,119,0,0,0
1/1/2015,2014/2015,Manchester City,Sunderland,1,3,2,MANUEL PELLEGRINI,1/7/2013,1/1/2100,120,0,0,0
1/10/2015,2014/2015,Manchester City,Everton,0,1,1,MANUEL PELLEGRINI,1/7/2013,1/1/2100,121,0,0,0
1/18/2015,2014/2015,Manchester City,Arsenal,1,0,2,MANUEL PELLEGRINI,1/7/2013,1/1/2100,122,0,0,0
1/31/2015,2014/2015,Manchester City,Chelsea,0,1,1,MANUEL PELLEGRINI,1/7/2013,1/1/2100,123,0,0,0
2/7/2015,2014/2015,Manchester City,Hull City,1,1,1,MANUEL PELLEGRINI,1/7/2013,1/1/2100,124,0,0,0
2/11/2015,2014/2015,Manchester City,Stoke City,0,4,1,MANUEL PELLEGRINI,1/7/2013,1/1/2100,125,0,0,0
2/21/2015,2014/2015,Manchester City,Newcastle Utd,1,5,0,MANUEL PELLEGRINI,1/7/2013,1/1/2100,126,0,0,0
3/1/2015,2014/2015,Manchester City,Liverpool,0,1,2,MANUEL PELLEGRINI,1/7/2013,1/1/2100,127,0,0,0
3/4/2015,2014/2015,Manchester City,Leicester City,1,2,0,MANUEL PELLEGRINI,1/7/2013,1/1/2100,128,0,0,0
3/14/2015,2014/2015,Manchester City,Burnley,0,0,1,MANUEL PELLEGRINI,1/7/2013,1/1/2100,129,0,0,0
3/21/2015,2014/2015,Manchester City,West Brom,1,3,0,MANUEL PELLEGRINI,1/7/2013,1/1/2100,130,0,0,0
4/6/2015,2014/2015,Manchester City,Crystal Palace,0,1,2,MANUEL PELLEGRINI,1/7/2013,1/1/2100,131,0,0,0
4/12/2015,2014/2015,Manchester City,Manchester Utd,0,2,4,MANUEL PELLEGRINI,1/7/2013,1/1/2100,132,0,0,0
4/19/2015,2014/2015,Manchester City,West Ham,1,2,0,MANUEL PELLEGRINI,1/7/2013,1/1/2100,133,0,0,0
4/25/2015,2014/2015,Manchester City,Aston Villa,1,3,2,MANUEL PELLEGRINI,1/7/2013,1/1/2100,134,0,0,0
5/3/2015,2014/2015,Manchester City,Tottenham,0,1,0,MANUEL PELLEGRINI,1/7/2013,1/1/2100,135,0,0,0
5/10/2015,2014/2015,Manchester City,QPR,1,6,0,MANUEL PELLEGRINI,1/7/2013,1/1/2100,136,0,0,0
5/17/2015,2014/2015,Manchester City,Swansea City,0,4,2,MANUEL PELLEGRINI,1/7/2013,1/1/2100,137,0,0,0
5/24/2015,2014/2015,Manchester City,Southampton,1,2,0,MANUEL PELLEGRINI,1/7/2013,1/1/2100,138,0,0,0
8/10/2015,2015/2016,Manchester City,West Brom,0,3,0,MANUEL PELLEGRINI,1/7/2013,1/1/2100,139,0,0,0
8/16/2015,2015/2016,Manchester City,Chelsea,1,3,0,MANUEL PELLEGRINI,1/7/2013,1/1/2100,140,0,0,0
8/23/2015,2015/2016,Manchester City,Everton,0,2,0,MANUEL PELLEGRINI,1/7/2013,1/1/2100,141,0,0,0
8/29/2015,2015/2016,Manchester City,Watford,1,2,0,MANUEL PELLEGRINI,1/7/2013,1/1/2100,142,0,0,0
9/12/2015,2015/2016,Manchester City,Crystal Palace,0,1,0,MANUEL PELLEGRINI,1/7/2013,1/1/2100,143,0,0,0
9/19/2015,2015/2016,Manchester City,West Ham,1,1,2,MANUEL PELLEGRINI,1/7/2013,1/1/2100,144,0,0,0
9/26/2015,2015/2016,Manchester City,Tottenham,0,1,4,MANUEL PELLEGRINI,1/7/2013,1/1/2100,145,0,0,0
10/3/2015,2015/2016,Manchester City,Newcastle Utd,1,6,1,MANUEL PELLEGRINI,1/7/2013,1/1/2100,146,0,0,0
10/17/2015,2015/2016,Manchester City,Bournemouth,1,5,1,MANUEL PELLEGRINI,1/7/2013,1/1/2100,147,0,0,0
10/25/2015,2015/2016,Manchester City,Manchester Utd,0,0,0,MANUEL PELLEGRINI,1/7/2013,1/1/2100,148,0,0,0
10/31/2015,2015/2016,Manchester City,Norwich City,1,2,1,MANUEL PELLEGRINI,1/7/2013,1/1/2100,149,0,0,0
11/8/2015,2015/2016,Manchester City,Aston Villa,0,0,0,MANUEL PELLEGRINI,1/7/2013,1/1/2100,150,0,0,0
11/21/2015,2015/2016,Manchester City,Liverpool,1,1,4,MANUEL PELLEGRINI,1/7/2013,1/1/2100,151,0,0,0
11/28/2015,2015/2016,Manchester City,Southampton,1,3,1,MANUEL PELLEGRINI,1/7/2013,1/1/2100,152,0,0,0
12/5/2015,2015/2016,Manchester City,Stoke City,0,0,2,MANUEL PELLEGRINI,1/7/2013,1/1/2100,153,0,0,0
12/12/2015,2015/2016,Manchester City,Swansea City,1,2,1,MANUEL PELLEGRINI,1/7/2013,1/1/2100,154,0,0,0
12/21/2015,2015/2016,Manchester City,Arsenal,0,1,2,MANUEL PELLEGRINI,1/7/2013,1/1/2100,155,0,0,0
12/26/2015,2015/2016,Manchester City,Sunderland,1,4,1,MANUEL PELLEGRINI,1/7/2013,1/1/2100,156,0,0,0
12/29/2015,2015/2016,Manchester City,Leicester City,0,0,0,MANUEL PELLEGRINI,1/7/2013,1/1/2100,157,0,0,0
1/2/2016,2015/2016,Manchester City,Watford,0,2,1,MANUEL PELLEGRINI,1/7/2013,1/1/2100,158,0,0,0
1/13/2016,2015/2016,Manchester City,Everton,1,0,0,PEP GUARDIOLA,1/7/2016,1/1/2100,1,1,0,0
1/16/2016,2015/2016,Manchester City,Crystal Palace,1,4,0,PEP GUARDIOLA,1/7/2016,1/1/2100,2,1,0,0
1/23/2016,2015/2016,Manchester City,West Ham,0,2,2,PEP GUARDIOLA,1/7/2016,1/1/2100,3,1,0,0
2/2/2016,2015/2016,Manchester City,Sunderland,0,1,0,PEP GUARDIOLA,1/7/2016,1/1/2100,4,0,1,0
2/6/2016,2015/2016,Manchester City,Leicester City,1,1,3,PEP GUARDIOLA,1/7/2016,1/1/2100,5,0,1,0
2/14/2016,2015/2016,Manchester City,Tottenham,1,1,2,PEP GUARDIOLA,1/7/2016,1/1/2100,6,0,1,0
3/2/2016,2015/2016,Manchester City,Liverpool,0,0,3,PEP GUARDIOLA,1/7/2016,1/1/2100,7,0,0,1
3/5/2016,2015/2016,Manchester City,Aston Villa,1,4,0,PEP GUARDIOLA,1/7/2016,1/1/2100,8,0,0,1
3/12/2016,2015/2016,Manchester City,Norwich City,0,0,0,PEP GUARDIOLA,1/7/2016,1/1/2100,9,0,0,1
3/20/2016,2015/2016,Manchester City,Manchester Utd,1,0,1,PEP GUARDIOLA,1/7/2016,1/1/2100,10,0,0,1
4/2/2016,2015/2016,Manchester City,Bournemouth,0,4,0,PEP GUARDIOLA,1/7/2016,1/1/2100,11,0,0,0
4/9/2016,2015/2016,Manchester City,West Brom,1,2,1,PEP GUARDIOLA,1/7/2016,1/1/2100,12,0,0,0
4/16/2016,2015/2016,Manchester City,Chelsea,0,3,0,PEP GUARDIOLA,1/7/2016,1/1/2100,13,0,0,0
4/19/2016,2015/2016,Manchester City,Newcastle Utd,0,1,1,PEP GUARDIOLA,1/7/2016,1/1/2100,14,0,0,0
4/23/2016,2015/2016,Manchester City,Stoke City,1,4,0,PEP GUARDIOLA,1/7/2016,1/1/2100,15,0,0,0
5/1/2016,2015/2016,Manchester City,Southampton,0,2,4,PEP GUARDIOLA,1/7/2016,1/1/2100,16,0,0,0
5/8/2016,2015/2016,Manchester City,Arsenal,1,2,2,PEP GUARDIOLA,1/7/2016,1/1/2100,17,0,0,0
5/15/2016,2015/2016,Manchester City,Swansea City,0,1,1,PEP GUARDIOLA,1/7/2016,1/1/2100,18,0,0,0
8/13/2016,2016/2017,Manchester City,Sunderland,1,2,1,PEP GUARDIOLA,1/7/2016,1/1/2100,19,0,0,0
8/20/2016,2016/2017,Manchester City,Stoke City,0,4,1,PEP GUARDIOLA,1/7/2016,1/1/2100,20,0,0,0
8/28/2016,2016/2017,Manchester City,West Ham,1,3,1,PEP GUARDIOLA,1/7/2016,1/1/2100,21,0,0,0
9/10/2016,2016/2017,Manchester City,Manchester Utd,0,2,1,PEP GUARDIOLA,1/7/2016,1/1/2100,22,0,0,0
9/17/2016,2016/2017,Manchester City,Bournemouth,1,4,0,PEP GUARDIOLA,1/7/2016,1/1/2100,23,0,0,0
9/24/2016,2016/2017,Manchester City,Swansea City,0,3,1,PEP GUARDIOLA,1/7/2016,1/1/2100,24,0,0,0
10/2/2016,2016/2017,Manchester City,Tottenham,0,0,2,PEP GUARDIOLA,1/7/2016,1/1/2100,25,0,0,0
10/15/2016,2016/2017,Manchester City,Everton,1,1,1,PEP GUARDIOLA,1/7/2016,1/1/2100,26,0,0,0
10/23/2016,2016/2017,Manchester City,Southampton,1,1,1,PEP GUARDIOLA,1/7/2016,1/1/2100,27,0,0,0
10/29/2016,2016/2017,Manchester City,West Brom,0,4,0,PEP GUARDIOLA,1/7/2016,1/1/2100,28,0,0,0
11/5/2016,2016/2017,Manchester City,Middlesbrough,1,1,1,PEP GUARDIOLA,1/7/2016,1/1/2100,29,0,0,0
11/19/2016,2016/2017,Manchester City,Crystal Palace,0,2,1,PEP GUARDIOLA,1/7/2016,1/1/2100,30,0,0,0
11/26/2016,2016/2017,Manchester City,Burnley,0,2,1,PEP GUARDIOLA,1/7/2016,1/1/2100,31,0,0,0
12/3/2016,2016/2017,Manchester City,Chelsea,1,1,3,PEP GUARDIOLA,1/7/2016,1/1/2100,32,0,0,0
12/10/2016,2016/2017,Manchester City,Leicester City,0,2,4,PEP GUARDIOLA,1/7/2016,1/1/2100,33,0,0,0
12/14/2016,2016/2017,Manchester City,Watford,1,2,0,PEP GUARDIOLA,1/7/2016,1/1/2100,34,0,0,0
12/18/2016,2016/2017,Manchester City,Arsenal,1,2,1,PEP GUARDIOLA,1/7/2016,1/1/2100,35,0,0,0
12/26/2016,2016/2017,Manchester City,Hull City,0,3,0,PEP GUARDIOLA,1/7/2016,1/1/2100,36,0,0,0
12/31/2016,2016/2017,Manchester City,Liverpool,0,0,1,PEP GUARDIOLA,1/7/2016,1/1/2100,37,0,0,0
1/2/2017,2016/2017,Manchester City,Burnley,1,2,1,PEP GUARDIOLA,1/7/2016,1/1/2100,38,0,0,0
1/15/2017,2016/2017,Manchester City,Everton,0,0,4,PEP GUARDIOLA,1/7/2016,1/1/2100,39,0,0,0
1/21/2017,2016/2017,Manchester City,Tottenham,1,2,2,PEP GUARDIOLA,1/7/2016,1/1/2100,40,0,0,0
2/1/2017,2016/2017,Manchester City,West Ham,0,4,0,PEP GUARDIOLA,1/7/2016,1/1/2100,41,0,0,0
2/5/2017,2016/2017,Manchester City,Swansea City,1,2,1,PEP GUARDIOLA,1/7/2016,1/1/2100,42,0,0,0
2/13/2017,2016/2017,Manchester City,Bournemouth,0,2,0,PEP GUARDIOLA,1/7/2016,1/1/2100,43,0,0,0
3/5/2017,2016/2017,Manchester City,Sunderland,0,2,0,PEP GUARDIOLA,1/7/2016,1/1/2100,44,0,0,0
3/8/2017,2016/2017,Manchester City,Stoke City,1,0,0,PEP GUARDIOLA,1/7/2016,1/1/2100,45,0,0,0
3/19/2017,2016/2017,Manchester City,Liverpool,1,1,1,PEP GUARDIOLA,1/7/2016,1/1/2100,46,0,0,0
4/2/2017,2016/2017,Manchester City,Arsenal,0,2,2,PEP GUARDIOLA,1/7/2016,1/1/2100,47,0,0,0
4/5/2017,2016/2017,Manchester City,Chelsea,0,1,2,PEP GUARDIOLA,1/7/2016,1/1/2100,48,0,0,0
4/8/2017,2016/2017,Manchester City,Hull City,1,3,1,PEP GUARDIOLA,1/7/2016,1/1/2100,49,0,0,0
4/15/2017,2016/2017,Manchester City,Southampton,0,3,0,PEP GUARDIOLA,1/7/2016,1/1/2100,50,0,0,0
4/27/2017,2016/2017,Manchester City,Manchester Utd,1,0,0,PEP GUARDIOLA,1/7/2016,1/1/2100,51,0,0,0
4/30/2017,2016/2017,Manchester City,Middlesbrough,0,2,2,PEP GUARDIOLA,1/7/2016,1/1/2100,52,0,0,0
5/6/2017,2016/2017,Manchester City,Crystal Palace,1,5,0,PEP GUARDIOLA,1/7/2016,1/1/2100,53,0,0,0
5/13/2017,2016/2017,Manchester City,Leicester City,1,2,1,PEP GUARDIOLA,1/7/2016,1/1/2100,54,0,0,0
5/16/2017,2016/2017,Manchester City,West Brom,1,3,1,PEP GUARDIOLA,1/7/2016,1/1/2100,55,0,0,0
5/21/2017,2016/2017,Manchester City,Watford,0,5,0,PEP GUARDIOLA,1/7/2016,1/1/2100,56,0,0,0
8/12/2017,2017/2018,Manchester City,Brighton,0,2,0,PEP GUARDIOLA,1/7/2016,1/1/2100,57,0,0,0
8/21/2017,2017/2018,Manchester City,Everton,1,1,1,PEP GUARDIOLA,1/7/2016,1/1/2100,58,0,0,0
8/26/2017,2017/2018,Manchester City,Bournemouth,0,2,1,PEP GUARDIOLA,1/7/2016,1/1/2100,59,0,0,0
9/9/2017,2017/2018,Manchester City,Liverpool,1,5,0,PEP GUARDIOLA,1/7/2016,1/1/2100,60,0,0,0
9/16/2017,2017/2018,Manchester City,Watford,0,6,0,PEP GUARDIOLA,1/7/2016,1/1/2100,61,0,0,0
9/23/2017,2017/2018,Manchester City,Crystal Palace,1,5,0,PEP GUARDIOLA,1/7/2016,1/1/2100,62,0,0,0
9/30/2017,2017/2018,Manchester City,Chelsea,0,1,0,PEP GUARDIOLA,1/7/2016,1/1/2100,63,0,0,0
10/14/2017,2017/2018,Manchester City,Stoke City,1,7,2,PEP GUARDIOLA,1/7/2016,1/1/2100,64,0,0,0
10/21/2017,2017/2018,Manchester City,Burnley,1,3,0,PEP GUARDIOLA,1/7/2016,1/1/2100,65,0,0,0
10/28/2017,2017/2018,Manchester City,West Brom,0,3,2,PEP GUARDIOLA,1/7/2016,1/1/2100,66,0,0,0
11/5/2017,2017/2018,Manchester City,Arsenal,1,3,1,PEP GUARDIOLA,1/7/2016,1/1/2100,67,0,0,0
11/18/2017,2017/2018,Manchester City,Leicester City,0,2,0,PEP GUARDIOLA,1/7/2016,1/1/2100,68,0,0,0
11/26/2017,2017/2018,Manchester City,Huddersfield,0,2,1,PEP GUARDIOLA,1/7/2016,1/1/2100,69,0,0,0
11/29/2017,2017/2018,Manchester City,Southampton,1,2,1,PEP GUARDIOLA,1/7/2016,1/1/2100,70,0,0,0
12/3/2017,2017/2018,Manchester City,West Ham,1,2,1,PEP GUARDIOLA,1/7/2016,1/1/2100,71,0,0,0
12/10/2017,2017/2018,Manchester City,Manchester Utd,0,2,1,PEP GUARDIOLA,1/7/2016,1/1/2100,72,0,0,0
12/13/2017,2017/2018,Manchester City,Swansea City,0,4,0,PEP GUARDIOLA,1/7/2016,1/1/2100,73,0,0,0
12/16/2017,2017/2018,Manchester City,Tottenham,1,4,1,PEP GUARDIOLA,1/7/2016,1/1/2100,74,0,0,0
12/23/2017,2017/2018,Manchester City,Bournemouth,1,4,0,PEP GUARDIOLA,1/7/2016,1/1/2100,75,0,0,0
12/27/2017,2017/2018,Manchester City,Newcastle Utd,0,1,0,PEP GUARDIOLA,1/7/2016,1/1/2100,76,0,0,0
12/31/2017,2017/2018,Manchester City,Crystal Palace,0,0,0,PEP GUARDIOLA,1/7/2016,1/1/2100,77,0,0,0
1/2/2018,2017/2018,Manchester City,Watford,1,3,1,PEP GUARDIOLA,1/7/2016,1/1/2100,78,0,0,0
1/14/2018,2017/2018,Manchester City,Liverpool,0,3,4,PEP GUARDIOLA,1/7/2016,1/1/2100,79,0,0,0
1/20/2018,2017/2018,Manchester City,Newcastle Utd,1,3,1,PEP GUARDIOLA,1/7/2016,1/1/2100,80,0,0,0
1/31/2018,2017/2018,Manchester City,West Brom,1,3,0,PEP GUARDIOLA,1/7/2016,1/1/2100,81,0,0,0
2/3/2018,2017/2018,Manchester City,Burnley,0,1,1,PEP GUARDIOLA,1/7/2016,1/1/2100,82,0,0,0
2/10/2018,2017/2018,Manchester City,Leicester City,1,5,1,PEP GUARDIOLA,1/7/2016,1/1/2100,83,0,0,0
3/1/2018,2017/2018,Manchester City,Arsenal,0,3,0,PEP GUARDIOLA,1/7/2016,1/1/2100,84,0,0,0
3/4/2018,2017/2018,Manchester City,Chelsea,1,1,0,PEP GUARDIOLA,1/7/2016,1/1/2100,85,0,0,0
3/12/2018,2017/2018,Manchester City,Stoke City,0,2,0,PEP GUARDIOLA,1/7/2016,1/1/2100,86,0,0,0
3/31/2018,2017/2018,Manchester City,Everton,0,3,1,PEP GUARDIOLA,1/7/2016,1/1/2100,87,0,0,0
4/7/2018,2017/2018,Manchester City,Manchester Utd,1,2,3,PEP GUARDIOLA,1/7/2016,1/1/2100,88,0,0,0
4/14/2018,2017/2018,Manchester City,Tottenham,0,3,1,PEP GUARDIOLA,1/7/2016,1/1/2100,89,0,0,0
4/22/2018,2017/2018,Manchester City,Swansea City,1,5,0,PEP GUARDIOLA,1/7/2016,1/1/2100,90,0,0,0
4/29/2018,2017/2018,Manchester City,West Ham,0,4,1,PEP GUARDIOLA,1/7/2016,1/1/2100,91,0,0,0
5/6/2018,2017/2018,Manchester City,Huddersfield,1,0,0,PEP GUARDIOLA,1/7/2016,1/1/2100,92,0,0,0
5/9/2018,2017/2018,Manchester City,Brighton,1,3,1,PEP GUARDIOLA,1/7/2016,1/1/2100,93,0,0,0
5/13/2018,2017/2018,Manchester City,Southampton,0,1,0,PEP GUARDIOLA,1/7/2016,1/1/2100,94,0,0,0
8/12/2018,2018/2019,Manchester City,Arsenal,0,2,0,PEP GUARDIOLA,1/7/2016,1/1/2100,95,0,0,0
8/19/2018,2018/2019,Manchester City,Huddersfield,1,6,1,PEP GUARDIOLA,1/7/2016,1/1/2100,96,0,0,0
8/25/2018,2018/2019,Manchester City,Wolves,0,1,1,PEP GUARDIOLA,1/7/2016,1/1/2100,97,0,0,0
9/1/2018,2018/2019,Manchester City,Newcastle Utd,1,2,1,PEP GUARDIOLA,1/7/2016,1/1/2100,98,0,0,0
9/15/2018,2018/2019,Manchester City,Fulham,1,3,0,PEP GUARDIOLA,1/7/2016,1/1/2100,99,0,0,0
9/22/2018,2018/2019,Manchester City,Cardiff City,0,5,0,PEP GUARDIOLA,1/7/2016,1/1/2100,100,0,0,0
9/29/2018,2018/2019,Manchester City,Brighton,1,2,0,PEP GUARDIOLA,1/7/2016,1/1/2100,101,0,0,0
10/7/2018,2018/2019,Manchester City,Liverpool,0,0,0,PEP GUARDIOLA,1/7/2016,1/1/2100,102,0,0,0
10/20/2018,2018/2019,Manchester City,Burnley,1,5,0,PEP GUARDIOLA,1/7/2016,1/1/2100,103,0,0,0
10/29/2018,2018/2019,Manchester City,Tottenham,0,1,0,PEP GUARDIOLA,1/7/2016,1/1/2100,104,0,0,0
11/4/2018,2018/2019,Manchester City,Southampton,1,6,1,PEP GUARDIOLA,1/7/2016,1/1/2100,105,0,0,0
11/11/2018,2018/2019,Manchester City,Manchester Utd,1,3,1,PEP GUARDIOLA,1/7/2016,1/1/2100,106,0,0,0
11/24/2018,2018/2019,Manchester City,West Ham,0,4,0,PEP GUARDIOLA,1/7/2016,1/1/2100,107,0,0,0
12/1/2018,2018/2019,Manchester City,Bournemouth,1,3,1,PEP GUARDIOLA,1/7/2016,1/1/2100,108,0,0,0
12/4/2018,2018/2019,Manchester City,Watford,0,2,1,PEP GUARDIOLA,1/7/2016,1/1/2100,109,0,0,0
12/8/2018,2018/2019,Manchester City,Chelsea,0,0,2,PEP GUARDIOLA,1/7/2016,1/1/2100,110,0,0,0
12/15/2018,2018/2019,Manchester City,Everton,1,3,1,PEP GUARDIOLA,1/7/2016,1/1/2100,111,0,0,0
12/22/2018,2018/2019,Manchester City,Crystal Palace,1,2,3,PEP GUARDIOLA,1/7/2016,1/1/2100,112,0,0,0
12/26/2018,2018/2019,Manchester City,Leicester City,0,1,2,PEP GUARDIOLA,1/7/2016,1/1/2100,113,0,0,0
12/30/2018,2018/2019,Manchester City,Southampton,0,3,1,PEP GUARDIOLA,1/7/2016,1/1/2100,114,0,0,0
1/3/2019,2018/2019,Manchester City,Liverpool,1,2,1,PEP GUARDIOLA,1/7/2016,1/1/2100,115,0,0,0
1/14/2019,2018/2019,Manchester City,Wolves,1,3,0,PEP GUARDIOLA,1/7/2016,1/1/2100,116,0,0,0
1/20/2019,2018/2019,Manchester City,Huddersfield,0,3,0,PEP GUARDIOLA,1/7/2016,1/1/2100,117,0,0,0
1/29/2019,2018/2019,Manchester City,Newcastle Utd,0,1,2,PEP GUARDIOLA,1/7/2016,1/1/2100,118,0,0,0
2/3/2019,2018/2019,Manchester City,Arsenal,1,3,1,PEP GUARDIOLA,1/7/2016,1/1/2100,119,0,0,0
2/6/2019,2018/2019,Manchester City,Everton,0,2,0,PEP GUARDIOLA,1/7/2016,1/1/2100,120,0,0,0
2/10/2019,2018/2019,Manchester City,Chelsea,1,6,0,PEP GUARDIOLA,1/7/2016,1/1/2100,121,0,0,0
2/27/2019,2018/2019,Manchester City,West Ham,1,1,0,PEP GUARDIOLA,1/7/2016,1/1/2100,122,0,0,0
3/2/2019,2018/2019,Manchester City,Bournemouth,0,1,0,PEP GUARDIOLA,1/7/2016,1/1/2100,123,0,0,0
3/9/2019,2018/2019,Manchester City,Watford,1,3,1,PEP GUARDIOLA,1/7/2016,1/1/2100,124,0,0,0
3/30/2019,2018/2019,Manchester City,Fulham,0,2,0,PEP GUARDIOLA,1/7/2016,1/1/2100,125,0,0,0
4/3/2019,2018/2019,Manchester City,Cardiff City,1,2,0,PEP GUARDIOLA,1/7/2016,1/1/2100,126,0,0,0
4/14/2019,2018/2019,Manchester City,Crystal Palace,0,3,1,PEP GUARDIOLA,1/7/2016,1/1/2100,127,0,0,0
4/20/2019,2018/2019,Manchester City,Tottenham,1,1,0,PEP GUARDIOLA,1/7/2016,1/1/2100,128,0,0,0
4/24/2019,2018/2019,Manchester City,Manchester Utd,0,2,0,PEP GUARDIOLA,1/7/2016,1/1/2100,129,0,0,0
4/28/2019,2018/2019,Manchester City,Burnley,0,1,0,PEP GUARDIOLA,1/7/2016,1/1/2100,130,0,0,0
5/6/2019,2018/2019,Manchester City,Leicester City,1,1,0,PEP GUARDIOLA,1/7/2016,1/1/2100,131,0,0,0
5/12/2019,2018/2019,Manchester City,Brighton,0,4,1,PEP GUARDIOLA,1/7/2016,1/1/2100,132,0,0,0
8/10/2019,2019/2020,Manchester City,West Ham,0,5,0,PEP GUARDIOLA,1/7/2016,1/1/2100,133,0,0,0
8/17/2019,2019/2020,Manchester City,Tottenham,1,2,2,PEP GUARDIOLA,1/7/2016,1/1/2100,134,0,0,0
8/25/2019,2019/2020,Manchester City,Bournemouth,0,3,1,PEP GUARDIOLA,1/7/2016,1/1/2100,135,0,0,0
8/31/2019,2019/2020,Manchester City,Brighton,1,4,0,PEP GUARDIOLA,1/7/2016,1/1/2100,136,0,0,0
9/14/2019,2019/2020,Manchester City,Norwich City,0,2,3,PEP GUARDIOLA,1/7/2016,1/1/2100,137,0,0,0
9/21/2019,2019/2020,Manchester City,Watford,1,8,0,PEP GUARDIOLA,1/7/2016,1/1/2100,138,0,0,0
9/28/2019,2019/2020,Manchester City,Everton,0,3,1,PEP GUARDIOLA,1/7/2016,1/1/2100,139,0,0,0
10/6/2019,2019/2020,Manchester City,Wolves,1,0,2,PEP GUARDIOLA,1/7/2016,1/1/2100,140,0,0,0
10/19/2019,2019/2020,Manchester City,Crystal Palace,0,2,0,PEP GUARDIOLA,1/7/2016,1/1/2100,141,0,0,0
10/26/2019,2019/2020,Manchester City,Aston Villa,1,3,0,PEP GUARDIOLA,1/7/2016,1/1/2100,142,0,0,0
11/2/2019,2019/2020,Manchester City,Southampton,1,2,1,PEP GUARDIOLA,1/7/2016,1/1/2100,143,0,0,0
11/10/2019,2019/2020,Manchester City,Liverpool,0,1,3,PEP GUARDIOLA,1/7/2016,1/1/2100,144,0,0,0
11/23/2019,2019/2020,Manchester City,Chelsea,1,2,1,PEP GUARDIOLA,1/7/2016,1/1/2100,145,0,0,0
11/30/2019,2019/2020,Manchester City,Newcastle Utd,0,2,2,PEP GUARDIOLA,1/7/2016,1/1/2100,146,0,0,0
12/3/2019,2019/2020,Manchester City,Burnley,0,4,1,PEP GUARDIOLA,1/7/2016,1/1/2100,147,0,0,0
12/7/2019,2019/2020,Manchester City,Manchester Utd,1,1,2,PEP GUARDIOLA,1/7/2016,1/1/2100,148,0,0,0
12/15/2019,2019/2020,Manchester City,Arsenal,0,3,0,PEP GUARDIOLA,1/7/2016,1/1/2100,149,0,0,0
12/21/2019,2019/2020,Manchester City,Leicester City,1,3,1,PEP GUARDIOLA,1/7/2016,1/1/2100,150,0,0,0
12/27/2019,2019/2020,Manchester City,Wolves,0,2,3,PEP GUARDIOLA,1/7/2016,1/1/2100,151,0,0,0
12/29/2019,2019/2020,Manchester City,Sheffield Utd,1,2,0,PEP GUARDIOLA,1/7/2016,1/1/2100,152,0,0,0
1/1/2020,2019/2020,Manchester City,Everton,1,2,1,PEP GUARDIOLA,1/7/2016,1/1/2100,153,0,0,0
1/12/2020,2019/2020,Manchester City,Aston Villa,0,6,1,PEP GUARDIOLA,1/7/2016,1/1/2100,154,0,0,0
1/18/2020,2019/2020,Manchester City,Crystal Palace,1,2,2,PEP GUARDIOLA,1/7/2016,1/1/2100,155,0,0,0
1/21/2020,2019/2020,Manchester City,Sheffield Utd,0,1,0,PEP GUARDIOLA,1/7/2016,1/1/2100,156,0,0,0
2/2/2020,2019/2020,Manchester City,Tottenham,0,0,2,PEP GUARDIOLA,1/7/2016,1/1/2100,157,0,0,0
2/19/2020,2019/2020,Manchester City,West Ham,1,2,0,PEP GUARDIOLA,1/7/2016,1/1/2100,158,0,0,0
2/22/2020,2019/2020,Manchester City,Leicester City,0,1,0,PEP GUARDIOLA,1/7/2016,1/1/2100,159,0,0,0
3/8/2020,2019/2020,Manchester City,Manchester Utd,0,0,2,PEP GUARDIOLA,1/7/2016,1/1/2100,160,0,0,0
6/17/2020,2019/2020,Manchester City,Arsenal,1,3,0,PEP GUARDIOLA,1/7/2016,1/1/2100,161,0,0,0
6/22/2020,2019/2020,Manchester City,Burnley,1,5,0,PEP GUARDIOLA,1/7/2016,1/1/2100,162,0,0,0
6/25/2020,2019/2020,Manchester City,Chelsea,0,1,2,PEP GUARDIOLA,1/7/2016,1/1/2100,163,0,0,0
7/2/2020,2019/2020,Manchester City,Liverpool,1,4,0,PEP GUARDIOLA,1/7/2016,1/1/2100,164,0,0,0
7/5/2020,2019/2020,Manchester City,Southampton,0,0,1,PEP GUARDIOLA,1/7/2016,1/1/2100,165,0,0,0
7/8/2020,2019/2020,Manchester City,Newcastle Utd,1,5,0,PEP GUARDIOLA,1/7/2016,1/1/2100,166,0,0,0
7/11/2020,2019/2020,Manchester City,Brighton,0,5,0,PEP GUARDIOLA,1/7/2016,1/1/2100,167,0,0,0
7/15/2020,2019/2020,Manchester City,Bournemouth,1,2,1,PEP GUARDIOLA,1/7/2016,1/1/2100,168,0,0,0
7/21/2020,2019/2020,Manchester City,Watford,0,4,0,PEP GUARDIOLA,1/7/2016,1/1/2100,169,0,0,0
7/26/2020,2019/2020,Manchester City,Norwich City,1,5,0,PEP GUARDIOLA,1/7/2016,1/1/2100,170,0,0,0
9/21/2020,2020/2021,Manchester City,Wolves,0,3,1,PEP GUARDIOLA,1/7/2016,1/1/2100,171,0,0,0
9/27/2020,2020/2021,Manchester City,Leicester City,1,2,5,PEP GUARDIOLA,1/7/2016,1/1/2100,172,0,0,0
10/3/2020,2020/2021,Manchester City,Leeds United,0,1,1,PEP GUARDIOLA,1/7/2016,1/1/2100,173,0,0,0
10/17/2020,2020/2021,Manchester City,Arsenal,1,1,0,PEP GUARDIOLA,1/7/2016,1/1/2100,174,0,0,0
10/24/2020,2020/2021,Manchester City,West Ham,0,1,1,PEP GUARDIOLA,1/7/2016,1/1/2100,175,0,0,0
10/31/2020,2020/2021,Manchester City,Sheffield Utd,0,1,0,PEP GUARDIOLA,1/7/2016,1/1/2100,176,0,0,0
11/8/2020,2020/2021,Manchester City,Liverpool,1,1,1,PEP GUARDIOLA,1/7/2016,1/1/2100,177,0,0,0
11/21/2020,2020/2021,Manchester City,Tottenham,0,0,2,PEP GUARDIOLA,1/7/2016,1/1/2100,178,0,0,0
11/28/2020,2020/2021,Manchester City,Burnley,1,5,0,PEP GUARDIOLA,1/7/2016,1/1/2100,179,0,0,0
12/5/2020,2020/2021,Manchester City,Fulham,1,2,0,PEP GUARDIOLA,1/7/2016,1/1/2100,180,0,0,0
12/12/2020,2020/2021,Manchester City,Manchester Utd,0,0,0,PEP GUARDIOLA,1/7/2016,1/1/2100,181,0,0,0
12/15/2020,2020/2021,Manchester City,West Brom,1,1,1,PEP GUARDIOLA,1/7/2016,1/1/2100,182,0,0,0
12/19/2020,2020/2021,Manchester City,Southampton,0,1,0,PEP GUARDIOLA,1/7/2016,1/1/2100,183,0,0,0
12/26/2020,2020/2021,Manchester City,Newcastle Utd,1,2,0,PEP GUARDIOLA,1/7/2016,1/1/2100,184,0,0,0
1/3/2021,2020/2021,Manchester City,Chelsea,0,3,1,PEP GUARDIOLA,1/7/2016,1/1/2100,185,0,0,0
1/13/2021,2020/2021,Manchester City,Brighton,1,1,0,PEP GUARDIOLA,1/7/2016,1/1/2100,186,0,0,0
1/17/2021,2020/2021,Manchester City,Crystal Palace,1,4,0,PEP GUARDIOLA,1/7/2016,1/1/2100,187,0,0,0
1/20/2021,2020/2021,Manchester City,Aston Villa,1,2,0,PEP GUARDIOLA,1/7/2016,1/1/2100,188,0,0,0
1/26/2021,2020/2021,Manchester City,West Brom,0,5,0,PEP GUARDIOLA,1/7/2016,1/1/2100,189,0,0,0
1/30/2021,2020/2021,Manchester City,Sheffield Utd,1,1,0,PEP GUARDIOLA,1/7/2016,1/1/2100,190,0,0,0
2/3/2021,2020/2021,Manchester City,Burnley,0,2,0,PEP GUARDIOLA,1/7/2016,1/1/2100,191,0,0,0
2/7/2021,2020/2021,Manchester City,Liverpool,0,4,1,PEP GUARDIOLA,1/7/2016,1/1/2100,192,0,0,0
2/13/2021,2020/2021,Manchester City,Tottenham,1,3,0,PEP GUARDIOLA,1/7/2016,1/1/2100,193,0,0,0
2/17/2021,2020/2021,Manchester City,Everton,0,3,1,PEP GUARDIOLA,1/7/2016,1/1/2100,194,0,0,0
2/21/2021,2020/2021,Manchester City,Arsenal,0,1,0,PEP GUARDIOLA,1/7/2016,1/1/2100,195,0,0,0
2/27/2021,2020/2021,Manchester City,West Ham,1,2,1,PEP GUARDIOLA,1/7/2016,1/1/2100,196,0,0,0
3/2/2021,2020/2021,Manchester City,Wolves,1,4,1,PEP GUARDIOLA,1/7/2016,1/1/2100,197,0,0,0
3/7/2021,2020/2021,Manchester City,Manchester Utd,1,0,2,PEP GUARDIOLA,1/7/2016,1/1/2100,198,0,0,0
3/10/2021,2020/2021,Manchester City,Southampton,1,5,2,PEP GUARDIOLA,1/7/2016,1/1/2100,199,0,0,0
3/13/2021,2020/2021,Manchester City,Fulham,0,3,0,PEP GUARDIOLA,1/7/2016,1/1/2100,200,0,0,0
4/3/2021,2020/2021,Manchester City,Leicester City,0,2,0,PEP GUARDIOLA,1/7/2016,1/1/2100,201,0,0,0
4/10/2021,2020/2021,Manchester City,Leeds United,1,1,2,PEP GUARDIOLA,1/7/2016,1/1/2100,202,0,0,0
4/21/2021,2020/2021,Manchester City,Aston Villa,0,2,1,PEP GUARDIOLA,1/7/2016,1/1/2100,203,0,0,0
5/1/2021,2020/2021,Manchester City,Crystal Palace,0,2,0,PEP GUARDIOLA,1/7/2016,1/1/2100,204,0,0,0
5/8/2021,2020/2021,Manchester City,Chelsea,1,1,2,PEP GUARDIOLA,1/7/2016,1/1/2100,205,0,0,0
5/14/2021,2020/2021,Manchester City,Newcastle Utd,0,4,3,PEP GUARDIOLA,1/7/2016,1/1/2100,206,0,0,0
5/18/2021,2020/2021,Manchester City,Brighton,0,2,3,PEP GUARDIOLA,1/7/2016,1/1/2100,207,0,0,0
5/23/2021,2020/2021,Manchester City,Everton,1,5,0,PEP GUARDIOLA,1/7/2016,1/1/2100,208,0,0,0
8/15/2021,2021/2022,Manchester City,Tottenham,0,0,1,PEP GUARDIOLA,1/7/2016,1/1/2100,209,0,0,0
8/21/2021,2021/2022,Manchester City,Norwich City,1,5,0,PEP GUARDIOLA,1/7/2016,1/1/2100,210,0,0,0
8/28/2021,2021/2022,Manchester City,Arsenal,1,5,0,PEP GUARDIOLA,1/7/2016,1/1/2100,211,0,0,0
9/11/2021,2021/2022,Manchester City,Leicester City,0,1,0,PEP GUARDIOLA,1/7/2016,1/1/2100,212,0,0,0
9/18/2021,2021/2022,Manchester City,Southampton,1,0,0,PEP GUARDIOLA,1/7/2016,1/1/2100,213,0,0,0
9/25/2021,2021/2022,Manchester City,Chelsea,0,1,0,PEP GUARDIOLA,1/7/2016,1/1/2100,214,0,0,0
10/3/2021,2021/2022,Manchester City,Liverpool,0,2,2,PEP GUARDIOLA,1/7/2016,1/1/2100,215,0,0,0
10/16/2021,2021/2022,Manchester City,Burnley,1,2,0,PEP GUARDIOLA,1/7/2016,1/1/2100,216,0,0,0
10/23/2021,2021/2022,Manchester City,Brighton,0,4,1,PEP GUARDIOLA,1/7/2016,1/1/2100,217,0,0,0
10/30/2021,2021/2022,Manchester City,Crystal Palace,1,0,2,PEP GUARDIOLA,1/7/2016,1/1/2100,218,0,0,0
11/6/2021,2021/2022,Manchester City,Manchester Utd,0,2,0,PEP GUARDIOLA,1/7/2016,1/1/2100,219,0,0,0
11/21/2021,2021/2022,Manchester City,Everton,1,3,0,PEP GUARDIOLA,1/7/2016,1/1/2100,220,0,0,0
11/28/2021,2021/2022,Manchester City,West Ham,1,2,1,PEP GUARDIOLA,1/7/2016,1/1/2100,221,0,0,0
12/1/2021,2021/2022,Manchester City,Aston Villa,0,2,1,PEP GUARDIOLA,1/7/2016,1/1/2100,222,0,0,0
12/4/2021,2021/2022,Manchester City,Watford,0,3,1,PEP GUARDIOLA,1/7/2016,1/1/2100,223,0,0,0
12/11/2021,2021/2022,Manchester City,Wolves,1,1,0,PEP GUARDIOLA,1/7/2016,1/1/2100,224,0,0,0
12/14/2021,2021/2022,Manchester City,Leeds United,1,7,0,PEP GUARDIOLA,1/7/2016,1/1/2100,225,0,0,0
12/19/2021,2021/2022,Manchester City,Newcastle Utd,0,4,0,PEP GUARDIOLA,1/7/2016,1/1/2100,226,0,0,0
12/26/2021,2021/2022,Manchester City,Leicester City,1,6,3,PEP GUARDIOLA,1/7/2016,1/1/2100,227,0,0,0
12/29/2021,2021/2022,Manchester City,Brentford,0,1,0,PEP GUARDIOLA,1/7/2016,1/1/2100,228,0,0,0
1/1/2022,2021/2022,Manchester City,Arsenal,0,2,1,PEP GUARDIOLA,1/7/2016,1/1/2100,229,0,0,0
1/15/2022,2021/2022,Manchester City,Chelsea,1,1,0,PEP GUARDIOLA,1/7/2016,1/1/2100,230,0,0,0
1/22/2022,2021/2022,Manchester City,Southampton,0,1,1,PEP GUARDIOLA,1/7/2016,1/1/2100,231,0,0,0
2/9/2022,2021/2022,Manchester City,Brentford,1,2,0,PEP GUARDIOLA,1/7/2016,1/1/2100,232,0,0,0
2/12/2022,2021/2022,Manchester City,Norwich City,0,4,0,PEP GUARDIOLA,1/7/2016,1/1/2100,233,0,0,0
2/19/2022,2021/2022,Manchester City,Tottenham,1,2,3,PEP GUARDIOLA,1/7/2016,1/1/2100,234,0,0,0
2/26/2022,2021/2022,Manchester City,Everton,0,1,0,PEP GUARDIOLA,1/7/2016,1/1/2100,235,0,0,0
3/6/2022,2021/2022,Manchester City,Manchester Utd,1,4,1,PEP GUARDIOLA,1/7/2016,1/1/2100,236,0,0,0
3/14/2022,2021/2022,Manchester City,Crystal Palace,0,0,0,PEP GUARDIOLA,1/7/2016,1/1/2100,237,0,0,0
4/2/2022,2021/2022,Manchester City,Burnley,0,2,0,PEP GUARDIOLA,1/7/2016,1/1/2100,238,0,0,0
4/10/2022,2021/2022,Manchester City,Liverpool,1,2,2,PEP GUARDIOLA,1/7/2016,1/1/2100,239,0,0,0
4/20/2022,2021/2022,Manchester City,Brighton,1,3,0,PEP GUARDIOLA,1/7/2016,1/1/2100,240,0,0,0
4/23/2022,2021/2022,Manchester City,Watford,1,5,1,PEP GUARDIOLA,1/7/2016,1/1/2100,241,0,0,0
4/30/2022,2021/2022,Manchester City,Leeds United,0,4,0,PEP GUARDIOLA,1/7/2016,1/1/2100,242,0,0,0
5/8/2022,2021/2022,Manchester City,Newcastle Utd,1,5,0,PEP GUARDIOLA,1/7/2016,1/1/2100,243,0,0,0
5/11/2022,2021/2022,Manchester City,Wolves,0,5,1,PEP GUARDIOLA,1/7/2016,1/1/2100,244,0,0,0
5/15/2022,2021/2022,Manchester City,West Ham,0,2,2,PEP GUARDIOLA,1/7/2016,1/1/2100,245,0,0,0
5/22/2022,2021/2022,Manchester City,Aston Villa,1,3,2,PEP GUARDIOLA,1/7/2016,1/1/2100,246,0,0,0
8/7/2022,2022/2023,Manchester City,West Ham,0,2,0,PEP GUARDIOLA,1/7/2016,1/1/2100,247,0,0,0
8/13/2022,2022/2023,Manchester City,Bournemouth,1,4,0,PEP GUARDIOLA,1/7/2016,1/1/2100,248,0,0,0
8/21/2022,2022/2023,Manchester City,Newcastle Utd,0,3,3,PEP GUARDIOLA,1/7/2016,1/1/2100,249,0,0,0
8/27/2022,2022/2023,Manchester City,Crystal Palace,1,4,2,PEP GUARDIOLA,1/7/2016,1/1/2100,250,0,0,0
8/31/2022,2022/2023,Manchester City,Nott'ham Forest,1,6,0,PEP GUARDIOLA,1/7/2016,1/1/2100,251,0,0,0
9/3/2022,2022/2023,Manchester City,Aston Villa,0,1,1,PEP GUARDIOLA,1/7/2016,1/1/2100,252,0,0,0
9/17/2022,2022/2023,Manchester City,Wolves,0,3,0,PEP GUARDIOLA,1/7/2016,1/1/2100,253,0,0,0
10/2/2022,2022/2023,Manchester City,Manchester Utd,1,6,3,PEP GUARDIOLA,1/7/2016,1/1/2100,254,0,0,0
10/8/2022,2022/2023,Manchester City,Southampton,1,4,0,PEP GUARDIOLA,1/7/2016,1/1/2100,255,0,0,0
10/16/2022,2022/2023,Manchester City,Liverpool,0,0,1,PEP GUARDIOLA,1/7/2016,1/1/2100,256,0,0,0
10/22/2022,2022/2023,Manchester City,Brighton,1,3,1,PEP GUARDIOLA,1/7/2016,1/1/2100,257,0,0,0
10/29/2022,2022/2023,Manchester City,Leicester City,0,1,0,PEP GUARDIOLA,1/7/2016,1/1/2100,258,0,0,0
11/5/2022,2022/2023,Manchester City,Fulham,1,2,1,PEP GUARDIOLA,1/7/2016,1/1/2100,259,0,0,0
11/12/2022,2022/2023,Manchester City,Brentford,1,1,2,PEP GUARDIOLA,1/7/2016,1/1/2100,260,0,0,0
12/28/2022,2022/2023,Manchester City,Leeds United,0,3,1,PEP GUARDIOLA,1/7/2016,1/1/2100,261,0,0,0
12/31/2022,2022/2023,Manchester City,Everton,1,1,1,PEP GUARDIOLA,1/7/2016,1/1/2100,262,0,0,0
1/5/2023,2022/2023,Manchester City,Chelsea,0,1,0,PEP GUARDIOLA,1/7/2016,1/1/2100,263,0,0,0
1/14/2023,2022/2023,Manchester City,Manchester Utd,0,1,2,PEP GUARDIOLA,1/7/2016,1/1/2100,264,0,0,0
1/19/2023,2022/2023,Manchester City,Tottenham,1,4,2,PEP GUARDIOLA,1/7/2016,1/1/2100,265,0,0,0
1/22/2023,2022/2023,Manchester City,Wolves,1,3,0,PEP GUARDIOLA,1/7/2016,1/1/2100,266,0,0,0
2/5/2023,2022/2023,Manchester City,Tottenham,0,0,1,PEP GUARDIOLA,1/7/2016,1/1/2100,267,0,0,0
2/12/2023,2022/2023,Manchester City,Aston Villa,1,3,1,PEP GUARDIOLA,1/7/2016,1/1/2100,268,0,0,0
2/15/2023,2022/2023,Manchester City,Arsenal,0,3,1,PEP GUARDIOLA,1/7/2016,1/1/2100,269,0,0,0
2/18/2023,2022/2023,Manchester City,Nott'ham Forest,0,1,1,PEP GUARDIOLA,1/7/2016,1/1/2100,270,0,0,0
2/25/2023,2022/2023,Manchester City,Bournemouth,0,4,1,PEP GUARDIOLA,1/7/2016,1/1/2100,271,0,0,0
3/4/2023,2022/2023,Manchester City,Newcastle Utd,1,2,0,PEP GUARDIOLA,1/7/2016,1/1/2100,272,0,0,0
3/11/2023,2022/2023,Manchester City,Crystal Palace,0,1,0,PEP GUARDIOLA,1/7/2016,1/1/2100,273,0,0,0
4/1/2023,2022/2023,Manchester City,Liverpool,1,4,1,PEP GUARDIOLA,1/7/2016,1/1/2100,274,0,0,0
4/8/2023,2022/2023,Manchester City,Southampton,0,4,1,PEP GUARDIOLA,1/7/2016,1/1/2100,275,0,0,0
4/15/2023,2022/2023,Manchester City,Leicester City,1,3,1,PEP GUARDIOLA,1/7/2016,1/1/2100,276,0,0,0
4/26/2023,2022/2023,Manchester City,Arsenal,1,4,1,PEP GUARDIOLA,1/7/2016,1/1/2100,277,0,0,0
4/30/2023,2022/2023,Manchester City,Fulham,0,2,1,PEP GUARDIOLA,1/7/2016,1/1/2100,278,0,0,0
5/3/2023,2022/2023,Manchester City,West Ham,1,3,0,PEP GUARDIOLA,1/7/2016,1/1/2100,279,0,0,0
5/6/2023,2022/2023,Manchester City,Leeds United,1,2,1,PEP GUARDIOLA,1/7/2016,1/1/2100,280,0,0,0
5/14/2023,2022/2023,Manchester City,Everton,0,3,0,PEP GUARDIOLA,1/7/2016,1/1/2100,281,0,0,0
5/21/2023,2022/2023,Manchester City,Chelsea,1,1,0,PEP GUARDIOLA,1/7/2016,1/1/2100,282,0,0,0
5/24/2023,2022/2023,Manchester City,Brighton,0,1,1,PEP GUARDIOLA,1/7/2016,1/1/2100,283,0,0,0
5/28/2023,2022/2023,Manchester City,Brentford,0,0,1,PEP GUARDIOLA,1/7/2016,1/1/2100,284,0,0,0
8/11/2023,2023/2024,Manchester City,Burnley,0,3,0,PEP GUARDIOLA,1/7/2016,1/1/2100,285,0,0,0
8/19/2023,2023/2024,Manchester City,Newcastle Utd,1,1,0,PEP GUARDIOLA,1/7/2016,1/1/2100,286,0,0,0
8/27/2023,2023/2024,Manchester City,Sheffield Utd,0,2,1,PEP GUARDIOLA,1/7/2016,1/1/2100,287,0,0,0
9/2/2023,2023/2024,Manchester City,Fulham,1,5,1,PEP GUARDIOLA,1/7/2016,1/1/2100,288,0,0,0
9/16/2023,2023/2024,Manchester City,West Ham,0,3,1,PEP GUARDIOLA,1/7/2016,1/1/2100,289,0,0,0
9/23/2023,2023/2024,Manchester City,Nott'ham Forest,1,2,0,PEP GUARDIOLA,1/7/2016,1/1/2100,290,0,0,0
9/30/2023,2023/2024,Manchester City,Wolves,0,1,2,PEP GUARDIOLA,1/7/2016,1/1/2100,291,0,0,0
10/8/2023,2023/2024,Manchester City,Arsenal,0,0,1,PEP GUARDIOLA,1/7/2016,1/1/2100,292,0,0,0
10/21/2023,2023/2024,Manchester City,Brighton,1,2,1,PEP GUARDIOLA,1/7/2016,1/1/2100,293,0,0,0
10/29/2023,2023/2024,Manchester City,Manchester Utd,0,3,0,PEP GUARDIOLA,1/7/2016,1/1/2100,294,0,0,0
11/4/2023,2023/2024,Manchester City,Bournemouth,1,6,1,PEP GUARDIOLA,1/7/2016,1/1/2100,295,0,0,0
11/12/2023,2023/2024,Manchester City,Chelsea,0,4,4,PEP GUARDIOLA,1/7/2016,1/1/2100,296,0,0,0
11/25/2023,2023/2024,Manchester City,Liverpool,1,1,1,PEP GUARDIOLA,1/7/2016,1/1/2100,297,0,0,0
12/3/2023,2023/2024,Manchester City,Tottenham,1,3,3,PEP GUARDIOLA,1/7/2016,1/1/2100,298,0,0,0
12/6/2023,2023/2024,Manchester City,Aston Villa,0,0,1,PEP GUARDIOLA,1/7/2016,1/1/2100,299,0,0,0
12/10/2023,2023/2024,Manchester City,Luton Town,0,2,1,PEP GUARDIOLA,1/7/2016,1/1/2100,300,0,0,0
12/16/2023,2023/2024,Manchester City,Crystal Palace,1,2,2,PEP GUARDIOLA,1/7/2016,1/1/2100,301,0,0,0
12/27/2023,2023/2024,Manchester City,Everton,0,3,1,PEP GUARDIOLA,1/7/2016,1/1/2100,302,0,0,0
12/30/2023,2023/2024,Manchester City,Sheffield Utd,1,2,0,PEP GUARDIOLA,1/7/2016,1/1/2100,303,0,0,0
1/13/2024,2023/2024,Manchester City,Newcastle Utd,0,3,2,PEP GUARDIOLA,1/7/2016,1/1/2100,304,0,0,0
1/31/2024,2023/2024,Manchester City,Burnley,1,3,1,PEP GUARDIOLA,1/7/2016,1/1/2100,305,0,0,0
2/5/2024,2023/2024,Manchester City,Brentford,0,3,1,PEP GUARDIOLA,1/7/2016,1/1/2100,306,0,0,0
2/10/2024,2023/2024,Manchester City,Everton,1,2,0,PEP GUARDIOLA,1/7/2016,1/1/2100,307,0,0,0
2/17/2024,2023/2024,Manchester City,Chelsea,1,1,1,PEP GUARDIOLA,1/7/2016,1/1/2100,308,0,0,0
2/20/2024,2023/2024,Manchester City,Brentford,1,1,0,PEP GUARDIOLA,1/7/2016,1/1/2100,309,0,0,0
2/24/2024,2023/2024,Manchester City,Bournemouth,0,1,0,PEP GUARDIOLA,1/7/2016,1/1/2100,310,0,0,0
3/3/2024,2023/2024,Manchester City,Manchester Utd,1,3,1,PEP GUARDIOLA,1/7/2016,1/1/2100,311,0,0,0
3/10/2024,2023/2024,Manchester City,Liverpool,0,1,1,PEP GUARDIOLA,1/7/2016,1/1/2100,312,0,0,0
3/31/2024,2023/2024,Manchester City,Arsenal,1,0,0,PEP GUARDIOLA,1/7/2016,1/1/2100,313,0,0,0
4/3/2024,2023/2024,Manchester City,Aston Villa,1,4,1,PEP GUARDIOLA,1/7/2016,1/1/2100,314,0,0,0
4/6/2024,2023/2024,Manchester City,Crystal Palace,0,4,2,PEP GUARDIOLA,1/7/2016,1/1/2100,315,0,0,0
4/13/2024,2023/2024,Manchester City,Luton Town,1,5,1,PEP GUARDIOLA,1/7/2016,1/1/2100,316,0,0,0
4/25/2024,2023/2024,Manchester City,Brighton,0,4,0,PEP GUARDIOLA,1/7/2016,1/1/2100,317,0,0,0
4/28/2024,2023/2024,Manchester City,Nott'ham Forest,0,2,0,PEP GUARDIOLA,1/7/2016,1/1/2100,318,0,0,0
5/4/2024,2023/2024,Manchester City,Wolves,1,5,1,PEP GUARDIOLA,1/7/2016,1/1/2100,319,0,0,0
5/11/2024,2023/2024,Manchester City,Fulham,0,4,0,PEP GUARDIOLA,1/7/2016,1/1/2100,320,0,0,0
5/14/2024,2023/2024,Manchester City,Tottenham,0,2,0,PEP GUARDIOLA,1/7/2016,1/1/2100,321,0,0,0
5/19/2024,2023/2024,Manchester City,West Ham,1,3,1,PEP GUARDIOLA,1/7/2016,1/1/2100,322,0,0,0
1/15/2022,2021/2022,Manchester Utd,Aston Villa,0,2,2,ERIK TEN HAG,1/7/2022,1/1/2100,1,1,0,0
1/19/2022,2021/2022,Manchester Utd,Brentford,0,3,1,ERIK TEN HAG,1/7/2022,1/1/2100,2,1,0,0
1/22/2022,2021/2022,Manchester Utd,West Ham,1,1,0,ERIK TEN HAG,1/7/2022,1/1/2100,3,1,0,0
2/8/2022,2021/2022,Manchester Utd,Burnley,0,1,1,ERIK TEN HAG,1/7/2022,1/1/2100,4,0,1,0
2/12/2022,2021/2022,Manchester Utd,Southampton,1,1,1,ERIK TEN HAG,1/7/2022,1/1/2100,5,0,1,0
2/15/2022,2021/2022,Manchester Utd,Brighton,1,2,0,ERIK TEN HAG,1/7/2022,1/1/2100,6,0,1,0
2/20/2022,2021/2022,Manchester Utd,Leeds United,0,4,2,ERIK TEN HAG,1/7/2022,1/1/2100,7,0,0,1
2/26/2022,2021/2022,Manchester Utd,Watford,1,0,0,ERIK TEN HAG,1/7/2022,1/1/2100,8,0,0,1
3/6/2022,2021/2022,Manchester Utd,Manchester City,0,1,4,ERIK TEN HAG,1/7/2022,1/1/2100,9,0,0,1
3/12/2022,2021/2022,Manchester Utd,Tottenham,1,3,2,ERIK TEN HAG,1/7/2022,1/1/2100,10,0,0,1
4/2/2022,2021/2022,Manchester Utd,Leicester City,1,1,1,ERIK TEN HAG,1/7/2022,1/1/2100,11,0,0,0
4/9/2022,2021/2022,Manchester Utd,Everton,0,0,1,ERIK TEN HAG,1/7/2022,1/1/2100,12,0,0,0
4/16/2022,2021/2022,Manchester Utd,Norwich City,1,3,2,ERIK TEN HAG,1/7/2022,1/1/2100,13,0,0,0
4/19/2022,2021/2022,Manchester Utd,Liverpool,0,0,4,ERIK TEN HAG,1/7/2022,1/1/2100,14,0,0,0
4/23/2022,2021/2022,Manchester Utd,Arsenal,0,1,3,ERIK TEN HAG,1/7/2022,1/1/2100,15,0,0,0
4/28/2022,2021/2022,Manchester Utd,Chelsea,1,1,1,ERIK TEN HAG,1/7/2022,1/1/2100,16,0,0,0
5/2/2022,2021/2022,Manchester Utd,Brentford,1,3,0,ERIK TEN HAG,1/7/2022,1/1/2100,17,0,0,0
5/7/2022,2021/2022,Manchester Utd,Brighton,0,0,4,ERIK TEN HAG,1/7/2022,1/1/2100,18,0,0,0
5/22/2022,2021/2022,Manchester Utd,Crystal Palace,0,0,1,ERIK TEN HAG,1/7/2022,1/1/2100,19,0,0,0
8/7/2022,2022/2023,Manchester Utd,Brighton,1,1,2,ERIK TEN HAG,1/7/2022,1/1/2100,20,0,0,0
8/13/2022,2022/2023,Manchester Utd,Brentford,0,0,4,ERIK TEN HAG,1/7/2022,1/1/2100,21,0,0,0
8/22/2022,2022/2023,Manchester Utd,Liverpool,1,2,1,ERIK TEN HAG,1/7/2022,1/1/2100,22,0,0,0
8/27/2022,2022/2023,Manchester Utd,Southampton,0,1,0,ERIK TEN HAG,1/7/2022,1/1/2100,23,0,0,0
9/1/2022,2022/2023,Manchester Utd,Leicester City,0,1,0,ERIK TEN HAG,1/7/2022,1/1/2100,24,0,0,0
9/4/2022,2022/2023,Manchester Utd,Arsenal,1,3,1,ERIK TEN HAG,1/7/2022,1/1/2100,25,0,0,0
10/2/2022,2022/2023,Manchester Utd,Manchester City,0,3,6,ERIK TEN HAG,1/7/2022,1/1/2100,26,0,0,0
10/9/2022,2022/2023,Manchester Utd,Everton,0,2,1,ERIK TEN HAG,1/7/2022,1/1/2100,27,0,0,0
10/16/2022,2022/2023,Manchester Utd,Newcastle Utd,1,0,0,ERIK TEN HAG,1/7/2022,1/1/2100,28,0,0,0
10/19/2022,2022/2023,Manchester Utd,Tottenham,1,2,0,ERIK TEN HAG,1/7/2022,1/1/2100,29,0,0,0
10/22/2022,2022/2023,Manchester Utd,Chelsea,0,1,1,ERIK TEN HAG,1/7/2022,1/1/2100,30,0,0,0
10/30/2022,2022/2023,Manchester Utd,West Ham,1,1,0,ERIK TEN HAG,1/7/2022,1/1/2100,31,0,0,0
11/6/2022,2022/2023,Manchester Utd,Aston Villa,0,1,3,ERIK TEN HAG,1/7/2022,1/1/2100,32,0,0,0
11/13/2022,2022/2023,Manchester Utd,Fulham,0,2,1,ERIK TEN HAG,1/7/2022,1/1/2100,33,0,0,0
12/27/2022,2022/2023,Manchester Utd,Nott'ham Forest,1,3,0,ERIK TEN HAG,1/7/2022,1/1/2100,34,0,0,0
12/31/2022,2022/2023,Manchester Utd,Wolves,0,1,0,ERIK TEN HAG,1/7/2022,1/1/2100,35,0,0,0
1/3/2023,2022/2023,Manchester Utd,Bournemouth,1,3,0,ERIK TEN HAG,1/7/2022,1/1/2100,36,0,0,0
1/14/2023,2022/2023,Manchester Utd,Manchester City,1,2,1,ERIK TEN HAG,1/7/2022,1/1/2100,37,0,0,0
1/18/2023,2022/2023,Manchester Utd,Crystal Palace,0,1,1,ERIK TEN HAG,1/7/2022,1/1/2100,38,0,0,0
1/22/2023,2022/2023,Manchester Utd,Arsenal,0,2,3,ERIK TEN HAG,1/7/2022,1/1/2100,39,0,0,0
2/4/2023,2022/2023,Manchester Utd,Crystal Palace,1,2,1,ERIK TEN HAG,1/7/2022,1/1/2100,40,0,0,0
2/8/2023,2022/2023,Manchester Utd,Leeds United,1,2,2,ERIK TEN HAG,1/7/2022,1/1/2100,41,0,0,0
2/12/2023,2022/2023,Manchester Utd,Leeds United,0,2,0,ERIK TEN HAG,1/7/2022,1/1/2100,42,0,0,0
2/19/2023,2022/2023,Manchester Utd,Leicester City,1,3,0,ERIK TEN HAG,1/7/2022,1/1/2100,43,0,0,0
3/5/2023,2022/2023,Manchester Utd,Liverpool,0,0,7,ERIK TEN HAG,1/7/2022,1/1/2100,44,0,0,0
3/12/2023,2022/2023,Manchester Utd,Southampton,1,0,0,ERIK TEN HAG,1/7/2022,1/1/2100,45,0,0,0
4/2/2023,2022/2023,Manchester Utd,Newcastle Utd,0,0,2,ERIK TEN HAG,1/7/2022,1/1/2100,46,0,0,0
4/5/2023,2022/2023,Manchester Utd,Brentford,1,1,0,ERIK TEN HAG,1/7/2022,1/1/2100,47,0,0,0
4/8/2023,2022/2023,Manchester Utd,Everton,1,2,0,ERIK TEN HAG,1/7/2022,1/1/2100,48,0,0,0
4/16/2023,2022/2023,Manchester Utd,Nott'ham Forest,0,2,0,ERIK TEN HAG,1/7/2022,1/1/2100,49,0,0,0
4/27/2023,2022/2023,Manchester Utd,Tottenham,0,2,2,ERIK TEN HAG,1/7/2022,1/1/2100,50,0,0,0
4/30/2023,2022/2023,Manchester Utd,Aston Villa,1,1,0,ERIK TEN HAG,1/7/2022,1/1/2100,51,0,0,0
5/4/2023,2022/2023,Manchester Utd,Brighton,0,0,1,ERIK TEN HAG,1/7/2022,1/1/2100,52,0,0,0
5/7/2023,2022/2023,Manchester Utd,West Ham,0,0,1,ERIK TEN HAG,1/7/2022,1/1/2100,53,0,0,0
5/13/2023,2022/2023,Manchester Utd,Wolves,1,2,0,ERIK TEN HAG,1/7/2022,1/1/2100,54,0,0,0
5/20/2023,2022/2023,Manchester Utd,Bournemouth,0,1,0,ERIK TEN HAG,1/7/2022,1/1/2100,55,0,0,0
5/25/2023,2022/2023,Manchester Utd,Chelsea,1,4,1,ERIK TEN HAG,1/7/2022,1/1/2100,56,0,0,0
5/28/2023,2022/2023,Manchester Utd,Fulham,1,2,1,ERIK TEN HAG,1/7/2022,1/1/2100,57,0,0,0
8/14/2023,2023/2024,Manchester Utd,Wolves,1,1,0,ERIK TEN HAG,1/7/2022,1/1/2100,58,0,0,0
8/19/2023,2023/2024,Manchester Utd,Tottenham,0,0,2,ERIK TEN HAG,1/7/2022,1/1/2100,59,0,0,0
8/26/2023,2023/2024,Manchester Utd,Nott'ham Forest,1,3,2,ERIK TEN HAG,1/7/2022,1/1/2100,60,0,0,0
9/3/2023,2023/2024,Manchester Utd,Arsenal,0,1,3,ERIK TEN HAG,1/7/2022,1/1/2100,61,0,0,0
9/16/2023,2023/2024,Manchester Utd,Brighton,1,1,3,ERIK TEN HAG,1/7/2022,1/1/2100,62,0,0,0
9/23/2023,2023/2024,Manchester Utd,Burnley,0,1,0,ERIK TEN HAG,1/7/2022,1/1/2100,63,0,0,0
9/30/2023,2023/2024,Manchester Utd,Crystal Palace,1,0,1,ERIK TEN HAG,1/7/2022,1/1/2100,64,0,0,0
10/7/2023,2023/2024,Manchester Utd,Brentford,1,2,1,ERIK TEN HAG,1/7/2022,1/1/2100,65,0,0,0
10/21/2023,2023/2024,Manchester Utd,Sheffield Utd,0,2,1,ERIK TEN HAG,1/7/2022,1/1/2100,66,0,0,0
10/29/2023,2023/2024,Manchester Utd,Manchester City,1,0,3,ERIK TEN HAG,1/7/2022,1/1/2100,67,0,0,0
11/4/2023,2023/2024,Manchester Utd,Fulham,0,1,0,ERIK TEN HAG,1/7/2022,1/1/2100,68,0,0,0
11/11/2023,2023/2024,Manchester Utd,Luton Town,1,1,0,ERIK TEN HAG,1/7/2022,1/1/2100,69,0,0,0
11/26/2023,2023/2024,Manchester Utd,Everton,0,3,0,ERIK TEN HAG,1/7/2022,1/1/2100,70,0,0,0
12/2/2023,2023/2024,Manchester Utd,Newcastle Utd,0,0,1,ERIK TEN HAG,1/7/2022,1/1/2100,71,0,0,0
12/6/2023,2023/2024,Manchester Utd,Chelsea,1,2,1,ERIK TEN HAG,1/7/2022,1/1/2100,72,0,0,0
12/9/2023,2023/2024,Manchester Utd,Bournemouth,1,0,3,ERIK TEN HAG,1/7/2022,1/1/2100,73,0,0,0
12/17/2023,2023/2024,Manchester Utd,Liverpool,0,0,0,ERIK TEN HAG,1/7/2022,1/1/2100,74,0,0,0
12/23/2023,2023/2024,Manchester Utd,West Ham,0,0,2,ERIK TEN HAG,1/7/2022,1/1/2100,75,0,0,0
12/26/2023,2023/2024,Manchester Utd,Aston Villa,1,3,2,ERIK TEN HAG,1/7/2022,1/1/2100,76,0,0,0
12/30/2023,2023/2024,Manchester Utd,Nott'ham Forest,0,1,2,ERIK TEN HAG,1/7/2022,1/1/2100,77,0,0,0
1/14/2024,2023/2024,Manchester Utd,Tottenham,1,2,2,ERIK TEN HAG,1/7/2022,1/1/2100,78,0,0,0
2/1/2024,2023/2024,Manchester Utd,Wolves,0,4,3,ERIK TEN HAG,1/7/2022,1/1/2100,79,0,0,0
2/4/2024,2023/2024,Manchester Utd,West Ham,1,3,0,ERIK TEN HAG,1/7/2022,1/1/2100,80,0,0,0
2/11/2024,2023/2024,Manchester Utd,Aston Villa,0,2,1,ERIK TEN HAG,1/7/2022,1/1/2100,81,0,0,0
2/18/2024,2023/2024,Manchester Utd,Luton Town,0,2,1,ERIK TEN HAG,1/7/2022,1/1/2100,82,0,0,0
2/24/2024,2023/2024,Manchester Utd,Fulham,1,1,2,ERIK TEN HAG,1/7/2022,1/1/2100,83,0,0,0
3/3/2024,2023/2024,Manchester Utd,Manchester City,0,1,3,ERIK TEN HAG,1/7/2022,1/1/2100,84,0,0,0
3/9/2024,2023/2024,Manchester Utd,Everton,1,2,0,ERIK TEN HAG,1/7/2022,1/1/2100,85,0,0,0
3/30/2024,2023/2024,Manchester Utd,Brentford,0,1,1,ERIK TEN HAG,1/7/2022,1/1/2100,86,0,0,0
4/4/2024,2023/2024,Manchester Utd,Chelsea,0,3,4,ERIK TEN HAG,1/7/2022,1/1/2100,87,0,0,0
4/7/2024,2023/2024,Manchester Utd,Liverpool,1,2,2,ERIK TEN HAG,1/7/2022,1/1/2100,88,0,0,0
4/13/2024,2023/2024,Manchester Utd,Bournemouth,0,2,2,ERIK TEN HAG,1/7/2022,1/1/2100,89,0,0,0
4/24/2024,2023/2024,Manchester Utd,Sheffield Utd,1,4,2,ERIK TEN HAG,1/7/2022,1/1/2100,90,0,0,0
4/27/2024,2023/2024,Manchester Utd,Burnley,1,1,1,ERIK TEN HAG,1/7/2022,1/1/2100,91,0,0,0
5/6/2024,2023/2024,Manchester Utd,Crystal Palace,0,0,4,ERIK TEN HAG,1/7/2022,1/1/2100,92,0,0,0
5/12/2024,2023/2024,Manchester Utd,Arsenal,1,0,1,ERIK TEN HAG,1/7/2022,1/1/2100,93,0,0,0
5/15/2024,2023/2024,Manchester Utd,Newcastle Utd,1,3,2,ERIK TEN HAG,1/7/2022,1/1/2100,94,0,0,0
5/19/2024,2023/2024,Manchester Utd,Brighton,0,2,0,ERIK TEN HAG,1/7/2022,1/1/2100,95,0,0,0
1/12/2016,2015/2016,Manchester Utd,Newcastle Utd,0,3,3,JOSE MOURINHO,1/7/2016,1/1/2100,1,1,0,0
1/17/2016,2015/2016,Manchester Utd,Liverpool,0,1,0,JOSE MOURINHO,1/7/2016,1/1/2100,2,1,0,0
1/23/2016,2015/2016,Manchester Utd,Southampton,1,0,1,JOSE MOURINHO,1/7/2016,1/1/2100,3,1,0,0
2/2/2016,2015/2016,Manchester Utd,Stoke City,1,3,0,JOSE MOURINHO,1/7/2016,1/1/2100,4,0,1,0
2/7/2016,2015/2016,Manchester Utd,Chelsea,0,1,1,JOSE MOURINHO,1/7/2016,1/1/2100,5,0,1,0
2/13/2016,2015/2016,Manchester Utd,Sunderland,0,1,2,JOSE MOURINHO,1/7/2016,1/1/2100,6,0,1,0
2/28/2016,2015/2016,Manchester Utd,Arsenal,1,3,2,JOSE MOURINHO,1/7/2016,1/1/2100,7,0,0,1
3/2/2016,2015/2016,Manchester Utd,Watford,1,1,0,JOSE MOURINHO,1/7/2016,1/1/2100,8,0,0,1
3/6/2016,2015/2016,Manchester Utd,West Brom,0,0,1,JOSE MOURINHO,1/7/2016,1/1/2100,9,0,0,1
3/20/2016,2015/2016,Manchester Utd,Manchester City,0,1,0,JOSE MOURINHO,1/7/2016,1/1/2100,10,0,0,1
4/3/2016,2015/2016,Manchester Utd,Everton,1,1,0,JOSE MOURINHO,1/7/2016,1/1/2100,11,0,0,0
4/10/2016,2015/2016,Manchester Utd,Tottenham,0,0,3,JOSE MOURINHO,1/7/2016,1/1/2100,12,0,0,0
4/16/2016,2015/2016,Manchester Utd,Aston Villa,1,1,0,JOSE MOURINHO,1/7/2016,1/1/2100,13,0,0,0
4/20/2016,2015/2016,Manchester Utd,Crystal Palace,1,2,0,JOSE MOURINHO,1/7/2016,1/1/2100,14,0,0,0
5/1/2016,2015/2016,Manchester Utd,Leicester City,1,1,1,JOSE MOURINHO,1/7/2016,1/1/2100,15,0,0,0
5/7/2016,2015/2016,Manchester Utd,Norwich City,0,1,0,JOSE MOURINHO,1/7/2016,1/1/2100,16,0,0,0
5/10/2016,2015/2016,Manchester Utd,West Ham,0,2,3,JOSE MOURINHO,1/7/2016,1/1/2100,17,0,0,0
5/17/2016,2015/2016,Manchester Utd,Bournemouth,1,3,1,JOSE MOURINHO,1/7/2016,1/1/2100,18,0,0,0
8/14/2016,2016/2017,Manchester Utd,Bournemouth,0,3,1,JOSE MOURINHO,1/7/2016,1/1/2100,19,0,0,0
8/19/2016,2016/2017,Manchester Utd,Southampton,1,2,0,JOSE MOURINHO,1/7/2016,1/1/2100,20,0,0,0
8/27/2016,2016/2017,Manchester Utd,Hull City,0,1,0,JOSE MOURINHO,1/7/2016,1/1/2100,21,0,0,0
9/10/2016,2016/2017,Manchester Utd,Manchester City,1,1,2,JOSE MOURINHO,1/7/2016,1/1/2100,22,0,0,0
9/18/2016,2016/2017,Manchester Utd,Watford,0,1,3,JOSE MOURINHO,1/7/2016,1/1/2100,23,0,0,0
9/24/2016,2016/2017,Manchester Utd,Leicester City,1,4,1,JOSE MOURINHO,1/7/2016,1/1/2100,24,0,0,0
10/2/2016,2016/2017,Manchester Utd,Stoke City,1,1,1,JOSE MOURINHO,1/7/2016,1/1/2100,25,0,0,0
10/17/2016,2016/2017,Manchester Utd,Liverpool,0,0,0,JOSE MOURINHO,1/7/2016,1/1/2100,26,0,0,0
10/23/2016,2016/2017,Manchester Utd,Chelsea,0,0,4,JOSE MOURINHO,1/7/2016,1/1/2100,27,0,0,0
10/29/2016,2016/2017,Manchester Utd,Burnley,1,0,0,JOSE MOURINHO,1/7/2016,1/1/2100,28,0,0,0
11/6/2016,2016/2017,Manchester Utd,Swansea City,0,3,1,JOSE MOURINHO,1/7/2016,1/1/2100,29,0,0,0
11/19/2016,2016/2017,Manchester Utd,Arsenal,1,1,1,JOSE MOURINHO,1/7/2016,1/1/2100,30,0,0,0
11/27/2016,2016/2017,Manchester Utd,West Ham,1,1,1,JOSE MOURINHO,1/7/2016,1/1/2100,31,0,0,0
12/4/2016,2016/2017,Manchester Utd,Everton,0,1,1,JOSE MOURINHO,1/7/2016,1/1/2100,32,0,0,0
12/11/2016,2016/2017,Manchester Utd,Tottenham,1,1,0,JOSE MOURINHO,1/7/2016,1/1/2100,33,0,0,0
12/14/2016,2016/2017,Manchester Utd,Crystal Palace,0,2,1,JOSE MOURINHO,1/7/2016,1/1/2100,34,0,0,0
12/17/2016,2016/2017,Manchester Utd,West Brom,0,2,0,JOSE MOURINHO,1/7/2016,1/1/2100,35,0,0,0
12/26/2016,2016/2017,Manchester Utd,Sunderland,1,3,1,JOSE MOURINHO,1/7/2016,1/1/2100,36,0,0,0
12/31/2016,2016/2017,Manchester Utd,Middlesbrough,1,2,1,JOSE MOURINHO,1/7/2016,1/1/2100,37,0,0,0
1/2/2017,2016/2017,Manchester Utd,West Ham,0,2,0,JOSE MOURINHO,1/7/2016,1/1/2100,38,0,0,0
1/15/2017,2016/2017,Manchester Utd,Liverpool,1,1,1,JOSE MOURINHO,1/7/2016,1/1/2100,39,0,0,0
1/21/2017,2016/2017,Manchester Utd,Stoke City,0,1,1,JOSE MOURINHO,1/7/2016,1/1/2100,40,0,0,0
2/1/2017,2016/2017,Manchester Utd,Hull City,1,0,0,JOSE MOURINHO,1/7/2016,1/1/2100,41,0,0,0
2/5/2017,2016/2017,Manchester Utd,Leicester City,0,3,0,JOSE MOURINHO,1/7/2016,1/1/2100,42,0,0,0
2/11/2017,2016/2017,Manchester Utd,Watford,1,2,0,JOSE MOURINHO,1/7/2016,1/1/2100,43,0,0,0
3/4/2017,2016/2017,Manchester Utd,Bournemouth,1,1,1,JOSE MOURINHO,1/7/2016,1/1/2100,44,0,0,0
3/19/2017,2016/2017,Manchester Utd,Middlesbrough,0,3,1,JOSE MOURINHO,1/7/2016,1/1/2100,45,0,0,0
4/1/2017,2016/2017,Manchester Utd,West Brom,1,0,0,JOSE MOURINHO,1/7/2016,1/1/2100,46,0,0,0
4/4/2017,2016/2017,Manchester Utd,Everton,1,1,1,JOSE MOURINHO,1/7/2016,1/1/2100,47,0,0,0
4/9/2017,2016/2017,Manchester Utd,Sunderland,0,3,0,JOSE MOURINHO,1/7/2016,1/1/2100,48,0,0,0
4/16/2017,2016/2017,Manchester Utd,Chelsea,1,2,0,JOSE MOURINHO,1/7/2016,1/1/2100,49,0,0,0
4/23/2017,2016/2017,Manchester Utd,Burnley,0,2,0,JOSE MOURINHO,1/7/2016,1/1/2100,50,0,0,0
4/27/2017,2016/2017,Manchester Utd,Manchester City,0,0,0,JOSE MOURINHO,1/7/2016,1/1/2100,51,0,0,0
4/30/2017,2016/2017,Manchester Utd,Swansea City,1,1,1,JOSE MOURINHO,1/7/2016,1/1/2100,52,0,0,0
5/7/2017,2016/2017,Manchester Utd,Arsenal,0,0,2,JOSE MOURINHO,1/7/2016,1/1/2100,53,0,0,0
5/14/2017,2016/2017,Manchester Utd,Tottenham,0,1,2,JOSE MOURINHO,1/7/2016,1/1/2100,54,0,0,0
5/17/2017,2016/2017,Manchester Utd,Southampton,0,0,0,JOSE MOURINHO,1/7/2016,1/1/2100,55,0,0,0
5/21/2017,2016/2017,Manchester Utd,Crystal Palace,1,2,0,JOSE MOURINHO,1/7/2016,1/1/2100,56,0,0,0
8/13/2017,2017/2018,Manchester Utd,West Ham,1,4,0,JOSE MOURINHO,1/7/2016,1/1/2100,57,0,0,0
8/19/2017,2017/2018,Manchester Utd,Swansea City,0,4,0,JOSE MOURINHO,1/7/2016,1/1/2100,58,0,0,0
8/26/2017,2017/2018,Manchester Utd,Leicester City,1,2,0,JOSE MOURINHO,1/7/2016,1/1/2100,59,0,0,0
9/9/2017,2017/2018,Manchester Utd,Stoke City,0,2,2,JOSE MOURINHO,1/7/2016,1/1/2100,60,0,0,0
9/17/2017,2017/2018,Manchester Utd,Everton,1,4,0,JOSE MOURINHO,1/7/2016,1/1/2100,61,0,0,0
9/23/2017,2017/2018,Manchester Utd,Southampton,0,1,0,JOSE MOURINHO,1/7/2016,1/1/2100,62,0,0,0
9/30/2017,2017/2018,Manchester Utd,Crystal Palace,1,4,0,JOSE MOURINHO,1/7/2016,1/1/2100,63,0,0,0
10/14/2017,2017/2018,Manchester Utd,Liverpool,0,0,0,JOSE MOURINHO,1/7/2016,1/1/2100,64,0,0,0
10/21/2017,2017/2018,Manchester Utd,Huddersfield,0,1,2,JOSE MOURINHO,1/7/2016,1/1/2100,65,0,0,0
10/28/2017,2017/2018,Manchester Utd,Tottenham,1,1,0,JOSE MOURINHO,1/7/2016,1/1/2100,66,0,0,0
11/5/2017,2017/2018,Manchester Utd,Chelsea,0,0,1,JOSE MOURINHO,1/7/2016,1/1/2100,67,0,0,0
11/18/2017,2017/2018,Manchester Utd,Newcastle Utd,1,4,1,JOSE MOURINHO,1/7/2016,1/1/2100,68,0,0,0
11/25/2017,2017/2018,Manchester Utd,Brighton,1,1,0,JOSE MOURINHO,1/7/2016,1/1/2100,69,0,0,0
11/28/2017,2017/2018,Manchester Utd,Watford,0,4,2,JOSE MOURINHO,1/7/2016,1/1/2100,70,0,0,0
12/2/2017,2017/2018,Manchester Utd,Arsenal,0,3,1,JOSE MOURINHO,1/7/2016,1/1/2100,71,0,0,0
12/10/2017,2017/2018,Manchester Utd,Manchester City,1,1,2,JOSE MOURINHO,1/7/2016,1/1/2100,72,0,0,0
12/13/2017,2017/2018,Manchester Utd,Bournemouth,1,1,0,JOSE MOURINHO,1/7/2016,1/1/2100,73,0,0,0
12/17/2017,2017/2018,Manchester Utd,West Brom,0,2,1,JOSE MOURINHO,1/7/2016,1/1/2100,74,0,0,0
12/23/2017,2017/2018,Manchester Utd,Leicester City,0,2,2,JOSE MOURINHO,1/7/2016,1/1/2100,75,0,0,0
12/26/2017,2017/2018,Manchester Utd,Burnley,1,2,2,JOSE MOURINHO,1/7/2016,1/1/2100,76,0,0,0
12/30/2017,2017/2018,Manchester Utd,Southampton,1,0,0,JOSE MOURINHO,1/7/2016,1/1/2100,77,0,0,0
1/1/2018,2017/2018,Manchester Utd,Everton,0,2,0,JOSE MOURINHO,1/7/2016,1/1/2100,78,0,0,0
1/15/2018,2017/2018,Manchester Utd,Stoke City,1,3,0,JOSE MOURINHO,1/7/2016,1/1/2100,79,0,0,0
1/20/2018,2017/2018,Manchester Utd,Burnley,0,1,0,JOSE MOURINHO,1/7/2016,1/1/2100,80,0,0,0
1/31/2018,2017/2018,Manchester Utd,Tottenham,0,0,2,JOSE MOURINHO,1/7/2016,1/1/2100,81,0,0,0
2/3/2018,2017/2018,Manchester Utd,Huddersfield,1,2,0,JOSE MOURINHO,1/7/2016,1/1/2100,82,0,0,0
2/11/2018,2017/2018,Manchester Utd,Newcastle Utd,0,0,1,JOSE MOURINHO,1/7/2016,1/1/2100,83,0,0,0
2/25/2018,2017/2018,Manchester Utd,Chelsea,1,2,1,JOSE MOURINHO,1/7/2016,1/1/2100,84,0,0,0
3/5/2018,2017/2018,Manchester Utd,Crystal Palace,0,3,2,JOSE MOURINHO,1/7/2016,1/1/2100,85,0,0,0
3/10/2018,2017/2018,Manchester Utd,Liverpool,1,2,1,JOSE MOURINHO,1/7/2016,1/1/2100,86,0,0,0
3/31/2018,2017/2018,Manchester Utd,Swansea City,1,2,0,JOSE MOURINHO,1/7/2016,1/1/2100,87,0,0,0
4/7/2018,2017/2018,Manchester Utd,Manchester City,0,3,2,JOSE MOURINHO,1/7/2016,1/1/2100,88,0,0,0
4/15/2018,2017/2018,Manchester Utd,West Brom,1,0,1,JOSE MOURINHO,1/7/2016,1/1/2100,89,0,0,0
4/18/2018,2017/2018,Manchester Utd,Bournemouth,0,2,0,JOSE MOURINHO,1/7/2016,1/1/2100,90,0,0,0
4/29/2018,2017/2018,Manchester Utd,Arsenal,1,2,1,JOSE MOURINHO,1/7/2016,1/1/2100,91,0,0,0
5/4/2018,2017/2018,Manchester Utd,Brighton,0,0,1,JOSE MOURINHO,1/7/2016,1/1/2100,92,0,0,0
5/10/2018,2017/2018,Manchester Utd,West Ham,0,0,0,JOSE MOURINHO,1/7/2016,1/1/2100,93,0,0,0
5/13/2018,2017/2018,Manchester Utd,Watford,1,1,0,JOSE MOURINHO,1/7/2016,1/1/2100,94,0,0,0
8/10/2018,2018/2019,Manchester Utd,Leicester City,1,2,1,JOSE MOURINHO,1/7/2016,1/1/2100,95,0,0,0
8/19/2018,2018/2019,Manchester Utd,Brighton,0,2,3,JOSE MOURINHO,1/7/2016,1/1/2100,96,0,0,0
8/27/2018,2018/2019,Manchester Utd,Tottenham,1,0,3,JOSE MOURINHO,1/7/2016,1/1/2100,97,0,0,0
9/2/2018,2018/2019,Manchester Utd,Burnley,0,2,0,JOSE MOURINHO,1/7/2016,1/1/2100,98,0,0,0
9/15/2018,2018/2019,Manchester Utd,Watford,0,2,1,JOSE MOURINHO,1/7/2016,1/1/2100,99,0,0,0
9/22/2018,2018/2019,Manchester Utd,Wolves,1,1,1,JOSE MOURINHO,1/7/2016,1/1/2100,100,0,0,0
9/29/2018,2018/2019,Manchester Utd,West Ham,0,1,3,JOSE MOURINHO,1/7/2016,1/1/2100,101,0,0,0
10/6/2018,2018/2019,Manchester Utd,Newcastle Utd,1,3,2,JOSE MOURINHO,1/7/2016,1/1/2100,102,0,0,0
10/20/2018,2018/2019,Manchester Utd,Chelsea,0,2,2,JOSE MOURINHO,1/7/2016,1/1/2100,103,0,0,0
10/28/2018,2018/2019,Manchester Utd,Everton,1,2,1,JOSE MOURINHO,1/7/2016,1/1/2100,104,0,0,0
11/3/2018,2018/2019,Manchester Utd,Bournemouth,0,2,1,JOSE MOURINHO,1/7/2016,1/1/2100,105,0,0,0
11/11/2018,2018/2019,Manchester Utd,Manchester City,0,1,3,JOSE MOURINHO,1/7/2016,1/1/2100,106,0,0,0
11/24/2018,2018/2019,Manchester Utd,Crystal Palace,1,0,0,JOSE MOURINHO,1/7/2016,1/1/2100,107,0,0,0
12/1/2018,2018/2019,Manchester Utd,Southampton,0,2,2,JOSE MOURINHO,1/7/2016,1/1/2100,108,0,0,0
12/5/2018,2018/2019,Manchester Utd,Arsenal,1,2,2,JOSE MOURINHO,1/7/2016,1/1/2100,109,0,0,0
12/8/2018,2018/2019,Manchester Utd,Fulham,1,4,1,JOSE MOURINHO,1/7/2016,1/1/2100,110,0,0,0
12/16/2018,2018/2019,Manchester Utd,Liverpool,0,1,3,JOSE MOURINHO,1/7/2016,1/1/2100,111,0,0,0
8/16/2014,2014/2015,Manchester Utd,Swansea City,1,1,2,LOUIS VAN GAAL,7/14/2014,1/1/2100,101,0,0,0
8/24/2014,2014/2015,Manchester Utd,Sunderland,0,1,1,LOUIS VAN GAAL,7/14/2014,1/1/2100,102,0,0,0
8/30/2014,2014/2015,Manchester Utd,Burnley,0,0,0,LOUIS VAN GAAL,7/14/2014,1/1/2100,103,0,0,0
9/14/2014,2014/2015,Manchester Utd,QPR,1,4,0,LOUIS VAN GAAL,7/14/2014,1/1/2100,104,0,0,0
9/21/2014,2014/2015,Manchester Utd,Leicester City,0,3,5,LOUIS VAN GAAL,7/14/2014,1/1/2100,105,0,0,0
9/27/2014,2014/2015,Manchester Utd,West Ham,1,2,1,LOUIS VAN GAAL,7/14/2014,1/1/2100,106,0,0,0
10/5/2014,2014/2015,Manchester Utd,Everton,1,2,1,LOUIS VAN GAAL,7/14/2014,1/1/2100,107,0,0,0
10/20/2014,2014/2015,Manchester Utd,West Brom,0,2,2,LOUIS VAN GAAL,7/14/2014,1/1/2100,108,0,0,0
10/26/2014,2014/2015,Manchester Utd,Chelsea,1,1,1,LOUIS VAN GAAL,7/14/2014,1/1/2100,109,0,0,0
11/2/2014,2014/2015,Manchester Utd,Manchester City,0,0,1,LOUIS VAN GAAL,7/14/2014,1/1/2100,110,0,0,0
11/8/2014,2014/2015,Manchester Utd,Crystal Palace,1,1,0,LOUIS VAN GAAL,7/14/2014,1/1/2100,111,0,0,0
11/22/2014,2014/2015,Manchester Utd,Arsenal,0,2,1,LOUIS VAN GAAL,7/14/2014,1/1/2100,112,0,0,0
11/29/2014,2014/2015,Manchester Utd,Hull City,1,3,0,LOUIS VAN GAAL,7/14/2014,1/1/2100,113,0,0,0
12/2/2014,2014/2015,Manchester Utd,Stoke City,1,2,1,LOUIS VAN GAAL,7/14/2014,1/1/2100,114,0,0,0
12/8/2014,2014/2015,Manchester Utd,Southampton,0,2,1,LOUIS VAN GAAL,7/14/2014,1/1/2100,115,0,0,0
12/14/2014,2014/2015,Manchester Utd,Liverpool,1,3,0,LOUIS VAN GAAL,7/14/2014,1/1/2100,116,0,0,0
12/20/2014,2014/2015,Manchester Utd,Aston Villa,0,1,1,LOUIS VAN GAAL,7/14/2014,1/1/2100,117,0,0,0
12/26/2014,2014/2015,Manchester Utd,Newcastle Utd,1,3,1,LOUIS VAN GAAL,7/14/2014,1/1/2100,118,0,0,0
12/28/2014,2014/2015,Manchester Utd,Tottenham,0,0,0,LOUIS VAN GAAL,7/14/2014,1/1/2100,119,0,0,0
1/1/2015,2014/2015,Manchester Utd,Stoke City,0,1,1,LOUIS VAN GAAL,7/14/2014,1/1/2100,120,0,0,0
1/11/2015,2014/2015,Manchester Utd,Southampton,1,0,1,LOUIS VAN GAAL,7/14/2014,1/1/2100,121,0,0,0
1/17/2015,2014/2015,Manchester Utd,QPR,0,2,0,LOUIS VAN GAAL,7/14/2014,1/1/2100,122,0,0,0
1/31/2015,2014/2015,Manchester Utd,Leicester City,1,3,1,LOUIS VAN GAAL,7/14/2014,1/1/2100,123,0,0,0
2/8/2015,2014/2015,Manchester Utd,West Ham,0,1,1,LOUIS VAN GAAL,7/14/2014,1/1/2100,124,0,0,0
2/11/2015,2014/2015,Manchester Utd,Burnley,1,3,1,LOUIS VAN GAAL,7/14/2014,1/1/2100,125,0,0,0
2/21/2015,2014/2015,Manchester Utd,Swansea City,0,1,2,LOUIS VAN GAAL,7/14/2014,1/1/2100,126,0,0,0
2/28/2015,2014/2015,Manchester Utd,Sunderland,1,2,0,LOUIS VAN GAAL,7/14/2014,1/1/2100,127,0,0,0
3/4/2015,2014/2015,Manchester Utd,Newcastle Utd,0,1,0,LOUIS VAN GAAL,7/14/2014,1/1/2100,128,0,0,0
3/15/2015,2014/2015,Manchester Utd,Tottenham,1,3,0,LOUIS VAN GAAL,7/14/2014,1/1/2100,129,0,0,0
3/22/2015,2014/2015,Manchester Utd,Liverpool,0,2,1,LOUIS VAN GAAL,7/14/2014,1/1/2100,130,0,0,0
4/4/2015,2014/2015,Manchester Utd,Aston Villa,1,3,1,LOUIS VAN GAAL,7/14/2014,1/1/2100,131,0,0,0
4/12/2015,2014/2015,Manchester Utd,Manchester City,1,4,2,LOUIS VAN GAAL,7/14/2014,1/1/2100,132,0,0,0
4/18/2015,2014/2015,Manchester Utd,Chelsea,0,0,1,LOUIS VAN GAAL,7/14/2014,1/1/2100,133,0,0,0
4/26/2015,2014/2015,Manchester Utd,Everton,0,0,3,LOUIS VAN GAAL,7/14/2014,1/1/2100,134,0,0,0
5/2/2015,2014/2015,Manchester Utd,West Brom,1,0,1,LOUIS VAN GAAL,7/14/2014,1/1/2100,135,0,0,0
5/9/2015,2014/2015,Manchester Utd,Crystal Palace,0,2,1,LOUIS VAN GAAL,7/14/2014,1/1/2100,136,0,0,0
5/17/2015,2014/2015,Manchester Utd,Arsenal,1,1,1,LOUIS VAN GAAL,7/14/2014,1/1/2100,137,0,0,0
5/24/2015,2014/2015,Manchester Utd,Hull City,0,0,0,LOUIS VAN GAAL,7/14/2014,1/1/2100,138,0,0,0
8/8/2015,2015/2016,Manchester Utd,Tottenham,1,1,0,LOUIS VAN GAAL,7/14/2014,1/1/2100,139,0,0,0
8/14/2015,2015/2016,Manchester Utd,Aston Villa,0,1,0,LOUIS VAN GAAL,7/14/2014,1/1/2100,140,0,0,0
8/22/2015,2015/2016,Manchester Utd,Newcastle Utd,1,0,0,LOUIS VAN GAAL,7/14/2014,1/1/2100,141,0,0,0
8/30/2015,2015/2016,Manchester Utd,Swansea City,0,1,2,LOUIS VAN GAAL,7/14/2014,1/1/2100,142,0,0,0
9/12/2015,2015/2016,Manchester Utd,Liverpool,1,3,1,LOUIS VAN GAAL,7/14/2014,1/1/2100,143,0,0,0
9/20/2015,2015/2016,Manchester Utd,Southampton,0,3,2,LOUIS VAN GAAL,7/14/2014,1/1/2100,144,0,0,0
9/26/2015,2015/2016,Manchester Utd,Sunderland,1,3,0,LOUIS VAN GAAL,7/14/2014,1/1/2100,145,0,0,0
10/4/2015,2015/2016,Manchester Utd,Arsenal,0,0,3,LOUIS VAN GAAL,7/14/2014,1/1/2100,146,0,0,0
10/17/2015,2015/2016,Manchester Utd,Everton,0,3,0,LOUIS VAN GAAL,7/14/2014,1/1/2100,147,0,0,0
10/25/2015,2015/2016,Manchester Utd,Manchester City,1,0,0,LOUIS VAN GAAL,7/14/2014,1/1/2100,148,0,0,0
10/31/2015,2015/2016,Manchester Utd,Crystal Palace,0,0,0,LOUIS VAN GAAL,7/14/2014,1/1/2100,149,0,0,0
11/7/2015,2015/2016,Manchester Utd,West Brom,1,2,0,LOUIS VAN GAAL,7/14/2014,1/1/2100,150,0,0,0
11/21/2015,2015/2016,Manchester Utd,Watford,0,2,1,LOUIS VAN GAAL,7/14/2014,1/1/2100,151,0,0,0
11/28/2015,2015/2016,Manchester Utd,Leicester City,0,1,1,LOUIS VAN GAAL,7/14/2014,1/1/2100,152,0,0,0
12/5/2015,2015/2016,Manchester Utd,West Ham,1,0,0,LOUIS VAN GAAL,7/14/2014,1/1/2100,153,0,0,0
12/12/2015,2015/2016,Manchester Utd,Bournemouth,0,1,2,LOUIS VAN GAAL,7/14/2014,1/1/2100,154,0,0,0
12/19/2015,2015/2016,Manchester Utd,Norwich City,1,1,2,LOUIS VAN GAAL,7/14/2014,1/1/2100,155,0,0,0
12/26/2015,2015/2016,Manchester Utd,Stoke City,0,0,2,LOUIS VAN GAAL,7/14/2014,1/1/2100,156,0,0,0
12/28/2015,2015/2016,Manchester Utd,Chelsea,1,0,0,LOUIS VAN GAAL,7/14/2014,1/1/2100,157,0,0,0
1/2/2016,2015/2016,Manchester Utd,Swansea City,1,2,1,LOUIS VAN GAAL,7/14/2014,1/1/2100,158,0,0,0
12/22/2018,2018/2019,Manchester Utd,Cardiff City,0,5,1,OLE GUNNAR SOLSKJAER,12/19/2018,1/1/2100,1,1,0,0
12/26/2018,2018/2019,Manchester Utd,Huddersfield,1,3,1,OLE GUNNAR SOLSKJAER,12/19/2018,1/1/2100,2,1,0,0
12/30/2018,2018/2019,Manchester Utd,Bournemouth,1,4,1,OLE GUNNAR SOLSKJAER,12/19/2018,1/1/2100,3,1,0,0
1/2/2019,2018/2019,Manchester Utd,Newcastle Utd,0,2,0,OLE GUNNAR SOLSKJAER,12/19/2018,1/1/2100,4,0,1,0
1/13/2019,2018/2019,Manchester Utd,Tottenham,0,1,0,OLE GUNNAR SOLSKJAER,12/19/2018,1/1/2100,5,0,1,0
1/19/2019,2018/2019,Manchester Utd,Brighton,1,2,1,OLE GUNNAR SOLSKJAER,12/19/2018,1/1/2100,6,0,1,0
1/29/2019,2018/2019,Manchester Utd,Burnley,1,2,2,OLE GUNNAR SOLSKJAER,12/19/2018,1/1/2100,7,0,0,1
2/3/2019,2018/2019,Manchester Utd,Leicester City,0,1,0,OLE GUNNAR SOLSKJAER,12/19/2018,1/1/2100,8,0,0,1
2/9/2019,2018/2019,Manchester Utd,Fulham,0,3,0,OLE GUNNAR SOLSKJAER,12/19/2018,1/1/2100,9,0,0,1
2/24/2019,2018/2019,Manchester Utd,Liverpool,1,0,0,OLE GUNNAR SOLSKJAER,12/19/2018,1/1/2100,10,0,0,1
2/27/2019,2018/2019,Manchester Utd,Crystal Palace,0,3,1,OLE GUNNAR SOLSKJAER,12/19/2018,1/1/2100,11,0,0,0
3/2/2019,2018/2019,Manchester Utd,Southampton,1,3,2,OLE GUNNAR SOLSKJAER,12/19/2018,1/1/2100,12,0,0,0
3/10/2019,2018/2019,Manchester Utd,Arsenal,0,0,2,OLE GUNNAR SOLSKJAER,12/19/2018,1/1/2100,13,0,0,0
3/30/2019,2018/2019,Manchester Utd,Watford,1,2,1,OLE GUNNAR SOLSKJAER,12/19/2018,1/1/2100,14,0,0,0
4/2/2019,2018/2019,Manchester Utd,Wolves,0,1,2,OLE GUNNAR SOLSKJAER,12/19/2018,1/1/2100,15,0,0,0
4/13/2019,2018/2019,Manchester Utd,West Ham,1,2,1,OLE GUNNAR SOLSKJAER,12/19/2018,1/1/2100,16,0,0,0
4/21/2019,2018/2019,Manchester Utd,Everton,0,0,4,OLE GUNNAR SOLSKJAER,12/19/2018,1/1/2100,17,0,0,0
4/24/2019,2018/2019,Manchester Utd,Manchester City,1,0,2,OLE GUNNAR SOLSKJAER,12/19/2018,1/1/2100,18,0,0,0
4/28/2019,2018/2019,Manchester Utd,Chelsea,1,1,1,OLE GUNNAR SOLSKJAER,12/19/2018,1/1/2100,19,0,0,0
5/5/2019,2018/2019,Manchester Utd,Huddersfield,0,1,1,OLE GUNNAR SOLSKJAER,12/19/2018,1/1/2100,20,0,0,0
5/12/2019,2018/2019,Manchester Utd,Cardiff City,1,0,2,OLE GUNNAR SOLSKJAER,12/19/2018,1/1/2100,21,0,0,0
8/11/2019,2019/2020,Manchester Utd,Chelsea,1,4,0,OLE GUNNAR SOLSKJAER,12/19/2018,1/1/2100,22,0,0,0
8/19/2019,2019/2020,Manchester Utd,Wolves,0,1,1,OLE GUNNAR SOLSKJAER,12/19/2018,1/1/2100,23,0,0,0
8/24/2019,2019/2020,Manchester Utd,Crystal Palace,1,1,2,OLE GUNNAR SOLSKJAER,12/19/2018,1/1/2100,24,0,0,0
8/31/2019,2019/2020,Manchester Utd,Southampton,0,1,1,OLE GUNNAR SOLSKJAER,12/19/2018,1/1/2100,25,0,0,0
9/14/2019,2019/2020,Manchester Utd,Leicester City,1,1,0,OLE GUNNAR SOLSKJAER,12/19/2018,1/1/2100,26,0,0,0
9/22/2019,2019/2020,Manchester Utd,West Ham,0,0,2,OLE GUNNAR SOLSKJAER,12/19/2018,1/1/2100,27,0,0,0
9/30/2019,2019/2020,Manchester Utd,Arsenal,1,1,1,OLE GUNNAR SOLSKJAER,12/19/2018,1/1/2100,28,0,0,0
10/6/2019,2019/2020,Manchester Utd,Newcastle Utd,0,0,1,OLE GUNNAR SOLSKJAER,12/19/2018,1/1/2100,29,0,0,0
10/20/2019,2019/2020,Manchester Utd,Liverpool,1,1,1,OLE GUNNAR SOLSKJAER,12/19/2018,1/1/2100,30,0,0,0
10/27/2019,2019/2020,Manchester Utd,Norwich City,0,3,1,OLE GUNNAR SOLSKJAER,12/19/2018,1/1/2100,31,0,0,0
11/2/2019,2019/2020,Manchester Utd,Bournemouth,0,0,1,OLE GUNNAR SOLSKJAER,12/19/2018,1/1/2100,32,0,0,0
11/10/2019,2019/2020,Manchester Utd,Brighton,1,3,1,OLE GUNNAR SOLSKJAER,12/19/2018,1/1/2100,33,0,0,0
11/24/2019,2019/2020,Manchester Utd,Sheffield Utd,0,3,3,OLE GUNNAR SOLSKJAER,12/19/2018,1/1/2100,34,0,0,0
12/1/2019,2019/2020,Manchester Utd,Aston Villa,1,2,2,OLE GUNNAR SOLSKJAER,12/19/2018,1/1/2100,35,0,0,0
12/4/2019,2019/2020,Manchester Utd,Tottenham,1,2,1,OLE GUNNAR SOLSKJAER,12/19/2018,1/1/2100,36,0,0,0
12/7/2019,2019/2020,Manchester Utd,Manchester City,0,2,1,OLE GUNNAR SOLSKJAER,12/19/2018,1/1/2100,37,0,0,0
12/15/2019,2019/2020,Manchester Utd,Everton,1,1,1,OLE GUNNAR SOLSKJAER,12/19/2018,1/1/2100,38,0,0,0
12/22/2019,2019/2020,Manchester Utd,Watford,0,0,2,OLE GUNNAR SOLSKJAER,12/19/2018,1/1/2100,39,0,0,0
12/26/2019,2019/2020,Manchester Utd,Newcastle Utd,1,4,1,OLE GUNNAR SOLSKJAER,12/19/2018,1/1/2100,40,0,0,0
12/28/2019,2019/2020,Manchester Utd,Burnley,0,2,0,OLE GUNNAR SOLSKJAER,12/19/2018,1/1/2100,41,0,0,0
1/1/2020,2019/2020,Manchester Utd,Arsenal,0,0,2,OLE GUNNAR SOLSKJAER,12/19/2018,1/1/2100,42,0,0,0
1/11/2020,2019/2020,Manchester Utd,Norwich City,1,4,0,OLE GUNNAR SOLSKJAER,12/19/2018,1/1/2100,43,0,0,0
1/19/2020,2019/2020,Manchester Utd,Liverpool,0,0,2,OLE GUNNAR SOLSKJAER,12/19/2018,1/1/2100,44,0,0,0
1/22/2020,2019/2020,Manchester Utd,Burnley,1,0,2,OLE GUNNAR SOLSKJAER,12/19/2018,1/1/2100,45,0,0,0
2/1/2020,2019/2020,Manchester Utd,Wolves,1,0,0,OLE GUNNAR SOLSKJAER,12/19/2018,1/1/2100,46,0,0,0
2/17/2020,2019/2020,Manchester Utd,Chelsea,0,2,0,OLE GUNNAR SOLSKJAER,12/19/2018,1/1/2100,47,0,0,0
2/23/2020,2019/2020,Manchester Utd,Watford,1,3,0,OLE GUNNAR SOLSKJAER,12/19/2018,1/1/2100,48,0,0,0
3/1/2020,2019/2020,Manchester Utd,Everton,0,1,1,OLE GUNNAR SOLSKJAER,12/19/2018,1/1/2100,49,0,0,0
3/8/2020,2019/2020,Manchester Utd,Manchester City,1,2,0,OLE GUNNAR SOLSKJAER,12/19/2018,1/1/2100,50,0,0,0
6/19/2020,2019/2020,Manchester Utd,Tottenham,0,1,1,OLE GUNNAR SOLSKJAER,12/19/2018,1/1/2100,51,0,0,0
6/24/2020,2019/2020,Manchester Utd,Sheffield Utd,1,3,0,OLE GUNNAR SOLSKJAER,12/19/2018,1/1/2100,52,0,0,0
6/30/2020,2019/2020,Manchester Utd,Brighton,0,3,0,OLE GUNNAR SOLSKJAER,12/19/2018,1/1/2100,53,0,0,0
7/4/2020,2019/2020,Manchester Utd,Bournemouth,1,5,2,OLE GUNNAR SOLSKJAER,12/19/2018,1/1/2100,54,0,0,0
7/9/2020,2019/2020,Manchester Utd,Aston Villa,0,3,0,OLE GUNNAR SOLSKJAER,12/19/2018,1/1/2100,55,0,0,0
7/13/2020,2019/2020,Manchester Utd,Southampton,1,2,2,OLE GUNNAR SOLSKJAER,12/19/2018,1/1/2100,56,0,0,0
7/16/2020,2019/2020,Manchester Utd,Crystal Palace,0,2,0,OLE GUNNAR SOLSKJAER,12/19/2018,1/1/2100,57,0,0,0
7/22/2020,2019/2020,Manchester Utd,West Ham,1,1,1,OLE GUNNAR SOLSKJAER,12/19/2018,1/1/2100,58,0,0,0
7/26/2020,2019/2020,Manchester Utd,Leicester City,0,2,0,OLE GUNNAR SOLSKJAER,12/19/2018,1/1/2100,59,0,0,0
9/19/2020,2020/2021,Manchester Utd,Crystal Palace,1,1,3,OLE GUNNAR SOLSKJAER,12/19/2018,1/1/2100,60,0,0,0
9/26/2020,2020/2021,Manchester Utd,Brighton,0,3,2,OLE GUNNAR SOLSKJAER,12/19/2018,1/1/2100,61,0,0,0
10/4/2020,2020/2021,Manchester Utd,Tottenham,1,1,6,OLE GUNNAR SOLSKJAER,12/19/2018,1/1/2100,62,0,0,0
10/17/2020,2020/2021,Manchester Utd,Newcastle Utd,0,4,1,OLE GUNNAR SOLSKJAER,12/19/2018,1/1/2100,63,0,0,0
10/24/2020,2020/2021,Manchester Utd,Chelsea,1,0,0,OLE GUNNAR SOLSKJAER,12/19/2018,1/1/2100,64,0,0,0
11/1/2020,2020/2021,Manchester Utd,Arsenal,1,0,1,OLE GUNNAR SOLSKJAER,12/19/2018,1/1/2100,65,0,0,0
11/7/2020,2020/2021,Manchester Utd,Everton,0,3,1,OLE GUNNAR SOLSKJAER,12/19/2018,1/1/2100,66,0,0,0
11/21/2020,2020/2021,Manchester Utd,West Brom,1,1,0,OLE GUNNAR SOLSKJAER,12/19/2018,1/1/2100,67,0,0,0
11/29/2020,2020/2021,Manchester Utd,Southampton,0,3,2,OLE GUNNAR SOLSKJAER,12/19/2018,1/1/2100,68,0,0,0
12/5/2020,2020/2021,Manchester Utd,West Ham,0,3,1,OLE GUNNAR SOLSKJAER,12/19/2018,1/1/2100,69,0,0,0
12/12/2020,2020/2021,Manchester Utd,Manchester City,1,0,0,OLE GUNNAR SOLSKJAER,12/19/2018,1/1/2100,70,0,0,0
12/17/2020,2020/2021,Manchester Utd,Sheffield Utd,0,3,2,OLE GUNNAR SOLSKJAER,12/19/2018,1/1/2100,71,0,0,0
12/20/2020,2020/2021,Manchester Utd,Leeds United,1,6,2,OLE GUNNAR SOLSKJAER,12/19/2018,1/1/2100,72,0,0,0
12/26/2020,2020/2021,Manchester Utd,Leicester City,0,2,2,OLE GUNNAR SOLSKJAER,12/19/2018,1/1/2100,73,0,0,0
12/29/2020,2020/2021,Manchester Utd,Wolves,1,1,0,OLE GUNNAR SOLSKJAER,12/19/2018,1/1/2100,74,0,0,0
1/1/2021,2020/2021,Manchester Utd,Aston Villa,1,2,1,OLE GUNNAR SOLSKJAER,12/19/2018,1/1/2100,75,0,0,0
1/12/2021,2020/2021,Manchester Utd,Burnley,0,1,0,OLE GUNNAR SOLSKJAER,12/19/2018,1/1/2100,76,0,0,0
1/17/2021,2020/2021,Manchester Utd,Liverpool,0,0,0,OLE GUNNAR SOLSKJAER,12/19/2018,1/1/2100,77,0,0,0
1/20/2021,2020/2021,Manchester Utd,Fulham,0,2,1,OLE GUNNAR SOLSKJAER,12/19/2018,1/1/2100,78,0,0,0
1/27/2021,2020/2021,Manchester Utd,Sheffield Utd,1,1,2,OLE GUNNAR SOLSKJAER,12/19/2018,1/1/2100,79,0,0,0
1/30/2021,2020/2021,Manchester Utd,Arsenal,0,0,0,OLE GUNNAR SOLSKJAER,12/19/2018,1/1/2100,80,0,0,0
2/2/2021,2020/2021,Manchester Utd,Southampton,1,9,0,OLE GUNNAR SOLSKJAER,12/19/2018,1/1/2100,81,0,0,0
2/6/2021,2020/2021,Manchester Utd,Everton,1,3,3,OLE GUNNAR SOLSKJAER,12/19/2018,1/1/2100,82,0,0,0
2/14/2021,2020/2021,Manchester Utd,West Brom,0,1,1,OLE GUNNAR SOLSKJAER,12/19/2018,1/1/2100,83,0,0,0
2/21/2021,2020/2021,Manchester Utd,Newcastle Utd,1,3,1,OLE GUNNAR SOLSKJAER,12/19/2018,1/1/2100,84,0,0,0
2/28/2021,2020/2021,Manchester Utd,Chelsea,0,0,0,OLE GUNNAR SOLSKJAER,12/19/2018,1/1/2100,85,0,0,0
3/3/2021,2020/2021,Manchester Utd,Crystal Palace,0,0,0,OLE GUNNAR SOLSKJAER,12/19/2018,1/1/2100,86,0,0,0
3/7/2021,2020/2021,Manchester Utd,Manchester City,0,2,0,OLE GUNNAR SOLSKJAER,12/19/2018,1/1/2100,87,0,0,0
3/14/2021,2020/2021,Manchester Utd,West Ham,1,1,0,RALF RANGNICK,3/12/2021,1/1/2100,1,1,0,0
4/4/2021,2020/2021,Manchester Utd,Brighton,1,2,1,RALF RANGNICK,3/12/2021,1/1/2100,2,1,0,0
4/11/2021,2020/2021,Manchester Utd,Tottenham,0,3,1,RALF RANGNICK,3/12/2021,1/1/2100,3,1,0,0
4/18/2021,2020/2021,Manchester Utd,Burnley,1,3,1,RALF RANGNICK,3/12/2021,1/1/2100,4,0,1,0
4/25/2021,2020/2021,Manchester Utd,Leeds United,0,0,0,RALF RANGNICK,3/12/2021,1/1/2100,5,0,1,0
5/9/2021,2020/2021,Manchester Utd,Aston Villa,0,3,1,RALF RANGNICK,3/12/2021,1/1/2100,6,0,1,0
5/11/2021,2020/2021,Manchester Utd,Leicester City,1,1,2,RALF RANGNICK,3/12/2021,1/1/2100,7,0,0,1
5/13/2021,2020/2021,Manchester Utd,Liverpool,1,2,4,RALF RANGNICK,3/12/2021,1/1/2100,8,0,0,1
5/18/2021,2020/2021,Manchester Utd,Fulham,1,1,1,RALF RANGNICK,3/12/2021,1/1/2100,9,0,0,1
5/23/2021,2020/2021,Manchester Utd,Wolves,0,2,1,RALF RANGNICK,3/12/2021,1/1/2100,10,0,0,1
8/14/2021,2021/2022,Manchester Utd,Leeds United,1,5,1,RALF RANGNICK,3/12/2021,1/1/2100,11,0,0,0
8/22/2021,2021/2022,Manchester Utd,Southampton,0,1,1,RALF RANGNICK,3/12/2021,1/1/2100,12,0,0,0
8/29/2021,2021/2022,Manchester Utd,Wolves,0,1,0,RALF RANGNICK,3/12/2021,1/1/2100,13,0,0,0
9/11/2021,2021/2022,Manchester Utd,Newcastle Utd,1,4,1,RALF RANGNICK,3/12/2021,1/1/2100,14,0,0,0
9/19/2021,2021/2022,Manchester Utd,West Ham,0,2,1,RALF RANGNICK,3/12/2021,1/1/2100,15,0,0,0
9/25/2021,2021/2022,Manchester Utd,Aston Villa,1,0,1,RALF RANGNICK,3/12/2021,1/1/2100,16,0,0,0
10/2/2021,2021/2022,Manchester Utd,Everton,1,1,1,RALF RANGNICK,3/12/2021,1/1/2100,17,0,0,0
10/16/2021,2021/2022,Manchester Utd,Leicester City,0,2,4,RALF RANGNICK,3/12/2021,1/1/2100,18,0,0,0
10/24/2021,2021/2022,Manchester Utd,Liverpool,1,0,5,RALF RANGNICK,3/12/2021,1/1/2100,19,0,0,0
10/30/2021,2021/2022,Manchester Utd,Tottenham,0,3,0,RALF RANGNICK,3/12/2021,1/1/2100,20,0,0,0
11/6/2021,2021/2022,Manchester Utd,Manchester City,1,0,2,RALF RANGNICK,3/12/2021,1/1/2100,21,0,0,0
11/20/2021,2021/2022,Manchester Utd,Watford,0,1,4,RALF RANGNICK,3/12/2021,1/1/2100,22,0,0,0
11/28/2021,2021/2022,Manchester Utd,Chelsea,0,1,1,RALF RANGNICK,3/12/2021,1/1/2100,23,0,0,0
12/2/2021,2021/2022,Manchester Utd,Arsenal,1,3,2,RALF RANGNICK,3/12/2021,1/1/2100,24,0,0,0
12/5/2021,2021/2022,Manchester Utd,Crystal Palace,1,1,0,RALF RANGNICK,3/12/2021,1/1/2100,25,0,0,0
12/11/2021,2021/2022,Manchester Utd,Norwich City,0,1,0,RALF RANGNICK,3/12/2021,1/1/2100,26,0,0,0
12/27/2021,2021/2022,Manchester Utd,Newcastle Utd,0,1,1,RALF RANGNICK,3/12/2021,1/1/2100,27,0,0,0
12/30/2021,2021/2022,Manchester Utd,Burnley,1,3,1,RALF RANGNICK,3/12/2021,1/1/2100,28,0,0,0
1/3/2022,2021/2022,Manchester Utd,Wolves,1,0,1,RALF RANGNICK,3/12/2021,1/1/2100,29,0,0,0
8/17/2014,2014/2015,Newcastle Utd,Manchester City,1,0,2,ALAN PARDEW,9/12/2010,1/1/2100,101,0,0,0
8/23/2014,2014/2015,Newcastle Utd,Aston Villa,0,0,0,ALAN PARDEW,9/12/2010,1/1/2100,102,0,0,0
8/30/2014,2014/2015,Newcastle Utd,Crystal Palace,1,3,3,ALAN PARDEW,9/12/2010,1/1/2100,103,0,0,0
9/13/2014,2014/2015,Newcastle Utd,Southampton,0,0,4,ALAN PARDEW,9/12/2010,1/1/2100,104,0,0,0
9/20/2014,2014/2015,Newcastle Utd,Hull City,1,2,2,ALAN PARDEW,9/12/2010,1/1/2100,105,0,0,0
9/29/2014,2014/2015,Newcastle Utd,Stoke City,0,0,1,ALAN PARDEW,9/12/2010,1/1/2100,106,0,0,0
10/4/2014,2014/2015,Newcastle Utd,Swansea City,0,2,2,ALAN PARDEW,9/12/2010,1/1/2100,107,0,0,0
10/18/2014,2014/2015,Newcastle Utd,Leicester City,1,1,0,ALAN PARDEW,9/12/2010,1/1/2100,108,0,0,0
10/26/2014,2014/2015,Newcastle Utd,Tottenham,0,2,1,ALAN PARDEW,9/12/2010,1/1/2100,109,0,0,0
11/1/2014,2014/2015,Newcastle Utd,Liverpool,1,1,0,ALAN PARDEW,9/12/2010,1/1/2100,110,0,0,0
11/9/2014,2014/2015,Newcastle Utd,West Brom,0,2,0,ALAN PARDEW,9/12/2010,1/1/2100,111,0,0,0
11/22/2014,2014/2015,Newcastle Utd,QPR,1,1,0,ALAN PARDEW,9/12/2010,1/1/2100,112,0,0,0
11/29/2014,2014/2015,Newcastle Utd,West Ham,0,0,1,ALAN PARDEW,9/12/2010,1/1/2100,113,0,0,0
12/2/2014,2014/2015,Newcastle Utd,Burnley,0,1,1,ALAN PARDEW,9/12/2010,1/1/2100,114,0,0,0
12/6/2014,2014/2015,Newcastle Utd,Chelsea,1,2,1,ALAN PARDEW,9/12/2010,1/1/2100,115,0,0,0
12/13/2014,2014/2015,Newcastle Utd,Arsenal,0,1,4,ALAN PARDEW,9/12/2010,1/1/2100,116,0,0,0
12/21/2014,2014/2015,Newcastle Utd,Sunderland,1,0,1,ALAN PARDEW,9/12/2010,1/1/2100,117,0,0,0
12/26/2014,2014/2015,Newcastle Utd,Manchester Utd,0,1,3,ALAN PARDEW,9/12/2010,1/1/2100,118,0,0,0
12/28/2014,2014/2015,Newcastle Utd,Everton,1,3,2,ALAN PARDEW,9/12/2010,1/1/2100,119,0,0,0
9/14/2015,2015/2016,Newcastle Utd,West Ham,0,0,2,ALAN PARDEW,9/12/2010,1/1/2100,120,0,0,0
9/19/2015,2015/2016,Newcastle Utd,Watford,1,1,2,ALAN PARDEW,9/12/2010,1/1/2100,121,0,0,0
9/26/2015,2015/2016,Newcastle Utd,Chelsea,1,2,2,ALAN PARDEW,9/12/2010,1/1/2100,122,0,0,0
10/3/2015,2015/2016,Newcastle Utd,Manchester City,0,1,6,ALAN PARDEW,9/12/2010,1/1/2100,123,0,0,0
8/15/2021,2021/2022,Newcastle Utd,West Ham,1,2,4,EDDIE HOWE,8/7/2021,1/1/2100,1,1,0,0
8/21/2021,2021/2022,Newcastle Utd,Aston Villa,0,0,2,EDDIE HOWE,8/7/2021,1/1/2100,2,1,0,0
8/28/2021,2021/2022,Newcastle Utd,Southampton,1,2,2,EDDIE HOWE,8/7/2021,1/1/2100,3,1,0,0
9/11/2021,2021/2022,Newcastle Utd,Manchester Utd,0,1,4,EDDIE HOWE,8/7/2021,1/1/2100,4,0,1,0
9/17/2021,2021/2022,Newcastle Utd,Leeds United,1,1,1,EDDIE HOWE,8/7/2021,1/1/2100,5,0,1,0
9/25/2021,2021/2022,Newcastle Utd,Watford,0,1,1,EDDIE HOWE,8/7/2021,1/1/2100,6,0,1,0
10/2/2021,2021/2022,Newcastle Utd,Wolves,0,1,2,EDDIE HOWE,8/7/2021,1/1/2100,7,0,0,1
10/17/2021,2021/2022,Newcastle Utd,Tottenham,1,2,3,EDDIE HOWE,8/7/2021,1/1/2100,8,0,0,1
10/23/2021,2021/2022,Newcastle Utd,Crystal Palace,0,1,1,EDDIE HOWE,8/7/2021,1/1/2100,9,0,0,1
10/30/2021,2021/2022,Newcastle Utd,Chelsea,1,0,3,EDDIE HOWE,8/7/2021,1/1/2100,10,0,0,1
11/6/2021,2021/2022,Newcastle Utd,Brighton,0,1,1,EDDIE HOWE,8/7/2021,1/1/2100,11,0,0,0
11/20/2021,2021/2022,Newcastle Utd,Brentford,1,3,3,EDDIE HOWE,8/7/2021,1/1/2100,12,0,0,0
11/27/2021,2021/2022,Newcastle Utd,Arsenal,0,0,2,EDDIE HOWE,8/7/2021,1/1/2100,13,0,0,0
11/30/2021,2021/2022,Newcastle Utd,Norwich City,1,1,1,EDDIE HOWE,8/7/2021,1/1/2100,14,0,0,0
12/4/2021,2021/2022,Newcastle Utd,Burnley,1,1,0,EDDIE HOWE,8/7/2021,1/1/2100,15,0,0,0
12/12/2021,2021/2022,Newcastle Utd,Leicester City,0,0,4,EDDIE HOWE,8/7/2021,1/1/2100,16,0,0,0
12/16/2021,2021/2022,Newcastle Utd,Liverpool,0,1,3,EDDIE HOWE,8/7/2021,1/1/2100,17,0,0,0
12/19/2021,2021/2022,Newcastle Utd,Manchester City,1,0,4,EDDIE HOWE,8/7/2021,1/1/2100,18,0,0,0
12/27/2021,2021/2022,Newcastle Utd,Manchester Utd,1,1,1,EDDIE HOWE,8/7/2021,1/1/2100,19,0,0,0
1/15/2022,2021/2022,Newcastle Utd,Watford,1,1,1,EDDIE HOWE,8/7/2021,1/1/2100,20,0,0,0
1/22/2022,2021/2022,Newcastle Utd,Leeds United,0,1,0,EDDIE HOWE,8/7/2021,1/1/2100,21,0,0,0
2/8/2022,2021/2022,Newcastle Utd,Everton,1,3,1,EDDIE HOWE,8/7/2021,1/1/2100,22,0,0,0
2/13/2022,2021/2022,Newcastle Utd,Aston Villa,1,1,0,EDDIE HOWE,8/7/2021,1/1/2100,23,0,0,0
2/19/2022,2021/2022,Newcastle Utd,West Ham,0,1,1,EDDIE HOWE,8/7/2021,1/1/2100,24,0,0,0
2/26/2022,2021/2022,Newcastle Utd,Brentford,0,2,0,EDDIE HOWE,8/7/2021,1/1/2100,25,0,0,0
3/5/2022,2021/2022,Newcastle Utd,Brighton,1,2,1,EDDIE HOWE,8/7/2021,1/1/2100,26,0,0,0
3/10/2022,2021/2022,Newcastle Utd,Southampton,0,2,1,EDDIE HOWE,8/7/2021,1/1/2100,27,0,0,0
3/13/2022,2021/2022,Newcastle Utd,Chelsea,0,0,1,EDDIE HOWE,8/7/2021,1/1/2100,28,0,0,0
3/17/2022,2021/2022,Newcastle Utd,Everton,0,0,1,EDDIE HOWE,8/7/2021,1/1/2100,29,0,0,0
4/3/2022,2021/2022,Newcastle Utd,Tottenham,0,1,5,EDDIE HOWE,8/7/2021,1/1/2100,30,0,0,0
4/8/2022,2021/2022,Newcastle Utd,Wolves,1,1,0,EDDIE HOWE,8/7/2021,1/1/2100,31,0,0,0
4/17/2022,2021/2022,Newcastle Utd,Leicester City,1,2,1,EDDIE HOWE,8/7/2021,1/1/2100,32,0,0,0
4/20/2022,2021/2022,Newcastle Utd,Crystal Palace,1,1,0,EDDIE HOWE,8/7/2021,1/1/2100,33,0,0,0
4/23/2022,2021/2022,Newcastle Utd,Norwich City,0,3,0,EDDIE HOWE,8/7/2021,1/1/2100,34,0,0,0
4/30/2022,2021/2022,Newcastle Utd,Liverpool,1,0,1,EDDIE HOWE,8/7/2021,1/1/2100,35,0,0,0
5/8/2022,2021/2022,Newcastle Utd,Manchester City,0,0,5,EDDIE HOWE,8/7/2021,1/1/2100,36,0,0,0
5/16/2022,2021/2022,Newcastle Utd,Arsenal,1,2,0,EDDIE HOWE,8/7/2021,1/1/2100,37,0,0,0
5/22/2022,2021/2022,Newcastle Utd,Burnley,0,2,1,EDDIE HOWE,8/7/2021,1/1/2100,38,0,0,0
8/6/2022,2022/2023,Newcastle Utd,Nott'ham Forest,1,2,0,EDDIE HOWE,8/7/2021,1/1/2100,39,0,0,0
8/13/2022,2022/2023,Newcastle Utd,Brighton,0,0,0,EDDIE HOWE,8/7/2021,1/1/2100,40,0,0,0
8/21/2022,2022/2023,Newcastle Utd,Manchester City,1,3,3,EDDIE HOWE,8/7/2021,1/1/2100,41,0,0,0
8/28/2022,2022/2023,Newcastle Utd,Wolves,0,1,1,EDDIE HOWE,8/7/2021,1/1/2100,42,0,0,0
8/31/2022,2022/2023,Newcastle Utd,Liverpool,0,1,2,EDDIE HOWE,8/7/2021,1/1/2100,43,0,0,0
9/3/2022,2022/2023,Newcastle Utd,Crystal Palace,1,0,0,EDDIE HOWE,8/7/2021,1/1/2100,44,0,0,0
9/17/2022,2022/2023,Newcastle Utd,Bournemouth,1,1,1,EDDIE HOWE,8/7/2021,1/1/2100,45,0,0,0
10/1/2022,2022/2023,Newcastle Utd,Fulham,0,4,1,EDDIE HOWE,8/7/2021,1/1/2100,46,0,0,0
10/8/2022,2022/2023,Newcastle Utd,Brentford,1,5,1,EDDIE HOWE,8/7/2021,1/1/2100,47,0,0,0
10/16/2022,2022/2023,Newcastle Utd,Manchester Utd,0,0,0,EDDIE HOWE,8/7/2021,1/1/2100,48,0,0,0
10/19/2022,2022/2023,Newcastle Utd,Everton,1,1,0,EDDIE HOWE,8/7/2021,1/1/2100,49,0,0,0
10/23/2022,2022/2023,Newcastle Utd,Tottenham,0,2,1,EDDIE HOWE,8/7/2021,1/1/2100,50,0,0,0
10/29/2022,2022/2023,Newcastle Utd,Aston Villa,1,4,0,EDDIE HOWE,8/7/2021,1/1/2100,51,0,0,0
11/6/2022,2022/2023,Newcastle Utd,Southampton,0,4,1,EDDIE HOWE,8/7/2021,1/1/2100,52,0,0,0
11/12/2022,2022/2023,Newcastle Utd,Chelsea,1,1,0,EDDIE HOWE,8/7/2021,1/1/2100,53,0,0,0
12/26/2022,2022/2023,Newcastle Utd,Leicester City,0,3,0,EDDIE HOWE,8/7/2021,1/1/2100,54,0,0,0
12/31/2022,2022/2023,Newcastle Utd,Leeds United,1,0,0,EDDIE HOWE,8/7/2021,1/1/2100,55,0,0,0
1/3/2023,2022/2023,Newcastle Utd,Arsenal,0,0,0,EDDIE HOWE,8/7/2021,1/1/2100,56,0,0,0
1/15/2023,2022/2023,Newcastle Utd,Fulham,1,1,0,EDDIE HOWE,8/7/2021,1/1/2100,57,0,0,0
1/21/2023,2022/2023,Newcastle Utd,Crystal Palace,0,0,0,EDDIE HOWE,8/7/2021,1/1/2100,58,0,0,0
2/4/2023,2022/2023,Newcastle Utd,West Ham,1,1,1,EDDIE HOWE,8/7/2021,1/1/2100,59,0,0,0
2/11/2023,2022/2023,Newcastle Utd,Bournemouth,0,1,1,EDDIE HOWE,8/7/2021,1/1/2100,60,0,0,0
2/18/2023,2022/2023,Newcastle Utd,Liverpool,1,0,2,EDDIE HOWE,8/7/2021,1/1/2100,61,0,0,0
3/4/2023,2022/2023,Newcastle Utd,Manchester City,0,0,2,EDDIE HOWE,8/7/2021,1/1/2100,62,0,0,0
3/12/2023,2022/2023,Newcastle Utd,Wolves,1,2,1,EDDIE HOWE,8/7/2021,1/1/2100,63,0,0,0
3/17/2023,2022/2023,Newcastle Utd,Nott'ham Forest,0,2,1,EDDIE HOWE,8/7/2021,1/1/2100,64,0,0,0
4/2/2023,2022/2023,Newcastle Utd,Manchester Utd,1,2,0,EDDIE HOWE,8/7/2021,1/1/2100,65,0,0,0
4/5/2023,2022/2023,Newcastle Utd,West Ham,0,5,1,EDDIE HOWE,8/7/2021,1/1/2100,66,0,0,0
4/8/2023,2022/2023,Newcastle Utd,Brentford,0,2,1,EDDIE HOWE,8/7/2021,1/1/2100,67,0,0,0
4/15/2023,2022/2023,Newcastle Utd,Aston Villa,0,0,3,EDDIE HOWE,8/7/2021,1/1/2100,68,0,0,0
4/23/2023,2022/2023,Newcastle Utd,Tottenham,1,6,1,EDDIE HOWE,8/7/2021,1/1/2100,69,0,0,0
4/27/2023,2022/2023,Newcastle Utd,Everton,0,4,1,EDDIE HOWE,8/7/2021,1/1/2100,70,0,0,0
4/30/2023,2022/2023,Newcastle Utd,Southampton,1,3,1,EDDIE HOWE,8/7/2021,1/1/2100,71,0,0,0
5/7/2023,2022/2023,Newcastle Utd,Arsenal,1,0,2,EDDIE HOWE,8/7/2021,1/1/2100,72,0,0,0
5/13/2023,2022/2023,Newcastle Utd,Leeds United,0,2,2,EDDIE HOWE,8/7/2021,1/1/2100,73,0,0,0
5/18/2023,2022/2023,Newcastle Utd,Brighton,1,4,1,EDDIE HOWE,8/7/2021,1/1/2100,74,0,0,0
5/22/2023,2022/2023,Newcastle Utd,Leicester City,1,0,0,EDDIE HOWE,8/7/2021,1/1/2100,75,0,0,0
5/28/2023,2022/2023,Newcastle Utd,Chelsea,0,1,1,EDDIE HOWE,8/7/2021,1/1/2100,76,0,0,0
8/12/2023,2023/2024,Newcastle Utd,Aston Villa,1,5,1,EDDIE HOWE,8/7/2021,1/1/2100,77,0,0,0
8/19/2023,2023/2024,Newcastle Utd,Manchester City,0,0,1,EDDIE HOWE,8/7/2021,1/1/2100,78,0,0,0
8/27/2023,2023/2024,Newcastle Utd,Liverpool,1,1,2,EDDIE HOWE,8/7/2021,1/1/2100,79,0,0,0
9/2/2023,2023/2024,Newcastle Utd,Brighton,0,1,3,EDDIE HOWE,8/7/2021,1/1/2100,80,0,0,0
9/16/2023,2023/2024,Newcastle Utd,Brentford,1,1,0,EDDIE HOWE,8/7/2021,1/1/2100,81,0,0,0
9/24/2023,2023/2024,Newcastle Utd,Sheffield Utd,0,8,0,EDDIE HOWE,8/7/2021,1/1/2100,82,0,0,0
9/30/2023,2023/2024,Newcastle Utd,Burnley,1,2,0,EDDIE HOWE,8/7/2021,1/1/2100,83,0,0,0
10/8/2023,2023/2024,Newcastle Utd,West Ham,0,2,2,EDDIE HOWE,8/7/2021,1/1/2100,84,0,0,0
10/21/2023,2023/2024,Newcastle Utd,Crystal Palace,1,4,0,EDDIE HOWE,8/7/2021,1/1/2100,85,0,0,0
10/28/2023,2023/2024,Newcastle Utd,Wolves,0,2,2,EDDIE HOWE,8/7/2021,1/1/2100,86,0,0,0
11/4/2023,2023/2024,Newcastle Utd,Arsenal,1,1,0,EDDIE HOWE,8/7/2021,1/1/2100,87,0,0,0
11/11/2023,2023/2024,Newcastle Utd,Bournemouth,0,0,2,EDDIE HOWE,8/7/2021,1/1/2100,88,0,0,0
11/25/2023,2023/2024,Newcastle Utd,Chelsea,1,4,1,EDDIE HOWE,8/7/2021,1/1/2100,89,0,0,0
12/2/2023,2023/2024,Newcastle Utd,Manchester Utd,1,1,0,EDDIE HOWE,8/7/2021,1/1/2100,90,0,0,0
12/7/2023,2023/2024,Newcastle Utd,Everton,0,0,3,EDDIE HOWE,8/7/2021,1/1/2100,91,0,0,0
12/10/2023,2023/2024,Newcastle Utd,Tottenham,0,1,4,EDDIE HOWE,8/7/2021,1/1/2100,92,0,0,0
12/16/2023,2023/2024,Newcastle Utd,Fulham,1,3,0,EDDIE HOWE,8/7/2021,1/1/2100,93,0,0,0
12/23/2023,2023/2024,Newcastle Utd,Luton Town,0,0,1,EDDIE HOWE,8/7/2021,1/1/2100,94,0,0,0
12/26/2023,2023/2024,Newcastle Utd,Nott'ham Forest,1,1,3,EDDIE HOWE,8/7/2021,1/1/2100,95,0,0,0
1/1/2024,2023/2024,Newcastle Utd,Liverpool,0,2,4,EDDIE HOWE,8/7/2021,1/1/2100,96,0,0,0
1/13/2024,2023/2024,Newcastle Utd,Manchester City,1,2,3,EDDIE HOWE,8/7/2021,1/1/2100,97,0,0,0
1/30/2024,2023/2024,Newcastle Utd,Aston Villa,0,3,1,EDDIE HOWE,8/7/2021,1/1/2100,98,0,0,0
2/3/2024,2023/2024,Newcastle Utd,Luton Town,1,4,4,EDDIE HOWE,8/7/2021,1/1/2100,99,0,0,0
2/10/2024,2023/2024,Newcastle Utd,Nott'ham Forest,0,3,2,EDDIE HOWE,8/7/2021,1/1/2100,100,0,0,0
2/17/2024,2023/2024,Newcastle Utd,Bournemouth,1,2,2,EDDIE HOWE,8/7/2021,1/1/2100,101,0,0,0
2/24/2024,2023/2024,Newcastle Utd,Arsenal,0,1,4,EDDIE HOWE,8/7/2021,1/1/2100,102,0,0,0
3/2/2024,2023/2024,Newcastle Utd,Wolves,1,3,0,EDDIE HOWE,8/7/2021,1/1/2100,103,0,0,0
3/11/2024,2023/2024,Newcastle Utd,Chelsea,0,2,3,EDDIE HOWE,8/7/2021,1/1/2100,104,0,0,0
3/30/2024,2023/2024,Newcastle Utd,West Ham,1,4,3,EDDIE HOWE,8/7/2021,1/1/2100,105,0,0,0
4/2/2024,2023/2024,Newcastle Utd,Everton,1,1,1,EDDIE HOWE,8/7/2021,1/1/2100,106,0,0,0
4/6/2024,2023/2024,Newcastle Utd,Fulham,0,1,0,EDDIE HOWE,8/7/2021,1/1/2100,107,0,0,0
4/13/2024,2023/2024,Newcastle Utd,Tottenham,1,4,0,EDDIE HOWE,8/7/2021,1/1/2100,108,0,0,0
4/24/2024,2023/2024,Newcastle Utd,Crystal Palace,0,0,2,EDDIE HOWE,8/7/2021,1/1/2100,109,0,0,0
4/27/2024,2023/2024,Newcastle Utd,Sheffield Utd,1,5,1,EDDIE HOWE,8/7/2021,1/1/2100,110,0,0,0
5/4/2024,2023/2024,Newcastle Utd,Burnley,0,4,1,EDDIE HOWE,8/7/2021,1/1/2100,111,0,0,0
5/11/2024,2023/2024,Newcastle Utd,Brighton,1,1,1,EDDIE HOWE,8/7/2021,1/1/2100,112,0,0,0
5/15/2024,2023/2024,Newcastle Utd,Manchester Utd,0,2,3,EDDIE HOWE,8/7/2021,1/1/2100,113,0,0,0
5/19/2024,2023/2024,Newcastle Utd,Brentford,0,4,2,EDDIE HOWE,8/7/2021,1/1/2100,114,0,0,0
1/1/2015,2014/2015,Newcastle Utd,Burnley,1,3,3,JOHN CARVER,12/31/2014,9/6/2015,1,1,0,0
1/10/2015,2014/2015,Newcastle Utd,Chelsea,0,0,2,JOHN CARVER,12/31/2014,9/6/2015,2,1,0,0
1/17/2015,2014/2015,Newcastle Utd,Southampton,1,1,2,JOHN CARVER,12/31/2014,9/6/2015,3,1,0,0
1/31/2015,2014/2015,Newcastle Utd,Hull City,0,3,0,JOHN CARVER,12/31/2014,9/6/2015,4,0,1,0
2/8/2015,2014/2015,Newcastle Utd,Stoke City,1,1,1,JOHN CARVER,12/31/2014,9/6/2015,5,0,1,0
2/11/2015,2014/2015,Newcastle Utd,Crystal Palace,0,1,1,JOHN CARVER,12/31/2014,9/6/2015,6,0,1,0
2/21/2015,2014/2015,Newcastle Utd,Manchester City,0,0,5,JOHN CARVER,12/31/2014,9/6/2015,7,0,0,1
2/28/2015,2014/2015,Newcastle Utd,Aston Villa,1,1,0,JOHN CARVER,12/31/2014,9/6/2015,8,0,0,1
3/4/2015,2014/2015,Newcastle Utd,Manchester Utd,1,0,1,JOHN CARVER,12/31/2014,9/6/2015,9,0,0,1
3/15/2015,2014/2015,Newcastle Utd,Everton,0,0,3,JOHN CARVER,12/31/2014,9/6/2015,10,0,0,1
3/21/2015,2014/2015,Newcastle Utd,Arsenal,1,1,2,JOHN CARVER,12/31/2014,9/6/2015,11,0,0,0
4/5/2015,2014/2015,Newcastle Utd,Sunderland,0,0,1,JOHN CARVER,12/31/2014,9/6/2015,12,0,0,0
4/13/2015,2014/2015,Newcastle Utd,Liverpool,0,0,2,JOHN CARVER,12/31/2014,9/6/2015,13,0,0,0
4/19/2015,2014/2015,Newcastle Utd,Tottenham,1,1,3,JOHN CARVER,12/31/2014,9/6/2015,14,0,0,0
4/25/2015,2014/2015,Newcastle Utd,Swansea City,1,2,3,JOHN CARVER,12/31/2014,9/6/2015,15,0,0,0
5/2/2015,2014/2015,Newcastle Utd,Leicester City,0,0,3,JOHN CARVER,12/31/2014,9/6/2015,16,0,0,0
5/9/2015,2014/2015,Newcastle Utd,West Brom,1,1,1,JOHN CARVER,12/31/2014,9/6/2015,17,0,0,0
5/16/2015,2014/2015,Newcastle Utd,QPR,0,1,2,JOHN CARVER,12/31/2014,9/6/2015,18,0,0,0
5/24/2015,2014/2015,Newcastle Utd,West Ham,1,2,0,JOHN CARVER,12/31/2014,9/6/2015,19,0,0,0
8/9/2015,2015/2016,Newcastle Utd,Southampton,1,2,2,JOHN CARVER,12/31/2014,9/6/2015,20,0,0,0
8/15/2015,2015/2016,Newcastle Utd,Swansea City,0,0,2,JOHN CARVER,12/31/2014,9/6/2015,21,0,0,0
8/22/2015,2015/2016,Newcastle Utd,Manchester Utd,0,0,0,JOHN CARVER,12/31/2014,9/6/2015,22,0,0,0
8/29/2015,2015/2016,Newcastle Utd,Arsenal,1,0,1,JOHN CARVER,12/31/2014,9/6/2015,23,0,0,0
8/13/2017,2017/2018,Newcastle Utd,Tottenham,1,0,2,RAFAEL BENITEZ,11/3/2016,1/1/2100,1,1,0,0
8/20/2017,2017/2018,Newcastle Utd,Huddersfield,0,0,1,RAFAEL BENITEZ,11/3/2016,1/1/2100,2,1,0,0
8/26/2017,2017/2018,Newcastle Utd,West Ham,1,3,0,RAFAEL BENITEZ,11/3/2016,1/1/2100,3,1,0,0
9/10/2017,2017/2018,Newcastle Utd,Swansea City,0,1,0,RAFAEL BENITEZ,11/3/2016,1/1/2100,4,0,1,0
9/16/2017,2017/2018,Newcastle Utd,Stoke City,1,2,1,RAFAEL BENITEZ,11/3/2016,1/1/2100,5,0,1,0
9/24/2017,2017/2018,Newcastle Utd,Brighton,0,0,1,RAFAEL BENITEZ,11/3/2016,1/1/2100,6,0,1,0
10/1/2017,2017/2018,Newcastle Utd,Liverpool,1,1,1,RAFAEL BENITEZ,11/3/2016,1/1/2100,7,0,0,1
10/15/2017,2017/2018,Newcastle Utd,Southampton,0,2,2,RAFAEL BENITEZ,11/3/2016,1/1/2100,8,0,0,1
10/21/2017,2017/2018,Newcastle Utd,Crystal Palace,1,1,0,RAFAEL BENITEZ,11/3/2016,1/1/2100,9,0,0,1
10/30/2017,2017/2018,Newcastle Utd,Burnley,0,0,1,RAFAEL BENITEZ,11/3/2016,1/1/2100,10,0,0,1
11/4/2017,2017/2018,Newcastle Utd,Bournemouth,1,0,1,RAFAEL BENITEZ,11/3/2016,1/1/2100,11,0,0,0
11/18/2017,2017/2018,Newcastle Utd,Manchester Utd,0,1,4,RAFAEL BENITEZ,11/3/2016,1/1/2100,12,0,0,0
11/25/2017,2017/2018,Newcastle Utd,Watford,1,0,3,RAFAEL BENITEZ,11/3/2016,1/1/2100,13,0,0,0
11/28/2017,2017/2018,Newcastle Utd,West Brom,0,2,2,RAFAEL BENITEZ,11/3/2016,1/1/2100,14,0,0,0
12/2/2017,2017/2018,Newcastle Utd,Chelsea,0,1,3,RAFAEL BENITEZ,11/3/2016,1/1/2100,15,0,0,0
12/9/2017,2017/2018,Newcastle Utd,Leicester City,1,2,3,RAFAEL BENITEZ,11/3/2016,1/1/2100,16,0,0,0
12/13/2017,2017/2018,Newcastle Utd,Everton,1,0,1,RAFAEL BENITEZ,11/3/2016,1/1/2100,17,0,0,0
12/16/2017,2017/2018,Newcastle Utd,Arsenal,0,0,1,RAFAEL BENITEZ,11/3/2016,1/1/2100,18,0,0,0
12/23/2017,2017/2018,Newcastle Utd,West Ham,0,3,2,RAFAEL BENITEZ,11/3/2016,1/1/2100,19,0,0,0
12/27/2017,2017/2018,Newcastle Utd,Manchester City,1,0,1,RAFAEL BENITEZ,11/3/2016,1/1/2100,20,0,0,0
12/30/2017,2017/2018,Newcastle Utd,Brighton,1,0,0,RAFAEL BENITEZ,11/3/2016,1/1/2100,21,0,0,0
1/1/2018,2017/2018,Newcastle Utd,Stoke City,0,1,0,RAFAEL BENITEZ,11/3/2016,1/1/2100,22,0,0,0
1/13/2018,2017/2018,Newcastle Utd,Swansea City,1,1,1,RAFAEL BENITEZ,11/3/2016,1/1/2100,23,0,0,0
1/20/2018,2017/2018,Newcastle Utd,Manchester City,0,1,3,RAFAEL BENITEZ,11/3/2016,1/1/2100,24,0,0,0
1/31/2018,2017/2018,Newcastle Utd,Burnley,1,1,1,RAFAEL BENITEZ,11/3/2016,1/1/2100,25,0,0,0
2/4/2018,2017/2018,Newcastle Utd,Crystal Palace,0,1,1,RAFAEL BENITEZ,11/3/2016,1/1/2100,26,0,0,0
2/11/2018,2017/2018,Newcastle Utd,Manchester Utd,1,1,0,RAFAEL BENITEZ,11/3/2016,1/1/2100,27,0,0,0
2/24/2018,2017/2018,Newcastle Utd,Bournemouth,0,2,2,RAFAEL BENITEZ,11/3/2016,1/1/2100,28,0,0,0
3/3/2018,2017/2018,Newcastle Utd,Liverpool,0,0,2,RAFAEL BENITEZ,11/3/2016,1/1/2100,29,0,0,0
3/10/2018,2017/2018,Newcastle Utd,Southampton,1,3,0,RAFAEL BENITEZ,11/3/2016,1/1/2100,30,0,0,0
3/31/2018,2017/2018,Newcastle Utd,Huddersfield,1,1,0,RAFAEL BENITEZ,11/3/2016,1/1/2100,31,0,0,0
4/7/2018,2017/2018,Newcastle Utd,Leicester City,0,2,1,RAFAEL BENITEZ,11/3/2016,1/1/2100,32,0,0,0
4/15/2018,2017/2018,Newcastle Utd,Arsenal,1,2,1,RAFAEL BENITEZ,11/3/2016,1/1/2100,33,0,0,0
4/23/2018,2017/2018,Newcastle Utd,Everton,0,0,1,RAFAEL BENITEZ,11/3/2016,1/1/2100,34,0,0,0
4/28/2018,2017/2018,Newcastle Utd,West Brom,1,0,1,RAFAEL BENITEZ,11/3/2016,1/1/2100,35,0,0,0
5/5/2018,2017/2018,Newcastle Utd,Watford,0,1,2,RAFAEL BENITEZ,11/3/2016,1/1/2100,36,0,0,0
5/9/2018,2017/2018,Newcastle Utd,Tottenham,0,0,1,RAFAEL BENITEZ,11/3/2016,1/1/2100,37,0,0,0
5/13/2018,2017/2018,Newcastle Utd,Chelsea,1,3,0,RAFAEL BENITEZ,11/3/2016,1/1/2100,38,0,0,0
8/11/2018,2018/2019,Newcastle Utd,Tottenham,1,1,2,RAFAEL BENITEZ,11/3/2016,1/1/2100,39,0,0,0
8/18/2018,2018/2019,Newcastle Utd,Cardiff City,0,0,0,RAFAEL BENITEZ,11/3/2016,1/1/2100,40,0,0,0
8/26/2018,2018/2019,Newcastle Utd,Chelsea,1,1,2,RAFAEL BENITEZ,11/3/2016,1/1/2100,41,0,0,0
9/1/2018,2018/2019,Newcastle Utd,Manchester City,0,1,2,RAFAEL BENITEZ,11/3/2016,1/1/2100,42,0,0,0
9/15/2018,2018/2019,Newcastle Utd,Arsenal,1,1,2,RAFAEL BENITEZ,11/3/2016,1/1/2100,43,0,0,0
9/22/2018,2018/2019,Newcastle Utd,Crystal Palace,0,0,0,RAFAEL BENITEZ,11/3/2016,1/1/2100,44,0,0,0
9/29/2018,2018/2019,Newcastle Utd,Leicester City,1,0,2,RAFAEL BENITEZ,11/3/2016,1/1/2100,45,0,0,0
10/6/2018,2018/2019,Newcastle Utd,Manchester Utd,0,2,3,RAFAEL BENITEZ,11/3/2016,1/1/2100,46,0,0,0
10/20/2018,2018/2019,Newcastle Utd,Brighton,1,0,1,RAFAEL BENITEZ,11/3/2016,1/1/2100,47,0,0,0
10/27/2018,2018/2019,Newcastle Utd,Southampton,0,0,0,RAFAEL BENITEZ,11/3/2016,1/1/2100,48,0,0,0
11/3/2018,2018/2019,Newcastle Utd,Watford,1,1,0,RAFAEL BENITEZ,11/3/2016,1/1/2100,49,0,0,0
11/10/2018,2018/2019,Newcastle Utd,Bournemouth,1,2,1,RAFAEL BENITEZ,11/3/2016,1/1/2100,50,0,0,0
11/26/2018,2018/2019,Newcastle Utd,Burnley,0,2,1,RAFAEL BENITEZ,11/3/2016,1/1/2100,51,0,0,0
12/1/2018,2018/2019,Newcastle Utd,West Ham,1,0,3,RAFAEL BENITEZ,11/3/2016,1/1/2100,52,0,0,0
12/5/2018,2018/2019,Newcastle Utd,Everton,0,1,1,RAFAEL BENITEZ,11/3/2016,1/1/2100,53,0,0,0
12/9/2018,2018/2019,Newcastle Utd,Wolves,1,1,2,RAFAEL BENITEZ,11/3/2016,1/1/2100,54,0,0,0
12/15/2018,2018/2019,Newcastle Utd,Huddersfield,0,1,0,RAFAEL BENITEZ,11/3/2016,1/1/2100,55,0,0,0
12/22/2018,2018/2019,Newcastle Utd,Fulham,1,0,0,RAFAEL BENITEZ,11/3/2016,1/1/2100,56,0,0,0
12/26/2018,2018/2019,Newcastle Utd,Liverpool,0,0,4,RAFAEL BENITEZ,11/3/2016,1/1/2100,57,0,0,0
12/29/2018,2018/2019,Newcastle Utd,Watford,0,1,1,RAFAEL BENITEZ,11/3/2016,1/1/2100,58,0,0,0
1/2/2019,2018/2019,Newcastle Utd,Manchester Utd,1,0,2,RAFAEL BENITEZ,11/3/2016,1/1/2100,59,0,0,0
1/12/2019,2018/2019,Newcastle Utd,Chelsea,0,1,2,RAFAEL BENITEZ,11/3/2016,1/1/2100,60,0,0,0
1/19/2019,2018/2019,Newcastle Utd,Cardiff City,1,3,0,RAFAEL BENITEZ,11/3/2016,1/1/2100,61,0,0,0
1/29/2019,2018/2019,Newcastle Utd,Manchester City,1,2,1,RAFAEL BENITEZ,11/3/2016,1/1/2100,62,0,0,0
2/2/2019,2018/2019,Newcastle Utd,Tottenham,0,0,1,RAFAEL BENITEZ,11/3/2016,1/1/2100,63,0,0,0
2/11/2019,2018/2019,Newcastle Utd,Wolves,0,1,1,RAFAEL BENITEZ,11/3/2016,1/1/2100,64,0,0,0
2/23/2019,2018/2019,Newcastle Utd,Huddersfield,1,2,0,RAFAEL BENITEZ,11/3/2016,1/1/2100,65,0,0,0
2/26/2019,2018/2019,Newcastle Utd,Burnley,1,2,0,RAFAEL BENITEZ,11/3/2016,1/1/2100,66,0,0,0
3/2/2019,2018/2019,Newcastle Utd,West Ham,0,0,2,RAFAEL BENITEZ,11/3/2016,1/1/2100,67,0,0,0
3/9/2019,2018/2019,Newcastle Utd,Everton,1,3,2,RAFAEL BENITEZ,11/3/2016,1/1/2100,68,0,0,0
3/16/2019,2018/2019,Newcastle Utd,Bournemouth,0,2,2,RAFAEL BENITEZ,11/3/2016,1/1/2100,69,0,0,0
4/1/2019,2018/2019,Newcastle Utd,Arsenal,0,0,2,RAFAEL BENITEZ,11/3/2016,1/1/2100,70,0,0,0
4/6/2019,2018/2019,Newcastle Utd,Crystal Palace,1,0,1,RAFAEL BENITEZ,11/3/2016,1/1/2100,71,0,0,0
4/12/2019,2018/2019,Newcastle Utd,Leicester City,0,1,0,RAFAEL BENITEZ,11/3/2016,1/1/2100,72,0,0,0
4/20/2019,2018/2019,Newcastle Utd,Southampton,1,3,1,RAFAEL BENITEZ,11/3/2016,1/1/2100,73,0,0,0
4/27/2019,2018/2019,Newcastle Utd,Brighton,0,1,1,RAFAEL BENITEZ,11/3/2016,1/1/2100,74,0,0,0
5/4/2019,2018/2019,Newcastle Utd,Liverpool,1,2,3,RAFAEL BENITEZ,11/3/2016,1/1/2100,75,0,0,0
5/12/2019,2018/2019,Newcastle Utd,Fulham,0,4,0,RAFAEL BENITEZ,11/3/2016,1/1/2100,76,0,0,0
8/11/2019,2019/2020,Newcastle Utd,Arsenal,1,0,1,STEVE BRUCE,7/17/2019,1/1/2100,1,1,0,0
8/17/2019,2019/2020,Newcastle Utd,Norwich City,0,1,3,STEVE BRUCE,7/17/2019,1/1/2100,2,1,0,0
8/25/2019,2019/2020,Newcastle Utd,Tottenham,0,1,0,STEVE BRUCE,7/17/2019,1/1/2100,3,1,0,0
8/31/2019,2019/2020,Newcastle Utd,Watford,1,1,1,STEVE BRUCE,7/17/2019,1/1/2100,4,0,1,0
9/14/2019,2019/2020,Newcastle Utd,Liverpool,0,1,3,STEVE BRUCE,7/17/2019,1/1/2100,5,0,1,0
9/21/2019,2019/2020,Newcastle Utd,Brighton,1,0,0,STEVE BRUCE,7/17/2019,1/1/2100,6,0,1,0
9/29/2019,2019/2020,Newcastle Utd,Leicester City,0,0,5,STEVE BRUCE,7/17/2019,1/1/2100,7,0,0,1
10/6/2019,2019/2020,Newcastle Utd,Manchester Utd,1,1,0,STEVE BRUCE,7/17/2019,1/1/2100,8,0,0,1
10/19/2019,2019/2020,Newcastle Utd,Chelsea,0,0,1,STEVE BRUCE,7/17/2019,1/1/2100,9,0,0,1
10/27/2019,2019/2020,Newcastle Utd,Wolves,1,1,1,STEVE BRUCE,7/17/2019,1/1/2100,10,0,0,1
11/2/2019,2019/2020,Newcastle Utd,West Ham,0,3,2,STEVE BRUCE,7/17/2019,1/1/2100,11,0,0,0
11/9/2019,2019/2020,Newcastle Utd,Bournemouth,1,2,1,STEVE BRUCE,7/17/2019,1/1/2100,12,0,0,0
11/25/2019,2019/2020,Newcastle Utd,Aston Villa,0,0,2,STEVE BRUCE,7/17/2019,1/1/2100,13,0,0,0
11/30/2019,2019/2020,Newcastle Utd,Manchester City,1,2,2,STEVE BRUCE,7/17/2019,1/1/2100,14,0,0,0
12/5/2019,2019/2020,Newcastle Utd,Sheffield Utd,0,2,0,STEVE BRUCE,7/17/2019,1/1/2100,15,0,0,0
12/8/2019,2019/2020,Newcastle Utd,Southampton,1,2,1,STEVE BRUCE,7/17/2019,1/1/2100,16,0,0,0
12/14/2019,2019/2020,Newcastle Utd,Burnley,0,0,1,STEVE BRUCE,7/17/2019,1/1/2100,17,0,0,0
12/21/2019,2019/2020,Newcastle Utd,Crystal Palace,1,1,0,STEVE BRUCE,7/17/2019,1/1/2100,18,0,0,0
12/26/2019,2019/2020,Newcastle Utd,Manchester Utd,0,1,4,STEVE BRUCE,7/17/2019,1/1/2100,19,0,0,0
12/28/2019,2019/2020,Newcastle Utd,Everton,1,1,2,STEVE BRUCE,7/17/2019,1/1/2100,20,0,0,0
1/1/2020,2019/2020,Newcastle Utd,Leicester City,1,0,3,STEVE BRUCE,7/17/2019,1/1/2100,21,0,0,0
1/11/2020,2019/2020,Newcastle Utd,Wolves,0,1,1,STEVE BRUCE,7/17/2019,1/1/2100,22,0,0,0
1/18/2020,2019/2020,Newcastle Utd,Chelsea,1,1,0,STEVE BRUCE,7/17/2019,1/1/2100,23,0,0,0
1/21/2020,2019/2020,Newcastle Utd,Everton,0,2,2,STEVE BRUCE,7/17/2019,1/1/2100,24,0,0,0
2/1/2020,2019/2020,Newcastle Utd,Norwich City,1,0,0,STEVE BRUCE,7/17/2019,1/1/2100,25,0,0,0
2/16/2020,2019/2020,Newcastle Utd,Arsenal,0,0,4,STEVE BRUCE,7/17/2019,1/1/2100,26,0,0,0
2/22/2020,2019/2020,Newcastle Utd,Crystal Palace,0,0,1,STEVE BRUCE,7/17/2019,1/1/2100,27,0,0,0
2/29/2020,2019/2020,Newcastle Utd,Burnley,1,0,0,STEVE BRUCE,7/17/2019,1/1/2100,28,0,0,0
3/7/2020,2019/2020,Newcastle Utd,Southampton,0,1,0,STEVE BRUCE,7/17/2019,1/1/2100,29,0,0,0
6/21/2020,2019/2020,Newcastle Utd,Sheffield Utd,1,3,0,STEVE BRUCE,7/17/2019,1/1/2100,30,0,0,0
6/24/2020,2019/2020,Newcastle Utd,Aston Villa,1,1,1,STEVE BRUCE,7/17/2019,1/1/2100,31,0,0,0
7/1/2020,2019/2020,Newcastle Utd,Bournemouth,0,4,1,STEVE BRUCE,7/17/2019,1/1/2100,32,0,0,0
7/5/2020,2019/2020,Newcastle Utd,West Ham,1,2,2,STEVE BRUCE,7/17/2019,1/1/2100,33,0,0,0
7/8/2020,2019/2020,Newcastle Utd,Manchester City,0,0,5,STEVE BRUCE,7/17/2019,1/1/2100,34,0,0,0
7/11/2020,2019/2020,Newcastle Utd,Watford,0,1,2,STEVE BRUCE,7/17/2019,1/1/2100,35,0,0,0
7/15/2020,2019/2020,Newcastle Utd,Tottenham,1,1,3,STEVE BRUCE,7/17/2019,1/1/2100,36,0,0,0
7/20/2020,2019/2020,Newcastle Utd,Brighton,0,0,0,STEVE BRUCE,7/17/2019,1/1/2100,37,0,0,0
7/26/2020,2019/2020,Newcastle Utd,Liverpool,1,1,3,STEVE BRUCE,7/17/2019,1/1/2100,38,0,0,0
9/12/2020,2020/2021,Newcastle Utd,West Ham,0,2,0,STEVE BRUCE,7/17/2019,1/1/2100,39,0,0,0
9/20/2020,2020/2021,Newcastle Utd,Brighton,1,0,3,STEVE BRUCE,7/17/2019,1/1/2100,40,0,0,0
9/27/2020,2020/2021,Newcastle Utd,Tottenham,0,1,1,STEVE BRUCE,7/17/2019,1/1/2100,41,0,0,0
10/3/2020,2020/2021,Newcastle Utd,Burnley,1,3,1,STEVE BRUCE,7/17/2019,1/1/2100,42,0,0,0
10/17/2020,2020/2021,Newcastle Utd,Manchester Utd,1,1,4,STEVE BRUCE,7/17/2019,1/1/2100,43,0,0,0
10/25/2020,2020/2021,Newcastle Utd,Wolves,0,1,1,STEVE BRUCE,7/17/2019,1/1/2100,44,0,0,0
11/1/2020,2020/2021,Newcastle Utd,Everton,1,2,1,STEVE BRUCE,7/17/2019,1/1/2100,45,0,0,0
11/6/2020,2020/2021,Newcastle Utd,Southampton,0,0,2,STEVE BRUCE,7/17/2019,1/1/2100,46,0,0,0
11/21/2020,2020/2021,Newcastle Utd,Chelsea,1,0,2,STEVE BRUCE,7/17/2019,1/1/2100,47,0,0,0
11/27/2020,2020/2021,Newcastle Utd,Crystal Palace,0,2,0,STEVE BRUCE,7/17/2019,1/1/2100,48,0,0,0
12/12/2020,2020/2021,Newcastle Utd,West Brom,1,2,1,STEVE BRUCE,7/17/2019,1/1/2100,49,0,0,0
12/16/2020,2020/2021,Newcastle Utd,Leeds United,0,2,5,STEVE BRUCE,7/17/2019,1/1/2100,50,0,0,0
12/19/2020,2020/2021,Newcastle Utd,Fulham,1,1,1,STEVE BRUCE,7/17/2019,1/1/2100,51,0,0,0
12/26/2020,2020/2021,Newcastle Utd,Manchester City,0,0,2,STEVE BRUCE,7/17/2019,1/1/2100,52,0,0,0
12/30/2020,2020/2021,Newcastle Utd,Liverpool,1,0,0,STEVE BRUCE,7/17/2019,1/1/2100,53,0,0,0
1/3/2021,2020/2021,Newcastle Utd,Leicester City,1,1,2,STEVE BRUCE,7/17/2019,1/1/2100,54,0,0,0
1/12/2021,2020/2021,Newcastle Utd,Sheffield Utd,0,0,1,STEVE BRUCE,7/17/2019,1/1/2100,55,0,0,0
1/18/2021,2020/2021,Newcastle Utd,Arsenal,0,0,3,STEVE BRUCE,7/17/2019,1/1/2100,56,0,0,0
1/23/2021,2020/2021,Newcastle Utd,Aston Villa,0,0,2,STEVE BRUCE,7/17/2019,1/1/2100,57,0,0,0
1/26/2021,2020/2021,Newcastle Utd,Leeds United,1,1,2,STEVE BRUCE,7/17/2019,1/1/2100,58,0,0,0
1/30/2021,2020/2021,Newcastle Utd,Everton,0,2,0,STEVE BRUCE,7/17/2019,1/1/2100,59,0,0,0
2/2/2021,2020/2021,Newcastle Utd,Crystal Palace,1,1,2,STEVE BRUCE,7/17/2019,1/1/2100,60,0,0,0
2/6/2021,2020/2021,Newcastle Utd,Southampton,1,3,2,STEVE BRUCE,7/17/2019,1/1/2100,61,0,0,0
2/15/2021,2020/2021,Newcastle Utd,Chelsea,0,0,2,STEVE BRUCE,7/17/2019,1/1/2100,62,0,0,0
2/21/2021,2020/2021,Newcastle Utd,Manchester Utd,0,1,3,STEVE BRUCE,7/17/2019,1/1/2100,63,0,0,0
2/27/2021,2020/2021,Newcastle Utd,Wolves,1,1,1,STEVE BRUCE,7/17/2019,1/1/2100,64,0,0,0
3/7/2021,2020/2021,Newcastle Utd,West Brom,0,0,0,STEVE BRUCE,7/17/2019,1/1/2100,65,0,0,0
3/12/2021,2020/2021,Newcastle Utd,Aston Villa,1,1,1,STEVE BRUCE,7/17/2019,1/1/2100,66,0,0,0
3/20/2021,2020/2021,Newcastle Utd,Brighton,0,0,3,STEVE BRUCE,7/17/2019,1/1/2100,67,0,0,0
4/4/2021,2020/2021,Newcastle Utd,Tottenham,1,2,2,STEVE BRUCE,7/17/2019,1/1/2100,68,0,0,0
4/11/2021,2020/2021,Newcastle Utd,Burnley,0,2,1,STEVE BRUCE,7/17/2019,1/1/2100,69,0,0,0
4/17/2021,2020/2021,Newcastle Utd,West Ham,1,3,2,STEVE BRUCE,7/17/2019,1/1/2100,70,0,0,0
4/24/2021,2020/2021,Newcastle Utd,Liverpool,0,1,1,STEVE BRUCE,7/17/2019,1/1/2100,71,0,0,0
5/2/2021,2020/2021,Newcastle Utd,Arsenal,1,0,2,STEVE BRUCE,7/17/2019,1/1/2100,72,0,0,0
5/7/2021,2020/2021,Newcastle Utd,Leicester City,0,4,2,STEVE BRUCE,7/17/2019,1/1/2100,73,0,0,0
5/14/2021,2020/2021,Newcastle Utd,Manchester City,1,3,4,STEVE BRUCE,7/17/2019,1/1/2100,74,0,0,0
5/19/2021,2020/2021,Newcastle Utd,Sheffield Utd,1,1,0,STEVE BRUCE,7/17/2019,1/1/2100,75,0,0,0
5/23/2021,2020/2021,Newcastle Utd,Fulham,0,2,0,STEVE BRUCE,7/17/2019,1/1/2100,76,0,0,0
10/18/2015,2015/2016,Newcastle Utd,Norwich City,1,6,2,STEVE MCCLAREN,10/6/2015,11/3/2016,1,1,0,0
10/25/2015,2015/2016,Newcastle Utd,Sunderland,0,0,3,STEVE MCCLAREN,10/6/2015,11/3/2016,2,1,0,0
10/31/2015,2015/2016,Newcastle Utd,Stoke City,1,0,0,STEVE MCCLAREN,10/6/2015,11/3/2016,3,1,0,0
11/7/2015,2015/2016,Newcastle Utd,Bournemouth,0,1,0,STEVE MCCLAREN,10/6/2015,11/3/2016,4,0,1,0
11/21/2015,2015/2016,Newcastle Utd,Leicester City,1,0,3,STEVE MCCLAREN,10/6/2015,11/3/2016,5,0,1,0
11/28/2015,2015/2016,Newcastle Utd,Crystal Palace,0,1,5,STEVE MCCLAREN,10/6/2015,11/3/2016,6,0,1,0
12/6/2015,2015/2016,Newcastle Utd,Liverpool,1,2,0,STEVE MCCLAREN,10/6/2015,11/3/2016,7,0,0,1
12/13/2015,2015/2016,Newcastle Utd,Tottenham,0,2,1,STEVE MCCLAREN,10/6/2015,11/3/2016,8,0,0,1
12/19/2015,2015/2016,Newcastle Utd,Aston Villa,1,1,1,STEVE MCCLAREN,10/6/2015,11/3/2016,9,0,0,1
12/26/2015,2015/2016,Newcastle Utd,Everton,1,0,1,STEVE MCCLAREN,10/6/2015,11/3/2016,10,0,0,1
12/28/2015,2015/2016,Newcastle Utd,West Brom,0,0,1,STEVE MCCLAREN,10/6/2015,11/3/2016,11,0,0,0
1/2/2016,2015/2016,Newcastle Utd,Arsenal,0,0,1,STEVE MCCLAREN,10/6/2015,11/3/2016,12,0,0,0
1/12/2016,2015/2016,Newcastle Utd,Manchester Utd,1,3,3,STEVE MCCLAREN,10/6/2015,11/3/2016,13,0,0,0
1/16/2016,2015/2016,Newcastle Utd,West Ham,1,2,1,STEVE MCCLAREN,10/6/2015,11/3/2016,14,0,0,0
1/23/2016,2015/2016,Newcastle Utd,Watford,0,1,2,STEVE MCCLAREN,10/6/2015,11/3/2016,15,0,0,0
2/3/2016,2015/2016,Newcastle Utd,Everton,0,0,3,STEVE MCCLAREN,10/6/2015,11/3/2016,16,0,0,0
2/6/2016,2015/2016,Newcastle Utd,West Brom,1,1,0,STEVE MCCLAREN,10/6/2015,11/3/2016,17,0,0,0
2/13/2016,2015/2016,Newcastle Utd,Chelsea,0,1,5,STEVE MCCLAREN,10/6/2015,11/3/2016,18,0,0,0
3/2/2016,2015/2016,Newcastle Utd,Stoke City,0,0,1,STEVE MCCLAREN,10/6/2015,11/3/2016,19,0,0,0
3/5/2016,2015/2016,Newcastle Utd,Bournemouth,1,1,3,STEVE MCCLAREN,10/6/2015,11/3/2016,20,0,0,0
3/14/2016,2015/2016,Newcastle Utd,Leicester City,0,0,1,STEVE MCCLAREN,10/6/2015,11/3/2016,21,0,0,0
3/20/2016,2015/2016,Newcastle Utd,Sunderland,1,1,1,STEVE MCCLAREN,10/6/2015,11/3/2016,22,0,0,0
4/2/2016,2015/2016,Newcastle Utd,Norwich City,0,2,3,STEVE MCCLAREN,10/6/2015,11/3/2016,23,0,0,0
4/9/2016,2015/2016,Newcastle Utd,Southampton,0,1,3,STEVE MCCLAREN,10/6/2015,11/3/2016,24,0,0,0
4/16/2016,2015/2016,Newcastle Utd,Swansea City,1,3,0,STEVE MCCLAREN,10/6/2015,11/3/2016,25,0,0,0
4/19/2016,2015/2016,Newcastle Utd,Manchester City,1,1,1,STEVE MCCLAREN,10/6/2015,11/3/2016,26,0,0,0
4/23/2016,2015/2016,Newcastle Utd,Liverpool,0,2,2,STEVE MCCLAREN,10/6/2015,11/3/2016,27,0,0,0
4/30/2016,2015/2016,Newcastle Utd,Crystal Palace,1,1,0,STEVE MCCLAREN,10/6/2015,11/3/2016,28,0,0,0
5/7/2016,2015/2016,Newcastle Utd,Aston Villa,0,0,0,STEVE MCCLAREN,10/6/2015,11/3/2016,29,0,0,0
5/15/2016,2015/2016,Newcastle Utd,Tottenham,1,5,1,STEVE MCCLAREN,10/6/2015,11/3/2016,30,0,0,0
9/12/2015,2015/2016,Norwich City,Bournemouth,1,3,1,ALEX NEIL,9/1/2015,10/3/2017,1,1,0,0
9/20/2015,2015/2016,Norwich City,Liverpool,0,1,1,ALEX NEIL,9/1/2015,10/3/2017,2,1,0,0
9/26/2015,2015/2016,Norwich City,West Ham,0,2,2,ALEX NEIL,9/1/2015,10/3/2017,3,1,0,0
10/3/2015,2015/2016,Norwich City,Leicester City,1,1,2,ALEX NEIL,9/1/2015,10/3/2017,4,0,1,0
10/18/2015,2015/2016,Norwich City,Newcastle Utd,0,2,6,ALEX NEIL,9/1/2015,10/3/2017,5,0,1,0
10/24/2015,2015/2016,Norwich City,West Brom,1,0,1,ALEX NEIL,9/1/2015,10/3/2017,6,0,1,0
10/31/2015,2015/2016,Norwich City,Manchester City,0,1,2,ALEX NEIL,9/1/2015,10/3/2017,7,0,0,1
11/7/2015,2015/2016,Norwich City,Swansea City,1,1,0,ALEX NEIL,9/1/2015,10/3/2017,8,0,0,1
11/21/2015,2015/2016,Norwich City,Chelsea,0,0,1,ALEX NEIL,9/1/2015,10/3/2017,9,0,0,1
11/29/2015,2015/2016,Norwich City,Arsenal,1,1,1,ALEX NEIL,9/1/2015,10/3/2017,10,0,0,1
12/5/2015,2015/2016,Norwich City,Watford,0,0,2,ALEX NEIL,9/1/2015,10/3/2017,11,0,0,0
12/12/2015,2015/2016,Norwich City,Everton,1,1,1,ALEX NEIL,9/1/2015,10/3/2017,12,0,0,0
12/19/2015,2015/2016,Norwich City,Manchester Utd,0,2,1,ALEX NEIL,9/1/2015,10/3/2017,13,0,0,0
12/26/2015,2015/2016,Norwich City,Tottenham,0,0,3,ALEX NEIL,9/1/2015,10/3/2017,14,0,0,0
12/28/2015,2015/2016,Norwich City,Aston Villa,1,2,0,ALEX NEIL,9/1/2015,10/3/2017,15,0,0,0
1/2/2016,2015/2016,Norwich City,Southampton,1,1,0,ALEX NEIL,9/1/2015,10/3/2017,16,0,0,0
1/13/2016,2015/2016,Norwich City,Stoke City,0,1,3,ALEX NEIL,9/1/2015,10/3/2017,17,0,0,0
1/16/2016,2015/2016,Norwich City,Bournemouth,0,0,3,ALEX NEIL,9/1/2015,10/3/2017,18,0,0,0
1/23/2016,2015/2016,Norwich City,Liverpool,1,4,5,ALEX NEIL,9/1/2015,10/3/2017,19,0,0,0
2/2/2016,2015/2016,Norwich City,Tottenham,1,0,3,ALEX NEIL,9/1/2015,10/3/2017,20,0,0,0
2/6/2016,2015/2016,Norwich City,Aston Villa,0,0,2,ALEX NEIL,9/1/2015,10/3/2017,21,0,0,0
2/13/2016,2015/2016,Norwich City,West Ham,1,2,2,ALEX NEIL,9/1/2015,10/3/2017,22,0,0,0
2/27/2016,2015/2016,Norwich City,Leicester City,0,0,1,ALEX NEIL,9/1/2015,10/3/2017,23,0,0,0
3/1/2016,2015/2016,Norwich City,Chelsea,1,1,2,ALEX NEIL,9/1/2015,10/3/2017,24,0,0,0
3/5/2016,2015/2016,Norwich City,Swansea City,0,0,1,ALEX NEIL,9/1/2015,10/3/2017,25,0,0,0
3/12/2016,2015/2016,Norwich City,Manchester City,1,0,0,ALEX NEIL,9/1/2015,10/3/2017,26,0,0,0
3/19/2016,2015/2016,Norwich City,West Brom,0,1,0,ALEX NEIL,9/1/2015,10/3/2017,27,0,0,0
4/2/2016,2015/2016,Norwich City,Newcastle Utd,1,3,2,ALEX NEIL,9/1/2015,10/3/2017,28,0,0,0
4/9/2016,2015/2016,Norwich City,Crystal Palace,0,0,1,ALEX NEIL,9/1/2015,10/3/2017,29,0,0,0
4/16/2016,2015/2016,Norwich City,Sunderland,1,0,3,ALEX NEIL,9/1/2015,10/3/2017,30,0,0,0
4/30/2016,2015/2016,Norwich City,Arsenal,0,0,1,ALEX NEIL,9/1/2015,10/3/2017,31,0,0,0
5/7/2016,2015/2016,Norwich City,Manchester Utd,1,0,1,ALEX NEIL,9/1/2015,10/3/2017,32,0,0,0
5/11/2016,2015/2016,Norwich City,Watford,1,4,2,ALEX NEIL,9/1/2015,10/3/2017,33,0,0,0
5/15/2016,2015/2016,Norwich City,Everton,0,0,3,ALEX NEIL,9/1/2015,10/3/2017,34,0,0,0
8/9/2019,2019/2020,Norwich City,Liverpool,0,1,4,DANIEL FARKE,1/7/2017,6/11/2021,1,1,0,0
8/17/2019,2019/2020,Norwich City,Newcastle Utd,1,3,1,DANIEL FARKE,1/7/2017,6/11/2021,2,1,0,0
8/24/2019,2019/2020,Norwich City,Chelsea,1,2,3,DANIEL FARKE,1/7/2017,6/11/2021,3,1,0,0
8/31/2019,2019/2020,Norwich City,West Ham,0,0,2,DANIEL FARKE,1/7/2017,6/11/2021,4,0,1,0
9/14/2019,2019/2020,Norwich City,Manchester City,1,3,2,DANIEL FARKE,1/7/2017,6/11/2021,5,0,1,0
9/21/2019,2019/2020,Norwich City,Burnley,0,0,2,DANIEL FARKE,1/7/2017,6/11/2021,6,0,1,0
9/28/2019,2019/2020,Norwich City,Crystal Palace,0,0,2,DANIEL FARKE,1/7/2017,6/11/2021,7,0,0,1
10/5/2019,2019/2020,Norwich City,Aston Villa,1,1,5,DANIEL FARKE,1/7/2017,6/11/2021,8,0,0,1
10/19/2019,2019/2020,Norwich City,Bournemouth,0,0,0,DANIEL FARKE,1/7/2017,6/11/2021,9,0,0,1
10/27/2019,2019/2020,Norwich City,Manchester Utd,1,1,3,DANIEL FARKE,1/7/2017,6/11/2021,10,0,0,1
11/2/2019,2019/2020,Norwich City,Brighton,0,0,2,DANIEL FARKE,1/7/2017,6/11/2021,11,0,0,0
11/8/2019,2019/2020,Norwich City,Watford,1,0,2,DANIEL FARKE,1/7/2017,6/11/2021,12,0,0,0
11/23/2019,2019/2020,Norwich City,Everton,0,2,0,DANIEL FARKE,1/7/2017,6/11/2021,13,0,0,0
12/1/2019,2019/2020,Norwich City,Arsenal,1,2,2,DANIEL FARKE,1/7/2017,6/11/2021,14,0,0,0
12/4/2019,2019/2020,Norwich City,Southampton,0,1,2,DANIEL FARKE,1/7/2017,6/11/2021,15,0,0,0
12/8/2019,2019/2020,Norwich City,Sheffield Utd,1,1,2,DANIEL FARKE,1/7/2017,6/11/2021,16,0,0,0
12/14/2019,2019/2020,Norwich City,Leicester City,0,1,1,DANIEL FARKE,1/7/2017,6/11/2021,17,0,0,0
12/21/2019,2019/2020,Norwich City,Wolves,1,1,2,DANIEL FARKE,1/7/2017,6/11/2021,18,0,0,0
12/26/2019,2019/2020,Norwich City,Aston Villa,0,0,1,DANIEL FARKE,1/7/2017,6/11/2021,19,0,0,0
12/28/2019,2019/2020,Norwich City,Tottenham,1,2,2,DANIEL FARKE,1/7/2017,6/11/2021,20,0,0,0
1/1/2020,2019/2020,Norwich City,Crystal Palace,1,1,1,DANIEL FARKE,1/7/2017,6/11/2021,21,0,0,0
1/11/2020,2019/2020,Norwich City,Manchester Utd,0,0,4,DANIEL FARKE,1/7/2017,6/11/2021,22,0,0,0
1/18/2020,2019/2020,Norwich City,Bournemouth,1,1,0,DANIEL FARKE,1/7/2017,6/11/2021,23,0,0,0
1/22/2020,2019/2020,Norwich City,Tottenham,0,1,2,DANIEL FARKE,1/7/2017,6/11/2021,24,0,0,0
2/1/2020,2019/2020,Norwich City,Newcastle Utd,0,0,0,DANIEL FARKE,1/7/2017,6/11/2021,25,0,0,0
2/15/2020,2019/2020,Norwich City,Liverpool,1,0,1,DANIEL FARKE,1/7/2017,6/11/2021,26,0,0,0
2/23/2020,2019/2020,Norwich City,Wolves,0,0,3,DANIEL FARKE,1/7/2017,6/11/2021,27,0,0,0
2/28/2020,2019/2020,Norwich City,Leicester City,1,1,0,DANIEL FARKE,1/7/2017,6/11/2021,28,0,0,0
3/7/2020,2019/2020,Norwich City,Sheffield Utd,0,0,1,DANIEL FARKE,1/7/2017,6/11/2021,29,0,0,0
6/19/2020,2019/2020,Norwich City,Southampton,1,0,3,DANIEL FARKE,1/7/2017,6/11/2021,30,0,0,0
6/24/2020,2019/2020,Norwich City,Everton,1,0,1,DANIEL FARKE,1/7/2017,6/11/2021,31,0,0,0
7/1/2020,2019/2020,Norwich City,Arsenal,0,0,4,DANIEL FARKE,1/7/2017,6/11/2021,32,0,0,0
7/4/2020,2019/2020,Norwich City,Brighton,1,0,1,DANIEL FARKE,1/7/2017,6/11/2021,33,0,0,0
7/7/2020,2019/2020,Norwich City,Watford,0,1,2,DANIEL FARKE,1/7/2017,6/11/2021,34,0,0,0
7/11/2020,2019/2020,Norwich City,West Ham,1,0,4,DANIEL FARKE,1/7/2017,6/11/2021,35,0,0,0
7/14/2020,2019/2020,Norwich City,Chelsea,0,0,1,DANIEL FARKE,1/7/2017,6/11/2021,36,0,0,0
7/18/2020,2019/2020,Norwich City,Burnley,1,0,2,DANIEL FARKE,1/7/2017,6/11/2021,37,0,0,0
7/26/2020,2019/2020,Norwich City,Manchester City,0,0,5,DANIEL FARKE,1/7/2017,6/11/2021,38,0,0,0
11/20/2021,2021/2022,Norwich City,Southampton,1,2,1,DEAN SMITH,11/15/2021,1/1/2100,1,1,0,0
11/27/2021,2021/2022,Norwich City,Wolves,1,0,0,DEAN SMITH,11/15/2021,1/1/2100,2,1,0,0
11/30/2021,2021/2022,Norwich City,Newcastle Utd,0,1,1,DEAN SMITH,11/15/2021,1/1/2100,3,1,0,0
12/5/2021,2021/2022,Norwich City,Tottenham,0,0,3,DEAN SMITH,11/15/2021,1/1/2100,4,0,1,0
12/11/2021,2021/2022,Norwich City,Manchester Utd,1,0,1,DEAN SMITH,11/15/2021,1/1/2100,5,0,1,0
12/14/2021,2021/2022,Norwich City,Aston Villa,1,0,2,DEAN SMITH,11/15/2021,1/1/2100,6,0,1,0
12/26/2021,2021/2022,Norwich City,Arsenal,1,0,5,DEAN SMITH,11/15/2021,1/1/2100,7,0,0,1
12/28/2021,2021/2022,Norwich City,Crystal Palace,0,0,3,DEAN SMITH,11/15/2021,1/1/2100,8,0,0,1
1/12/2022,2021/2022,Norwich City,West Ham,0,0,2,DEAN SMITH,11/15/2021,1/1/2100,9,0,0,1
1/15/2022,2021/2022,Norwich City,Everton,1,2,1,DEAN SMITH,11/15/2021,1/1/2100,10,0,0,1
1/21/2022,2021/2022,Norwich City,Watford,0,3,0,DEAN SMITH,11/15/2021,1/1/2100,11,0,0,0
2/9/2022,2021/2022,Norwich City,Crystal Palace,1,1,1,DEAN SMITH,11/15/2021,1/1/2100,12,0,0,0
2/12/2022,2021/2022,Norwich City,Manchester City,1,0,4,DEAN SMITH,11/15/2021,1/1/2100,13,0,0,0
2/19/2022,2021/2022,Norwich City,Liverpool,0,1,3,DEAN SMITH,11/15/2021,1/1/2100,14,0,0,0
2/25/2022,2021/2022,Norwich City,Southampton,0,0,2,DEAN SMITH,11/15/2021,1/1/2100,15,0,0,0
3/5/2022,2021/2022,Norwich City,Brentford,1,1,3,DEAN SMITH,11/15/2021,1/1/2100,16,0,0,0
3/10/2022,2021/2022,Norwich City,Chelsea,1,1,3,DEAN SMITH,11/15/2021,1/1/2100,17,0,0,0
3/13/2022,2021/2022,Norwich City,Leeds United,0,1,2,DEAN SMITH,11/15/2021,1/1/2100,18,0,0,0
4/2/2022,2021/2022,Norwich City,Brighton,0,0,0,DEAN SMITH,11/15/2021,1/1/2100,19,0,0,0
4/10/2022,2021/2022,Norwich City,Burnley,1,2,0,DEAN SMITH,11/15/2021,1/1/2100,20,0,0,0
4/16/2022,2021/2022,Norwich City,Manchester Utd,0,2,3,DEAN SMITH,11/15/2021,1/1/2100,21,0,0,0
4/23/2022,2021/2022,Norwich City,Newcastle Utd,1,0,3,DEAN SMITH,11/15/2021,1/1/2100,22,0,0,0
4/30/2022,2021/2022,Norwich City,Aston Villa,0,0,2,DEAN SMITH,11/15/2021,1/1/2100,23,0,0,0
5/8/2022,2021/2022,Norwich City,West Ham,1,0,4,DEAN SMITH,11/15/2021,1/1/2100,24,0,0,0
5/11/2022,2021/2022,Norwich City,Leicester City,0,0,3,DEAN SMITH,11/15/2021,1/1/2100,25,0,0,0
5/15/2022,2021/2022,Norwich City,Wolves,0,1,1,DEAN SMITH,11/15/2021,1/1/2100,26,0,0,0
5/22/2022,2021/2022,Norwich City,Tottenham,1,0,5,DEAN SMITH,11/15/2021,1/1/2100,27,0,0,0
12/23/2023,2023/2024,Nott'ham Forest,Bournemouth,1,2,3,NUNO ESPIRITO SANTO,12/20/2023,9/9/2025,1,1,0,0
12/26/2023,2023/2024,Nott'ham Forest,Newcastle Utd,0,3,1,NUNO ESPIRITO SANTO,12/20/2023,9/9/2025,2,1,0,0
12/30/2023,2023/2024,Nott'ham Forest,Manchester Utd,1,2,1,NUNO ESPIRITO SANTO,12/20/2023,9/9/2025,3,1,0,0
1/20/2024,2023/2024,Nott'ham Forest,Brentford,0,2,3,NUNO ESPIRITO SANTO,12/20/2023,9/9/2025,4,0,1,0
1/30/2024,2023/2024,Nott'ham Forest,Arsenal,1,1,2,NUNO ESPIRITO SANTO,12/20/2023,9/9/2025,5,0,1,0
2/4/2024,2023/2024,Nott'ham Forest,Bournemouth,0,1,1,NUNO ESPIRITO SANTO,12/20/2023,9/9/2025,6,0,1,0
2/10/2024,2023/2024,Nott'ham Forest,Newcastle Utd,1,2,3,NUNO ESPIRITO SANTO,12/20/2023,9/9/2025,7,0,0,1
2/17/2024,2023/2024,Nott'ham Forest,West Ham,1,2,0,NUNO ESPIRITO SANTO,12/20/2023,9/9/2025,8,0,0,1
2/24/2024,2023/2024,Nott'ham Forest,Aston Villa,0,2,4,NUNO ESPIRITO SANTO,12/20/2023,9/9/2025,9,0,0,1
3/2/2024,2023/2024,Nott'ham Forest,Liverpool,1,0,1,NUNO ESPIRITO SANTO,12/20/2023,9/9/2025,10,0,0,1
3/10/2024,2023/2024,Nott'ham Forest,Brighton,0,0,1,NUNO ESPIRITO SANTO,12/20/2023,9/9/2025,11,0,0,0
3/16/2024,2023/2024,Nott'ham Forest,Luton Town,0,1,1,NUNO ESPIRITO SANTO,12/20/2023,9/9/2025,12,0,0,0
3/30/2024,2023/2024,Nott'ham Forest,Crystal Palace,1,1,1,NUNO ESPIRITO SANTO,12/20/2023,9/9/2025,13,0,0,0
4/2/2024,2023/2024,Nott'ham Forest,Fulham,1,3,1,NUNO ESPIRITO SANTO,12/20/2023,9/9/2025,14,0,0,0
4/7/2024,2023/2024,Nott'ham Forest,Tottenham,0,1,3,NUNO ESPIRITO SANTO,12/20/2023,9/9/2025,15,0,0,0
4/13/2024,2023/2024,Nott'ham Forest,Wolves,1,2,2,NUNO ESPIRITO SANTO,12/20/2023,9/9/2025,16,0,0,0
4/21/2024,2023/2024,Nott'ham Forest,Everton,0,0,2,NUNO ESPIRITO SANTO,12/20/2023,9/9/2025,17,0,0,0
4/28/2024,2023/2024,Nott'ham Forest,Manchester City,1,0,2,NUNO ESPIRITO SANTO,12/20/2023,9/9/2025,18,0,0,0
5/4/2024,2023/2024,Nott'ham Forest,Sheffield Utd,0,3,1,NUNO ESPIRITO SANTO,12/20/2023,9/9/2025,19,0,0,0
5/11/2024,2023/2024,Nott'ham Forest,Chelsea,1,2,3,NUNO ESPIRITO SANTO,12/20/2023,9/9/2025,20,0,0,0
5/19/2024,2023/2024,Nott'ham Forest,Burnley,0,2,1,NUNO ESPIRITO SANTO,12/20/2023,9/9/2025,21,0,0,0
8/6/2022,2022/2023,Nott'ham Forest,Newcastle Utd,0,0,2,STEVE COOPER,9/21/2021,1/1/2100,1,1,0,0
8/14/2022,2022/2023,Nott'ham Forest,West Ham,1,1,0,STEVE COOPER,9/21/2021,1/1/2100,2,1,0,0
8/20/2022,2022/2023,Nott'ham Forest,Everton,0,1,1,STEVE COOPER,9/21/2021,1/1/2100,3,1,0,0
8/28/2022,2022/2023,Nott'ham Forest,Tottenham,1,0,2,STEVE COOPER,9/21/2021,1/1/2100,4,0,1,0
8/31/2022,2022/2023,Nott'ham Forest,Manchester City,0,0,6,STEVE COOPER,9/21/2021,1/1/2100,5,0,1,0
9/3/2022,2022/2023,Nott'ham Forest,Bournemouth,1,2,3,STEVE COOPER,9/21/2021,1/1/2100,6,0,1,0
9/16/2022,2022/2023,Nott'ham Forest,Fulham,1,2,3,STEVE COOPER,9/21/2021,1/1/2100,7,0,0,1
10/3/2022,2022/2023,Nott'ham Forest,Leicester City,0,0,4,STEVE COOPER,9/21/2021,1/1/2100,8,0,0,1
10/10/2022,2022/2023,Nott'ham Forest,Aston Villa,1,1,1,STEVE COOPER,9/21/2021,1/1/2100,9,0,0,1
10/15/2022,2022/2023,Nott'ham Forest,Wolves,0,0,1,STEVE COOPER,9/21/2021,1/1/2100,10,0,0,1
10/18/2022,2022/2023,Nott'ham Forest,Brighton,0,0,0,STEVE COOPER,9/21/2021,1/1/2100,11,0,0,0
10/22/2022,2022/2023,Nott'ham Forest,Liverpool,1,1,0,STEVE COOPER,9/21/2021,1/1/2100,12,0,0,0
10/30/2022,2022/2023,Nott'ham Forest,Arsenal,0,0,5,STEVE COOPER,9/21/2021,1/1/2100,13,0,0,0
11/5/2022,2022/2023,Nott'ham Forest,Brentford,1,2,2,STEVE COOPER,9/21/2021,1/1/2100,14,0,0,0
11/12/2022,2022/2023,Nott'ham Forest,Crystal Palace,1,1,0,STEVE COOPER,9/21/2021,1/1/2100,15,0,0,0
12/27/2022,2022/2023,Nott'ham Forest,Manchester Utd,0,0,3,STEVE COOPER,9/21/2021,1/1/2100,16,0,0,0
1/1/2023,2022/2023,Nott'ham Forest,Chelsea,1,1,1,STEVE COOPER,9/21/2021,1/1/2100,17,0,0,0
1/4/2023,2022/2023,Nott'ham Forest,Southampton,0,1,0,STEVE COOPER,9/21/2021,1/1/2100,18,0,0,0
1/14/2023,2022/2023,Nott'ham Forest,Leicester City,1,2,0,STEVE COOPER,9/21/2021,1/1/2100,19,0,0,0
1/21/2023,2022/2023,Nott'ham Forest,Bournemouth,0,1,1,STEVE COOPER,9/21/2021,1/1/2100,20,0,0,0
2/5/2023,2022/2023,Nott'ham Forest,Leeds United,1,1,0,STEVE COOPER,9/21/2021,1/1/2100,21,0,0,0
2/11/2023,2022/2023,Nott'ham Forest,Fulham,0,0,2,STEVE COOPER,9/21/2021,1/1/2100,22,0,0,0
2/18/2023,2022/2023,Nott'ham Forest,Manchester City,1,1,1,STEVE COOPER,9/21/2021,1/1/2100,23,0,0,0
2/25/2023,2022/2023,Nott'ham Forest,West Ham,0,0,4,STEVE COOPER,9/21/2021,1/1/2100,24,0,0,0
3/5/2023,2022/2023,Nott'ham Forest,Everton,1,2,2,STEVE COOPER,9/21/2021,1/1/2100,25,0,0,0
3/11/2023,2022/2023,Nott'ham Forest,Tottenham,0,1,3,STEVE COOPER,9/21/2021,1/1/2100,26,0,0,0
3/17/2023,2022/2023,Nott'ham Forest,Newcastle Utd,1,1,2,STEVE COOPER,9/21/2021,1/1/2100,27,0,0,0
4/1/2023,2022/2023,Nott'ham Forest,Wolves,1,1,1,STEVE COOPER,9/21/2021,1/1/2100,28,0,0,0
4/4/2023,2022/2023,Nott'ham Forest,Leeds United,0,1,2,STEVE COOPER,9/21/2021,1/1/2100,29,0,0,0
4/8/2023,2022/2023,Nott'ham Forest,Aston Villa,0,0,2,STEVE COOPER,9/21/2021,1/1/2100,30,0,0,0
4/16/2023,2022/2023,Nott'ham Forest,Manchester Utd,1,0,2,STEVE COOPER,9/21/2021,1/1/2100,31,0,0,0
4/22/2023,2022/2023,Nott'ham Forest,Liverpool,0,2,3,STEVE COOPER,9/21/2021,1/1/2100,32,0,0,0
4/26/2023,2022/2023,Nott'ham Forest,Brighton,1,3,1,STEVE COOPER,9/21/2021,1/1/2100,33,0,0,0
4/29/2023,2022/2023,Nott'ham Forest,Brentford,0,1,2,STEVE COOPER,9/21/2021,1/1/2100,34,0,0,0
5/8/2023,2022/2023,Nott'ham Forest,Southampton,1,4,3,STEVE COOPER,9/21/2021,1/1/2100,35,0,0,0
5/13/2023,2022/2023,Nott'ham Forest,Chelsea,0,2,2,STEVE COOPER,9/21/2021,1/1/2100,36,0,0,0
5/20/2023,2022/2023,Nott'ham Forest,Arsenal,1,1,0,STEVE COOPER,9/21/2021,1/1/2100,37,0,0,0
5/28/2023,2022/2023,Nott'ham Forest,Crystal Palace,0,1,1,STEVE COOPER,9/21/2021,1/1/2100,38,0,0,0
8/12/2023,2023/2024,Nott'ham Forest,Arsenal,0,1,2,STEVE COOPER,9/21/2021,1/1/2100,39,0,0,0
8/18/2023,2023/2024,Nott'ham Forest,Sheffield Utd,1,2,1,STEVE COOPER,9/21/2021,1/1/2100,40,0,0,0
8/26/2023,2023/2024,Nott'ham Forest,Manchester Utd,0,2,3,STEVE COOPER,9/21/2021,1/1/2100,41,0,0,0
9/2/2023,2023/2024,Nott'ham Forest,Chelsea,0,1,0,STEVE COOPER,9/21/2021,1/1/2100,42,0,0,0
9/18/2023,2023/2024,Nott'ham Forest,Burnley,1,1,1,STEVE COOPER,9/21/2021,1/1/2100,43,0,0,0
9/23/2023,2023/2024,Nott'ham Forest,Manchester City,0,0,2,STEVE COOPER,9/21/2021,1/1/2100,44,0,0,0
10/1/2023,2023/2024,Nott'ham Forest,Brentford,1,1,1,STEVE COOPER,9/21/2021,1/1/2100,45,0,0,0
10/7/2023,2023/2024,Nott'ham Forest,Crystal Palace,0,0,0,STEVE COOPER,9/21/2021,1/1/2100,46,0,0,0
10/21/2023,2023/2024,Nott'ham Forest,Luton Town,1,2,2,STEVE COOPER,9/21/2021,1/1/2100,47,0,0,0
10/29/2023,2023/2024,Nott'ham Forest,Liverpool,0,0,3,STEVE COOPER,9/21/2021,1/1/2100,48,0,0,0
11/5/2023,2023/2024,Nott'ham Forest,Aston Villa,1,2,0,STEVE COOPER,9/21/2021,1/1/2100,49,0,0,0
11/12/2023,2023/2024,Nott'ham Forest,West Ham,0,2,3,STEVE COOPER,9/21/2021,1/1/2100,50,0,0,0
11/25/2023,2023/2024,Nott'ham Forest,Brighton,1,2,3,STEVE COOPER,9/21/2021,1/1/2100,51,0,0,0
12/2/2023,2023/2024,Nott'ham Forest,Everton,1,0,1,STEVE COOPER,9/21/2021,1/1/2100,52,0,0,0
12/6/2023,2023/2024,Nott'ham Forest,Fulham,0,0,5,STEVE COOPER,9/21/2021,1/1/2100,53,0,0,0
12/9/2023,2023/2024,Nott'ham Forest,Wolves,0,1,1,STEVE COOPER,9/21/2021,1/1/2100,54,0,0,0
12/15/2023,2023/2024,Nott'ham Forest,Tottenham,1,0,2,STEVE COOPER,9/21/2021,1/1/2100,55,0,0,0
8/16/2014,2014/2015,QPR,Hull City,1,0,1,HENRY REDKNAPP,11/25/2012,3/2/2015,101,0,0,0
8/24/2014,2014/2015,QPR,Tottenham,0,0,4,HENRY REDKNAPP,11/25/2012,3/2/2015,102,0,0,0
8/30/2014,2014/2015,QPR,Sunderland,1,1,0,HENRY REDKNAPP,11/25/2012,3/2/2015,103,0,0,0
9/14/2014,2014/2015,QPR,Manchester Utd,0,0,4,HENRY REDKNAPP,11/25/2012,3/2/2015,104,0,0,0
9/20/2014,2014/2015,QPR,Stoke City,1,2,2,HENRY REDKNAPP,11/25/2012,3/2/2015,105,0,0,0
9/27/2014,2014/2015,QPR,Southampton,0,1,2,HENRY REDKNAPP,11/25/2012,3/2/2015,106,0,0,0
10/5/2014,2014/2015,QPR,West Ham,0,0,2,HENRY REDKNAPP,11/25/2012,3/2/2015,107,0,0,0
10/19/2014,2014/2015,QPR,Liverpool,1,2,3,HENRY REDKNAPP,11/25/2012,3/2/2015,108,0,0,0
10/27/2014,2014/2015,QPR,Aston Villa,1,2,0,HENRY REDKNAPP,11/25/2012,3/2/2015,109,0,0,0
11/1/2014,2014/2015,QPR,Chelsea,0,1,2,HENRY REDKNAPP,11/25/2012,3/2/2015,110,0,0,0
11/8/2014,2014/2015,QPR,Manchester City,1,2,2,HENRY REDKNAPP,11/25/2012,3/2/2015,111,0,0,0
11/22/2014,2014/2015,QPR,Newcastle Utd,0,0,1,HENRY REDKNAPP,11/25/2012,3/2/2015,112,0,0,0
11/29/2014,2014/2015,QPR,Leicester City,1,3,2,HENRY REDKNAPP,11/25/2012,3/2/2015,113,0,0,0
12/2/2014,2014/2015,QPR,Swansea City,0,0,2,HENRY REDKNAPP,11/25/2012,3/2/2015,114,0,0,0
12/6/2014,2014/2015,QPR,Burnley,1,2,0,HENRY REDKNAPP,11/25/2012,3/2/2015,115,0,0,0
12/15/2014,2014/2015,QPR,Everton,0,1,3,HENRY REDKNAPP,11/25/2012,3/2/2015,116,0,0,0
12/20/2014,2014/2015,QPR,West Brom,1,3,2,HENRY REDKNAPP,11/25/2012,3/2/2015,117,0,0,0
12/26/2014,2014/2015,QPR,Arsenal,0,1,2,HENRY REDKNAPP,11/25/2012,3/2/2015,118,0,0,0
12/28/2014,2014/2015,QPR,Crystal Palace,1,0,0,HENRY REDKNAPP,11/25/2012,3/2/2015,119,0,0,0
1/1/2015,2014/2015,QPR,Swansea City,1,1,1,HENRY REDKNAPP,11/25/2012,3/2/2015,120,0,0,0
1/10/2015,2014/2015,QPR,Burnley,0,1,2,HENRY REDKNAPP,11/25/2012,3/2/2015,121,0,0,0
1/17/2015,2014/2015,QPR,Manchester Utd,1,0,2,HENRY REDKNAPP,11/25/2012,3/2/2015,122,0,0,0
1/31/2015,2014/2015,QPR,Stoke City,0,1,3,HENRY REDKNAPP,11/25/2012,3/2/2015,123,0,0,0
2/7/2015,2014/2015,QPR,Southampton,1,0,1,HENRY REDKNAPP,11/25/2012,3/2/2015,124,0,0,0
2/10/2015,2014/2015,QPR,Sunderland,0,2,0,HENRY REDKNAPP,11/25/2012,3/2/2015,125,0,0,0
2/21/2015,2014/2015,QPR,Hull City,0,1,2,HENRY REDKNAPP,11/25/2012,3/2/2015,126,0,0,0
8/10/2019,2019/2020,Sheffield Utd,Bournemouth,0,1,1,CHRIS WILDER,12/5/2016,12/3/2021,1,1,0,0
8/18/2019,2019/2020,Sheffield Utd,Crystal Palace,1,1,0,CHRIS WILDER,12/5/2016,12/3/2021,2,1,0,0
8/24/2019,2019/2020,Sheffield Utd,Leicester City,1,1,2,CHRIS WILDER,12/5/2016,12/3/2021,3,1,0,0
8/31/2019,2019/2020,Sheffield Utd,Chelsea,0,2,2,CHRIS WILDER,12/5/2016,12/3/2021,4,0,1,0
9/14/2019,2019/2020,Sheffield Utd,Southampton,1,0,1,CHRIS WILDER,12/5/2016,12/3/2021,5,0,1,0
9/21/2019,2019/2020,Sheffield Utd,Everton,0,2,0,CHRIS WILDER,12/5/2016,12/3/2021,6,0,1,0
9/28/2019,2019/2020,Sheffield Utd,Liverpool,1,0,1,CHRIS WILDER,12/5/2016,12/3/2021,7,0,0,1
10/5/2019,2019/2020,Sheffield Utd,Watford,0,0,0,CHRIS WILDER,12/5/2016,12/3/2021,8,0,0,1
10/21/2019,2019/2020,Sheffield Utd,Arsenal,1,1,0,CHRIS WILDER,12/5/2016,12/3/2021,9,0,0,1
10/26/2019,2019/2020,Sheffield Utd,West Ham,0,1,1,CHRIS WILDER,12/5/2016,12/3/2021,10,0,0,1
11/2/2019,2019/2020,Sheffield Utd,Burnley,1,3,0,CHRIS WILDER,12/5/2016,12/3/2021,11,0,0,0
11/9/2019,2019/2020,Sheffield Utd,Tottenham,0,1,1,CHRIS WILDER,12/5/2016,12/3/2021,12,0,0,0
11/24/2019,2019/2020,Sheffield Utd,Manchester Utd,1,3,3,CHRIS WILDER,12/5/2016,12/3/2021,13,0,0,0
12/1/2019,2019/2020,Sheffield Utd,Wolves,0,1,1,CHRIS WILDER,12/5/2016,12/3/2021,14,0,0,0
12/5/2019,2019/2020,Sheffield Utd,Newcastle Utd,1,0,2,CHRIS WILDER,12/5/2016,12/3/2021,15,0,0,0
12/8/2019,2019/2020,Sheffield Utd,Norwich City,0,2,1,CHRIS WILDER,12/5/2016,12/3/2021,16,0,0,0
12/14/2019,2019/2020,Sheffield Utd,Aston Villa,1,2,0,CHRIS WILDER,12/5/2016,12/3/2021,17,0,0,0
12/21/2019,2019/2020,Sheffield Utd,Brighton,0,1,0,CHRIS WILDER,12/5/2016,12/3/2021,18,0,0,0
12/26/2019,2019/2020,Sheffield Utd,Watford,1,1,1,CHRIS WILDER,12/5/2016,12/3/2021,19,0,0,0
12/29/2019,2019/2020,Sheffield Utd,Manchester City,0,0,2,CHRIS WILDER,12/5/2016,12/3/2021,20,0,0,0
1/2/2020,2019/2020,Sheffield Utd,Liverpool,0,0,2,CHRIS WILDER,12/5/2016,12/3/2021,21,0,0,0
1/10/2020,2019/2020,Sheffield Utd,West Ham,1,1,0,CHRIS WILDER,12/5/2016,12/3/2021,22,0,0,0
1/18/2020,2019/2020,Sheffield Utd,Arsenal,0,1,1,CHRIS WILDER,12/5/2016,12/3/2021,23,0,0,0
1/21/2020,2019/2020,Sheffield Utd,Manchester City,1,0,1,CHRIS WILDER,12/5/2016,12/3/2021,24,0,0,0
2/1/2020,2019/2020,Sheffield Utd,Crystal Palace,0,1,0,CHRIS WILDER,12/5/2016,12/3/2021,25,0,0,0
2/9/2020,2019/2020,Sheffield Utd,Bournemouth,1,2,1,CHRIS WILDER,12/5/2016,12/3/2021,26,0,0,0
2/22/2020,2019/2020,Sheffield Utd,Brighton,1,1,1,CHRIS WILDER,12/5/2016,12/3/2021,27,0,0,0
3/7/2020,2019/2020,Sheffield Utd,Norwich City,1,1,0,CHRIS WILDER,12/5/2016,12/3/2021,28,0,0,0
6/17/2020,2019/2020,Sheffield Utd,Aston Villa,0,0,0,CHRIS WILDER,12/5/2016,12/3/2021,29,0,0,0
6/21/2020,2019/2020,Sheffield Utd,Newcastle Utd,0,0,3,CHRIS WILDER,12/5/2016,12/3/2021,30,0,0,0
6/24/2020,2019/2020,Sheffield Utd,Manchester Utd,0,0,3,CHRIS WILDER,12/5/2016,12/3/2021,31,0,0,0
7/2/2020,2019/2020,Sheffield Utd,Tottenham,1,3,1,CHRIS WILDER,12/5/2016,12/3/2021,32,0,0,0
7/5/2020,2019/2020,Sheffield Utd,Burnley,0,1,1,CHRIS WILDER,12/5/2016,12/3/2021,33,0,0,0
7/8/2020,2019/2020,Sheffield Utd,Wolves,1,1,0,CHRIS WILDER,12/5/2016,12/3/2021,34,0,0,0
7/11/2020,2019/2020,Sheffield Utd,Chelsea,1,3,0,CHRIS WILDER,12/5/2016,12/3/2021,35,0,0,0
7/16/2020,2019/2020,Sheffield Utd,Leicester City,0,0,2,CHRIS WILDER,12/5/2016,12/3/2021,36,0,0,0
7/20/2020,2019/2020,Sheffield Utd,Everton,1,0,1,CHRIS WILDER,12/5/2016,12/3/2021,37,0,0,0
7/26/2020,2019/2020,Sheffield Utd,Southampton,0,1,3,CHRIS WILDER,12/5/2016,12/3/2021,38,0,0,0
9/14/2020,2020/2021,Sheffield Utd,Wolves,1,0,2,CHRIS WILDER,12/5/2016,12/3/2021,39,0,0,0
9/21/2020,2020/2021,Sheffield Utd,Aston Villa,0,0,1,CHRIS WILDER,12/5/2016,12/3/2021,40,0,0,0
9/27/2020,2020/2021,Sheffield Utd,Leeds United,1,0,1,CHRIS WILDER,12/5/2016,12/3/2021,41,0,0,0
10/4/2020,2020/2021,Sheffield Utd,Arsenal,0,1,2,CHRIS WILDER,12/5/2016,12/3/2021,42,0,0,0
10/18/2020,2020/2021,Sheffield Utd,Fulham,1,1,1,CHRIS WILDER,12/5/2016,12/3/2021,43,0,0,0
10/24/2020,2020/2021,Sheffield Utd,Liverpool,0,1,2,CHRIS WILDER,12/5/2016,12/3/2021,44,0,0,0
10/31/2020,2020/2021,Sheffield Utd,Manchester City,1,0,1,CHRIS WILDER,12/5/2016,12/3/2021,45,0,0,0
11/7/2020,2020/2021,Sheffield Utd,Chelsea,0,1,4,CHRIS WILDER,12/5/2016,12/3/2021,46,0,0,0
11/22/2020,2020/2021,Sheffield Utd,West Ham,1,0,1,CHRIS WILDER,12/5/2016,12/3/2021,47,0,0,0
11/28/2020,2020/2021,Sheffield Utd,West Brom,0,0,1,CHRIS WILDER,12/5/2016,12/3/2021,48,0,0,0
12/6/2020,2020/2021,Sheffield Utd,Leicester City,1,1,2,CHRIS WILDER,12/5/2016,12/3/2021,49,0,0,0
12/13/2020,2020/2021,Sheffield Utd,Southampton,0,0,3,CHRIS WILDER,12/5/2016,12/3/2021,50,0,0,0
12/17/2020,2020/2021,Sheffield Utd,Manchester Utd,1,2,3,CHRIS WILDER,12/5/2016,12/3/2021,51,0,0,0
12/20/2020,2020/2021,Sheffield Utd,Brighton,0,1,1,CHRIS WILDER,12/5/2016,12/3/2021,52,0,0,0
12/26/2020,2020/2021,Sheffield Utd,Everton,1,0,1,CHRIS WILDER,12/5/2016,12/3/2021,53,0,0,0
12/29/2020,2020/2021,Sheffield Utd,Burnley,0,0,1,CHRIS WILDER,12/5/2016,12/3/2021,54,0,0,0
1/2/2021,2020/2021,Sheffield Utd,Crystal Palace,0,0,2,CHRIS WILDER,12/5/2016,12/3/2021,55,0,0,0
8/12/2023,2023/2024,Sheffield Utd,Crystal Palace,1,0,1,CHRIS WILDER,5/12/2023,1/1/2100,56,0,0,0
8/18/2023,2023/2024,Sheffield Utd,Nott'ham Forest,0,1,2,CHRIS WILDER,5/12/2023,1/1/2100,57,0,0,0
8/27/2023,2023/2024,Sheffield Utd,Manchester City,1,1,2,CHRIS WILDER,5/12/2023,1/1/2100,58,0,0,0
9/2/2023,2023/2024,Sheffield Utd,Everton,1,2,2,CHRIS WILDER,5/12/2023,1/1/2100,59,0,0,0
9/16/2023,2023/2024,Sheffield Utd,Tottenham,0,1,2,CHRIS WILDER,5/12/2023,1/1/2100,60,0,0,0
9/24/2023,2023/2024,Sheffield Utd,Newcastle Utd,1,0,8,CHRIS WILDER,5/12/2023,1/1/2100,61,0,0,0
9/30/2023,2023/2024,Sheffield Utd,West Ham,0,0,2,CHRIS WILDER,5/12/2023,1/1/2100,62,0,0,0
10/7/2023,2023/2024,Sheffield Utd,Fulham,0,1,3,CHRIS WILDER,5/12/2023,1/1/2100,63,0,0,0
10/21/2023,2023/2024,Sheffield Utd,Manchester Utd,1,1,2,CHRIS WILDER,5/12/2023,1/1/2100,64,0,0,0
10/28/2023,2023/2024,Sheffield Utd,Arsenal,0,0,5,CHRIS WILDER,5/12/2023,1/1/2100,65,0,0,0
11/4/2023,2023/2024,Sheffield Utd,Wolves,1,2,1,CHRIS WILDER,5/12/2023,1/1/2100,66,0,0,0
11/12/2023,2023/2024,Sheffield Utd,Brighton,0,1,1,CHRIS WILDER,5/12/2023,1/1/2100,67,0,0,0
11/25/2023,2023/2024,Sheffield Utd,Bournemouth,1,1,3,CHRIS WILDER,5/12/2023,1/1/2100,68,0,0,0
12/2/2023,2023/2024,Sheffield Utd,Burnley,0,0,5,CHRIS WILDER,5/12/2023,1/1/2100,69,0,0,0
12/6/2023,2023/2024,Sheffield Utd,Liverpool,1,0,2,CHRIS WILDER,5/12/2023,1/1/2100,70,0,0,0
12/9/2023,2023/2024,Sheffield Utd,Brentford,1,1,0,CHRIS WILDER,5/12/2023,1/1/2100,71,0,0,0
12/16/2023,2023/2024,Sheffield Utd,Chelsea,0,0,2,CHRIS WILDER,5/12/2023,1/1/2100,72,0,0,0
12/22/2023,2023/2024,Sheffield Utd,Aston Villa,0,1,1,CHRIS WILDER,5/12/2023,1/1/2100,73,0,0,0
12/26/2023,2023/2024,Sheffield Utd,Luton Town,1,2,3,CHRIS WILDER,5/12/2023,1/1/2100,74,0,0,0
12/30/2023,2023/2024,Sheffield Utd,Manchester City,0,0,2,CHRIS WILDER,5/12/2023,1/1/2100,75,0,0,0
1/21/2024,2023/2024,Sheffield Utd,West Ham,1,2,2,CHRIS WILDER,5/12/2023,1/1/2100,76,0,0,0
1/30/2024,2023/2024,Sheffield Utd,Crystal Palace,0,2,3,CHRIS WILDER,5/12/2023,1/1/2100,77,0,0,0
2/3/2024,2023/2024,Sheffield Utd,Aston Villa,1,0,5,CHRIS WILDER,5/12/2023,1/1/2100,78,0,0,0
2/10/2024,2023/2024,Sheffield Utd,Luton Town,0,3,1,CHRIS WILDER,5/12/2023,1/1/2100,79,0,0,0
2/18/2024,2023/2024,Sheffield Utd,Brighton,1,0,5,CHRIS WILDER,5/12/2023,1/1/2100,80,0,0,0
2/25/2024,2023/2024,Sheffield Utd,Wolves,0,0,1,CHRIS WILDER,5/12/2023,1/1/2100,81,0,0,0
3/4/2024,2023/2024,Sheffield Utd,Arsenal,1,0,6,CHRIS WILDER,5/12/2023,1/1/2100,82,0,0,0
3/9/2024,2023/2024,Sheffield Utd,Bournemouth,0,2,2,CHRIS WILDER,5/12/2023,1/1/2100,83,0,0,0
3/30/2024,2023/2024,Sheffield Utd,Fulham,1,3,3,CHRIS WILDER,5/12/2023,1/1/2100,84,0,0,0
4/4/2024,2023/2024,Sheffield Utd,Liverpool,0,1,3,CHRIS WILDER,5/12/2023,1/1/2100,85,0,0,0
4/7/2024,2023/2024,Sheffield Utd,Chelsea,1,2,2,CHRIS WILDER,5/12/2023,1/1/2100,86,0,0,0
4/13/2024,2023/2024,Sheffield Utd,Brentford,0,0,2,CHRIS WILDER,5/12/2023,1/1/2100,87,0,0,0
4/20/2024,2023/2024,Sheffield Utd,Burnley,1,1,4,CHRIS WILDER,5/12/2023,1/1/2100,88,0,0,0
4/24/2024,2023/2024,Sheffield Utd,Manchester Utd,0,2,4,CHRIS WILDER,5/12/2023,1/1/2100,89,0,0,0
4/27/2024,2023/2024,Sheffield Utd,Newcastle Utd,0,1,5,CHRIS WILDER,5/12/2023,1/1/2100,90,0,0,0
5/4/2024,2023/2024,Sheffield Utd,Nott'ham Forest,1,1,3,CHRIS WILDER,5/12/2023,1/1/2100,91,0,0,0
5/11/2024,2023/2024,Sheffield Utd,Everton,0,0,1,CHRIS WILDER,5/12/2023,1/1/2100,92,0,0,0
5/19/2024,2023/2024,Sheffield Utd,Tottenham,1,0,3,CHRIS WILDER,5/12/2023,1/1/2100,93,0,0,0
3/14/2021,2020/2021,Sheffield Utd,Leicester City,0,0,5,PAUL HECKINGBOTTOM,3/13/2021,1/1/2100,1,1,0,0
4/3/2021,2020/2021,Sheffield Utd,Leeds United,0,1,2,PAUL HECKINGBOTTOM,3/13/2021,1/1/2100,2,1,0,0
4/11/2021,2020/2021,Sheffield Utd,Arsenal,1,0,3,PAUL HECKINGBOTTOM,3/13/2021,1/1/2100,3,1,0,0
4/17/2021,2020/2021,Sheffield Utd,Wolves,0,0,1,PAUL HECKINGBOTTOM,3/13/2021,1/1/2100,4,0,1,0
4/24/2021,2020/2021,Sheffield Utd,Brighton,1,1,0,PAUL HECKINGBOTTOM,3/13/2021,1/1/2100,5,0,1,0
5/2/2021,2020/2021,Sheffield Utd,Tottenham,0,0,4,PAUL HECKINGBOTTOM,3/13/2021,1/1/2100,6,0,1,0
5/8/2021,2020/2021,Sheffield Utd,Crystal Palace,1,0,2,PAUL HECKINGBOTTOM,3/13/2021,1/1/2100,7,0,0,1
5/16/2021,2020/2021,Sheffield Utd,Everton,0,1,0,PAUL HECKINGBOTTOM,3/13/2021,1/1/2100,8,0,0,1
5/19/2021,2020/2021,Sheffield Utd,Newcastle Utd,0,0,1,PAUL HECKINGBOTTOM,3/13/2021,1/1/2100,9,0,0,1
5/23/2021,2020/2021,Sheffield Utd,Burnley,1,1,0,PAUL HECKINGBOTTOM,3/13/2021,1/1/2100,10,0,0,1
1/12/2021,2020/2021,Sheffield Utd,Newcastle Utd,1,1,0,SLAVISA JOKANOVIC,1/7/2021,1/1/2100,1,1,0,0
1/17/2021,2020/2021,Sheffield Utd,Tottenham,1,1,3,SLAVISA JOKANOVIC,1/7/2021,1/1/2100,2,1,0,0
1/27/2021,2020/2021,Sheffield Utd,Manchester Utd,0,2,1,SLAVISA JOKANOVIC,1/7/2021,1/1/2100,3,1,0,0
1/30/2021,2020/2021,Sheffield Utd,Manchester City,0,0,1,SLAVISA JOKANOVIC,1/7/2021,1/1/2100,4,0,1,0
2/2/2021,2020/2021,Sheffield Utd,West Brom,1,2,1,SLAVISA JOKANOVIC,1/7/2021,1/1/2100,5,0,1,0
2/7/2021,2020/2021,Sheffield Utd,Chelsea,1,1,2,SLAVISA JOKANOVIC,1/7/2021,1/1/2100,6,0,1,0
2/15/2021,2020/2021,Sheffield Utd,West Ham,0,0,3,SLAVISA JOKANOVIC,1/7/2021,1/1/2100,7,0,0,1
2/20/2021,2020/2021,Sheffield Utd,Fulham,0,0,1,SLAVISA JOKANOVIC,1/7/2021,1/1/2100,8,0,0,1
2/28/2021,2020/2021,Sheffield Utd,Liverpool,1,0,2,SLAVISA JOKANOVIC,1/7/2021,1/1/2100,9,0,0,1
3/3/2021,2020/2021,Sheffield Utd,Aston Villa,1,1,0,SLAVISA JOKANOVIC,1/7/2021,1/1/2100,10,0,0,1
3/6/2021,2020/2021,Sheffield Utd,Southampton,1,0,2,SLAVISA JOKANOVIC,1/7/2021,1/1/2100,11,0,0,0
1/13/2016,2015/2016,Southampton,Watford,1,2,0,CLAUDE PUEL,1/7/2016,1/1/2100,1,1,0,0
1/16/2016,2015/2016,Southampton,West Brom,1,3,0,CLAUDE PUEL,1/7/2016,1/1/2100,2,1,0,0
1/23/2016,2015/2016,Southampton,Manchester Utd,0,1,0,CLAUDE PUEL,1/7/2016,1/1/2100,3,1,0,0
2/2/2016,2015/2016,Southampton,Arsenal,0,0,0,CLAUDE PUEL,1/7/2016,1/1/2100,4,0,1,0
2/6/2016,2015/2016,Southampton,West Ham,1,1,0,CLAUDE PUEL,1/7/2016,1/1/2100,5,0,1,0
2/13/2016,2015/2016,Southampton,Swansea City,0,1,0,CLAUDE PUEL,1/7/2016,1/1/2100,6,0,1,0
2/27/2016,2015/2016,Southampton,Chelsea,1,1,2,CLAUDE PUEL,1/7/2016,1/1/2100,7,0,0,1
3/1/2016,2015/2016,Southampton,Bournemouth,0,0,2,CLAUDE PUEL,1/7/2016,1/1/2100,8,0,0,1
3/5/2016,2015/2016,Southampton,Sunderland,1,1,1,CLAUDE PUEL,1/7/2016,1/1/2100,9,0,0,1
3/12/2016,2015/2016,Southampton,Stoke City,0,2,1,CLAUDE PUEL,1/7/2016,1/1/2100,10,0,0,1
3/20/2016,2015/2016,Southampton,Liverpool,1,3,2,CLAUDE PUEL,1/7/2016,1/1/2100,11,0,0,0
4/3/2016,2015/2016,Southampton,Leicester City,0,0,1,CLAUDE PUEL,1/7/2016,1/1/2100,12,0,0,0
4/9/2016,2015/2016,Southampton,Newcastle Utd,1,3,1,CLAUDE PUEL,1/7/2016,1/1/2100,13,0,0,0
4/16/2016,2015/2016,Southampton,Everton,0,1,1,CLAUDE PUEL,1/7/2016,1/1/2100,14,0,0,0
4/23/2016,2015/2016,Southampton,Aston Villa,0,4,2,CLAUDE PUEL,1/7/2016,1/1/2100,15,0,0,0
5/1/2016,2015/2016,Southampton,Manchester City,1,4,2,CLAUDE PUEL,1/7/2016,1/1/2100,16,0,0,0
5/8/2016,2015/2016,Southampton,Tottenham,0,2,1,CLAUDE PUEL,1/7/2016,1/1/2100,17,0,0,0
5/15/2016,2015/2016,Southampton,Crystal Palace,1,4,1,CLAUDE PUEL,1/7/2016,1/1/2100,18,0,0,0
8/13/2016,2016/2017,Southampton,Watford,1,1,1,CLAUDE PUEL,1/7/2016,1/1/2100,19,0,0,0
8/19/2016,2016/2017,Southampton,Manchester Utd,0,0,2,CLAUDE PUEL,1/7/2016,1/1/2100,20,0,0,0
8/27/2016,2016/2017,Southampton,Sunderland,1,1,1,CLAUDE PUEL,1/7/2016,1/1/2100,21,0,0,0
9/10/2016,2016/2017,Southampton,Arsenal,0,1,2,CLAUDE PUEL,1/7/2016,1/1/2100,22,0,0,0
9/18/2016,2016/2017,Southampton,Swansea City,1,1,0,CLAUDE PUEL,1/7/2016,1/1/2100,23,0,0,0
9/25/2016,2016/2017,Southampton,West Ham,0,3,0,CLAUDE PUEL,1/7/2016,1/1/2100,24,0,0,0
10/2/2016,2016/2017,Southampton,Leicester City,0,0,0,CLAUDE PUEL,1/7/2016,1/1/2100,25,0,0,0
10/16/2016,2016/2017,Southampton,Burnley,1,3,1,CLAUDE PUEL,1/7/2016,1/1/2100,26,0,0,0
10/23/2016,2016/2017,Southampton,Manchester City,0,1,1,CLAUDE PUEL,1/7/2016,1/1/2100,27,0,0,0
10/30/2016,2016/2017,Southampton,Chelsea,1,0,2,CLAUDE PUEL,1/7/2016,1/1/2100,28,0,0,0
11/6/2016,2016/2017,Southampton,Hull City,0,1,2,CLAUDE PUEL,1/7/2016,1/1/2100,29,0,0,0
11/19/2016,2016/2017,Southampton,Liverpool,1,0,0,CLAUDE PUEL,1/7/2016,1/1/2100,30,0,0,0
11/27/2016,2016/2017,Southampton,Everton,1,1,0,CLAUDE PUEL,1/7/2016,1/1/2100,31,0,0,0
12/3/2016,2016/2017,Southampton,Crystal Palace,0,0,3,CLAUDE PUEL,1/7/2016,1/1/2100,32,0,0,0
12/11/2016,2016/2017,Southampton,Middlesbrough,1,1,0,CLAUDE PUEL,1/7/2016,1/1/2100,33,0,0,0
12/14/2016,2016/2017,Southampton,Stoke City,0,0,0,CLAUDE PUEL,1/7/2016,1/1/2100,34,0,0,0
12/18/2016,2016/2017,Southampton,Bournemouth,0,3,1,CLAUDE PUEL,1/7/2016,1/1/2100,35,0,0,0
12/28/2016,2016/2017,Southampton,Tottenham,1,1,4,CLAUDE PUEL,1/7/2016,1/1/2100,36,0,0,0
12/31/2016,2016/2017,Southampton,West Brom,1,1,2,CLAUDE PUEL,1/7/2016,1/1/2100,37,0,0,0
1/2/2017,2016/2017,Southampton,Everton,0,0,3,CLAUDE PUEL,1/7/2016,1/1/2100,38,0,0,0
8/6/2022,2022/2023,Southampton,Tottenham,0,1,4,CLAUDE PUEL,1/7/2016,1/1/2100,39,0,0,0
8/13/2022,2022/2023,Southampton,Leeds United,1,2,2,CLAUDE PUEL,1/7/2016,1/1/2100,40,0,0,0
8/20/2022,2022/2023,Southampton,Leicester City,0,2,1,CLAUDE PUEL,1/7/2016,1/1/2100,41,0,0,0
8/27/2022,2022/2023,Southampton,Manchester Utd,1,0,1,CLAUDE PUEL,1/7/2016,1/1/2100,42,0,0,0
8/30/2022,2022/2023,Southampton,Chelsea,1,2,1,CLAUDE PUEL,1/7/2016,1/1/2100,43,0,0,0
9/3/2022,2022/2023,Southampton,Wolves,0,0,1,CLAUDE PUEL,1/7/2016,1/1/2100,44,0,0,0
9/16/2022,2022/2023,Southampton,Aston Villa,0,0,1,CLAUDE PUEL,1/7/2016,1/1/2100,45,0,0,0
10/1/2022,2022/2023,Southampton,Everton,1,1,2,CLAUDE PUEL,1/7/2016,1/1/2100,46,0,0,0
10/8/2022,2022/2023,Southampton,Manchester City,0,0,4,CLAUDE PUEL,1/7/2016,1/1/2100,47,0,0,0
3/31/2018,2017/2018,Southampton,West Ham,0,0,3,KELVIN DAVIS,3/12/2018,5/12/2018,1,1,0,0
4/8/2018,2017/2018,Southampton,Arsenal,0,2,3,KELVIN DAVIS,3/12/2018,5/12/2018,2,1,0,0
4/14/2018,2017/2018,Southampton,Chelsea,1,2,3,KELVIN DAVIS,3/12/2018,5/12/2018,3,1,0,0
4/19/2018,2017/2018,Southampton,Leicester City,0,0,0,KELVIN DAVIS,3/12/2018,5/12/2018,4,0,1,0
4/28/2018,2017/2018,Southampton,Bournemouth,1,2,1,KELVIN DAVIS,3/12/2018,5/12/2018,5,0,1,0
5/5/2018,2017/2018,Southampton,Everton,0,1,1,KELVIN DAVIS,3/12/2018,5/12/2018,6,0,1,0
5/8/2018,2017/2018,Southampton,Swansea City,0,1,0,KELVIN DAVIS,3/12/2018,5/12/2018,7,0,0,1
1/14/2017,2016/2017,Southampton,Burnley,0,0,1,MAURICIO PELLEGRINO,1/7/2017,12/3/2018,1,1,0,0
1/22/2017,2016/2017,Southampton,Leicester City,1,3,0,MAURICIO PELLEGRINO,1/7/2017,12/3/2018,2,1,0,0
1/31/2017,2016/2017,Southampton,Swansea City,0,1,2,MAURICIO PELLEGRINO,1/7/2017,12/3/2018,3,1,0,0
2/4/2017,2016/2017,Southampton,West Ham,1,1,3,MAURICIO PELLEGRINO,1/7/2017,12/3/2018,4,0,1,0
2/11/2017,2016/2017,Southampton,Sunderland,0,4,0,MAURICIO PELLEGRINO,1/7/2017,12/3/2018,5,0,1,0
3/4/2017,2016/2017,Southampton,Watford,0,4,3,MAURICIO PELLEGRINO,1/7/2017,12/3/2018,6,0,1,0
3/19/2017,2016/2017,Southampton,Tottenham,0,1,2,MAURICIO PELLEGRINO,1/7/2017,12/3/2018,7,0,0,1
4/1/2017,2016/2017,Southampton,Bournemouth,1,0,0,MAURICIO PELLEGRINO,1/7/2017,12/3/2018,8,0,0,1
4/5/2017,2016/2017,Southampton,Crystal Palace,1,3,1,MAURICIO PELLEGRINO,1/7/2017,12/3/2018,9,0,0,1
4/8/2017,2016/2017,Southampton,West Brom,0,1,0,MAURICIO PELLEGRINO,1/7/2017,12/3/2018,10,0,0,1
4/15/2017,2016/2017,Southampton,Manchester City,1,0,3,MAURICIO PELLEGRINO,1/7/2017,12/3/2018,11,0,0,0
4/25/2017,2016/2017,Southampton,Chelsea,0,2,4,MAURICIO PELLEGRINO,1/7/2017,12/3/2018,12,0,0,0
4/29/2017,2016/2017,Southampton,Hull City,1,0,0,MAURICIO PELLEGRINO,1/7/2017,12/3/2018,13,0,0,0
5/7/2017,2016/2017,Southampton,Liverpool,0,0,0,MAURICIO PELLEGRINO,1/7/2017,12/3/2018,14,0,0,0
5/10/2017,2016/2017,Southampton,Arsenal,1,0,2,MAURICIO PELLEGRINO,1/7/2017,12/3/2018,15,0,0,0
5/13/2017,2016/2017,Southampton,Middlesbrough,0,2,1,MAURICIO PELLEGRINO,1/7/2017,12/3/2018,16,0,0,0
5/17/2017,2016/2017,Southampton,Manchester Utd,1,0,0,MAURICIO PELLEGRINO,1/7/2017,12/3/2018,17,0,0,0
5/21/2017,2016/2017,Southampton,Stoke City,1,0,1,MAURICIO PELLEGRINO,1/7/2017,12/3/2018,18,0,0,0
8/12/2017,2017/2018,Southampton,Swansea City,1,0,0,MAURICIO PELLEGRINO,1/7/2017,12/3/2018,19,0,0,0
8/19/2017,2017/2018,Southampton,West Ham,1,3,2,MAURICIO PELLEGRINO,1/7/2017,12/3/2018,20,0,0,0
8/26/2017,2017/2018,Southampton,Huddersfield,0,0,0,MAURICIO PELLEGRINO,1/7/2017,12/3/2018,21,0,0,0
9/9/2017,2017/2018,Southampton,Watford,1,0,2,MAURICIO PELLEGRINO,1/7/2017,12/3/2018,22,0,0,0
9/16/2017,2017/2018,Southampton,Crystal Palace,0,1,0,MAURICIO PELLEGRINO,1/7/2017,12/3/2018,23,0,0,0
9/23/2017,2017/2018,Southampton,Manchester Utd,1,0,1,MAURICIO PELLEGRINO,1/7/2017,12/3/2018,24,0,0,0
9/30/2017,2017/2018,Southampton,Stoke City,0,1,2,MAURICIO PELLEGRINO,1/7/2017,12/3/2018,25,0,0,0
10/15/2017,2017/2018,Southampton,Newcastle Utd,1,2,2,MAURICIO PELLEGRINO,1/7/2017,12/3/2018,26,0,0,0
10/21/2017,2017/2018,Southampton,West Brom,1,1,0,MAURICIO PELLEGRINO,1/7/2017,12/3/2018,27,0,0,0
10/29/2017,2017/2018,Southampton,Brighton,0,1,1,MAURICIO PELLEGRINO,1/7/2017,12/3/2018,28,0,0,0
11/4/2017,2017/2018,Southampton,Burnley,1,0,1,MAURICIO PELLEGRINO,1/7/2017,12/3/2018,29,0,0,0
11/18/2017,2017/2018,Southampton,Liverpool,0,0,3,MAURICIO PELLEGRINO,1/7/2017,12/3/2018,30,0,0,0
11/26/2017,2017/2018,Southampton,Everton,1,4,1,MAURICIO PELLEGRINO,1/7/2017,12/3/2018,31,0,0,0
11/29/2017,2017/2018,Southampton,Manchester City,0,1,2,MAURICIO PELLEGRINO,1/7/2017,12/3/2018,32,0,0,0
12/3/2017,2017/2018,Southampton,Bournemouth,0,1,1,MAURICIO PELLEGRINO,1/7/2017,12/3/2018,33,0,0,0
12/10/2017,2017/2018,Southampton,Arsenal,1,1,1,MAURICIO PELLEGRINO,1/7/2017,12/3/2018,34,0,0,0
12/13/2017,2017/2018,Southampton,Leicester City,1,1,4,MAURICIO PELLEGRINO,1/7/2017,12/3/2018,35,0,0,0
12/16/2017,2017/2018,Southampton,Chelsea,0,0,1,MAURICIO PELLEGRINO,1/7/2017,12/3/2018,36,0,0,0
12/23/2017,2017/2018,Southampton,Huddersfield,1,1,1,MAURICIO PELLEGRINO,1/7/2017,12/3/2018,37,0,0,0
12/26/2017,2017/2018,Southampton,Tottenham,0,2,5,MAURICIO PELLEGRINO,1/7/2017,12/3/2018,38,0,0,0
12/30/2017,2017/2018,Southampton,Manchester Utd,0,0,0,MAURICIO PELLEGRINO,1/7/2017,12/3/2018,39,0,0,0
1/2/2018,2017/2018,Southampton,Crystal Palace,1,1,2,MAURICIO PELLEGRINO,1/7/2017,12/3/2018,40,0,0,0
1/13/2018,2017/2018,Southampton,Watford,0,2,2,MAURICIO PELLEGRINO,1/7/2017,12/3/2018,41,0,0,0
1/21/2018,2017/2018,Southampton,Tottenham,1,1,1,MAURICIO PELLEGRINO,1/7/2017,12/3/2018,42,0,0,0
1/31/2018,2017/2018,Southampton,Brighton,1,1,1,MAURICIO PELLEGRINO,1/7/2017,12/3/2018,43,0,0,0
2/3/2018,2017/2018,Southampton,West Brom,0,3,2,MAURICIO PELLEGRINO,1/7/2017,12/3/2018,44,0,0,0
2/11/2018,2017/2018,Southampton,Liverpool,1,0,2,MAURICIO PELLEGRINO,1/7/2017,12/3/2018,45,0,0,0
2/24/2018,2017/2018,Southampton,Burnley,0,1,1,MAURICIO PELLEGRINO,1/7/2017,12/3/2018,46,0,0,0
3/3/2018,2017/2018,Southampton,Stoke City,1,0,0,MAURICIO PELLEGRINO,1/7/2017,12/3/2018,47,0,0,0
3/10/2018,2017/2018,Southampton,Newcastle Utd,0,0,3,MAURICIO PELLEGRINO,1/7/2017,12/3/2018,48,0,0,0
5/13/2018,2017/2018,Southampton,Manchester City,1,0,1,MAURICIO PELLEGRINO,1/7/2017,12/3/2018,49,0,0,0
10/16/2022,2022/2023,Southampton,West Ham,1,1,1,NATHAN JONES,10/11/2022,12/2/2023,1,1,0,0
10/19/2022,2022/2023,Southampton,Bournemouth,0,1,0,NATHAN JONES,10/11/2022,12/2/2023,2,1,0,0
10/23/2022,2022/2023,Southampton,Arsenal,1,1,1,NATHAN JONES,10/11/2022,12/2/2023,3,1,0,0
10/29/2022,2022/2023,Southampton,Crystal Palace,0,0,1,NATHAN JONES,10/11/2022,12/2/2023,4,0,1,0
11/6/2022,2022/2023,Southampton,Newcastle Utd,1,1,4,NATHAN JONES,10/11/2022,12/2/2023,5,0,1,0
11/12/2022,2022/2023,Southampton,Liverpool,0,1,3,NATHAN JONES,10/11/2022,12/2/2023,6,0,1,0
12/26/2022,2022/2023,Southampton,Brighton,1,1,3,NATHAN JONES,10/11/2022,12/2/2023,7,0,0,1
12/31/2022,2022/2023,Southampton,Fulham,0,1,2,NATHAN JONES,10/11/2022,12/2/2023,8,0,0,1
1/4/2023,2022/2023,Southampton,Nott'ham Forest,1,0,1,NATHAN JONES,10/11/2022,12/2/2023,9,0,0,1
1/14/2023,2022/2023,Southampton,Everton,0,2,1,NATHAN JONES,10/11/2022,12/2/2023,10,0,0,1
1/21/2023,2022/2023,Southampton,Aston Villa,1,0,1,NATHAN JONES,10/11/2022,12/2/2023,11,0,0,0
2/4/2023,2022/2023,Southampton,Brentford,0,0,3,NATHAN JONES,10/11/2022,12/2/2023,12,0,0,0
2/11/2023,2022/2023,Southampton,Wolves,1,1,2,NATHAN JONES,10/11/2022,12/2/2023,13,0,0,0
8/12/2018,2018/2019,Southampton,Burnley,1,0,0,RALPH HASENHUTTL,6/12/2018,7/11/2022,1,1,0,0
8/18/2018,2018/2019,Southampton,Everton,0,1,2,RALPH HASENHUTTL,6/12/2018,7/11/2022,2,1,0,0
8/25/2018,2018/2019,Southampton,Leicester City,1,1,2,RALPH HASENHUTTL,6/12/2018,7/11/2022,3,1,0,0
9/1/2018,2018/2019,Southampton,Crystal Palace,0,2,0,RALPH HASENHUTTL,6/12/2018,7/11/2022,4,0,1,0
9/17/2018,2018/2019,Southampton,Brighton,1,2,2,RALPH HASENHUTTL,6/12/2018,7/11/2022,5,0,1,0
9/22/2018,2018/2019,Southampton,Liverpool,0,0,3,RALPH HASENHUTTL,6/12/2018,7/11/2022,6,0,1,0
9/29/2018,2018/2019,Southampton,Wolves,0,0,2,RALPH HASENHUTTL,6/12/2018,7/11/2022,7,0,0,1
10/7/2018,2018/2019,Southampton,Chelsea,1,0,3,RALPH HASENHUTTL,6/12/2018,7/11/2022,8,0,0,1
10/20/2018,2018/2019,Southampton,Bournemouth,0,0,0,RALPH HASENHUTTL,6/12/2018,7/11/2022,9,0,0,1
10/27/2018,2018/2019,Southampton,Newcastle Utd,1,0,0,RALPH HASENHUTTL,6/12/2018,7/11/2022,10,0,0,1
11/4/2018,2018/2019,Southampton,Manchester City,0,1,6,RALPH HASENHUTTL,6/12/2018,7/11/2022,11,0,0,0
11/10/2018,2018/2019,Southampton,Watford,1,1,1,RALPH HASENHUTTL,6/12/2018,7/11/2022,12,0,0,0
11/24/2018,2018/2019,Southampton,Fulham,0,2,3,RALPH HASENHUTTL,6/12/2018,7/11/2022,13,0,0,0
12/1/2018,2018/2019,Southampton,Manchester Utd,1,2,2,RALPH HASENHUTTL,6/12/2018,7/11/2022,14,0,0,0
12/5/2018,2018/2019,Southampton,Tottenham,0,1,3,RALPH HASENHUTTL,6/12/2018,7/11/2022,15,0,0,0
12/8/2018,2018/2019,Southampton,Cardiff City,0,0,1,RALPH HASENHUTTL,6/12/2018,7/11/2022,16,0,0,0
12/16/2018,2018/2019,Southampton,Arsenal,1,3,2,RALPH HASENHUTTL,6/12/2018,7/11/2022,17,0,0,0
12/22/2018,2018/2019,Southampton,Huddersfield,0,3,1,RALPH HASENHUTTL,6/12/2018,7/11/2022,18,0,0,0
12/27/2018,2018/2019,Southampton,West Ham,1,1,2,RALPH HASENHUTTL,6/12/2018,7/11/2022,19,0,0,0
12/30/2018,2018/2019,Southampton,Manchester City,1,1,3,RALPH HASENHUTTL,6/12/2018,7/11/2022,20,0,0,0
1/2/2019,2018/2019,Southampton,Chelsea,0,0,0,RALPH HASENHUTTL,6/12/2018,7/11/2022,21,0,0,0
1/12/2019,2018/2019,Southampton,Leicester City,0,2,1,RALPH HASENHUTTL,6/12/2018,7/11/2022,22,0,0,0
1/19/2019,2018/2019,Southampton,Everton,1,2,1,RALPH HASENHUTTL,6/12/2018,7/11/2022,23,0,0,0
1/30/2019,2018/2019,Southampton,Crystal Palace,1,1,1,RALPH HASENHUTTL,6/12/2018,7/11/2022,24,0,0,0
2/2/2019,2018/2019,Southampton,Burnley,0,1,1,RALPH HASENHUTTL,6/12/2018,7/11/2022,25,0,0,0
2/9/2019,2018/2019,Southampton,Cardiff City,1,1,2,RALPH HASENHUTTL,6/12/2018,7/11/2022,26,0,0,0
2/24/2019,2018/2019,Southampton,Arsenal,0,0,2,RALPH HASENHUTTL,6/12/2018,7/11/2022,27,0,0,0
2/27/2019,2018/2019,Southampton,Fulham,1,2,0,RALPH HASENHUTTL,6/12/2018,7/11/2022,28,0,0,0
3/2/2019,2018/2019,Southampton,Manchester Utd,0,2,3,RALPH HASENHUTTL,6/12/2018,7/11/2022,29,0,0,0
3/9/2019,2018/2019,Southampton,Tottenham,1,2,1,RALPH HASENHUTTL,6/12/2018,7/11/2022,30,0,0,0
3/30/2019,2018/2019,Southampton,Brighton,0,1,0,RALPH HASENHUTTL,6/12/2018,7/11/2022,31,0,0,0
4/5/2019,2018/2019,Southampton,Liverpool,1,1,3,RALPH HASENHUTTL,6/12/2018,7/11/2022,32,0,0,0
4/13/2019,2018/2019,Southampton,Wolves,1,3,1,RALPH HASENHUTTL,6/12/2018,7/11/2022,33,0,0,0
4/20/2019,2018/2019,Southampton,Newcastle Utd,0,1,3,RALPH HASENHUTTL,6/12/2018,7/11/2022,34,0,0,0
4/23/2019,2018/2019,Southampton,Watford,0,1,1,RALPH HASENHUTTL,6/12/2018,7/11/2022,35,0,0,0
4/27/2019,2018/2019,Southampton,Bournemouth,1,3,3,RALPH HASENHUTTL,6/12/2018,7/11/2022,36,0,0,0
5/4/2019,2018/2019,Southampton,West Ham,0,0,3,RALPH HASENHUTTL,6/12/2018,7/11/2022,37,0,0,0
5/12/2019,2018/2019,Southampton,Huddersfield,1,1,1,RALPH HASENHUTTL,6/12/2018,7/11/2022,38,0,0,0
8/10/2019,2019/2020,Southampton,Burnley,0,0,3,RALPH HASENHUTTL,6/12/2018,7/11/2022,39,0,0,0
8/17/2019,2019/2020,Southampton,Liverpool,1,1,2,RALPH HASENHUTTL,6/12/2018,7/11/2022,40,0,0,0
8/24/2019,2019/2020,Southampton,Brighton,0,2,0,RALPH HASENHUTTL,6/12/2018,7/11/2022,41,0,0,0
8/31/2019,2019/2020,Southampton,Manchester Utd,1,1,1,RALPH HASENHUTTL,6/12/2018,7/11/2022,42,0,0,0
9/14/2019,2019/2020,Southampton,Sheffield Utd,0,1,0,RALPH HASENHUTTL,6/12/2018,7/11/2022,43,0,0,0
9/20/2019,2019/2020,Southampton,Bournemouth,1,1,3,RALPH HASENHUTTL,6/12/2018,7/11/2022,44,0,0,0
9/28/2019,2019/2020,Southampton,Tottenham,0,1,2,RALPH HASENHUTTL,6/12/2018,7/11/2022,45,0,0,0
10/6/2019,2019/2020,Southampton,Chelsea,1,1,4,RALPH HASENHUTTL,6/12/2018,7/11/2022,46,0,0,0
10/19/2019,2019/2020,Southampton,Wolves,0,1,1,RALPH HASENHUTTL,6/12/2018,7/11/2022,47,0,0,0
10/25/2019,2019/2020,Southampton,Leicester City,1,0,9,RALPH HASENHUTTL,6/12/2018,7/11/2022,48,0,0,0
11/2/2019,2019/2020,Southampton,Manchester City,0,1,2,RALPH HASENHUTTL,6/12/2018,7/11/2022,49,0,0,0
11/9/2019,2019/2020,Southampton,Everton,1,1,2,RALPH HASENHUTTL,6/12/2018,7/11/2022,50,0,0,0
11/23/2019,2019/2020,Southampton,Arsenal,0,2,2,RALPH HASENHUTTL,6/12/2018,7/11/2022,51,0,0,0
11/30/2019,2019/2020,Southampton,Watford,1,2,1,RALPH HASENHUTTL,6/12/2018,7/11/2022,52,0,0,0
12/4/2019,2019/2020,Southampton,Norwich City,1,2,1,RALPH HASENHUTTL,6/12/2018,7/11/2022,53,0,0,0
12/8/2019,2019/2020,Southampton,Newcastle Utd,0,1,2,RALPH HASENHUTTL,6/12/2018,7/11/2022,54,0,0,0
12/14/2019,2019/2020,Southampton,West Ham,1,0,1,RALPH HASENHUTTL,6/12/2018,7/11/2022,55,0,0,0
12/21/2019,2019/2020,Southampton,Aston Villa,0,3,1,RALPH HASENHUTTL,6/12/2018,7/11/2022,56,0,0,0
12/26/2019,2019/2020,Southampton,Chelsea,0,2,0,RALPH HASENHUTTL,6/12/2018,7/11/2022,57,0,0,0
12/28/2019,2019/2020,Southampton,Crystal Palace,1,1,1,RALPH HASENHUTTL,6/12/2018,7/11/2022,58,0,0,0
1/1/2020,2019/2020,Southampton,Tottenham,1,1,0,RALPH HASENHUTTL,6/12/2018,7/11/2022,59,0,0,0
1/11/2020,2019/2020,Southampton,Leicester City,0,2,1,RALPH HASENHUTTL,6/12/2018,7/11/2022,60,0,0,0
1/18/2020,2019/2020,Southampton,Wolves,1,2,3,RALPH HASENHUTTL,6/12/2018,7/11/2022,61,0,0,0
1/21/2020,2019/2020,Southampton,Crystal Palace,0,2,0,RALPH HASENHUTTL,6/12/2018,7/11/2022,62,0,0,0
2/1/2020,2019/2020,Southampton,Liverpool,0,0,4,RALPH HASENHUTTL,6/12/2018,7/11/2022,63,0,0,0
2/15/2020,2019/2020,Southampton,Burnley,1,1,2,RALPH HASENHUTTL,6/12/2018,7/11/2022,64,0,0,0
2/22/2020,2019/2020,Southampton,Aston Villa,1,2,0,RALPH HASENHUTTL,6/12/2018,7/11/2022,65,0,0,0
2/29/2020,2019/2020,Southampton,West Ham,0,1,3,RALPH HASENHUTTL,6/12/2018,7/11/2022,66,0,0,0
3/7/2020,2019/2020,Southampton,Newcastle Utd,1,0,1,RALPH HASENHUTTL,6/12/2018,7/11/2022,67,0,0,0
6/19/2020,2019/2020,Southampton,Norwich City,0,3,0,RALPH HASENHUTTL,6/12/2018,7/11/2022,68,0,0,0
6/25/2020,2019/2020,Southampton,Arsenal,1,0,2,RALPH HASENHUTTL,6/12/2018,7/11/2022,69,0,0,0
6/28/2020,2019/2020,Southampton,Watford,0,3,1,RALPH HASENHUTTL,6/12/2018,7/11/2022,70,0,0,0
7/5/2020,2019/2020,Southampton,Manchester City,1,1,0,RALPH HASENHUTTL,6/12/2018,7/11/2022,71,0,0,0
7/9/2020,2019/2020,Southampton,Everton,0,1,1,RALPH HASENHUTTL,6/12/2018,7/11/2022,72,0,0,0
7/13/2020,2019/2020,Southampton,Manchester Utd,0,2,2,RALPH HASENHUTTL,6/12/2018,7/11/2022,73,0,0,0
7/16/2020,2019/2020,Southampton,Brighton,1,1,1,RALPH HASENHUTTL,6/12/2018,7/11/2022,74,0,0,0
7/19/2020,2019/2020,Southampton,Bournemouth,0,2,0,RALPH HASENHUTTL,6/12/2018,7/11/2022,75,0,0,0
7/26/2020,2019/2020,Southampton,Sheffield Utd,1,3,1,RALPH HASENHUTTL,6/12/2018,7/11/2022,76,0,0,0
9/12/2020,2020/2021,Southampton,Crystal Palace,0,0,1,RALPH HASENHUTTL,6/12/2018,7/11/2022,77,0,0,0
9/20/2020,2020/2021,Southampton,Tottenham,1,2,5,RALPH HASENHUTTL,6/12/2018,7/11/2022,78,0,0,0
9/26/2020,2020/2021,Southampton,Burnley,0,1,0,RALPH HASENHUTTL,6/12/2018,7/11/2022,79,0,0,0
10/4/2020,2020/2021,Southampton,West Brom,1,2,0,RALPH HASENHUTTL,6/12/2018,7/11/2022,80,0,0,0
10/17/2020,2020/2021,Southampton,Chelsea,0,3,3,RALPH HASENHUTTL,6/12/2018,7/11/2022,81,0,0,0
10/25/2020,2020/2021,Southampton,Everton,1,2,0,RALPH HASENHUTTL,6/12/2018,7/11/2022,82,0,0,0
11/1/2020,2020/2021,Southampton,Aston Villa,0,4,3,RALPH HASENHUTTL,6/12/2018,7/11/2022,83,0,0,0
11/6/2020,2020/2021,Southampton,Newcastle Utd,1,2,0,RALPH HASENHUTTL,6/12/2018,7/11/2022,84,0,0,0
11/23/2020,2020/2021,Southampton,Wolves,0,1,1,RALPH HASENHUTTL,6/12/2018,7/11/2022,85,0,0,0
11/29/2020,2020/2021,Southampton,Manchester Utd,1,2,3,RALPH HASENHUTTL,6/12/2018,7/11/2022,86,0,0,0
12/7/2020,2020/2021,Southampton,Brighton,0,2,1,RALPH HASENHUTTL,6/12/2018,7/11/2022,87,0,0,0
12/13/2020,2020/2021,Southampton,Sheffield Utd,1,3,0,RALPH HASENHUTTL,6/12/2018,7/11/2022,88,0,0,0
12/16/2020,2020/2021,Southampton,Arsenal,0,1,1,RALPH HASENHUTTL,6/12/2018,7/11/2022,89,0,0,0
12/19/2020,2020/2021,Southampton,Manchester City,1,0,1,RALPH HASENHUTTL,6/12/2018,7/11/2022,90,0,0,0
12/26/2020,2020/2021,Southampton,Fulham,0,0,0,RALPH HASENHUTTL,6/12/2018,7/11/2022,91,0,0,0
12/29/2020,2020/2021,Southampton,West Ham,1,0,0,RALPH HASENHUTTL,6/12/2018,7/11/2022,92,0,0,0
1/4/2021,2020/2021,Southampton,Liverpool,1,1,0,RALPH HASENHUTTL,6/12/2018,7/11/2022,93,0,0,0
1/16/2021,2020/2021,Southampton,Leicester City,0,0,2,RALPH HASENHUTTL,6/12/2018,7/11/2022,94,0,0,0
1/26/2021,2020/2021,Southampton,Arsenal,1,1,3,RALPH HASENHUTTL,6/12/2018,7/11/2022,95,0,0,0
1/30/2021,2020/2021,Southampton,Aston Villa,1,0,1,RALPH HASENHUTTL,6/12/2018,7/11/2022,96,0,0,0
2/2/2021,2020/2021,Southampton,Manchester Utd,0,0,9,RALPH HASENHUTTL,6/12/2018,7/11/2022,97,0,0,0
2/6/2021,2020/2021,Southampton,Newcastle Utd,0,2,3,RALPH HASENHUTTL,6/12/2018,7/11/2022,98,0,0,0
2/14/2021,2020/2021,Southampton,Wolves,1,1,2,RALPH HASENHUTTL,6/12/2018,7/11/2022,99,0,0,0
2/20/2021,2020/2021,Southampton,Chelsea,1,1,1,RALPH HASENHUTTL,6/12/2018,7/11/2022,100,0,0,0
2/23/2021,2020/2021,Southampton,Leeds United,0,0,3,RALPH HASENHUTTL,6/12/2018,7/11/2022,101,0,0,0
3/1/2021,2020/2021,Southampton,Everton,0,0,1,RALPH HASENHUTTL,6/12/2018,7/11/2022,102,0,0,0
3/6/2021,2020/2021,Southampton,Sheffield Utd,0,2,0,RALPH HASENHUTTL,6/12/2018,7/11/2022,103,0,0,0
3/10/2021,2020/2021,Southampton,Manchester City,0,2,5,RALPH HASENHUTTL,6/12/2018,7/11/2022,104,0,0,0
3/14/2021,2020/2021,Southampton,Brighton,1,1,2,RALPH HASENHUTTL,6/12/2018,7/11/2022,105,0,0,0
4/4/2021,2020/2021,Southampton,Burnley,1,3,2,RALPH HASENHUTTL,6/12/2018,7/11/2022,106,0,0,0
4/12/2021,2020/2021,Southampton,West Brom,0,0,3,RALPH HASENHUTTL,6/12/2018,7/11/2022,107,0,0,0
4/21/2021,2020/2021,Southampton,Tottenham,0,1,2,RALPH HASENHUTTL,6/12/2018,7/11/2022,108,0,0,0
4/30/2021,2020/2021,Southampton,Leicester City,1,1,1,RALPH HASENHUTTL,6/12/2018,7/11/2022,109,0,0,0
5/8/2021,2020/2021,Southampton,Liverpool,0,0,2,RALPH HASENHUTTL,6/12/2018,7/11/2022,110,0,0,0
5/11/2021,2020/2021,Southampton,Crystal Palace,1,3,1,RALPH HASENHUTTL,6/12/2018,7/11/2022,111,0,0,0
5/15/2021,2020/2021,Southampton,Fulham,1,3,1,RALPH HASENHUTTL,6/12/2018,7/11/2022,112,0,0,0
5/18/2021,2020/2021,Southampton,Leeds United,1,0,2,RALPH HASENHUTTL,6/12/2018,7/11/2022,113,0,0,0
5/23/2021,2020/2021,Southampton,West Ham,0,0,3,RALPH HASENHUTTL,6/12/2018,7/11/2022,114,0,0,0
8/14/2021,2021/2022,Southampton,Everton,0,1,3,RALPH HASENHUTTL,6/12/2018,7/11/2022,115,0,0,0
8/22/2021,2021/2022,Southampton,Manchester Utd,1,1,1,RALPH HASENHUTTL,6/12/2018,7/11/2022,116,0,0,0
8/28/2021,2021/2022,Southampton,Newcastle Utd,0,2,2,RALPH HASENHUTTL,6/12/2018,7/11/2022,117,0,0,0
9/11/2021,2021/2022,Southampton,West Ham,1,0,0,RALPH HASENHUTTL,6/12/2018,7/11/2022,118,0,0,0
9/18/2021,2021/2022,Southampton,Manchester City,0,0,0,RALPH HASENHUTTL,6/12/2018,7/11/2022,119,0,0,0
9/26/2021,2021/2022,Southampton,Wolves,1,0,1,RALPH HASENHUTTL,6/12/2018,7/11/2022,120,0,0,0
10/2/2021,2021/2022,Southampton,Chelsea,0,1,3,RALPH HASENHUTTL,6/12/2018,7/11/2022,121,0,0,0
10/16/2021,2021/2022,Southampton,Leeds United,1,1,0,RALPH HASENHUTTL,6/12/2018,7/11/2022,122,0,0,0
10/23/2021,2021/2022,Southampton,Burnley,1,2,2,RALPH HASENHUTTL,6/12/2018,7/11/2022,123,0,0,0
10/30/2021,2021/2022,Southampton,Watford,0,1,0,RALPH HASENHUTTL,6/12/2018,7/11/2022,124,0,0,0
11/5/2021,2021/2022,Southampton,Aston Villa,1,1,0,RALPH HASENHUTTL,6/12/2018,7/11/2022,125,0,0,0
11/20/2021,2021/2022,Southampton,Norwich City,0,1,2,RALPH HASENHUTTL,6/12/2018,7/11/2022,126,0,0,0
11/27/2021,2021/2022,Southampton,Liverpool,0,0,4,RALPH HASENHUTTL,6/12/2018,7/11/2022,127,0,0,0
12/1/2021,2021/2022,Southampton,Leicester City,1,2,2,RALPH HASENHUTTL,6/12/2018,7/11/2022,128,0,0,0
12/4/2021,2021/2022,Southampton,Brighton,1,1,1,RALPH HASENHUTTL,6/12/2018,7/11/2022,129,0,0,0
12/11/2021,2021/2022,Southampton,Arsenal,0,0,3,RALPH HASENHUTTL,6/12/2018,7/11/2022,130,0,0,0
12/15/2021,2021/2022,Southampton,Crystal Palace,0,2,2,RALPH HASENHUTTL,6/12/2018,7/11/2022,131,0,0,0
12/26/2021,2021/2022,Southampton,West Ham,0,3,2,RALPH HASENHUTTL,6/12/2018,7/11/2022,132,0,0,0
12/28/2021,2021/2022,Southampton,Tottenham,1,1,1,RALPH HASENHUTTL,6/12/2018,7/11/2022,133,0,0,0
1/11/2022,2021/2022,Southampton,Brentford,1,4,1,RALPH HASENHUTTL,6/12/2018,7/11/2022,134,0,0,0
1/15/2022,2021/2022,Southampton,Wolves,0,1,3,RALPH HASENHUTTL,6/12/2018,7/11/2022,135,0,0,0
1/22/2022,2021/2022,Southampton,Manchester City,1,1,1,RALPH HASENHUTTL,6/12/2018,7/11/2022,136,0,0,0
2/9/2022,2021/2022,Southampton,Tottenham,0,3,2,RALPH HASENHUTTL,6/12/2018,7/11/2022,137,0,0,0
2/12/2022,2021/2022,Southampton,Manchester Utd,0,1,1,RALPH HASENHUTTL,6/12/2018,7/11/2022,138,0,0,0
2/19/2022,2021/2022,Southampton,Everton,1,2,0,RALPH HASENHUTTL,6/12/2018,7/11/2022,139,0,0,0
2/25/2022,2021/2022,Southampton,Norwich City,1,2,0,RALPH HASENHUTTL,6/12/2018,7/11/2022,140,0,0,0
3/5/2022,2021/2022,Southampton,Aston Villa,0,0,4,RALPH HASENHUTTL,6/12/2018,7/11/2022,141,0,0,0
3/10/2022,2021/2022,Southampton,Newcastle Utd,1,1,2,RALPH HASENHUTTL,6/12/2018,7/11/2022,142,0,0,0
3/13/2022,2021/2022,Southampton,Watford,1,1,2,RALPH HASENHUTTL,6/12/2018,7/11/2022,143,0,0,0
4/2/2022,2021/2022,Southampton,Leeds United,0,1,1,RALPH HASENHUTTL,6/12/2018,7/11/2022,144,0,0,0
4/9/2022,2021/2022,Southampton,Chelsea,1,0,6,RALPH HASENHUTTL,6/12/2018,7/11/2022,145,0,0,0
4/16/2022,2021/2022,Southampton,Arsenal,1,1,0,RALPH HASENHUTTL,6/12/2018,7/11/2022,146,0,0,0
4/21/2022,2021/2022,Southampton,Burnley,0,0,2,RALPH HASENHUTTL,6/12/2018,7/11/2022,147,0,0,0
4/24/2022,2021/2022,Southampton,Brighton,0,2,2,RALPH HASENHUTTL,6/12/2018,7/11/2022,148,0,0,0
4/30/2022,2021/2022,Southampton,Crystal Palace,1,1,2,RALPH HASENHUTTL,6/12/2018,7/11/2022,149,0,0,0
5/7/2022,2021/2022,Southampton,Brentford,0,0,3,RALPH HASENHUTTL,6/12/2018,7/11/2022,150,0,0,0
5/17/2022,2021/2022,Southampton,Liverpool,1,1,2,RALPH HASENHUTTL,6/12/2018,7/11/2022,151,0,0,0
5/22/2022,2021/2022,Southampton,Leicester City,0,1,4,RALPH HASENHUTTL,6/12/2018,7/11/2022,152,0,0,0
8/17/2014,2014/2015,Southampton,Liverpool,0,1,2,RONALD KOEMAN,1/7/2014,1/1/2100,101,0,0,0
8/23/2014,2014/2015,Southampton,West Brom,1,0,0,RONALD KOEMAN,1/7/2014,1/1/2100,102,0,0,0
8/30/2014,2014/2015,Southampton,West Ham,0,3,1,RONALD KOEMAN,1/7/2014,1/1/2100,103,0,0,0
9/13/2014,2014/2015,Southampton,Newcastle Utd,1,4,0,RONALD KOEMAN,1/7/2014,1/1/2100,104,0,0,0
9/20/2014,2014/2015,Southampton,Swansea City,0,1,0,RONALD KOEMAN,1/7/2014,1/1/2100,105,0,0,0
9/27/2014,2014/2015,Southampton,QPR,1,2,1,RONALD KOEMAN,1/7/2014,1/1/2100,106,0,0,0
10/5/2014,2014/2015,Southampton,Tottenham,0,0,1,RONALD KOEMAN,1/7/2014,1/1/2100,107,0,0,0
10/18/2014,2014/2015,Southampton,Sunderland,1,8,0,RONALD KOEMAN,1/7/2014,1/1/2100,108,0,0,0
10/25/2014,2014/2015,Southampton,Stoke City,1,1,0,RONALD KOEMAN,1/7/2014,1/1/2100,109,0,0,0
11/1/2014,2014/2015,Southampton,Hull City,0,1,0,RONALD KOEMAN,1/7/2014,1/1/2100,110,0,0,0
11/8/2014,2014/2015,Southampton,Leicester City,1,2,0,RONALD KOEMAN,1/7/2014,1/1/2100,111,0,0,0
11/24/2014,2014/2015,Southampton,Aston Villa,0,1,1,RONALD KOEMAN,1/7/2014,1/1/2100,112,0,0,0
11/30/2014,2014/2015,Southampton,Manchester City,1,0,3,RONALD KOEMAN,1/7/2014,1/1/2100,113,0,0,0
12/3/2014,2014/2015,Southampton,Arsenal,0,0,1,RONALD KOEMAN,1/7/2014,1/1/2100,114,0,0,0
12/8/2014,2014/2015,Southampton,Manchester Utd,1,1,2,RONALD KOEMAN,1/7/2014,1/1/2100,115,0,0,0
12/13/2014,2014/2015,Southampton,Burnley,0,0,1,RONALD KOEMAN,1/7/2014,1/1/2100,116,0,0,0
12/20/2014,2014/2015,Southampton,Everton,1,3,0,RONALD KOEMAN,1/7/2014,1/1/2100,117,0,0,0
12/26/2014,2014/2015,Southampton,Crystal Palace,0,3,1,RONALD KOEMAN,1/7/2014,1/1/2100,118,0,0,0
12/28/2014,2014/2015,Southampton,Chelsea,1,1,1,RONALD KOEMAN,1/7/2014,1/1/2100,119,0,0,0
1/1/2015,2014/2015,Southampton,Arsenal,1,2,0,RONALD KOEMAN,1/7/2014,1/1/2100,120,0,0,0
1/11/2015,2014/2015,Southampton,Manchester Utd,0,1,0,RONALD KOEMAN,1/7/2014,1/1/2100,121,0,0,0
1/17/2015,2014/2015,Southampton,Newcastle Utd,0,2,1,RONALD KOEMAN,1/7/2014,1/1/2100,122,0,0,0
2/1/2015,2014/2015,Southampton,Swansea City,1,0,1,RONALD KOEMAN,1/7/2014,1/1/2100,123,0,0,0
2/7/2015,2014/2015,Southampton,QPR,0,1,0,RONALD KOEMAN,1/7/2014,1/1/2100,124,0,0,0
2/11/2015,2014/2015,Southampton,West Ham,1,0,0,RONALD KOEMAN,1/7/2014,1/1/2100,125,0,0,0
2/22/2015,2014/2015,Southampton,Liverpool,1,0,2,RONALD KOEMAN,1/7/2014,1/1/2100,126,0,0,0
2/28/2015,2014/2015,Southampton,West Brom,0,0,1,RONALD KOEMAN,1/7/2014,1/1/2100,127,0,0,0
3/3/2015,2014/2015,Southampton,Crystal Palace,1,1,0,RONALD KOEMAN,1/7/2014,1/1/2100,128,0,0,0
3/15/2015,2014/2015,Southampton,Chelsea,0,1,1,RONALD KOEMAN,1/7/2014,1/1/2100,129,0,0,0
3/21/2015,2014/2015,Southampton,Burnley,1,2,0,RONALD KOEMAN,1/7/2014,1/1/2100,130,0,0,0
4/4/2015,2014/2015,Southampton,Everton,0,0,1,RONALD KOEMAN,1/7/2014,1/1/2100,131,0,0,0
4/11/2015,2014/2015,Southampton,Hull City,1,2,0,RONALD KOEMAN,1/7/2014,1/1/2100,132,0,0,0
4/18/2015,2014/2015,Southampton,Stoke City,0,1,2,RONALD KOEMAN,1/7/2014,1/1/2100,133,0,0,0
4/25/2015,2014/2015,Southampton,Tottenham,1,2,2,RONALD KOEMAN,1/7/2014,1/1/2100,134,0,0,0
5/2/2015,2014/2015,Southampton,Sunderland,0,1,2,RONALD KOEMAN,1/7/2014,1/1/2100,135,0,0,0
5/9/2015,2014/2015,Southampton,Leicester City,0,0,2,RONALD KOEMAN,1/7/2014,1/1/2100,136,0,0,0
5/16/2015,2014/2015,Southampton,Aston Villa,1,6,1,RONALD KOEMAN,1/7/2014,1/1/2100,137,0,0,0
5/24/2015,2014/2015,Southampton,Manchester City,0,0,2,RONALD KOEMAN,1/7/2014,1/1/2100,138,0,0,0
8/9/2015,2015/2016,Southampton,Newcastle Utd,0,2,2,RONALD KOEMAN,1/7/2014,1/1/2100,139,0,0,0
8/15/2015,2015/2016,Southampton,Everton,1,0,3,RONALD KOEMAN,1/7/2014,1/1/2100,140,0,0,0
8/23/2015,2015/2016,Southampton,Watford,0,0,0,RONALD KOEMAN,1/7/2014,1/1/2100,141,0,0,0
8/30/2015,2015/2016,Southampton,Norwich City,1,3,0,RONALD KOEMAN,1/7/2014,1/1/2100,142,0,0,0
9/12/2015,2015/2016,Southampton,West Brom,0,0,0,RONALD KOEMAN,1/7/2014,1/1/2100,143,0,0,0
9/20/2015,2015/2016,Southampton,Manchester Utd,1,2,3,RONALD KOEMAN,1/7/2014,1/1/2100,144,0,0,0
9/26/2015,2015/2016,Southampton,Swansea City,1,3,1,RONALD KOEMAN,1/7/2014,1/1/2100,145,0,0,0
10/3/2015,2015/2016,Southampton,Chelsea,0,3,1,RONALD KOEMAN,1/7/2014,1/1/2100,146,0,0,0
10/17/2015,2015/2016,Southampton,Leicester City,1,2,2,RONALD KOEMAN,1/7/2014,1/1/2100,147,0,0,0
10/25/2015,2015/2016,Southampton,Liverpool,0,1,1,RONALD KOEMAN,1/7/2014,1/1/2100,148,0,0,0
11/1/2015,2015/2016,Southampton,Bournemouth,1,2,0,RONALD KOEMAN,1/7/2014,1/1/2100,149,0,0,0
11/7/2015,2015/2016,Southampton,Sunderland,0,1,0,RONALD KOEMAN,1/7/2014,1/1/2100,150,0,0,0
11/21/2015,2015/2016,Southampton,Stoke City,1,0,1,RONALD KOEMAN,1/7/2014,1/1/2100,151,0,0,0
11/28/2015,2015/2016,Southampton,Manchester City,0,1,3,RONALD KOEMAN,1/7/2014,1/1/2100,152,0,0,0
12/5/2015,2015/2016,Southampton,Aston Villa,1,1,1,RONALD KOEMAN,1/7/2014,1/1/2100,153,0,0,0
12/12/2015,2015/2016,Southampton,Crystal Palace,0,0,1,RONALD KOEMAN,1/7/2014,1/1/2100,154,0,0,0
12/19/2015,2015/2016,Southampton,Tottenham,1,0,2,RONALD KOEMAN,1/7/2014,1/1/2100,155,0,0,0
12/26/2015,2015/2016,Southampton,Arsenal,1,4,0,RONALD KOEMAN,1/7/2014,1/1/2100,156,0,0,0
12/28/2015,2015/2016,Southampton,West Ham,0,1,2,RONALD KOEMAN,1/7/2014,1/1/2100,157,0,0,0
1/2/2016,2015/2016,Southampton,Norwich City,0,0,1,RONALD KOEMAN,1/7/2014,1/1/2100,158,0,0,0
2/18/2023,2022/2023,Southampton,Chelsea,0,1,0,RUBEN SELLES,2/13/2023,1/1/2100,1,1,0,0
2/25/2023,2022/2023,Southampton,Leeds United,0,0,1,RUBEN SELLES,2/13/2023,1/1/2100,2,1,0,0
3/4/2023,2022/2023,Southampton,Leicester City,1,1,0,RUBEN SELLES,2/13/2023,1/1/2100,3,1,0,0
3/12/2023,2022/2023,Southampton,Manchester Utd,0,0,0,RUBEN SELLES,2/13/2023,1/1/2100,4,0,1,0
3/15/2023,2022/2023,Southampton,Brentford,1,0,2,RUBEN SELLES,2/13/2023,1/1/2100,5,0,1,0
3/18/2023,2022/2023,Southampton,Tottenham,1,3,3,RUBEN SELLES,2/13/2023,1/1/2100,6,0,1,0
4/2/2023,2022/2023,Southampton,West Ham,0,0,1,RUBEN SELLES,2/13/2023,1/1/2100,7,0,0,1
4/8/2023,2022/2023,Southampton,Manchester City,1,1,4,RUBEN SELLES,2/13/2023,1/1/2100,8,0,0,1
4/15/2023,2022/2023,Southampton,Crystal Palace,1,0,2,RUBEN SELLES,2/13/2023,1/1/2100,9,0,0,1
4/21/2023,2022/2023,Southampton,Arsenal,0,3,3,RUBEN SELLES,2/13/2023,1/1/2100,10,0,0,1
4/27/2023,2022/2023,Southampton,Bournemouth,1,0,1,RUBEN SELLES,2/13/2023,1/1/2100,11,0,0,0
4/30/2023,2022/2023,Southampton,Newcastle Utd,0,1,3,RUBEN SELLES,2/13/2023,1/1/2100,12,0,0,0
5/8/2023,2022/2023,Southampton,Nott'ham Forest,0,3,4,RUBEN SELLES,2/13/2023,1/1/2100,13,0,0,0
5/13/2023,2022/2023,Southampton,Fulham,1,0,2,RUBEN SELLES,2/13/2023,1/1/2100,14,0,0,0
5/21/2023,2022/2023,Southampton,Brighton,0,1,3,RUBEN SELLES,2/13/2023,1/1/2100,15,0,0,0
5/28/2023,2022/2023,Southampton,Liverpool,1,4,4,RUBEN SELLES,2/13/2023,1/1/2100,16,0,0,0
8/16/2014,2014/2015,Stoke City,Aston Villa,1,0,1,MARK HUGHES,5/30/2013,6/1/2018,101,0,0,0
8/24/2014,2014/2015,Stoke City,Hull City,0,1,1,MARK HUGHES,5/30/2013,6/1/2018,102,0,0,0
8/30/2014,2014/2015,Stoke City,Manchester City,0,1,0,MARK HUGHES,5/30/2013,6/1/2018,103,0,0,0
9/13/2014,2014/2015,Stoke City,Leicester City,1,0,1,MARK HUGHES,5/30/2013,6/1/2018,104,0,0,0
9/20/2014,2014/2015,Stoke City,QPR,0,2,2,MARK HUGHES,5/30/2013,6/1/2018,105,0,0,0
9/29/2014,2014/2015,Stoke City,Newcastle Utd,1,1,0,MARK HUGHES,5/30/2013,6/1/2018,106,0,0,0
10/4/2014,2014/2015,Stoke City,Sunderland,0,1,3,MARK HUGHES,5/30/2013,6/1/2018,107,0,0,0
10/19/2014,2014/2015,Stoke City,Swansea City,1,2,1,MARK HUGHES,5/30/2013,6/1/2018,108,0,0,0
10/25/2014,2014/2015,Stoke City,Southampton,0,0,1,MARK HUGHES,5/30/2013,6/1/2018,109,0,0,0
11/1/2014,2014/2015,Stoke City,West Ham,1,2,2,MARK HUGHES,5/30/2013,6/1/2018,110,0,0,0
11/9/2014,2014/2015,Stoke City,Tottenham,0,2,1,MARK HUGHES,5/30/2013,6/1/2018,111,0,0,0
11/22/2014,2014/2015,Stoke City,Burnley,1,1,2,MARK HUGHES,5/30/2013,6/1/2018,112,0,0,0
11/29/2014,2014/2015,Stoke City,Liverpool,0,0,1,MARK HUGHES,5/30/2013,6/1/2018,113,0,0,0
12/2/2014,2014/2015,Stoke City,Manchester Utd,0,1,2,MARK HUGHES,5/30/2013,6/1/2018,114,0,0,0
12/6/2014,2014/2015,Stoke City,Arsenal,1,3,2,MARK HUGHES,5/30/2013,6/1/2018,115,0,0,0
12/13/2014,2014/2015,Stoke City,Crystal Palace,0,1,1,MARK HUGHES,5/30/2013,6/1/2018,116,0,0,0
12/22/2014,2014/2015,Stoke City,Chelsea,1,0,2,MARK HUGHES,5/30/2013,6/1/2018,117,0,0,0
12/26/2014,2014/2015,Stoke City,Everton,0,1,0,MARK HUGHES,5/30/2013,6/1/2018,118,0,0,0
12/28/2014,2014/2015,Stoke City,West Brom,1,2,0,MARK HUGHES,5/30/2013,6/1/2018,119,0,0,0
1/1/2015,2014/2015,Stoke City,Manchester Utd,1,1,1,MARK HUGHES,5/30/2013,6/1/2018,120,0,0,0
1/11/2015,2014/2015,Stoke City,Arsenal,0,0,3,MARK HUGHES,5/30/2013,6/1/2018,121,0,0,0
1/17/2015,2014/2015,Stoke City,Leicester City,0,1,0,MARK HUGHES,5/30/2013,6/1/2018,122,0,0,0
1/31/2015,2014/2015,Stoke City,QPR,1,3,1,MARK HUGHES,5/30/2013,6/1/2018,123,0,0,0
2/8/2015,2014/2015,Stoke City,Newcastle Utd,0,1,1,MARK HUGHES,5/30/2013,6/1/2018,124,0,0,0
2/11/2015,2014/2015,Stoke City,Manchester City,1,1,4,MARK HUGHES,5/30/2013,6/1/2018,125,0,0,0
2/21/2015,2014/2015,Stoke City,Aston Villa,0,2,1,MARK HUGHES,5/30/2013,6/1/2018,126,0,0,0
2/28/2015,2014/2015,Stoke City,Hull City,1,1,0,MARK HUGHES,5/30/2013,6/1/2018,127,0,0,0
3/4/2015,2014/2015,Stoke City,Everton,1,2,0,MARK HUGHES,5/30/2013,6/1/2018,128,0,0,0
3/14/2015,2014/2015,Stoke City,West Brom,0,0,1,MARK HUGHES,5/30/2013,6/1/2018,129,0,0,0
3/21/2015,2014/2015,Stoke City,Crystal Palace,1,1,2,MARK HUGHES,5/30/2013,6/1/2018,130,0,0,0
4/4/2015,2014/2015,Stoke City,Chelsea,0,1,2,MARK HUGHES,5/30/2013,6/1/2018,131,0,0,0
4/11/2015,2014/2015,Stoke City,West Ham,0,1,1,MARK HUGHES,5/30/2013,6/1/2018,132,0,0,0
4/18/2015,2014/2015,Stoke City,Southampton,1,2,1,MARK HUGHES,5/30/2013,6/1/2018,133,0,0,0
4/25/2015,2014/2015,Stoke City,Sunderland,1,1,1,MARK HUGHES,5/30/2013,6/1/2018,134,0,0,0
5/2/2015,2014/2015,Stoke City,Swansea City,0,0,2,MARK HUGHES,5/30/2013,6/1/2018,135,0,0,0
5/9/2015,2014/2015,Stoke City,Tottenham,1,3,0,MARK HUGHES,5/30/2013,6/1/2018,136,0,0,0
5/16/2015,2014/2015,Stoke City,Burnley,0,0,0,MARK HUGHES,5/30/2013,6/1/2018,137,0,0,0
5/24/2015,2014/2015,Stoke City,Liverpool,1,6,1,MARK HUGHES,5/30/2013,6/1/2018,138,0,0,0
8/9/2015,2015/2016,Stoke City,Liverpool,1,0,1,MARK HUGHES,5/30/2013,6/1/2018,139,0,0,0
8/15/2015,2015/2016,Stoke City,Tottenham,0,2,2,MARK HUGHES,5/30/2013,6/1/2018,140,0,0,0
8/22/2015,2015/2016,Stoke City,Norwich City,0,1,1,MARK HUGHES,5/30/2013,6/1/2018,141,0,0,0
8/29/2015,2015/2016,Stoke City,West Brom,1,0,1,MARK HUGHES,5/30/2013,6/1/2018,142,0,0,0
9/12/2015,2015/2016,Stoke City,Arsenal,0,0,2,MARK HUGHES,5/30/2013,6/1/2018,143,0,0,0
9/19/2015,2015/2016,Stoke City,Leicester City,1,2,2,MARK HUGHES,5/30/2013,6/1/2018,144,0,0,0
9/26/2015,2015/2016,Stoke City,Bournemouth,1,2,1,MARK HUGHES,5/30/2013,6/1/2018,145,0,0,0
10/3/2015,2015/2016,Stoke City,Aston Villa,0,1,0,MARK HUGHES,5/30/2013,6/1/2018,146,0,0,0
10/19/2015,2015/2016,Stoke City,Swansea City,0,1,0,MARK HUGHES,5/30/2013,6/1/2018,147,0,0,0
10/24/2015,2015/2016,Stoke City,Watford,1,0,2,MARK HUGHES,5/30/2013,6/1/2018,148,0,0,0
10/31/2015,2015/2016,Stoke City,Newcastle Utd,0,0,0,MARK HUGHES,5/30/2013,6/1/2018,149,0,0,0
11/7/2015,2015/2016,Stoke City,Chelsea,1,1,0,MARK HUGHES,5/30/2013,6/1/2018,150,0,0,0
11/21/2015,2015/2016,Stoke City,Southampton,0,1,0,MARK HUGHES,5/30/2013,6/1/2018,151,0,0,0
11/28/2015,2015/2016,Stoke City,Sunderland,0,0,2,MARK HUGHES,5/30/2013,6/1/2018,152,0,0,0
12/5/2015,2015/2016,Stoke City,Manchester City,1,2,0,MARK HUGHES,5/30/2013,6/1/2018,153,0,0,0
12/12/2015,2015/2016,Stoke City,West Ham,0,0,0,MARK HUGHES,5/30/2013,6/1/2018,154,0,0,0
12/19/2015,2015/2016,Stoke City,Crystal Palace,1,1,2,MARK HUGHES,5/30/2013,6/1/2018,155,0,0,0
12/26/2015,2015/2016,Stoke City,Manchester Utd,1,2,0,MARK HUGHES,5/30/2013,6/1/2018,156,0,0,0
12/28/2015,2015/2016,Stoke City,Everton,0,4,3,MARK HUGHES,5/30/2013,6/1/2018,157,0,0,0
1/2/2016,2015/2016,Stoke City,West Brom,0,1,2,MARK HUGHES,5/30/2013,6/1/2018,158,0,0,0
1/13/2016,2015/2016,Stoke City,Norwich City,1,3,1,MARK HUGHES,5/30/2013,6/1/2018,159,0,0,0
1/17/2016,2015/2016,Stoke City,Arsenal,1,0,0,MARK HUGHES,5/30/2013,6/1/2018,160,0,0,0
1/23/2016,2015/2016,Stoke City,Leicester City,0,0,3,MARK HUGHES,5/30/2013,6/1/2018,161,0,0,0
2/2/2016,2015/2016,Stoke City,Manchester Utd,0,0,3,MARK HUGHES,5/30/2013,6/1/2018,162,0,0,0
2/6/2016,2015/2016,Stoke City,Everton,1,0,3,MARK HUGHES,5/30/2013,6/1/2018,163,0,0,0
2/13/2016,2015/2016,Stoke City,Bournemouth,0,3,1,MARK HUGHES,5/30/2013,6/1/2018,164,0,0,0
2/27/2016,2015/2016,Stoke City,Aston Villa,1,2,1,MARK HUGHES,5/30/2013,6/1/2018,165,0,0,0
3/2/2016,2015/2016,Stoke City,Newcastle Utd,1,1,0,MARK HUGHES,5/30/2013,6/1/2018,166,0,0,0
3/5/2016,2015/2016,Stoke City,Chelsea,0,1,1,MARK HUGHES,5/30/2013,6/1/2018,167,0,0,0
3/12/2016,2015/2016,Stoke City,Southampton,1,1,2,MARK HUGHES,5/30/2013,6/1/2018,168,0,0,0
3/19/2016,2015/2016,Stoke City,Watford,0,2,1,MARK HUGHES,5/30/2013,6/1/2018,169,0,0,0
4/2/2016,2015/2016,Stoke City,Swansea City,1,2,2,MARK HUGHES,5/30/2013,6/1/2018,170,0,0,0
4/10/2016,2015/2016,Stoke City,Liverpool,0,1,4,MARK HUGHES,5/30/2013,6/1/2018,171,0,0,0
4/18/2016,2015/2016,Stoke City,Tottenham,1,0,4,MARK HUGHES,5/30/2013,6/1/2018,172,0,0,0
4/23/2016,2015/2016,Stoke City,Manchester City,0,0,4,MARK HUGHES,5/30/2013,6/1/2018,173,0,0,0
4/30/2016,2015/2016,Stoke City,Sunderland,1,1,1,MARK HUGHES,5/30/2013,6/1/2018,174,0,0,0
5/7/2016,2015/2016,Stoke City,Crystal Palace,0,1,2,MARK HUGHES,5/30/2013,6/1/2018,175,0,0,0
5/15/2016,2015/2016,Stoke City,West Ham,1,2,1,MARK HUGHES,5/30/2013,6/1/2018,176,0,0,0
8/13/2016,2016/2017,Stoke City,Middlesbrough,0,1,1,MARK HUGHES,5/30/2013,6/1/2018,177,0,0,0
8/20/2016,2016/2017,Stoke City,Manchester City,1,1,4,MARK HUGHES,5/30/2013,6/1/2018,178,0,0,0
8/27/2016,2016/2017,Stoke City,Everton,0,0,1,MARK HUGHES,5/30/2013,6/1/2018,179,0,0,0
9/10/2016,2016/2017,Stoke City,Tottenham,1,0,4,MARK HUGHES,5/30/2013,6/1/2018,180,0,0,0
9/18/2016,2016/2017,Stoke City,Crystal Palace,0,1,4,MARK HUGHES,5/30/2013,6/1/2018,181,0,0,0
9/24/2016,2016/2017,Stoke City,West Brom,1,1,1,MARK HUGHES,5/30/2013,6/1/2018,182,0,0,0
10/2/2016,2016/2017,Stoke City,Manchester Utd,0,1,1,MARK HUGHES,5/30/2013,6/1/2018,183,0,0,0
10/15/2016,2016/2017,Stoke City,Sunderland,1,2,0,MARK HUGHES,5/30/2013,6/1/2018,184,0,0,0
10/22/2016,2016/2017,Stoke City,Hull City,0,2,0,MARK HUGHES,5/30/2013,6/1/2018,185,0,0,0
10/31/2016,2016/2017,Stoke City,Swansea City,1,3,1,MARK HUGHES,5/30/2013,6/1/2018,186,0,0,0
11/5/2016,2016/2017,Stoke City,West Ham,0,1,1,MARK HUGHES,5/30/2013,6/1/2018,187,0,0,0
11/19/2016,2016/2017,Stoke City,Bournemouth,1,0,1,MARK HUGHES,5/30/2013,6/1/2018,188,0,0,0
11/27/2016,2016/2017,Stoke City,Watford,0,1,0,MARK HUGHES,5/30/2013,6/1/2018,189,0,0,0
12/3/2016,2016/2017,Stoke City,Burnley,1,2,0,MARK HUGHES,5/30/2013,6/1/2018,190,0,0,0
12/10/2016,2016/2017,Stoke City,Arsenal,0,1,3,MARK HUGHES,5/30/2013,6/1/2018,191,0,0,0
12/14/2016,2016/2017,Stoke City,Southampton,1,0,0,MARK HUGHES,5/30/2013,6/1/2018,192,0,0,0
12/17/2016,2016/2017,Stoke City,Leicester City,1,2,2,MARK HUGHES,5/30/2013,6/1/2018,193,0,0,0
12/27/2016,2016/2017,Stoke City,Liverpool,0,1,4,MARK HUGHES,5/30/2013,6/1/2018,194,0,0,0
12/31/2016,2016/2017,Stoke City,Chelsea,0,2,4,MARK HUGHES,5/30/2013,6/1/2018,195,0,0,0
1/3/2017,2016/2017,Stoke City,Watford,1,2,0,MARK HUGHES,5/30/2013,6/1/2018,196,0,0,0
1/14/2017,2016/2017,Stoke City,Sunderland,0,3,1,MARK HUGHES,5/30/2013,6/1/2018,197,0,0,0
1/21/2017,2016/2017,Stoke City,Manchester Utd,1,1,1,MARK HUGHES,5/30/2013,6/1/2018,198,0,0,0
2/1/2017,2016/2017,Stoke City,Everton,1,1,1,MARK HUGHES,5/30/2013,6/1/2018,199,0,0,0
2/4/2017,2016/2017,Stoke City,West Brom,0,0,1,MARK HUGHES,5/30/2013,6/1/2018,200,0,0,0
2/11/2017,2016/2017,Stoke City,Crystal Palace,1,1,0,MARK HUGHES,5/30/2013,6/1/2018,201,0,0,0
2/26/2017,2016/2017,Stoke City,Tottenham,0,0,4,MARK HUGHES,5/30/2013,6/1/2018,202,0,0,0
3/4/2017,2016/2017,Stoke City,Middlesbrough,1,2,0,MARK HUGHES,5/30/2013,6/1/2018,203,0,0,0
3/8/2017,2016/2017,Stoke City,Manchester City,0,0,0,MARK HUGHES,5/30/2013,6/1/2018,204,0,0,0
3/18/2017,2016/2017,Stoke City,Chelsea,1,1,2,MARK HUGHES,5/30/2013,6/1/2018,205,0,0,0
4/1/2017,2016/2017,Stoke City,Leicester City,0,0,2,MARK HUGHES,5/30/2013,6/1/2018,206,0,0,0
4/4/2017,2016/2017,Stoke City,Burnley,0,0,1,MARK HUGHES,5/30/2013,6/1/2018,207,0,0,0
4/8/2017,2016/2017,Stoke City,Liverpool,1,1,2,MARK HUGHES,5/30/2013,6/1/2018,208,0,0,0
4/15/2017,2016/2017,Stoke City,Hull City,1,3,1,MARK HUGHES,5/30/2013,6/1/2018,209,0,0,0
4/22/2017,2016/2017,Stoke City,Swansea City,0,0,2,MARK HUGHES,5/30/2013,6/1/2018,210,0,0,0
4/29/2017,2016/2017,Stoke City,West Ham,1,0,0,MARK HUGHES,5/30/2013,6/1/2018,211,0,0,0
5/6/2017,2016/2017,Stoke City,Bournemouth,0,2,2,MARK HUGHES,5/30/2013,6/1/2018,212,0,0,0
5/13/2017,2016/2017,Stoke City,Arsenal,1,1,4,MARK HUGHES,5/30/2013,6/1/2018,213,0,0,0
5/21/2017,2016/2017,Stoke City,Southampton,0,1,0,MARK HUGHES,5/30/2013,6/1/2018,214,0,0,0
8/12/2017,2017/2018,Stoke City,Everton,0,0,1,MARK HUGHES,5/30/2013,6/1/2018,215,0,0,0
8/19/2017,2017/2018,Stoke City,Arsenal,1,1,0,MARK HUGHES,5/30/2013,6/1/2018,216,0,0,0
8/27/2017,2017/2018,Stoke City,West Brom,0,1,1,MARK HUGHES,5/30/2013,6/1/2018,217,0,0,0
9/9/2017,2017/2018,Stoke City,Manchester Utd,1,2,2,MARK HUGHES,5/30/2013,6/1/2018,218,0,0,0
9/16/2017,2017/2018,Stoke City,Newcastle Utd,0,1,2,MARK HUGHES,5/30/2013,6/1/2018,219,0,0,0
9/23/2017,2017/2018,Stoke City,Chelsea,1,0,4,MARK HUGHES,5/30/2013,6/1/2018,220,0,0,0
9/30/2017,2017/2018,Stoke City,Southampton,1,2,1,MARK HUGHES,5/30/2013,6/1/2018,221,0,0,0
10/14/2017,2017/2018,Stoke City,Manchester City,0,2,7,MARK HUGHES,5/30/2013,6/1/2018,222,0,0,0
10/21/2017,2017/2018,Stoke City,Bournemouth,1,1,2,MARK HUGHES,5/30/2013,6/1/2018,223,0,0,0
10/28/2017,2017/2018,Stoke City,Watford,0,1,0,MARK HUGHES,5/30/2013,6/1/2018,224,0,0,0
11/4/2017,2017/2018,Stoke City,Leicester City,1,2,2,MARK HUGHES,5/30/2013,6/1/2018,225,0,0,0
11/20/2017,2017/2018,Stoke City,Brighton,0,2,2,MARK HUGHES,5/30/2013,6/1/2018,226,0,0,0
11/25/2017,2017/2018,Stoke City,Crystal Palace,0,1,2,MARK HUGHES,5/30/2013,6/1/2018,227,0,0,0
11/29/2017,2017/2018,Stoke City,Liverpool,1,0,3,MARK HUGHES,5/30/2013,6/1/2018,228,0,0,0
12/2/2017,2017/2018,Stoke City,Swansea City,1,2,1,MARK HUGHES,5/30/2013,6/1/2018,229,0,0,0
12/9/2017,2017/2018,Stoke City,Tottenham,0,1,5,MARK HUGHES,5/30/2013,6/1/2018,230,0,0,0
12/12/2017,2017/2018,Stoke City,Burnley,0,0,1,MARK HUGHES,5/30/2013,6/1/2018,231,0,0,0
12/16/2017,2017/2018,Stoke City,West Ham,1,0,3,MARK HUGHES,5/30/2013,6/1/2018,232,0,0,0
12/23/2017,2017/2018,Stoke City,West Brom,1,3,1,MARK HUGHES,5/30/2013,6/1/2018,233,0,0,0
12/26/2017,2017/2018,Stoke City,Huddersfield,0,1,1,MARK HUGHES,5/30/2013,6/1/2018,234,0,0,0
12/30/2017,2017/2018,Stoke City,Chelsea,0,0,5,MARK HUGHES,5/30/2013,6/1/2018,235,0,0,0
1/1/2018,2017/2018,Stoke City,Newcastle Utd,1,0,1,MARK HUGHES,5/30/2013,6/1/2018,236,0,0,0
1/15/2018,2017/2018,Stoke City,Manchester Utd,0,0,3,MARK HUGHES,5/30/2013,6/1/2018,237,0,0,0
1/20/2018,2017/2018,Stoke City,Huddersfield,1,2,0,PAUL LAMBERT,1/16/2018,1/1/2100,1,1,0,0
1/31/2018,2017/2018,Stoke City,Watford,1,0,0,PAUL LAMBERT,1/16/2018,1/1/2100,2,1,0,0
2/3/2018,2017/2018,Stoke City,Bournemouth,0,1,2,PAUL LAMBERT,1/16/2018,1/1/2100,3,1,0,0
2/10/2018,2017/2018,Stoke City,Brighton,1,1,1,PAUL LAMBERT,1/16/2018,1/1/2100,4,0,1,0
2/24/2018,2017/2018,Stoke City,Leicester City,0,1,1,PAUL LAMBERT,1/16/2018,1/1/2100,5,0,1,0
3/3/2018,2017/2018,Stoke City,Southampton,0,0,0,PAUL LAMBERT,1/16/2018,1/1/2100,6,0,1,0
3/12/2018,2017/2018,Stoke City,Manchester City,1,0,2,PAUL LAMBERT,1/16/2018,1/1/2100,7,0,0,1
3/17/2018,2017/2018,Stoke City,Everton,1,1,2,PAUL LAMBERT,1/16/2018,1/1/2100,8,0,0,1
4/1/2018,2017/2018,Stoke City,Arsenal,0,0,3,PAUL LAMBERT,1/16/2018,1/1/2100,9,0,0,1
4/7/2018,2017/2018,Stoke City,Tottenham,1,1,2,PAUL LAMBERT,1/16/2018,1/1/2100,10,0,0,1
4/16/2018,2017/2018,Stoke City,West Ham,0,1,1,PAUL LAMBERT,1/16/2018,1/1/2100,11,0,0,0
4/22/2018,2017/2018,Stoke City,Burnley,1,1,1,PAUL LAMBERT,1/16/2018,1/1/2100,12,0,0,0
4/28/2018,2017/2018,Stoke City,Liverpool,0,0,0,PAUL LAMBERT,1/16/2018,1/1/2100,13,0,0,0
5/5/2018,2017/2018,Stoke City,Crystal Palace,1,1,2,PAUL LAMBERT,1/16/2018,1/1/2100,14,0,0,0
5/13/2018,2017/2018,Stoke City,Swansea City,0,2,1,PAUL LAMBERT,1/16/2018,1/1/2100,15,0,0,0
8/13/2016,2016/2017,Sunderland,Manchester City,0,1,2,DAVID MOYES,7/23/2016,1/1/2100,1,1,0,0
8/21/2016,2016/2017,Sunderland,Middlesbrough,1,1,2,DAVID MOYES,7/23/2016,1/1/2100,2,1,0,0
8/27/2016,2016/2017,Sunderland,Southampton,0,1,1,DAVID MOYES,7/23/2016,1/1/2100,3,1,0,0
9/12/2016,2016/2017,Sunderland,Everton,1,0,3,DAVID MOYES,7/23/2016,1/1/2100,4,0,1,0
9/18/2016,2016/2017,Sunderland,Tottenham,0,0,1,DAVID MOYES,7/23/2016,1/1/2100,5,0,1,0
9/24/2016,2016/2017,Sunderland,Crystal Palace,1,2,3,DAVID MOYES,7/23/2016,1/1/2100,6,0,1,0
10/1/2016,2016/2017,Sunderland,West Brom,1,1,1,DAVID MOYES,7/23/2016,1/1/2100,7,0,0,1
10/15/2016,2016/2017,Sunderland,Stoke City,0,0,2,DAVID MOYES,7/23/2016,1/1/2100,8,0,0,1
10/22/2016,2016/2017,Sunderland,West Ham,0,0,1,DAVID MOYES,7/23/2016,1/1/2100,9,0,0,1
10/29/2016,2016/2017,Sunderland,Arsenal,1,1,4,DAVID MOYES,7/23/2016,1/1/2100,10,0,0,1
11/5/2016,2016/2017,Sunderland,Bournemouth,0,2,1,DAVID MOYES,7/23/2016,1/1/2100,11,0,0,0
11/19/2016,2016/2017,Sunderland,Hull City,1,3,0,DAVID MOYES,7/23/2016,1/1/2100,12,0,0,0
11/26/2016,2016/2017,Sunderland,Liverpool,0,0,2,DAVID MOYES,7/23/2016,1/1/2100,13,0,0,0
12/3/2016,2016/2017,Sunderland,Leicester City,1,2,1,DAVID MOYES,7/23/2016,1/1/2100,14,0,0,0
12/10/2016,2016/2017,Sunderland,Swansea City,0,0,3,DAVID MOYES,7/23/2016,1/1/2100,15,0,0,0
12/14/2016,2016/2017,Sunderland,Chelsea,1,0,1,DAVID MOYES,7/23/2016,1/1/2100,16,0,0,0
12/17/2016,2016/2017,Sunderland,Watford,1,1,0,DAVID MOYES,7/23/2016,1/1/2100,17,0,0,0
12/26/2016,2016/2017,Sunderland,Manchester Utd,0,1,3,DAVID MOYES,7/23/2016,1/1/2100,18,0,0,0
12/31/2016,2016/2017,Sunderland,Burnley,0,1,4,DAVID MOYES,7/23/2016,1/1/2100,19,0,0,0
1/2/2017,2016/2017,Sunderland,Liverpool,1,2,2,DAVID MOYES,7/23/2016,1/1/2100,20,0,0,0
1/14/2017,2016/2017,Sunderland,Stoke City,1,1,3,DAVID MOYES,7/23/2016,1/1/2100,21,0,0,0
1/21/2017,2016/2017,Sunderland,West Brom,0,0,2,DAVID MOYES,7/23/2016,1/1/2100,22,0,0,0
1/31/2017,2016/2017,Sunderland,Tottenham,1,0,0,DAVID MOYES,7/23/2016,1/1/2100,23,0,0,0
2/4/2017,2016/2017,Sunderland,Crystal Palace,0,4,0,DAVID MOYES,7/23/2016,1/1/2100,24,0,0,0
2/11/2017,2016/2017,Sunderland,Southampton,1,0,4,DAVID MOYES,7/23/2016,1/1/2100,25,0,0,0
2/25/2017,2016/2017,Sunderland,Everton,0,0,2,DAVID MOYES,7/23/2016,1/1/2100,26,0,0,0
3/5/2017,2016/2017,Sunderland,Manchester City,1,0,2,DAVID MOYES,7/23/2016,1/1/2100,27,0,0,0
3/18/2017,2016/2017,Sunderland,Burnley,1,0,0,DAVID MOYES,7/23/2016,1/1/2100,28,0,0,0
4/1/2017,2016/2017,Sunderland,Watford,0,0,1,DAVID MOYES,7/23/2016,1/1/2100,29,0,0,0
4/4/2017,2016/2017,Sunderland,Leicester City,0,0,2,DAVID MOYES,7/23/2016,1/1/2100,30,0,0,0
4/9/2017,2016/2017,Sunderland,Manchester Utd,1,0,3,DAVID MOYES,7/23/2016,1/1/2100,31,0,0,0
4/15/2017,2016/2017,Sunderland,West Ham,1,2,2,DAVID MOYES,7/23/2016,1/1/2100,32,0,0,0
4/26/2017,2016/2017,Sunderland,Middlesbrough,0,0,1,DAVID MOYES,7/23/2016,1/1/2100,33,0,0,0
4/29/2017,2016/2017,Sunderland,Bournemouth,1,0,1,DAVID MOYES,7/23/2016,1/1/2100,34,0,0,0
5/6/2017,2016/2017,Sunderland,Hull City,0,2,0,DAVID MOYES,7/23/2016,1/1/2100,35,0,0,0
5/13/2017,2016/2017,Sunderland,Swansea City,1,0,2,DAVID MOYES,7/23/2016,1/1/2100,36,0,0,0
5/16/2017,2016/2017,Sunderland,Arsenal,0,0,2,DAVID MOYES,7/23/2016,1/1/2100,37,0,0,0
5/21/2017,2016/2017,Sunderland,Chelsea,0,1,5,DAVID MOYES,7/23/2016,1/1/2100,38,0,0,0
4/11/2015,2014/2015,Sunderland,Crystal Palace,1,1,4,DICK ADVOCAAT,4/10/2015,3/17/2016,1,1,0,0
4/25/2015,2014/2015,Sunderland,Stoke City,0,1,1,DICK ADVOCAAT,4/10/2015,3/17/2016,2,1,0,0
5/2/2015,2014/2015,Sunderland,Southampton,1,2,1,DICK ADVOCAAT,4/10/2015,3/17/2016,3,1,0,0
5/9/2015,2014/2015,Sunderland,Everton,0,2,0,DICK ADVOCAAT,4/10/2015,3/17/2016,4,0,1,0
5/16/2015,2014/2015,Sunderland,Leicester City,1,0,0,DICK ADVOCAAT,4/10/2015,3/17/2016,5,0,1,0
5/20/2015,2014/2015,Sunderland,Arsenal,0,0,0,DICK ADVOCAAT,4/10/2015,3/17/2016,6,0,1,0
5/24/2015,2014/2015,Sunderland,Chelsea,0,1,3,DICK ADVOCAAT,4/10/2015,3/17/2016,7,0,0,1
8/8/2015,2015/2016,Sunderland,Leicester City,0,2,4,DICK ADVOCAAT,4/10/2015,3/17/2016,8,0,0,1
8/15/2015,2015/2016,Sunderland,Norwich City,1,1,3,DICK ADVOCAAT,4/10/2015,3/17/2016,9,0,0,1
8/22/2015,2015/2016,Sunderland,Swansea City,1,1,1,DICK ADVOCAAT,4/10/2015,3/17/2016,10,0,0,1
8/29/2015,2015/2016,Sunderland,Aston Villa,0,2,2,DICK ADVOCAAT,4/10/2015,3/17/2016,11,0,0,0
8/16/2014,2014/2015,Sunderland,West Brom,0,2,2,GUSTAVO POYET,8/10/2013,1/1/2100,101,0,0,0
8/24/2014,2014/2015,Sunderland,Manchester Utd,1,1,1,GUSTAVO POYET,8/10/2013,1/1/2100,102,0,0,0
8/30/2014,2014/2015,Sunderland,QPR,0,0,1,GUSTAVO POYET,8/10/2013,1/1/2100,103,0,0,0
9/13/2014,2014/2015,Sunderland,Tottenham,1,2,2,GUSTAVO POYET,8/10/2013,1/1/2100,104,0,0,0
9/20/2014,2014/2015,Sunderland,Burnley,0,0,0,GUSTAVO POYET,8/10/2013,1/1/2100,105,0,0,0
9/27/2014,2014/2015,Sunderland,Swansea City,1,0,0,GUSTAVO POYET,8/10/2013,1/1/2100,106,0,0,0
10/4/2014,2014/2015,Sunderland,Stoke City,1,3,1,GUSTAVO POYET,8/10/2013,1/1/2100,107,0,0,0
10/18/2014,2014/2015,Sunderland,Southampton,0,0,8,GUSTAVO POYET,8/10/2013,1/1/2100,108,0,0,0
10/25/2014,2014/2015,Sunderland,Arsenal,1,0,2,GUSTAVO POYET,8/10/2013,1/1/2100,109,0,0,0
11/3/2014,2014/2015,Sunderland,Crystal Palace,0,3,1,GUSTAVO POYET,8/10/2013,1/1/2100,110,0,0,0
11/9/2014,2014/2015,Sunderland,Everton,1,1,1,GUSTAVO POYET,8/10/2013,1/1/2100,111,0,0,0
11/22/2014,2014/2015,Sunderland,Leicester City,0,0,0,GUSTAVO POYET,8/10/2013,1/1/2100,112,0,0,0
11/29/2014,2014/2015,Sunderland,Chelsea,1,0,0,GUSTAVO POYET,8/10/2013,1/1/2100,113,0,0,0
12/3/2014,2014/2015,Sunderland,Manchester City,1,1,4,GUSTAVO POYET,8/10/2013,1/1/2100,114,0,0,0
12/6/2014,2014/2015,Sunderland,Liverpool,0,0,0,GUSTAVO POYET,8/10/2013,1/1/2100,115,0,0,0
12/13/2014,2014/2015,Sunderland,West Ham,1,1,1,GUSTAVO POYET,8/10/2013,1/1/2100,116,0,0,0
12/21/2014,2014/2015,Sunderland,Newcastle Utd,0,1,0,GUSTAVO POYET,8/10/2013,1/1/2100,117,0,0,0
12/26/2014,2014/2015,Sunderland,Hull City,1,1,3,GUSTAVO POYET,8/10/2013,1/1/2100,118,0,0,0
12/28/2014,2014/2015,Sunderland,Aston Villa,0,0,0,GUSTAVO POYET,8/10/2013,1/1/2100,119,0,0,0
1/1/2015,2014/2015,Sunderland,Manchester City,0,2,3,GUSTAVO POYET,8/10/2013,1/1/2100,120,0,0,0
1/10/2015,2014/2015,Sunderland,Liverpool,1,0,1,GUSTAVO POYET,8/10/2013,1/1/2100,121,0,0,0
1/17/2015,2014/2015,Sunderland,Tottenham,0,1,2,GUSTAVO POYET,8/10/2013,1/1/2100,122,0,0,0
1/31/2015,2014/2015,Sunderland,Burnley,1,2,0,GUSTAVO POYET,8/10/2013,1/1/2100,123,0,0,0
2/7/2015,2014/2015,Sunderland,Swansea City,0,1,1,GUSTAVO POYET,8/10/2013,1/1/2100,124,0,0,0
2/10/2015,2014/2015,Sunderland,QPR,1,0,2,GUSTAVO POYET,8/10/2013,1/1/2100,125,0,0,0
2/21/2015,2014/2015,Sunderland,West Brom,1,0,0,GUSTAVO POYET,8/10/2013,1/1/2100,126,0,0,0
2/28/2015,2014/2015,Sunderland,Manchester Utd,0,0,2,GUSTAVO POYET,8/10/2013,1/1/2100,127,0,0,0
3/3/2015,2014/2015,Sunderland,Hull City,0,1,1,GUSTAVO POYET,8/10/2013,1/1/2100,128,0,0,0
3/14/2015,2014/2015,Sunderland,Aston Villa,1,0,4,GUSTAVO POYET,8/10/2013,1/1/2100,129,0,0,0
3/21/2015,2014/2015,Sunderland,West Ham,0,0,1,GUSTAVO POYET,8/10/2013,1/1/2100,130,0,0,0
4/5/2015,2014/2015,Sunderland,Newcastle Utd,1,1,0,GUSTAVO POYET,8/10/2013,1/1/2100,131,0,0,0
9/13/2015,2015/2016,Sunderland,Tottenham,1,0,1,SAM ALLARDYCE,9/10/2015,1/1/2100,1,1,0,0
9/19/2015,2015/2016,Sunderland,Bournemouth,0,0,2,SAM ALLARDYCE,9/10/2015,1/1/2100,2,1,0,0
9/26/2015,2015/2016,Sunderland,Manchester Utd,0,0,3,SAM ALLARDYCE,9/10/2015,1/1/2100,3,1,0,0
10/3/2015,2015/2016,Sunderland,West Ham,1,2,2,SAM ALLARDYCE,9/10/2015,1/1/2100,4,0,1,0
10/17/2015,2015/2016,Sunderland,West Brom,0,0,1,SAM ALLARDYCE,9/10/2015,1/1/2100,5,0,1,0
10/25/2015,2015/2016,Sunderland,Newcastle Utd,1,3,0,SAM ALLARDYCE,9/10/2015,1/1/2100,6,0,1,0
11/1/2015,2015/2016,Sunderland,Everton,0,2,6,SAM ALLARDYCE,9/10/2015,1/1/2100,7,0,0,1
11/7/2015,2015/2016,Sunderland,Southampton,1,0,1,SAM ALLARDYCE,9/10/2015,1/1/2100,8,0,0,1
11/23/2015,2015/2016,Sunderland,Crystal Palace,0,1,0,SAM ALLARDYCE,9/10/2015,1/1/2100,9,0,0,1
11/28/2015,2015/2016,Sunderland,Stoke City,1,2,0,SAM ALLARDYCE,9/10/2015,1/1/2100,10,0,0,1
12/5/2015,2015/2016,Sunderland,Arsenal,0,1,3,SAM ALLARDYCE,9/10/2015,1/1/2100,11,0,0,0
12/12/2015,2015/2016,Sunderland,Watford,1,0,1,SAM ALLARDYCE,9/10/2015,1/1/2100,12,0,0,0
12/19/2015,2015/2016,Sunderland,Chelsea,0,1,3,SAM ALLARDYCE,9/10/2015,1/1/2100,13,0,0,0
12/26/2015,2015/2016,Sunderland,Manchester City,0,1,4,SAM ALLARDYCE,9/10/2015,1/1/2100,14,0,0,0
12/30/2015,2015/2016,Sunderland,Liverpool,1,0,1,SAM ALLARDYCE,9/10/2015,1/1/2100,15,0,0,0
1/2/2016,2015/2016,Sunderland,Aston Villa,1,3,1,SAM ALLARDYCE,9/10/2015,1/1/2100,16,0,0,0
1/13/2016,2015/2016,Sunderland,Swansea City,0,4,2,SAM ALLARDYCE,9/10/2015,1/1/2100,17,0,0,0
1/16/2016,2015/2016,Sunderland,Tottenham,0,1,4,SAM ALLARDYCE,9/10/2015,1/1/2100,18,0,0,0
1/23/2016,2015/2016,Sunderland,Bournemouth,1,1,1,SAM ALLARDYCE,9/10/2015,1/1/2100,19,0,0,0
2/2/2016,2015/2016,Sunderland,Manchester City,1,0,1,SAM ALLARDYCE,9/10/2015,1/1/2100,20,0,0,0
2/6/2016,2015/2016,Sunderland,Liverpool,0,2,2,SAM ALLARDYCE,9/10/2015,1/1/2100,21,0,0,0
2/13/2016,2015/2016,Sunderland,Manchester Utd,1,2,1,SAM ALLARDYCE,9/10/2015,1/1/2100,22,0,0,0
2/27/2016,2015/2016,Sunderland,West Ham,0,0,1,SAM ALLARDYCE,9/10/2015,1/1/2100,23,0,0,0
3/1/2016,2015/2016,Sunderland,Crystal Palace,1,2,2,SAM ALLARDYCE,9/10/2015,1/1/2100,24,0,0,0
3/5/2016,2015/2016,Sunderland,Southampton,0,1,1,SAM ALLARDYCE,9/10/2015,1/1/2100,25,0,0,0
3/20/2016,2015/2016,Sunderland,Newcastle Utd,0,1,1,SAM ALLARDYCE,9/10/2015,1/1/2100,26,0,0,0
4/2/2016,2015/2016,Sunderland,West Brom,1,0,0,SAM ALLARDYCE,9/10/2015,1/1/2100,27,0,0,0
4/10/2016,2015/2016,Sunderland,Leicester City,1,0,2,SAM ALLARDYCE,9/10/2015,1/1/2100,28,0,0,0
4/16/2016,2015/2016,Sunderland,Norwich City,0,3,0,SAM ALLARDYCE,9/10/2015,1/1/2100,29,0,0,0
4/24/2016,2015/2016,Sunderland,Arsenal,1,0,0,SAM ALLARDYCE,9/10/2015,1/1/2100,30,0,0,0
4/30/2016,2015/2016,Sunderland,Stoke City,0,1,1,SAM ALLARDYCE,9/10/2015,1/1/2100,31,0,0,0
5/7/2016,2015/2016,Sunderland,Chelsea,1,3,2,SAM ALLARDYCE,9/10/2015,1/1/2100,32,0,0,0
5/11/2016,2015/2016,Sunderland,Everton,1,3,0,SAM ALLARDYCE,9/10/2015,1/1/2100,33,0,0,0
5/15/2016,2015/2016,Sunderland,Watford,0,2,2,SAM ALLARDYCE,9/10/2015,1/1/2100,34,0,0,0
10/19/2015,2015/2016,Swansea City,Stoke City,1,0,1,ALAN CURTIS,10/12/2015,1/1/2100,1,1,0,0
10/24/2015,2015/2016,Swansea City,Aston Villa,0,2,1,ALAN CURTIS,10/12/2015,1/1/2100,2,1,0,0
10/31/2015,2015/2016,Swansea City,Arsenal,1,0,3,ALAN CURTIS,10/12/2015,1/1/2100,3,1,0,0
11/7/2015,2015/2016,Swansea City,Norwich City,0,0,1,ALAN CURTIS,10/12/2015,1/1/2100,4,0,1,0
11/21/2015,2015/2016,Swansea City,Bournemouth,1,2,2,ALAN CURTIS,10/12/2015,1/1/2100,5,0,1,0
11/29/2015,2015/2016,Swansea City,Liverpool,0,0,1,ALAN CURTIS,10/12/2015,1/1/2100,6,0,1,0
12/5/2015,2015/2016,Swansea City,Leicester City,1,0,3,ALAN CURTIS,10/12/2015,1/1/2100,7,0,0,1
12/12/2015,2015/2016,Swansea City,Manchester City,0,1,2,ALAN CURTIS,10/12/2015,1/1/2100,8,0,0,1
12/20/2015,2015/2016,Swansea City,West Ham,1,0,0,ALAN CURTIS,10/12/2015,1/1/2100,9,0,0,1
12/26/2015,2015/2016,Swansea City,West Brom,1,1,0,ALAN CURTIS,10/12/2015,1/1/2100,10,0,0,1
12/28/2015,2015/2016,Swansea City,Crystal Palace,0,0,0,ALAN CURTIS,10/12/2015,1/1/2100,11,0,0,0
1/2/2016,2015/2016,Swansea City,Manchester Utd,0,1,2,ALAN CURTIS,10/12/2015,1/1/2100,12,0,0,0
1/13/2016,2015/2016,Swansea City,Sunderland,1,2,4,ALAN CURTIS,10/12/2015,1/1/2100,13,0,0,0
3/12/2016,2015/2016,Swansea City,Bournemouth,0,2,3,ALAN CURTIS,10/12/2015,1/1/2100,14,0,0,0
3/19/2016,2015/2016,Swansea City,Aston Villa,1,1,0,ALAN CURTIS,10/12/2015,1/1/2100,15,0,0,0
4/2/2016,2015/2016,Swansea City,Stoke City,0,2,2,ALAN CURTIS,10/12/2015,1/1/2100,16,0,0,0
4/9/2016,2015/2016,Swansea City,Chelsea,1,1,0,ALAN CURTIS,10/12/2015,1/1/2100,17,0,0,0
12/31/2016,2016/2017,Swansea City,Bournemouth,1,0,3,ALAN CURTIS,12/27/2016,3/1/2017,18,0,0,0
1/3/2017,2016/2017,Swansea City,Crystal Palace,0,2,1,ALAN CURTIS,12/27/2016,3/1/2017,19,0,0,0
1/14/2017,2016/2017,Swansea City,Arsenal,1,0,4,ALAN CURTIS,12/27/2016,3/1/2017,20,0,0,0
1/21/2017,2016/2017,Swansea City,Liverpool,0,3,2,ALAN CURTIS,12/27/2016,3/1/2017,21,0,0,0
1/31/2017,2016/2017,Swansea City,Southampton,1,2,1,ALAN CURTIS,12/27/2016,3/1/2017,22,0,0,0
2/5/2017,2016/2017,Swansea City,Manchester City,0,1,2,ALAN CURTIS,12/27/2016,3/1/2017,23,0,0,0
2/12/2017,2016/2017,Swansea City,Leicester City,1,2,0,ALAN CURTIS,12/27/2016,3/1/2017,24,0,0,0
2/25/2017,2016/2017,Swansea City,Chelsea,0,1,3,ALAN CURTIS,12/27/2016,3/1/2017,25,0,0,0
4/16/2016,2015/2016,Swansea City,Newcastle Utd,0,0,3,BOB BRADLEY,4/10/2016,1/1/2100,1,1,0,0
4/24/2016,2015/2016,Swansea City,Leicester City,0,0,4,BOB BRADLEY,4/10/2016,1/1/2100,2,1,0,0
5/1/2016,2015/2016,Swansea City,Liverpool,1,3,1,BOB BRADLEY,4/10/2016,1/1/2100,3,1,0,0
5/7/2016,2015/2016,Swansea City,West Ham,0,4,1,BOB BRADLEY,4/10/2016,1/1/2100,4,0,1,0
5/15/2016,2015/2016,Swansea City,Manchester City,1,1,1,BOB BRADLEY,4/10/2016,1/1/2100,5,0,1,0
8/13/2016,2016/2017,Swansea City,Burnley,0,1,0,BOB BRADLEY,4/10/2016,1/1/2100,6,0,1,0
8/20/2016,2016/2017,Swansea City,Hull City,1,0,2,BOB BRADLEY,4/10/2016,1/1/2100,7,0,0,1
8/27/2016,2016/2017,Swansea City,Leicester City,0,1,2,BOB BRADLEY,4/10/2016,1/1/2100,8,0,0,1
9/11/2016,2016/2017,Swansea City,Chelsea,1,2,2,BOB BRADLEY,4/10/2016,1/1/2100,9,0,0,1
9/18/2016,2016/2017,Swansea City,Southampton,0,0,1,BOB BRADLEY,4/10/2016,1/1/2100,10,0,0,1
9/24/2016,2016/2017,Swansea City,Manchester City,1,1,3,BOB BRADLEY,4/10/2016,1/1/2100,11,0,0,0
10/1/2016,2016/2017,Swansea City,Liverpool,1,1,2,BOB BRADLEY,4/10/2016,1/1/2100,12,0,0,0
10/15/2016,2016/2017,Swansea City,Arsenal,0,2,3,BOB BRADLEY,4/10/2016,1/1/2100,13,0,0,0
10/22/2016,2016/2017,Swansea City,Watford,1,0,0,BOB BRADLEY,4/10/2016,1/1/2100,14,0,0,0
10/31/2016,2016/2017,Swansea City,Stoke City,0,1,3,BOB BRADLEY,4/10/2016,1/1/2100,15,0,0,0
11/6/2016,2016/2017,Swansea City,Manchester Utd,1,1,3,BOB BRADLEY,4/10/2016,1/1/2100,16,0,0,0
11/19/2016,2016/2017,Swansea City,Everton,0,1,1,BOB BRADLEY,4/10/2016,1/1/2100,17,0,0,0
11/26/2016,2016/2017,Swansea City,Crystal Palace,1,5,4,BOB BRADLEY,4/10/2016,1/1/2100,18,0,0,0
12/3/2016,2016/2017,Swansea City,Tottenham,0,0,5,BOB BRADLEY,4/10/2016,1/1/2100,19,0,0,0
12/10/2016,2016/2017,Swansea City,Sunderland,1,3,0,BOB BRADLEY,4/10/2016,1/1/2100,20,0,0,0
12/14/2016,2016/2017,Swansea City,West Brom,0,1,3,BOB BRADLEY,4/10/2016,1/1/2100,21,0,0,0
12/17/2016,2016/2017,Swansea City,Middlesbrough,0,0,3,BOB BRADLEY,4/10/2016,1/1/2100,22,0,0,0
12/26/2016,2016/2017,Swansea City,West Ham,1,1,4,BOB BRADLEY,4/10/2016,1/1/2100,23,0,0,0
3/4/2017,2016/2017,Swansea City,Burnley,1,3,2,BOB BRADLEY,4/10/2016,1/1/2100,24,0,0,0
3/11/2017,2016/2017,Swansea City,Hull City,0,1,2,BOB BRADLEY,4/10/2016,1/1/2100,25,0,0,0
3/18/2017,2016/2017,Swansea City,Bournemouth,0,0,2,BOB BRADLEY,4/10/2016,1/1/2100,26,0,0,0
12/30/2017,2017/2018,Swansea City,Watford,0,2,1,CARLOS CARVAHAL,12/28/2017,1/1/2100,1,1,0,0
1/2/2018,2017/2018,Swansea City,Tottenham,1,0,2,CARLOS CARVAHAL,12/28/2017,1/1/2100,2,1,0,0
1/13/2018,2017/2018,Swansea City,Newcastle Utd,0,1,1,CARLOS CARVAHAL,12/28/2017,1/1/2100,3,1,0,0
1/22/2018,2017/2018,Swansea City,Liverpool,1,1,0,CARLOS CARVAHAL,12/28/2017,1/1/2100,4,0,1,0
1/30/2018,2017/2018,Swansea City,Arsenal,1,3,1,CARLOS CARVAHAL,12/28/2017,1/1/2100,5,0,1,0
2/3/2018,2017/2018,Swansea City,Leicester City,0,1,1,CARLOS CARVAHAL,12/28/2017,1/1/2100,6,0,1,0
2/10/2018,2017/2018,Swansea City,Burnley,1,1,0,CARLOS CARVAHAL,12/28/2017,1/1/2100,7,0,0,1
2/24/2018,2017/2018,Swansea City,Brighton,0,1,4,CARLOS CARVAHAL,12/28/2017,1/1/2100,8,0,0,1
3/3/2018,2017/2018,Swansea City,West Ham,1,4,1,CARLOS CARVAHAL,12/28/2017,1/1/2100,9,0,0,1
3/10/2018,2017/2018,Swansea City,Huddersfield,0,0,0,CARLOS CARVAHAL,12/28/2017,1/1/2100,10,0,0,1
3/31/2018,2017/2018,Swansea City,Manchester Utd,0,0,2,CARLOS CARVAHAL,12/28/2017,1/1/2100,11,0,0,0
4/7/2018,2017/2018,Swansea City,West Brom,0,1,1,CARLOS CARVAHAL,12/28/2017,1/1/2100,12,0,0,0
4/14/2018,2017/2018,Swansea City,Everton,1,1,1,CARLOS CARVAHAL,12/28/2017,1/1/2100,13,0,0,0
4/22/2018,2017/2018,Swansea City,Manchester City,0,0,5,CARLOS CARVAHAL,12/28/2017,1/1/2100,14,0,0,0
4/28/2018,2017/2018,Swansea City,Chelsea,1,0,1,CARLOS CARVAHAL,12/28/2017,1/1/2100,15,0,0,0
5/5/2018,2017/2018,Swansea City,Bournemouth,0,0,1,CARLOS CARVAHAL,12/28/2017,1/1/2100,16,0,0,0
5/8/2018,2017/2018,Swansea City,Southampton,1,0,1,CARLOS CARVAHAL,12/28/2017,1/1/2100,17,0,0,0
5/13/2018,2017/2018,Swansea City,Stoke City,1,1,2,CARLOS CARVAHAL,12/28/2017,1/1/2100,18,0,0,0
1/18/2016,2015/2016,Swansea City,Watford,1,1,0,FRNCESCO GUIDOLIN,1/18/2016,3/10/2016,1,1,0,0
1/24/2016,2015/2016,Swansea City,Everton,0,2,1,FRNCESCO GUIDOLIN,1/18/2016,3/10/2016,2,1,0,0
2/2/2016,2015/2016,Swansea City,West Brom,0,1,1,FRNCESCO GUIDOLIN,1/18/2016,3/10/2016,3,1,0,0
2/6/2016,2015/2016,Swansea City,Crystal Palace,1,1,1,FRNCESCO GUIDOLIN,1/18/2016,3/10/2016,4,0,1,0
2/13/2016,2015/2016,Swansea City,Southampton,1,0,1,FRNCESCO GUIDOLIN,1/18/2016,3/10/2016,5,0,1,0
2/28/2016,2015/2016,Swansea City,Tottenham,0,1,2,FRNCESCO GUIDOLIN,1/18/2016,3/10/2016,6,0,1,0
3/2/2016,2015/2016,Swansea City,Arsenal,0,2,1,FRNCESCO GUIDOLIN,1/18/2016,3/10/2016,7,0,0,1
3/5/2016,2015/2016,Swansea City,Norwich City,1,1,0,FRNCESCO GUIDOLIN,1/18/2016,3/10/2016,8,0,0,1
8/16/2014,2014/2015,Swansea City,Manchester Utd,0,2,1,GARRY MONK,4/2/2014,9/12/2015,101,0,0,0
8/23/2014,2014/2015,Swansea City,Burnley,1,1,0,GARRY MONK,4/2/2014,9/12/2015,102,0,0,0
8/30/2014,2014/2015,Swansea City,West Brom,1,3,0,GARRY MONK,4/2/2014,9/12/2015,103,0,0,0
9/13/2014,2014/2015,Swansea City,Chelsea,0,2,4,GARRY MONK,4/2/2014,9/12/2015,104,0,0,0
9/20/2014,2014/2015,Swansea City,Southampton,1,0,1,GARRY MONK,4/2/2014,9/12/2015,105,0,0,0
9/27/2014,2014/2015,Swansea City,Sunderland,0,0,0,GARRY MONK,4/2/2014,9/12/2015,106,0,0,0
10/4/2014,2014/2015,Swansea City,Newcastle Utd,1,2,2,GARRY MONK,4/2/2014,9/12/2015,107,0,0,0
10/19/2014,2014/2015,Swansea City,Stoke City,0,1,2,GARRY MONK,4/2/2014,9/12/2015,108,0,0,0
10/25/2014,2014/2015,Swansea City,Leicester City,1,2,0,GARRY MONK,4/2/2014,9/12/2015,109,0,0,0
11/1/2014,2014/2015,Swansea City,Everton,0,0,0,GARRY MONK,4/2/2014,9/12/2015,110,0,0,0
11/9/2014,2014/2015,Swansea City,Arsenal,1,2,1,GARRY MONK,4/2/2014,9/12/2015,111,0,0,0
11/22/2014,2014/2015,Swansea City,Manchester City,0,1,2,GARRY MONK,4/2/2014,9/12/2015,112,0,0,0
11/29/2014,2014/2015,Swansea City,Crystal Palace,1,1,1,GARRY MONK,4/2/2014,9/12/2015,113,0,0,0
12/2/2014,2014/2015,Swansea City,QPR,1,2,0,GARRY MONK,4/2/2014,9/12/2015,114,0,0,0
12/7/2014,2014/2015,Swansea City,West Ham,0,1,3,GARRY MONK,4/2/2014,9/12/2015,115,0,0,0
12/14/2014,2014/2015,Swansea City,Tottenham,1,1,2,GARRY MONK,4/2/2014,9/12/2015,116,0,0,0
12/20/2014,2014/2015,Swansea City,Hull City,0,1,0,GARRY MONK,4/2/2014,9/12/2015,117,0,0,0
12/26/2014,2014/2015,Swansea City,Aston Villa,1,1,0,GARRY MONK,4/2/2014,9/12/2015,118,0,0,0
12/29/2014,2014/2015,Swansea City,Liverpool,0,1,4,GARRY MONK,4/2/2014,9/12/2015,119,0,0,0
1/1/2015,2014/2015,Swansea City,QPR,0,1,1,GARRY MONK,4/2/2014,9/12/2015,120,0,0,0
1/10/2015,2014/2015,Swansea City,West Ham,1,1,1,GARRY MONK,4/2/2014,9/12/2015,121,0,0,0
1/17/2015,2014/2015,Swansea City,Chelsea,1,0,5,GARRY MONK,4/2/2014,9/12/2015,122,0,0,0
2/1/2015,2014/2015,Swansea City,Southampton,0,1,0,GARRY MONK,4/2/2014,9/12/2015,123,0,0,0
2/7/2015,2014/2015,Swansea City,Sunderland,1,1,1,GARRY MONK,4/2/2014,9/12/2015,124,0,0,0
2/11/2015,2014/2015,Swansea City,West Brom,0,0,2,GARRY MONK,4/2/2014,9/12/2015,125,0,0,0
2/21/2015,2014/2015,Swansea City,Manchester Utd,1,2,1,GARRY MONK,4/2/2014,9/12/2015,126,0,0,0
2/28/2015,2014/2015,Swansea City,Burnley,0,1,0,GARRY MONK,4/2/2014,9/12/2015,127,0,0,0
3/4/2015,2014/2015,Swansea City,Tottenham,0,2,3,GARRY MONK,4/2/2014,9/12/2015,128,0,0,0
3/16/2015,2014/2015,Swansea City,Liverpool,1,0,1,GARRY MONK,4/2/2014,9/12/2015,129,0,0,0
3/21/2015,2014/2015,Swansea City,Aston Villa,0,1,0,GARRY MONK,4/2/2014,9/12/2015,130,0,0,0
4/4/2015,2014/2015,Swansea City,Hull City,1,3,1,GARRY MONK,4/2/2014,9/12/2015,131,0,0,0
4/11/2015,2014/2015,Swansea City,Everton,1,1,1,GARRY MONK,4/2/2014,9/12/2015,132,0,0,0
4/18/2015,2014/2015,Swansea City,Leicester City,0,0,2,GARRY MONK,4/2/2014,9/12/2015,133,0,0,0
4/25/2015,2014/2015,Swansea City,Newcastle Utd,0,3,2,GARRY MONK,4/2/2014,9/12/2015,134,0,0,0
5/2/2015,2014/2015,Swansea City,Stoke City,1,2,0,GARRY MONK,4/2/2014,9/12/2015,135,0,0,0
5/11/2015,2014/2015,Swansea City,Arsenal,0,1,0,GARRY MONK,4/2/2014,9/12/2015,136,0,0,0
5/17/2015,2014/2015,Swansea City,Manchester City,1,2,4,GARRY MONK,4/2/2014,9/12/2015,137,0,0,0
5/24/2015,2014/2015,Swansea City,Crystal Palace,0,0,1,GARRY MONK,4/2/2014,9/12/2015,138,0,0,0
8/8/2015,2015/2016,Swansea City,Chelsea,0,2,2,GARRY MONK,4/2/2014,9/12/2015,139,0,0,0
8/15/2015,2015/2016,Swansea City,Newcastle Utd,1,2,0,GARRY MONK,4/2/2014,9/12/2015,140,0,0,0
8/22/2015,2015/2016,Swansea City,Sunderland,0,1,1,GARRY MONK,4/2/2014,9/12/2015,141,0,0,0
8/30/2015,2015/2016,Swansea City,Manchester Utd,1,2,1,GARRY MONK,4/2/2014,9/12/2015,142,0,0,0
9/12/2015,2015/2016,Swansea City,Watford,0,0,1,GARRY MONK,4/2/2014,9/12/2015,143,0,0,0
12/23/2017,2017/2018,Swansea City,Crystal Palace,1,1,1,LEON BRITTON,12/21/2017,1/1/2100,1,1,0,0
12/26/2017,2017/2018,Swansea City,Liverpool,0,0,5,LEON BRITTON,12/21/2017,1/1/2100,2,1,0,0
4/2/2017,2016/2017,Swansea City,Middlesbrough,1,0,0,PAUL CLEMENT,4/1/2017,1/1/2100,1,1,0,0
4/5/2017,2016/2017,Swansea City,Tottenham,1,1,3,PAUL CLEMENT,4/1/2017,1/1/2100,2,1,0,0
4/8/2017,2016/2017,Swansea City,West Ham,0,0,1,PAUL CLEMENT,4/1/2017,1/1/2100,3,1,0,0
4/15/2017,2016/2017,Swansea City,Watford,0,0,1,PAUL CLEMENT,4/1/2017,1/1/2100,4,0,1,0
4/22/2017,2016/2017,Swansea City,Stoke City,1,2,0,PAUL CLEMENT,4/1/2017,1/1/2100,5,0,1,0
4/30/2017,2016/2017,Swansea City,Manchester Utd,0,1,1,PAUL CLEMENT,4/1/2017,1/1/2100,6,0,1,0
5/6/2017,2016/2017,Swansea City,Everton,1,1,0,PAUL CLEMENT,4/1/2017,1/1/2100,7,0,0,1
5/13/2017,2016/2017,Swansea City,Sunderland,0,2,0,PAUL CLEMENT,4/1/2017,1/1/2100,8,0,0,1
5/21/2017,2016/2017,Swansea City,West Brom,1,2,1,PAUL CLEMENT,4/1/2017,1/1/2100,9,0,0,1
8/12/2017,2017/2018,Swansea City,Southampton,0,0,0,PAUL CLEMENT,4/1/2017,1/1/2100,10,0,0,1
8/19/2017,2017/2018,Swansea City,Manchester Utd,1,0,4,PAUL CLEMENT,4/1/2017,1/1/2100,11,0,0,0
8/26/2017,2017/2018,Swansea City,Crystal Palace,0,2,0,PAUL CLEMENT,4/1/2017,1/1/2100,12,0,0,0
9/10/2017,2017/2018,Swansea City,Newcastle Utd,1,0,1,PAUL CLEMENT,4/1/2017,1/1/2100,13,0,0,0
9/16/2017,2017/2018,Swansea City,Tottenham,0,0,0,PAUL CLEMENT,4/1/2017,1/1/2100,14,0,0,0
9/23/2017,2017/2018,Swansea City,Watford,1,1,2,PAUL CLEMENT,4/1/2017,1/1/2100,15,0,0,0
9/30/2017,2017/2018,Swansea City,West Ham,0,0,1,PAUL CLEMENT,4/1/2017,1/1/2100,16,0,0,0
10/14/2017,2017/2018,Swansea City,Huddersfield,1,2,0,PAUL CLEMENT,4/1/2017,1/1/2100,17,0,0,0
10/21/2017,2017/2018,Swansea City,Leicester City,1,1,2,PAUL CLEMENT,4/1/2017,1/1/2100,18,0,0,0
10/28/2017,2017/2018,Swansea City,Arsenal,0,1,2,PAUL CLEMENT,4/1/2017,1/1/2100,19,0,0,0
11/4/2017,2017/2018,Swansea City,Brighton,1,0,1,PAUL CLEMENT,4/1/2017,1/1/2100,20,0,0,0
11/18/2017,2017/2018,Swansea City,Burnley,0,0,2,PAUL CLEMENT,4/1/2017,1/1/2100,21,0,0,0
11/25/2017,2017/2018,Swansea City,Bournemouth,1,0,0,PAUL CLEMENT,4/1/2017,1/1/2100,22,0,0,0
11/29/2017,2017/2018,Swansea City,Chelsea,0,0,1,PAUL CLEMENT,4/1/2017,1/1/2100,23,0,0,0
12/2/2017,2017/2018,Swansea City,Stoke City,0,1,2,PAUL CLEMENT,4/1/2017,1/1/2100,24,0,0,0
12/9/2017,2017/2018,Swansea City,West Brom,1,1,0,PAUL CLEMENT,4/1/2017,1/1/2100,25,0,0,0
12/13/2017,2017/2018,Swansea City,Manchester City,1,0,4,PAUL CLEMENT,4/1/2017,1/1/2100,26,0,0,0
12/18/2017,2017/2018,Swansea City,Everton,0,1,3,PAUL CLEMENT,4/1/2017,1/1/2100,27,0,0,0
1/15/2023,2022/2023,Tottenham,Arsenal,1,0,2,ANGE POSTECOGLOU,1/7/2023,6/6/2025,1,1,0,0
1/19/2023,2022/2023,Tottenham,Manchester City,0,2,4,ANGE POSTECOGLOU,1/7/2023,6/6/2025,2,1,0,0
1/23/2023,2022/2023,Tottenham,Fulham,0,1,0,ANGE POSTECOGLOU,1/7/2023,6/6/2025,3,1,0,0
2/5/2023,2022/2023,Tottenham,Manchester City,1,1,0,ANGE POSTECOGLOU,1/7/2023,6/6/2025,4,0,1,0
2/11/2023,2022/2023,Tottenham,Leicester City,0,1,4,ANGE POSTECOGLOU,1/7/2023,6/6/2025,5,0,1,0
2/19/2023,2022/2023,Tottenham,West Ham,1,2,0,ANGE POSTECOGLOU,1/7/2023,6/6/2025,6,0,1,0
2/26/2023,2022/2023,Tottenham,Chelsea,1,2,0,ANGE POSTECOGLOU,1/7/2023,6/6/2025,7,0,0,1
3/4/2023,2022/2023,Tottenham,Wolves,0,0,1,ANGE POSTECOGLOU,1/7/2023,6/6/2025,8,0,0,1
3/11/2023,2022/2023,Tottenham,Nott'ham Forest,1,3,1,ANGE POSTECOGLOU,1/7/2023,6/6/2025,9,0,0,1
3/18/2023,2022/2023,Tottenham,Southampton,0,3,3,ANGE POSTECOGLOU,1/7/2023,6/6/2025,10,0,0,1
2/13/2021,2020/2021,Tottenham,Manchester City,0,0,3,ANTONIO CONTE,2/11/2021,1/1/2100,1,1,0,0
2/21/2021,2020/2021,Tottenham,West Ham,0,1,2,ANTONIO CONTE,2/11/2021,1/1/2100,2,1,0,0
2/28/2021,2020/2021,Tottenham,Burnley,1,4,0,ANTONIO CONTE,2/11/2021,1/1/2100,3,1,0,0
3/4/2021,2020/2021,Tottenham,Fulham,0,1,0,ANTONIO CONTE,2/11/2021,1/1/2100,4,0,1,0
3/7/2021,2020/2021,Tottenham,Crystal Palace,1,4,1,ANTONIO CONTE,2/11/2021,1/1/2100,5,0,1,0
3/14/2021,2020/2021,Tottenham,Arsenal,0,1,2,ANTONIO CONTE,2/11/2021,1/1/2100,6,0,1,0
3/21/2021,2020/2021,Tottenham,Aston Villa,0,2,0,ANTONIO CONTE,2/11/2021,1/1/2100,7,0,0,1
4/4/2021,2020/2021,Tottenham,Newcastle Utd,0,2,2,ANTONIO CONTE,2/11/2021,1/1/2100,8,0,0,1
4/11/2021,2020/2021,Tottenham,Manchester Utd,1,1,3,ANTONIO CONTE,2/11/2021,1/1/2100,9,0,0,1
4/16/2021,2020/2021,Tottenham,Everton,0,2,2,ANTONIO CONTE,2/11/2021,1/1/2100,10,0,0,1
4/3/2023,2022/2023,Tottenham,Everton,0,1,1,CRISTAIN STELLINI,3/26/2023,1/1/2100,1,1,0,0
4/8/2023,2022/2023,Tottenham,Brighton,1,2,1,CRISTAIN STELLINI,3/26/2023,1/1/2100,2,1,0,0
4/15/2023,2022/2023,Tottenham,Bournemouth,1,2,3,CRISTAIN STELLINI,3/26/2023,1/1/2100,3,1,0,0
4/23/2023,2022/2023,Tottenham,Newcastle Utd,0,1,6,CRISTAIN STELLINI,3/26/2023,1/1/2100,4,0,1,0
11/23/2019,2019/2020,Tottenham,West Ham,0,3,2,JOSE MOURINHO,11/20/2019,1/1/2100,1,1,0,0
11/30/2019,2019/2020,Tottenham,Bournemouth,1,3,2,JOSE MOURINHO,11/20/2019,1/1/2100,2,1,0,0
12/4/2019,2019/2020,Tottenham,Manchester Utd,0,1,2,JOSE MOURINHO,11/20/2019,1/1/2100,3,1,0,0
12/7/2019,2019/2020,Tottenham,Burnley,1,5,0,JOSE MOURINHO,11/20/2019,1/1/2100,4,0,1,0
12/15/2019,2019/2020,Tottenham,Wolves,0,2,1,JOSE MOURINHO,11/20/2019,1/1/2100,5,0,1,0
12/22/2019,2019/2020,Tottenham,Chelsea,1,0,2,JOSE MOURINHO,11/20/2019,1/1/2100,6,0,1,0
12/26/2019,2019/2020,Tottenham,Brighton,1,2,1,JOSE MOURINHO,11/20/2019,1/1/2100,7,0,0,1
12/28/2019,2019/2020,Tottenham,Norwich City,0,2,2,JOSE MOURINHO,11/20/2019,1/1/2100,8,0,0,1
1/1/2020,2019/2020,Tottenham,Southampton,0,0,1,JOSE MOURINHO,11/20/2019,1/1/2100,9,0,0,1
1/11/2020,2019/2020,Tottenham,Liverpool,1,0,1,JOSE MOURINHO,11/20/2019,1/1/2100,10,0,0,1
1/18/2020,2019/2020,Tottenham,Watford,0,0,0,JOSE MOURINHO,11/20/2019,1/1/2100,11,0,0,0
1/22/2020,2019/2020,Tottenham,Norwich City,1,2,1,JOSE MOURINHO,11/20/2019,1/1/2100,12,0,0,0
2/2/2020,2019/2020,Tottenham,Manchester City,1,2,0,JOSE MOURINHO,11/20/2019,1/1/2100,13,0,0,0
2/16/2020,2019/2020,Tottenham,Aston Villa,0,3,2,JOSE MOURINHO,11/20/2019,1/1/2100,14,0,0,0
2/22/2020,2019/2020,Tottenham,Chelsea,0,1,2,JOSE MOURINHO,11/20/2019,1/1/2100,15,0,0,0
3/1/2020,2019/2020,Tottenham,Wolves,1,2,3,JOSE MOURINHO,11/20/2019,1/1/2100,16,0,0,0
3/7/2020,2019/2020,Tottenham,Burnley,0,1,1,JOSE MOURINHO,11/20/2019,1/1/2100,17,0,0,0
6/19/2020,2019/2020,Tottenham,Manchester Utd,1,1,1,JOSE MOURINHO,11/20/2019,1/1/2100,18,0,0,0
6/23/2020,2019/2020,Tottenham,West Ham,1,2,0,JOSE MOURINHO,11/20/2019,1/1/2100,19,0,0,0
7/2/2020,2019/2020,Tottenham,Sheffield Utd,0,1,3,JOSE MOURINHO,11/20/2019,1/1/2100,20,0,0,0
7/6/2020,2019/2020,Tottenham,Everton,1,1,0,JOSE MOURINHO,11/20/2019,1/1/2100,21,0,0,0
7/9/2020,2019/2020,Tottenham,Bournemouth,0,0,0,JOSE MOURINHO,11/20/2019,1/1/2100,22,0,0,0
7/12/2020,2019/2020,Tottenham,Arsenal,1,2,1,JOSE MOURINHO,11/20/2019,1/1/2100,23,0,0,0
7/15/2020,2019/2020,Tottenham,Newcastle Utd,0,3,1,JOSE MOURINHO,11/20/2019,1/1/2100,24,0,0,0
7/19/2020,2019/2020,Tottenham,Leicester City,1,3,0,JOSE MOURINHO,11/20/2019,1/1/2100,25,0,0,0
7/26/2020,2019/2020,Tottenham,Crystal Palace,0,1,1,JOSE MOURINHO,11/20/2019,1/1/2100,26,0,0,0
9/13/2020,2020/2021,Tottenham,Everton,1,0,1,JOSE MOURINHO,11/20/2019,1/1/2100,27,0,0,0
9/20/2020,2020/2021,Tottenham,Southampton,0,5,2,JOSE MOURINHO,11/20/2019,1/1/2100,28,0,0,0
9/27/2020,2020/2021,Tottenham,Newcastle Utd,1,1,1,JOSE MOURINHO,11/20/2019,1/1/2100,29,0,0,0
10/4/2020,2020/2021,Tottenham,Manchester Utd,0,6,1,JOSE MOURINHO,11/20/2019,1/1/2100,30,0,0,0
10/18/2020,2020/2021,Tottenham,West Ham,1,3,3,JOSE MOURINHO,11/20/2019,1/1/2100,31,0,0,0
10/26/2020,2020/2021,Tottenham,Burnley,0,1,0,JOSE MOURINHO,11/20/2019,1/1/2100,32,0,0,0
11/1/2020,2020/2021,Tottenham,Brighton,1,2,1,JOSE MOURINHO,11/20/2019,1/1/2100,33,0,0,0
11/8/2020,2020/2021,Tottenham,West Brom,0,1,0,JOSE MOURINHO,11/20/2019,1/1/2100,34,0,0,0
11/21/2020,2020/2021,Tottenham,Manchester City,1,2,0,JOSE MOURINHO,11/20/2019,1/1/2100,35,0,0,0
11/29/2020,2020/2021,Tottenham,Chelsea,0,0,0,JOSE MOURINHO,11/20/2019,1/1/2100,36,0,0,0
12/6/2020,2020/2021,Tottenham,Arsenal,1,2,0,JOSE MOURINHO,11/20/2019,1/1/2100,37,0,0,0
12/13/2020,2020/2021,Tottenham,Crystal Palace,0,1,1,JOSE MOURINHO,11/20/2019,1/1/2100,38,0,0,0
12/16/2020,2020/2021,Tottenham,Liverpool,0,1,2,JOSE MOURINHO,11/20/2019,1/1/2100,39,0,0,0
12/20/2020,2020/2021,Tottenham,Leicester City,1,0,2,JOSE MOURINHO,11/20/2019,1/1/2100,40,0,0,0
12/27/2020,2020/2021,Tottenham,Wolves,0,1,1,JOSE MOURINHO,11/20/2019,1/1/2100,41,0,0,0
1/2/2021,2020/2021,Tottenham,Leeds United,1,3,0,JOSE MOURINHO,11/20/2019,1/1/2100,42,0,0,0
1/13/2021,2020/2021,Tottenham,Fulham,1,1,1,JOSE MOURINHO,11/20/2019,1/1/2100,43,0,0,0
1/17/2021,2020/2021,Tottenham,Sheffield Utd,0,3,1,JOSE MOURINHO,11/20/2019,1/1/2100,44,0,0,0
1/28/2021,2020/2021,Tottenham,Liverpool,1,1,3,JOSE MOURINHO,11/20/2019,1/1/2100,45,0,0,0
1/31/2021,2020/2021,Tottenham,Brighton,0,0,1,JOSE MOURINHO,11/20/2019,1/1/2100,46,0,0,0
2/4/2021,2020/2021,Tottenham,Chelsea,1,0,1,JOSE MOURINHO,11/20/2019,1/1/2100,47,0,0,0
2/7/2021,2020/2021,Tottenham,West Brom,1,2,0,JOSE MOURINHO,11/20/2019,1/1/2100,48,0,0,0
8/16/2014,2014/2015,Tottenham,West Ham,0,1,0,MAURICIO POCHETTINO,1/7/2014,1/1/2100,101,0,0,0
8/24/2014,2014/2015,Tottenham,QPR,1,4,0,MAURICIO POCHETTINO,1/7/2014,1/1/2100,102,0,0,0
8/31/2014,2014/2015,Tottenham,Liverpool,1,0,3,MAURICIO POCHETTINO,1/7/2014,1/1/2100,103,0,0,0
9/13/2014,2014/2015,Tottenham,Sunderland,0,2,2,MAURICIO POCHETTINO,1/7/2014,1/1/2100,104,0,0,0
9/21/2014,2014/2015,Tottenham,West Brom,1,0,1,MAURICIO POCHETTINO,1/7/2014,1/1/2100,105,0,0,0
9/27/2014,2014/2015,Tottenham,Arsenal,0,1,1,MAURICIO POCHETTINO,1/7/2014,1/1/2100,106,0,0,0
10/5/2014,2014/2015,Tottenham,Southampton,1,1,0,MAURICIO POCHETTINO,1/7/2014,1/1/2100,107,0,0,0
10/18/2014,2014/2015,Tottenham,Manchester City,0,1,4,MAURICIO POCHETTINO,1/7/2014,1/1/2100,108,0,0,0
10/26/2014,2014/2015,Tottenham,Newcastle Utd,1,1,2,MAURICIO POCHETTINO,1/7/2014,1/1/2100,109,0,0,0
11/2/2014,2014/2015,Tottenham,Aston Villa,0,2,1,MAURICIO POCHETTINO,1/7/2014,1/1/2100,110,0,0,0
11/9/2014,2014/2015,Tottenham,Stoke City,1,1,2,MAURICIO POCHETTINO,1/7/2014,1/1/2100,111,0,0,0
11/23/2014,2014/2015,Tottenham,Hull City,0,2,1,MAURICIO POCHETTINO,1/7/2014,1/1/2100,112,0,0,0
11/30/2014,2014/2015,Tottenham,Everton,1,2,1,MAURICIO POCHETTINO,1/7/2014,1/1/2100,113,0,0,0
12/3/2014,2014/2015,Tottenham,Chelsea,0,0,3,MAURICIO POCHETTINO,1/7/2014,1/1/2100,114,0,0,0
12/6/2014,2014/2015,Tottenham,Crystal Palace,1,0,0,MAURICIO POCHETTINO,1/7/2014,1/1/2100,115,0,0,0
12/14/2014,2014/2015,Tottenham,Swansea City,0,2,1,MAURICIO POCHETTINO,1/7/2014,1/1/2100,116,0,0,0
12/20/2014,2014/2015,Tottenham,Burnley,1,2,1,MAURICIO POCHETTINO,1/7/2014,1/1/2100,117,0,0,0
12/26/2014,2014/2015,Tottenham,Leicester City,0,2,1,MAURICIO POCHETTINO,1/7/2014,1/1/2100,118,0,0,0
12/28/2014,2014/2015,Tottenham,Manchester Utd,1,0,0,MAURICIO POCHETTINO,1/7/2014,1/1/2100,119,0,0,0
1/1/2015,2014/2015,Tottenham,Chelsea,1,5,3,MAURICIO POCHETTINO,1/7/2014,1/1/2100,120,0,0,0
1/10/2015,2014/2015,Tottenham,Crystal Palace,0,1,2,MAURICIO POCHETTINO,1/7/2014,1/1/2100,121,0,0,0
1/17/2015,2014/2015,Tottenham,Sunderland,1,2,1,MAURICIO POCHETTINO,1/7/2014,1/1/2100,122,0,0,0
1/31/2015,2014/2015,Tottenham,West Brom,0,3,0,MAURICIO POCHETTINO,1/7/2014,1/1/2100,123,0,0,0
2/7/2015,2014/2015,Tottenham,Arsenal,1,2,1,MAURICIO POCHETTINO,1/7/2014,1/1/2100,124,0,0,0
2/10/2015,2014/2015,Tottenham,Liverpool,0,2,3,MAURICIO POCHETTINO,1/7/2014,1/1/2100,125,0,0,0
2/22/2015,2014/2015,Tottenham,West Ham,1,2,2,MAURICIO POCHETTINO,1/7/2014,1/1/2100,126,0,0,0
3/4/2015,2014/2015,Tottenham,Swansea City,1,3,2,MAURICIO POCHETTINO,1/7/2014,1/1/2100,127,0,0,0
3/7/2015,2014/2015,Tottenham,QPR,0,2,1,MAURICIO POCHETTINO,1/7/2014,1/1/2100,128,0,0,0
3/15/2015,2014/2015,Tottenham,Manchester Utd,0,0,3,MAURICIO POCHETTINO,1/7/2014,1/1/2100,129,0,0,0
3/21/2015,2014/2015,Tottenham,Leicester City,1,4,3,MAURICIO POCHETTINO,1/7/2014,1/1/2100,130,0,0,0
4/5/2015,2014/2015,Tottenham,Burnley,0,0,0,MAURICIO POCHETTINO,1/7/2014,1/1/2100,131,0,0,0
4/11/2015,2014/2015,Tottenham,Aston Villa,1,0,1,MAURICIO POCHETTINO,1/7/2014,1/1/2100,132,0,0,0
4/19/2015,2014/2015,Tottenham,Newcastle Utd,0,3,1,MAURICIO POCHETTINO,1/7/2014,1/1/2100,133,0,0,0
4/25/2015,2014/2015,Tottenham,Southampton,0,2,2,MAURICIO POCHETTINO,1/7/2014,1/1/2100,134,0,0,0
5/3/2015,2014/2015,Tottenham,Manchester City,1,0,1,MAURICIO POCHETTINO,1/7/2014,1/1/2100,135,0,0,0
5/9/2015,2014/2015,Tottenham,Stoke City,0,0,3,MAURICIO POCHETTINO,1/7/2014,1/1/2100,136,0,0,0
5/16/2015,2014/2015,Tottenham,Hull City,1,2,0,MAURICIO POCHETTINO,1/7/2014,1/1/2100,137,0,0,0
5/24/2015,2014/2015,Tottenham,Everton,0,1,0,MAURICIO POCHETTINO,1/7/2014,1/1/2100,138,0,0,0
8/8/2015,2015/2016,Tottenham,Manchester Utd,0,0,1,MAURICIO POCHETTINO,1/7/2014,1/1/2100,139,0,0,0
8/15/2015,2015/2016,Tottenham,Stoke City,1,2,2,MAURICIO POCHETTINO,1/7/2014,1/1/2100,140,0,0,0
8/22/2015,2015/2016,Tottenham,Leicester City,0,1,1,MAURICIO POCHETTINO,1/7/2014,1/1/2100,141,0,0,0
8/29/2015,2015/2016,Tottenham,Everton,1,0,0,MAURICIO POCHETTINO,1/7/2014,1/1/2100,142,0,0,0
9/13/2015,2015/2016,Tottenham,Sunderland,0,1,0,MAURICIO POCHETTINO,1/7/2014,1/1/2100,143,0,0,0
9/20/2015,2015/2016,Tottenham,Crystal Palace,1,1,0,MAURICIO POCHETTINO,1/7/2014,1/1/2100,144,0,0,0
9/26/2015,2015/2016,Tottenham,Manchester City,1,4,1,MAURICIO POCHETTINO,1/7/2014,1/1/2100,145,0,0,0
10/4/2015,2015/2016,Tottenham,Swansea City,0,2,2,MAURICIO POCHETTINO,1/7/2014,1/1/2100,146,0,0,0
10/17/2015,2015/2016,Tottenham,Liverpool,1,0,0,MAURICIO POCHETTINO,1/7/2014,1/1/2100,147,0,0,0
10/25/2015,2015/2016,Tottenham,Bournemouth,0,5,1,MAURICIO POCHETTINO,1/7/2014,1/1/2100,148,0,0,0
11/2/2015,2015/2016,Tottenham,Aston Villa,1,3,1,MAURICIO POCHETTINO,1/7/2014,1/1/2100,149,0,0,0
11/8/2015,2015/2016,Tottenham,Arsenal,0,1,1,MAURICIO POCHETTINO,1/7/2014,1/1/2100,150,0,0,0
11/22/2015,2015/2016,Tottenham,West Ham,1,4,1,MAURICIO POCHETTINO,1/7/2014,1/1/2100,151,0,0,0
11/29/2015,2015/2016,Tottenham,Chelsea,1,0,0,MAURICIO POCHETTINO,1/7/2014,1/1/2100,152,0,0,0
12/5/2015,2015/2016,Tottenham,West Brom,0,1,1,MAURICIO POCHETTINO,1/7/2014,1/1/2100,153,0,0,0
12/13/2015,2015/2016,Tottenham,Newcastle Utd,1,1,2,MAURICIO POCHETTINO,1/7/2014,1/1/2100,154,0,0,0
12/19/2015,2015/2016,Tottenham,Southampton,0,2,0,MAURICIO POCHETTINO,1/7/2014,1/1/2100,155,0,0,0
12/26/2015,2015/2016,Tottenham,Norwich City,1,3,0,MAURICIO POCHETTINO,1/7/2014,1/1/2100,156,0,0,0
12/28/2015,2015/2016,Tottenham,Watford,0,2,1,MAURICIO POCHETTINO,1/7/2014,1/1/2100,157,0,0,0
1/3/2016,2015/2016,Tottenham,Everton,0,1,1,MAURICIO POCHETTINO,1/7/2014,1/1/2100,158,0,0,0
1/13/2016,2015/2016,Tottenham,Leicester City,1,0,1,MAURICIO POCHETTINO,1/7/2014,1/1/2100,159,0,0,0
1/16/2016,2015/2016,Tottenham,Sunderland,1,4,1,MAURICIO POCHETTINO,1/7/2014,1/1/2100,160,0,0,0
1/23/2016,2015/2016,Tottenham,Crystal Palace,0,3,1,MAURICIO POCHETTINO,1/7/2014,1/1/2100,161,0,0,0
2/2/2016,2015/2016,Tottenham,Norwich City,0,3,0,MAURICIO POCHETTINO,1/7/2014,1/1/2100,162,0,0,0
2/6/2016,2015/2016,Tottenham,Watford,1,1,0,MAURICIO POCHETTINO,1/7/2014,1/1/2100,163,0,0,0
2/14/2016,2015/2016,Tottenham,Manchester City,0,2,1,MAURICIO POCHETTINO,1/7/2014,1/1/2100,164,0,0,0
2/28/2016,2015/2016,Tottenham,Swansea City,1,2,1,MAURICIO POCHETTINO,1/7/2014,1/1/2100,165,0,0,0
3/2/2016,2015/2016,Tottenham,West Ham,0,0,1,MAURICIO POCHETTINO,1/7/2014,1/1/2100,166,0,0,0
3/5/2016,2015/2016,Tottenham,Arsenal,1,2,2,MAURICIO POCHETTINO,1/7/2014,1/1/2100,167,0,0,0
3/13/2016,2015/2016,Tottenham,Aston Villa,0,2,0,MAURICIO POCHETTINO,1/7/2014,1/1/2100,168,0,0,0
3/20/2016,2015/2016,Tottenham,Bournemouth,1,3,0,MAURICIO POCHETTINO,1/7/2014,1/1/2100,169,0,0,0
4/2/2016,2015/2016,Tottenham,Liverpool,0,1,1,MAURICIO POCHETTINO,1/7/2014,1/1/2100,170,0,0,0
4/10/2016,2015/2016,Tottenham,Manchester Utd,1,3,0,MAURICIO POCHETTINO,1/7/2014,1/1/2100,171,0,0,0
4/18/2016,2015/2016,Tottenham,Stoke City,0,4,0,MAURICIO POCHETTINO,1/7/2014,1/1/2100,172,0,0,0
4/25/2016,2015/2016,Tottenham,West Brom,1,1,1,MAURICIO POCHETTINO,1/7/2014,1/1/2100,173,0,0,0
5/2/2016,2015/2016,Tottenham,Chelsea,0,2,2,MAURICIO POCHETTINO,1/7/2014,1/1/2100,174,0,0,0
5/8/2016,2015/2016,Tottenham,Southampton,1,1,2,MAURICIO POCHETTINO,1/7/2014,1/1/2100,175,0,0,0
5/15/2016,2015/2016,Tottenham,Newcastle Utd,0,1,5,MAURICIO POCHETTINO,1/7/2014,1/1/2100,176,0,0,0
8/13/2016,2016/2017,Tottenham,Everton,0,1,1,MAURICIO POCHETTINO,1/7/2014,1/1/2100,177,0,0,0
8/20/2016,2016/2017,Tottenham,Crystal Palace,1,1,0,MAURICIO POCHETTINO,1/7/2014,1/1/2100,178,0,0,0
8/27/2016,2016/2017,Tottenham,Liverpool,1,1,1,MAURICIO POCHETTINO,1/7/2014,1/1/2100,179,0,0,0
9/10/2016,2016/2017,Tottenham,Stoke City,0,4,0,MAURICIO POCHETTINO,1/7/2014,1/1/2100,180,0,0,0
9/18/2016,2016/2017,Tottenham,Sunderland,1,1,0,MAURICIO POCHETTINO,1/7/2014,1/1/2100,181,0,0,0
9/24/2016,2016/2017,Tottenham,Middlesbrough,0,2,1,MAURICIO POCHETTINO,1/7/2014,1/1/2100,182,0,0,0
10/2/2016,2016/2017,Tottenham,Manchester City,1,2,0,MAURICIO POCHETTINO,1/7/2014,1/1/2100,183,0,0,0
10/15/2016,2016/2017,Tottenham,West Brom,0,1,1,MAURICIO POCHETTINO,1/7/2014,1/1/2100,184,0,0,0
10/22/2016,2016/2017,Tottenham,Bournemouth,0,0,0,MAURICIO POCHETTINO,1/7/2014,1/1/2100,185,0,0,0
10/29/2016,2016/2017,Tottenham,Leicester City,1,1,1,MAURICIO POCHETTINO,1/7/2014,1/1/2100,186,0,0,0
11/6/2016,2016/2017,Tottenham,Arsenal,0,1,1,MAURICIO POCHETTINO,1/7/2014,1/1/2100,187,0,0,0
11/19/2016,2016/2017,Tottenham,West Ham,1,3,2,MAURICIO POCHETTINO,1/7/2014,1/1/2100,188,0,0,0
11/26/2016,2016/2017,Tottenham,Chelsea,0,1,2,MAURICIO POCHETTINO,1/7/2014,1/1/2100,189,0,0,0
12/3/2016,2016/2017,Tottenham,Swansea City,1,5,0,MAURICIO POCHETTINO,1/7/2014,1/1/2100,190,0,0,0
12/11/2016,2016/2017,Tottenham,Manchester Utd,0,0,1,MAURICIO POCHETTINO,1/7/2014,1/1/2100,191,0,0,0
12/14/2016,2016/2017,Tottenham,Hull City,1,3,0,MAURICIO POCHETTINO,1/7/2014,1/1/2100,192,0,0,0
12/18/2016,2016/2017,Tottenham,Burnley,1,2,1,MAURICIO POCHETTINO,1/7/2014,1/1/2100,193,0,0,0
12/28/2016,2016/2017,Tottenham,Southampton,0,4,1,MAURICIO POCHETTINO,1/7/2014,1/1/2100,194,0,0,0
1/1/2017,2016/2017,Tottenham,Watford,0,4,1,MAURICIO POCHETTINO,1/7/2014,1/1/2100,195,0,0,0
1/4/2017,2016/2017,Tottenham,Chelsea,1,2,0,MAURICIO POCHETTINO,1/7/2014,1/1/2100,196,0,0,0
1/14/2017,2016/2017,Tottenham,West Brom,1,4,0,MAURICIO POCHETTINO,1/7/2014,1/1/2100,197,0,0,0
1/21/2017,2016/2017,Tottenham,Manchester City,0,2,2,MAURICIO POCHETTINO,1/7/2014,1/1/2100,198,0,0,0
1/31/2017,2016/2017,Tottenham,Sunderland,0,0,0,MAURICIO POCHETTINO,1/7/2014,1/1/2100,199,0,0,0
2/4/2017,2016/2017,Tottenham,Middlesbrough,1,1,0,MAURICIO POCHETTINO,1/7/2014,1/1/2100,200,0,0,0
2/11/2017,2016/2017,Tottenham,Liverpool,0,0,2,MAURICIO POCHETTINO,1/7/2014,1/1/2100,201,0,0,0
2/26/2017,2016/2017,Tottenham,Stoke City,1,4,0,MAURICIO POCHETTINO,1/7/2014,1/1/2100,202,0,0,0
3/5/2017,2016/2017,Tottenham,Everton,1,3,2,MAURICIO POCHETTINO,1/7/2014,1/1/2100,203,0,0,0
3/19/2017,2016/2017,Tottenham,Southampton,1,2,1,MAURICIO POCHETTINO,1/7/2014,1/1/2100,204,0,0,0
4/1/2017,2016/2017,Tottenham,Burnley,0,2,0,MAURICIO POCHETTINO,1/7/2014,1/1/2100,205,0,0,0
4/5/2017,2016/2017,Tottenham,Swansea City,0,3,1,MAURICIO POCHETTINO,1/7/2014,1/1/2100,206,0,0,0
4/8/2017,2016/2017,Tottenham,Watford,1,4,0,MAURICIO POCHETTINO,1/7/2014,1/1/2100,207,0,0,0
4/15/2017,2016/2017,Tottenham,Bournemouth,1,4,0,MAURICIO POCHETTINO,1/7/2014,1/1/2100,208,0,0,0
4/26/2017,2016/2017,Tottenham,Crystal Palace,0,1,0,MAURICIO POCHETTINO,1/7/2014,1/1/2100,209,0,0,0
4/30/2017,2016/2017,Tottenham,Arsenal,1,2,0,MAURICIO POCHETTINO,1/7/2014,1/1/2100,210,0,0,0
5/5/2017,2016/2017,Tottenham,West Ham,0,0,1,MAURICIO POCHETTINO,1/7/2014,1/1/2100,211,0,0,0
5/14/2017,2016/2017,Tottenham,Manchester Utd,1,2,1,MAURICIO POCHETTINO,1/7/2014,1/1/2100,212,0,0,0
5/18/2017,2016/2017,Tottenham,Leicester City,0,6,1,MAURICIO POCHETTINO,1/7/2014,1/1/2100,213,0,0,0
5/21/2017,2016/2017,Tottenham,Hull City,0,7,1,MAURICIO POCHETTINO,1/7/2014,1/1/2100,214,0,0,0
8/13/2017,2017/2018,Tottenham,Newcastle Utd,0,2,0,MAURICIO POCHETTINO,1/7/2014,1/1/2100,215,0,0,0
8/20/2017,2017/2018,Tottenham,Chelsea,1,1,2,MAURICIO POCHETTINO,1/7/2014,1/1/2100,216,0,0,0
8/27/2017,2017/2018,Tottenham,Burnley,1,1,1,MAURICIO POCHETTINO,1/7/2014,1/1/2100,217,0,0,0
9/9/2017,2017/2018,Tottenham,Everton,0,3,0,MAURICIO POCHETTINO,1/7/2014,1/1/2100,218,0,0,0
9/16/2017,2017/2018,Tottenham,Swansea City,1,0,0,MAURICIO POCHETTINO,1/7/2014,1/1/2100,219,0,0,0
9/23/2017,2017/2018,Tottenham,West Ham,0,3,2,MAURICIO POCHETTINO,1/7/2014,1/1/2100,220,0,0,0
9/30/2017,2017/2018,Tottenham,Huddersfield,0,4,0,MAURICIO POCHETTINO,1/7/2014,1/1/2100,221,0,0,0
10/14/2017,2017/2018,Tottenham,Bournemouth,1,1,0,MAURICIO POCHETTINO,1/7/2014,1/1/2100,222,0,0,0
10/22/2017,2017/2018,Tottenham,Liverpool,1,4,1,MAURICIO POCHETTINO,1/7/2014,1/1/2100,223,0,0,0
10/28/2017,2017/2018,Tottenham,Manchester Utd,0,0,1,MAURICIO POCHETTINO,1/7/2014,1/1/2100,224,0,0,0
11/5/2017,2017/2018,Tottenham,Crystal Palace,1,1,0,MAURICIO POCHETTINO,1/7/2014,1/1/2100,225,0,0,0
11/18/2017,2017/2018,Tottenham,Arsenal,0,0,2,MAURICIO POCHETTINO,1/7/2014,1/1/2100,226,0,0,0
11/25/2017,2017/2018,Tottenham,West Brom,1,1,1,MAURICIO POCHETTINO,1/7/2014,1/1/2100,227,0,0,0
11/28/2017,2017/2018,Tottenham,Leicester City,0,1,2,MAURICIO POCHETTINO,1/7/2014,1/1/2100,228,0,0,0
12/2/2017,2017/2018,Tottenham,Watford,0,1,1,MAURICIO POCHETTINO,1/7/2014,1/1/2100,229,0,0,0
12/9/2017,2017/2018,Tottenham,Stoke City,1,5,1,MAURICIO POCHETTINO,1/7/2014,1/1/2100,230,0,0,0
12/13/2017,2017/2018,Tottenham,Brighton,1,2,0,MAURICIO POCHETTINO,1/7/2014,1/1/2100,231,0,0,0
12/16/2017,2017/2018,Tottenham,Manchester City,0,1,4,MAURICIO POCHETTINO,1/7/2014,1/1/2100,232,0,0,0
12/23/2017,2017/2018,Tottenham,Burnley,0,3,0,MAURICIO POCHETTINO,1/7/2014,1/1/2100,233,0,0,0
12/26/2017,2017/2018,Tottenham,Southampton,1,5,2,MAURICIO POCHETTINO,1/7/2014,1/1/2100,234,0,0,0
1/2/2018,2017/2018,Tottenham,Swansea City,0,2,0,MAURICIO POCHETTINO,1/7/2014,1/1/2100,235,0,0,0
1/4/2018,2017/2018,Tottenham,West Ham,1,1,1,MAURICIO POCHETTINO,1/7/2014,1/1/2100,236,0,0,0
1/13/2018,2017/2018,Tottenham,Everton,1,4,0,MAURICIO POCHETTINO,1/7/2014,1/1/2100,237,0,0,0
1/21/2018,2017/2018,Tottenham,Southampton,0,1,1,MAURICIO POCHETTINO,1/7/2014,1/1/2100,238,0,0,0
1/31/2018,2017/2018,Tottenham,Manchester Utd,1,2,0,MAURICIO POCHETTINO,1/7/2014,1/1/2100,239,0,0,0
2/4/2018,2017/2018,Tottenham,Liverpool,0,2,2,MAURICIO POCHETTINO,1/7/2014,1/1/2100,240,0,0,0
2/10/2018,2017/2018,Tottenham,Arsenal,1,1,0,MAURICIO POCHETTINO,1/7/2014,1/1/2100,241,0,0,0
2/25/2018,2017/2018,Tottenham,Crystal Palace,0,1,0,MAURICIO POCHETTINO,1/7/2014,1/1/2100,242,0,0,0
3/3/2018,2017/2018,Tottenham,Huddersfield,1,2,0,MAURICIO POCHETTINO,1/7/2014,1/1/2100,243,0,0,0
3/11/2018,2017/2018,Tottenham,Bournemouth,0,4,1,MAURICIO POCHETTINO,1/7/2014,1/1/2100,244,0,0,0
4/1/2018,2017/2018,Tottenham,Chelsea,0,3,1,MAURICIO POCHETTINO,1/7/2014,1/1/2100,245,0,0,0
4/7/2018,2017/2018,Tottenham,Stoke City,0,2,1,MAURICIO POCHETTINO,1/7/2014,1/1/2100,246,0,0,0
4/14/2018,2017/2018,Tottenham,Manchester City,1,1,3,MAURICIO POCHETTINO,1/7/2014,1/1/2100,247,0,0,0
4/17/2018,2017/2018,Tottenham,Brighton,0,1,1,MAURICIO POCHETTINO,1/7/2014,1/1/2100,248,0,0,0
4/30/2018,2017/2018,Tottenham,Watford,1,2,0,MAURICIO POCHETTINO,1/7/2014,1/1/2100,249,0,0,0
5/5/2018,2017/2018,Tottenham,West Brom,0,0,1,MAURICIO POCHETTINO,1/7/2014,1/1/2100,250,0,0,0
5/9/2018,2017/2018,Tottenham,Newcastle Utd,1,1,0,MAURICIO POCHETTINO,1/7/2014,1/1/2100,251,0,0,0
5/13/2018,2017/2018,Tottenham,Leicester City,1,5,4,MAURICIO POCHETTINO,1/7/2014,1/1/2100,252,0,0,0
8/11/2018,2018/2019,Tottenham,Newcastle Utd,0,2,1,MAURICIO POCHETTINO,1/7/2014,1/1/2100,253,0,0,0
8/18/2018,2018/2019,Tottenham,Fulham,1,3,1,MAURICIO POCHETTINO,1/7/2014,1/1/2100,254,0,0,0
8/27/2018,2018/2019,Tottenham,Manchester Utd,0,3,0,MAURICIO POCHETTINO,1/7/2014,1/1/2100,255,0,0,0
9/2/2018,2018/2019,Tottenham,Watford,0,1,2,MAURICIO POCHETTINO,1/7/2014,1/1/2100,256,0,0,0
9/15/2018,2018/2019,Tottenham,Liverpool,1,1,2,MAURICIO POCHETTINO,1/7/2014,1/1/2100,257,0,0,0
9/22/2018,2018/2019,Tottenham,Brighton,0,2,1,MAURICIO POCHETTINO,1/7/2014,1/1/2100,258,0,0,0
9/29/2018,2018/2019,Tottenham,Huddersfield,0,2,0,MAURICIO POCHETTINO,1/7/2014,1/1/2100,259,0,0,0
10/6/2018,2018/2019,Tottenham,Cardiff City,1,1,0,MAURICIO POCHETTINO,1/7/2014,1/1/2100,260,0,0,0
10/20/2018,2018/2019,Tottenham,West Ham,0,1,0,MAURICIO POCHETTINO,1/7/2014,1/1/2100,261,0,0,0
10/29/2018,2018/2019,Tottenham,Manchester City,1,0,1,MAURICIO POCHETTINO,1/7/2014,1/1/2100,262,0,0,0
11/3/2018,2018/2019,Tottenham,Wolves,0,3,2,MAURICIO POCHETTINO,1/7/2014,1/1/2100,263,0,0,0
11/10/2018,2018/2019,Tottenham,Crystal Palace,0,1,0,MAURICIO POCHETTINO,1/7/2014,1/1/2100,264,0,0,0
11/24/2018,2018/2019,Tottenham,Chelsea,1,3,1,MAURICIO POCHETTINO,1/7/2014,1/1/2100,265,0,0,0
12/2/2018,2018/2019,Tottenham,Arsenal,0,2,4,MAURICIO POCHETTINO,1/7/2014,1/1/2100,266,0,0,0
12/5/2018,2018/2019,Tottenham,Southampton,1,3,1,MAURICIO POCHETTINO,1/7/2014,1/1/2100,267,0,0,0
12/8/2018,2018/2019,Tottenham,Leicester City,0,2,0,MAURICIO POCHETTINO,1/7/2014,1/1/2100,268,0,0,0
12/15/2018,2018/2019,Tottenham,Burnley,1,1,0,MAURICIO POCHETTINO,1/7/2014,1/1/2100,269,0,0,0
12/23/2018,2018/2019,Tottenham,Everton,0,6,2,MAURICIO POCHETTINO,1/7/2014,1/1/2100,270,0,0,0
12/26/2018,2018/2019,Tottenham,Bournemouth,1,5,0,MAURICIO POCHETTINO,1/7/2014,1/1/2100,271,0,0,0
12/29/2018,2018/2019,Tottenham,Wolves,1,1,3,MAURICIO POCHETTINO,1/7/2014,1/1/2100,272,0,0,0
1/1/2019,2018/2019,Tottenham,Cardiff City,0,3,0,MAURICIO POCHETTINO,1/7/2014,1/1/2100,273,0,0,0
1/13/2019,2018/2019,Tottenham,Manchester Utd,1,0,1,MAURICIO POCHETTINO,1/7/2014,1/1/2100,274,0,0,0
1/20/2019,2018/2019,Tottenham,Fulham,0,2,1,MAURICIO POCHETTINO,1/7/2014,1/1/2100,275,0,0,0
1/30/2019,2018/2019,Tottenham,Watford,1,2,1,MAURICIO POCHETTINO,1/7/2014,1/1/2100,276,0,0,0
2/2/2019,2018/2019,Tottenham,Newcastle Utd,1,1,0,MAURICIO POCHETTINO,1/7/2014,1/1/2100,277,0,0,0
2/10/2019,2018/2019,Tottenham,Leicester City,1,3,1,MAURICIO POCHETTINO,1/7/2014,1/1/2100,278,0,0,0
2/23/2019,2018/2019,Tottenham,Burnley,0,1,2,MAURICIO POCHETTINO,1/7/2014,1/1/2100,279,0,0,0
2/27/2019,2018/2019,Tottenham,Chelsea,0,0,2,MAURICIO POCHETTINO,1/7/2014,1/1/2100,280,0,0,0
3/2/2019,2018/2019,Tottenham,Arsenal,1,1,1,MAURICIO POCHETTINO,1/7/2014,1/1/2100,281,0,0,0
3/9/2019,2018/2019,Tottenham,Southampton,0,1,2,MAURICIO POCHETTINO,1/7/2014,1/1/2100,282,0,0,0
3/31/2019,2018/2019,Tottenham,Liverpool,0,1,2,MAURICIO POCHETTINO,1/7/2014,1/1/2100,283,0,0,0
4/3/2019,2018/2019,Tottenham,Crystal Palace,1,2,0,MAURICIO POCHETTINO,1/7/2014,1/1/2100,284,0,0,0
4/13/2019,2018/2019,Tottenham,Huddersfield,1,4,0,MAURICIO POCHETTINO,1/7/2014,1/1/2100,285,0,0,0
4/20/2019,2018/2019,Tottenham,Manchester City,0,0,1,MAURICIO POCHETTINO,1/7/2014,1/1/2100,286,0,0,0
4/23/2019,2018/2019,Tottenham,Brighton,1,1,0,MAURICIO POCHETTINO,1/7/2014,1/1/2100,287,0,0,0
4/27/2019,2018/2019,Tottenham,West Ham,1,0,1,MAURICIO POCHETTINO,1/7/2014,1/1/2100,288,0,0,0
5/4/2019,2018/2019,Tottenham,Bournemouth,0,0,1,MAURICIO POCHETTINO,1/7/2014,1/1/2100,289,0,0,0
5/12/2019,2018/2019,Tottenham,Everton,1,2,2,MAURICIO POCHETTINO,1/7/2014,1/1/2100,290,0,0,0
8/10/2019,2019/2020,Tottenham,Aston Villa,1,3,1,MAURICIO POCHETTINO,1/7/2014,1/1/2100,291,0,0,0
8/17/2019,2019/2020,Tottenham,Manchester City,0,2,2,MAURICIO POCHETTINO,1/7/2014,1/1/2100,292,0,0,0
8/25/2019,2019/2020,Tottenham,Newcastle Utd,1,0,1,MAURICIO POCHETTINO,1/7/2014,1/1/2100,293,0,0,0
9/1/2019,2019/2020,Tottenham,Arsenal,0,2,2,MAURICIO POCHETTINO,1/7/2014,1/1/2100,294,0,0,0
9/14/2019,2019/2020,Tottenham,Crystal Palace,1,4,0,MAURICIO POCHETTINO,1/7/2014,1/1/2100,295,0,0,0
9/21/2019,2019/2020,Tottenham,Leicester City,0,1,2,MAURICIO POCHETTINO,1/7/2014,1/1/2100,296,0,0,0
9/28/2019,2019/2020,Tottenham,Southampton,1,2,1,MAURICIO POCHETTINO,1/7/2014,1/1/2100,297,0,0,0
10/5/2019,2019/2020,Tottenham,Brighton,0,0,3,MAURICIO POCHETTINO,1/7/2014,1/1/2100,298,0,0,0
10/19/2019,2019/2020,Tottenham,Watford,1,1,1,MAURICIO POCHETTINO,1/7/2014,1/1/2100,299,0,0,0
10/27/2019,2019/2020,Tottenham,Liverpool,0,1,2,MAURICIO POCHETTINO,1/7/2014,1/1/2100,300,0,0,0
11/3/2019,2019/2020,Tottenham,Everton,0,1,1,MAURICIO POCHETTINO,1/7/2014,1/1/2100,301,0,0,0
11/9/2019,2019/2020,Tottenham,Sheffield Utd,1,1,1,MAURICIO POCHETTINO,1/7/2014,1/1/2100,302,0,0,0
4/21/2021,2020/2021,Tottenham,Southampton,1,2,1,RYAN MASON,4/20/2021,1/1/2100,1,1,0,0
5/2/2021,2020/2021,Tottenham,Sheffield Utd,1,4,0,RYAN MASON,4/20/2021,1/1/2100,2,1,0,0
5/8/2021,2020/2021,Tottenham,Leeds United,0,1,3,RYAN MASON,4/20/2021,1/1/2100,3,1,0,0
5/16/2021,2020/2021,Tottenham,Wolves,1,2,0,RYAN MASON,4/20/2021,1/1/2100,4,0,1,0
5/19/2021,2020/2021,Tottenham,Aston Villa,1,1,2,RYAN MASON,4/20/2021,1/1/2100,5,0,1,0
5/23/2021,2020/2021,Tottenham,Leicester City,0,4,2,RYAN MASON,4/20/2021,1/1/2100,6,0,1,0
8/15/2021,2021/2022,Tottenham,Manchester City,1,1,0,RYAN MASON,4/20/2021,1/1/2100,7,0,0,1
8/22/2021,2021/2022,Tottenham,Wolves,0,1,0,RYAN MASON,4/20/2021,1/1/2100,8,0,0,1
8/29/2021,2021/2022,Tottenham,Watford,1,1,0,RYAN MASON,4/20/2021,1/1/2100,9,0,0,1
9/11/2021,2021/2022,Tottenham,Crystal Palace,0,0,3,RYAN MASON,4/20/2021,1/1/2100,10,0,0,1
9/19/2021,2021/2022,Tottenham,Chelsea,1,0,3,RYAN MASON,4/20/2021,1/1/2100,11,0,0,0
9/26/2021,2021/2022,Tottenham,Arsenal,0,1,3,RYAN MASON,4/20/2021,1/1/2100,12,0,0,0
10/3/2021,2021/2022,Tottenham,Aston Villa,1,2,1,RYAN MASON,4/20/2021,1/1/2100,13,0,0,0
10/17/2021,2021/2022,Tottenham,Newcastle Utd,0,3,2,RYAN MASON,4/20/2021,1/1/2100,14,0,0,0
10/24/2021,2021/2022,Tottenham,West Ham,0,0,1,RYAN MASON,4/20/2021,1/1/2100,15,0,0,0
10/30/2021,2021/2022,Tottenham,Manchester Utd,1,0,3,RYAN MASON,4/20/2021,1/1/2100,16,0,0,0
11/7/2021,2021/2022,Tottenham,Everton,0,0,0,RYAN MASON,4/20/2021,1/1/2100,17,0,0,0
11/21/2021,2021/2022,Tottenham,Leeds United,1,2,1,RYAN MASON,4/20/2021,1/1/2100,18,0,0,0
12/2/2021,2021/2022,Tottenham,Brentford,1,2,0,RYAN MASON,4/20/2021,1/1/2100,19,0,0,0
12/5/2021,2021/2022,Tottenham,Norwich City,1,3,0,RYAN MASON,4/20/2021,1/1/2100,20,0,0,0
12/19/2021,2021/2022,Tottenham,Liverpool,1,2,2,RYAN MASON,4/20/2021,1/1/2100,21,0,0,0
12/26/2021,2021/2022,Tottenham,Crystal Palace,1,3,0,RYAN MASON,4/20/2021,1/1/2100,22,0,0,0
12/28/2021,2021/2022,Tottenham,Southampton,0,1,1,RYAN MASON,4/20/2021,1/1/2100,23,0,0,0
1/1/2022,2021/2022,Tottenham,Watford,0,1,0,RYAN MASON,4/20/2021,1/1/2100,24,0,0,0
1/19/2022,2021/2022,Tottenham,Leicester City,0,3,2,RYAN MASON,4/20/2021,1/1/2100,25,0,0,0
1/23/2022,2021/2022,Tottenham,Chelsea,0,0,2,RYAN MASON,4/20/2021,1/1/2100,26,0,0,0
2/9/2022,2021/2022,Tottenham,Southampton,1,2,3,RYAN MASON,4/20/2021,1/1/2100,27,0,0,0
2/13/2022,2021/2022,Tottenham,Wolves,1,0,2,RYAN MASON,4/20/2021,1/1/2100,28,0,0,0
2/19/2022,2021/2022,Tottenham,Manchester City,0,3,2,RYAN MASON,4/20/2021,1/1/2100,29,0,0,0
2/23/2022,2021/2022,Tottenham,Burnley,0,0,1,RYAN MASON,4/20/2021,1/1/2100,30,0,0,0
2/26/2022,2021/2022,Tottenham,Leeds United,0,4,0,RYAN MASON,4/20/2021,1/1/2100,31,0,0,0
3/7/2022,2021/2022,Tottenham,Everton,1,5,0,RYAN MASON,4/20/2021,1/1/2100,32,0,0,0
3/12/2022,2021/2022,Tottenham,Manchester Utd,0,2,3,RYAN MASON,4/20/2021,1/1/2100,33,0,0,0
3/16/2022,2021/2022,Tottenham,Brighton,0,2,0,RYAN MASON,4/20/2021,1/1/2100,34,0,0,0
3/20/2022,2021/2022,Tottenham,West Ham,1,3,1,RYAN MASON,4/20/2021,1/1/2100,35,0,0,0
4/3/2022,2021/2022,Tottenham,Newcastle Utd,1,5,1,RYAN MASON,4/20/2021,1/1/2100,36,0,0,0
4/9/2022,2021/2022,Tottenham,Aston Villa,0,4,0,RYAN MASON,4/20/2021,1/1/2100,37,0,0,0
4/16/2022,2021/2022,Tottenham,Brighton,1,0,1,RYAN MASON,4/20/2021,1/1/2100,38,0,0,0
4/23/2022,2021/2022,Tottenham,Brentford,0,0,0,RYAN MASON,4/20/2021,1/1/2100,39,0,0,0
5/1/2022,2021/2022,Tottenham,Leicester City,1,3,1,RYAN MASON,4/20/2021,1/1/2100,40,0,0,0
5/7/2022,2021/2022,Tottenham,Liverpool,0,1,1,RYAN MASON,4/20/2021,1/1/2100,41,0,0,0
5/12/2022,2021/2022,Tottenham,Arsenal,1,3,0,RYAN MASON,4/20/2021,1/1/2100,42,0,0,0
5/15/2022,2021/2022,Tottenham,Burnley,1,1,0,RYAN MASON,4/20/2021,1/1/2100,43,0,0,0
5/22/2022,2021/2022,Tottenham,Norwich City,0,5,0,RYAN MASON,4/20/2021,1/1/2100,44,0,0,0
8/6/2022,2022/2023,Tottenham,Southampton,1,4,1,RYAN MASON,4/20/2021,1/1/2100,45,0,0,0
8/14/2022,2022/2023,Tottenham,Chelsea,0,2,2,RYAN MASON,4/20/2021,1/1/2100,46,0,0,0
8/20/2022,2022/2023,Tottenham,Wolves,1,1,0,RYAN MASON,4/20/2021,1/1/2100,47,0,0,0
8/28/2022,2022/2023,Tottenham,Nott'ham Forest,0,2,0,RYAN MASON,4/20/2021,1/1/2100,48,0,0,0
8/31/2022,2022/2023,Tottenham,West Ham,0,1,1,RYAN MASON,4/20/2021,1/1/2100,49,0,0,0
9/3/2022,2022/2023,Tottenham,Fulham,1,2,1,RYAN MASON,4/20/2021,1/1/2100,50,0,0,0
9/17/2022,2022/2023,Tottenham,Leicester City,1,6,2,RYAN MASON,4/20/2021,1/1/2100,51,0,0,0
10/1/2022,2022/2023,Tottenham,Arsenal,0,1,3,RYAN MASON,4/20/2021,1/1/2100,52,0,0,0
10/8/2022,2022/2023,Tottenham,Brighton,0,1,0,RYAN MASON,4/20/2021,1/1/2100,53,0,0,0
10/15/2022,2022/2023,Tottenham,Everton,1,2,0,RYAN MASON,4/20/2021,1/1/2100,54,0,0,0
10/19/2022,2022/2023,Tottenham,Manchester Utd,0,0,2,RYAN MASON,4/20/2021,1/1/2100,55,0,0,0
10/23/2022,2022/2023,Tottenham,Newcastle Utd,1,1,2,RYAN MASON,4/20/2021,1/1/2100,56,0,0,0
10/29/2022,2022/2023,Tottenham,Bournemouth,0,3,2,RYAN MASON,4/20/2021,1/1/2100,57,0,0,0
11/6/2022,2022/2023,Tottenham,Liverpool,1,1,2,RYAN MASON,4/20/2021,1/1/2100,58,0,0,0
11/12/2022,2022/2023,Tottenham,Leeds United,1,4,3,RYAN MASON,4/20/2021,1/1/2100,59,0,0,0
12/26/2022,2022/2023,Tottenham,Brentford,0,2,2,RYAN MASON,4/20/2021,1/1/2100,60,0,0,0
1/1/2023,2022/2023,Tottenham,Aston Villa,1,0,2,RYAN MASON,4/20/2021,1/1/2100,61,0,0,0
1/4/2023,2022/2023,Tottenham,Crystal Palace,0,4,0,RYAN MASON,4/20/2021,1/1/2100,62,0,0,0
4/27/2023,2022/2023,Tottenham,Manchester Utd,1,2,2,RYAN MASON,4/24/2023,1/1/2100,63,0,0,0
4/30/2023,2022/2023,Tottenham,Liverpool,0,3,4,RYAN MASON,4/24/2023,1/1/2100,64,0,0,0
5/6/2023,2022/2023,Tottenham,Crystal Palace,1,1,0,RYAN MASON,4/24/2023,1/1/2100,65,0,0,0
5/13/2023,2022/2023,Tottenham,Aston Villa,0,1,2,RYAN MASON,4/24/2023,1/1/2100,66,0,0,0
5/20/2023,2022/2023,Tottenham,Brentford,1,1,3,RYAN MASON,4/24/2023,1/1/2100,67,0,0,0
5/28/2023,2022/2023,Tottenham,Leeds United,0,4,1,RYAN MASON,4/24/2023,1/1/2100,68,0,0,0
8/13/2023,2023/2024,Tottenham,Brentford,0,2,2,RYAN MASON,4/24/2023,1/1/2100,69,0,0,0
8/19/2023,2023/2024,Tottenham,Manchester Utd,1,2,0,RYAN MASON,4/24/2023,1/1/2100,70,0,0,0
8/26/2023,2023/2024,Tottenham,Bournemouth,0,2,0,RYAN MASON,4/24/2023,1/1/2100,71,0,0,0
9/2/2023,2023/2024,Tottenham,Burnley,0,5,2,RYAN MASON,4/24/2023,1/1/2100,72,0,0,0
9/16/2023,2023/2024,Tottenham,Sheffield Utd,1,2,1,RYAN MASON,4/24/2023,1/1/2100,73,0,0,0
9/24/2023,2023/2024,Tottenham,Arsenal,0,2,2,RYAN MASON,4/24/2023,1/1/2100,74,0,0,0
9/30/2023,2023/2024,Tottenham,Liverpool,1,2,1,RYAN MASON,4/24/2023,1/1/2100,75,0,0,0
10/7/2023,2023/2024,Tottenham,Luton Town,0,1,0,RYAN MASON,4/24/2023,1/1/2100,76,0,0,0
10/23/2023,2023/2024,Tottenham,Fulham,1,2,0,RYAN MASON,4/24/2023,1/1/2100,77,0,0,0
10/27/2023,2023/2024,Tottenham,Crystal Palace,0,2,1,RYAN MASON,4/24/2023,1/1/2100,78,0,0,0
11/6/2023,2023/2024,Tottenham,Chelsea,1,1,4,RYAN MASON,4/24/2023,1/1/2100,79,0,0,0
11/11/2023,2023/2024,Tottenham,Wolves,0,1,2,RYAN MASON,4/24/2023,1/1/2100,80,0,0,0
11/26/2023,2023/2024,Tottenham,Aston Villa,1,1,2,RYAN MASON,4/24/2023,1/1/2100,81,0,0,0
12/3/2023,2023/2024,Tottenham,Manchester City,0,3,3,RYAN MASON,4/24/2023,1/1/2100,82,0,0,0
12/7/2023,2023/2024,Tottenham,West Ham,1,1,2,RYAN MASON,4/24/2023,1/1/2100,83,0,0,0
12/10/2023,2023/2024,Tottenham,Newcastle Utd,1,4,1,RYAN MASON,4/24/2023,1/1/2100,84,0,0,0
12/15/2023,2023/2024,Tottenham,Nott'ham Forest,0,2,0,RYAN MASON,4/24/2023,1/1/2100,85,0,0,0
12/23/2023,2023/2024,Tottenham,Everton,1,2,1,RYAN MASON,4/24/2023,1/1/2100,86,0,0,0
12/28/2023,2023/2024,Tottenham,Brighton,0,2,4,RYAN MASON,4/24/2023,1/1/2100,87,0,0,0
12/31/2023,2023/2024,Tottenham,Bournemouth,1,3,1,RYAN MASON,4/24/2023,1/1/2100,88,0,0,0
1/14/2024,2023/2024,Tottenham,Manchester Utd,0,2,2,RYAN MASON,4/24/2023,1/1/2100,89,0,0,0
1/31/2024,2023/2024,Tottenham,Brentford,1,3,2,RYAN MASON,4/24/2023,1/1/2100,90,0,0,0
2/3/2024,2023/2024,Tottenham,Everton,0,2,2,RYAN MASON,4/24/2023,1/1/2100,91,0,0,0
2/10/2024,2023/2024,Tottenham,Brighton,1,2,1,RYAN MASON,4/24/2023,1/1/2100,92,0,0,0
2/17/2024,2023/2024,Tottenham,Wolves,1,1,2,RYAN MASON,4/24/2023,1/1/2100,93,0,0,0
3/2/2024,2023/2024,Tottenham,Crystal Palace,1,3,1,RYAN MASON,4/24/2023,1/1/2100,94,0,0,0
3/10/2024,2023/2024,Tottenham,Aston Villa,0,4,0,RYAN MASON,4/24/2023,1/1/2100,95,0,0,0
3/16/2024,2023/2024,Tottenham,Fulham,0,0,3,RYAN MASON,4/24/2023,1/1/2100,96,0,0,0
3/30/2024,2023/2024,Tottenham,Luton Town,1,2,1,RYAN MASON,4/24/2023,1/1/2100,97,0,0,0
4/2/2024,2023/2024,Tottenham,West Ham,0,1,1,RYAN MASON,4/24/2023,1/1/2100,98,0,0,0
4/7/2024,2023/2024,Tottenham,Nott'ham Forest,1,3,1,RYAN MASON,4/24/2023,1/1/2100,99,0,0,0
4/13/2024,2023/2024,Tottenham,Newcastle Utd,0,0,4,RYAN MASON,4/24/2023,1/1/2100,100,0,0,0
4/28/2024,2023/2024,Tottenham,Arsenal,1,2,3,RYAN MASON,4/24/2023,1/1/2100,101,0,0,0
5/2/2024,2023/2024,Tottenham,Chelsea,0,0,2,RYAN MASON,4/24/2023,1/1/2100,102,0,0,0
5/5/2024,2023/2024,Tottenham,Liverpool,0,2,4,RYAN MASON,4/24/2023,1/1/2100,103,0,0,0
5/11/2024,2023/2024,Tottenham,Burnley,1,2,1,RYAN MASON,4/24/2023,1/1/2100,104,0,0,0
5/14/2024,2023/2024,Tottenham,Manchester City,1,0,2,RYAN MASON,4/24/2023,1/1/2100,105,0,0,0
5/19/2024,2023/2024,Tottenham,Sheffield Utd,0,3,0,RYAN MASON,4/24/2023,1/1/2100,106,0,0,0
8/14/2021,2021/2022,Watford,Aston Villa,1,3,2,CLAUDIO RANIERI,4/10/2021,1/1/2100,1,1,0,0
8/21/2021,2021/2022,Watford,Brighton,0,0,2,CLAUDIO RANIERI,4/10/2021,1/1/2100,2,1,0,0
8/29/2021,2021/2022,Watford,Tottenham,0,0,1,CLAUDIO RANIERI,4/10/2021,1/1/2100,3,1,0,0
9/11/2021,2021/2022,Watford,Wolves,1,0,2,CLAUDIO RANIERI,4/10/2021,1/1/2100,4,0,1,0
9/18/2021,2021/2022,Watford,Norwich City,0,3,1,CLAUDIO RANIERI,4/10/2021,1/1/2100,5,0,1,0
9/25/2021,2021/2022,Watford,Newcastle Utd,1,1,1,CLAUDIO RANIERI,4/10/2021,1/1/2100,6,0,1,0
10/2/2021,2021/2022,Watford,Leeds United,0,0,1,CLAUDIO RANIERI,4/10/2021,1/1/2100,7,0,0,1
10/16/2021,2021/2022,Watford,Liverpool,1,0,5,CLAUDIO RANIERI,4/10/2021,1/1/2100,8,0,0,1
10/23/2021,2021/2022,Watford,Everton,0,5,2,CLAUDIO RANIERI,4/10/2021,1/1/2100,9,0,0,1
10/30/2021,2021/2022,Watford,Southampton,1,0,1,CLAUDIO RANIERI,4/10/2021,1/1/2100,10,0,0,1
11/7/2021,2021/2022,Watford,Arsenal,0,0,1,CLAUDIO RANIERI,4/10/2021,1/1/2100,11,0,0,0
11/20/2021,2021/2022,Watford,Manchester Utd,1,4,1,CLAUDIO RANIERI,4/10/2021,1/1/2100,12,0,0,0
11/28/2021,2021/2022,Watford,Leicester City,0,2,4,CLAUDIO RANIERI,4/10/2021,1/1/2100,13,0,0,0
12/1/2021,2021/2022,Watford,Chelsea,1,1,2,CLAUDIO RANIERI,4/10/2021,1/1/2100,14,0,0,0
12/4/2021,2021/2022,Watford,Manchester City,1,1,3,CLAUDIO RANIERI,4/10/2021,1/1/2100,15,0,0,0
12/10/2021,2021/2022,Watford,Brentford,0,1,2,CLAUDIO RANIERI,4/10/2021,1/1/2100,16,0,0,0
12/28/2021,2021/2022,Watford,West Ham,1,1,4,CLAUDIO RANIERI,4/10/2021,1/1/2100,17,0,0,0
1/1/2022,2021/2022,Watford,Tottenham,1,0,1,CLAUDIO RANIERI,4/10/2021,1/1/2100,18,0,0,0
1/15/2022,2021/2022,Watford,Newcastle Utd,0,1,1,CLAUDIO RANIERI,4/10/2021,1/1/2100,19,0,0,0
1/21/2022,2021/2022,Watford,Norwich City,1,0,3,CLAUDIO RANIERI,4/10/2021,1/1/2100,20,0,0,0
2/22/2019,2018/2019,Watford,Cardiff City,0,5,1,HAYDEN MULLINS,2/12/2019,8/12/2019,1,1,0,0
2/27/2019,2018/2019,Watford,Liverpool,0,0,5,HAYDEN MULLINS,2/12/2019,8/12/2019,2,1,0,0
3/3/2019,2018/2019,Watford,Leicester City,1,2,1,HAYDEN MULLINS,2/12/2019,8/12/2019,3,1,0,0
3/9/2019,2018/2019,Watford,Manchester City,0,1,3,HAYDEN MULLINS,2/12/2019,8/12/2019,4,0,1,0
3/30/2019,2018/2019,Watford,Manchester Utd,0,1,2,HAYDEN MULLINS,2/12/2019,8/12/2019,5,0,1,0
4/2/2019,2018/2019,Watford,Fulham,1,4,1,HAYDEN MULLINS,2/12/2019,8/12/2019,6,0,1,0
4/15/2019,2018/2019,Watford,Arsenal,1,0,1,HAYDEN MULLINS,2/12/2019,8/12/2019,7,0,0,1
4/20/2019,2018/2019,Watford,Huddersfield,0,2,1,HAYDEN MULLINS,2/12/2019,8/12/2019,8,0,0,1
4/23/2019,2018/2019,Watford,Southampton,1,1,1,HAYDEN MULLINS,2/12/2019,8/12/2019,9,0,0,1
4/27/2019,2018/2019,Watford,Wolves,1,1,2,HAYDEN MULLINS,2/12/2019,8/12/2019,10,0,0,1
5/5/2019,2018/2019,Watford,Chelsea,0,0,3,HAYDEN MULLINS,2/12/2019,8/12/2019,11,0,0,0
5/12/2019,2018/2019,Watford,West Ham,1,1,4,HAYDEN MULLINS,2/12/2019,8/12/2019,12,0,0,0
8/10/2019,2019/2020,Watford,Brighton,1,0,3,HAYDEN MULLINS,2/12/2019,8/12/2019,13,0,0,0
7/21/2020,2019/2020,Watford,Manchester City,1,0,4,HAYDEN MULLINS,7/19/2020,1/1/2100,14,0,0,0
7/26/2020,2019/2020,Watford,Arsenal,0,2,3,HAYDEN MULLINS,7/19/2020,1/1/2100,15,0,0,0
1/31/2018,2017/2018,Watford,Stoke City,0,0,0,JAVI GARCIA,1/21/2018,7/9/2019,1,1,0,0
2/5/2018,2017/2018,Watford,Chelsea,1,4,1,JAVI GARCIA,1/21/2018,7/9/2019,2,1,0,0
2/10/2018,2017/2018,Watford,West Ham,0,0,2,JAVI GARCIA,1/21/2018,7/9/2019,3,1,0,0
2/24/2018,2017/2018,Watford,Everton,1,1,0,JAVI GARCIA,1/21/2018,7/9/2019,4,0,1,0
3/3/2018,2017/2018,Watford,West Brom,1,1,0,JAVI GARCIA,1/21/2018,7/9/2019,5,0,1,0
3/11/2018,2017/2018,Watford,Arsenal,0,0,3,JAVI GARCIA,1/21/2018,7/9/2019,6,0,1,0
3/17/2018,2017/2018,Watford,Liverpool,0,0,5,JAVI GARCIA,1/21/2018,7/9/2019,7,0,0,1
3/31/2018,2017/2018,Watford,Bournemouth,1,2,2,JAVI GARCIA,1/21/2018,7/9/2019,8,0,0,1
4/7/2018,2017/2018,Watford,Burnley,1,1,2,JAVI GARCIA,1/21/2018,7/9/2019,9,0,0,1
4/14/2018,2017/2018,Watford,Huddersfield,0,0,1,JAVI GARCIA,1/21/2018,7/9/2019,10,0,0,1
4/21/2018,2017/2018,Watford,Crystal Palace,1,0,0,JAVI GARCIA,1/21/2018,7/9/2019,11,0,0,0
4/30/2018,2017/2018,Watford,Tottenham,0,0,2,JAVI GARCIA,1/21/2018,7/9/2019,12,0,0,0
5/5/2018,2017/2018,Watford,Newcastle Utd,1,2,1,JAVI GARCIA,1/21/2018,7/9/2019,13,0,0,0
5/13/2018,2017/2018,Watford,Manchester Utd,0,0,1,JAVI GARCIA,1/21/2018,7/9/2019,14,0,0,0
8/11/2018,2018/2019,Watford,Brighton,1,2,0,JAVI GARCIA,1/21/2018,7/9/2019,15,0,0,0
8/19/2018,2018/2019,Watford,Burnley,0,3,1,JAVI GARCIA,1/21/2018,7/9/2019,16,0,0,0
8/26/2018,2018/2019,Watford,Crystal Palace,1,2,1,JAVI GARCIA,1/21/2018,7/9/2019,17,0,0,0
9/2/2018,2018/2019,Watford,Tottenham,1,2,1,JAVI GARCIA,1/21/2018,7/9/2019,18,0,0,0
9/15/2018,2018/2019,Watford,Manchester Utd,1,1,2,JAVI GARCIA,1/21/2018,7/9/2019,19,0,0,0
9/22/2018,2018/2019,Watford,Fulham,0,1,1,JAVI GARCIA,1/21/2018,7/9/2019,20,0,0,0
9/29/2018,2018/2019,Watford,Arsenal,0,0,2,JAVI GARCIA,1/21/2018,7/9/2019,21,0,0,0
10/6/2018,2018/2019,Watford,Bournemouth,1,0,4,JAVI GARCIA,1/21/2018,7/9/2019,22,0,0,0
10/20/2018,2018/2019,Watford,Wolves,0,2,0,JAVI GARCIA,1/21/2018,7/9/2019,23,0,0,0
10/27/2018,2018/2019,Watford,Huddersfield,1,3,0,JAVI GARCIA,1/21/2018,7/9/2019,24,0,0,0
11/3/2018,2018/2019,Watford,Newcastle Utd,0,0,1,JAVI GARCIA,1/21/2018,7/9/2019,25,0,0,0
11/10/2018,2018/2019,Watford,Southampton,0,1,1,JAVI GARCIA,1/21/2018,7/9/2019,26,0,0,0
11/24/2018,2018/2019,Watford,Liverpool,1,0,3,JAVI GARCIA,1/21/2018,7/9/2019,27,0,0,0
12/1/2018,2018/2019,Watford,Leicester City,0,0,2,JAVI GARCIA,1/21/2018,7/9/2019,28,0,0,0
12/4/2018,2018/2019,Watford,Manchester City,1,1,2,JAVI GARCIA,1/21/2018,7/9/2019,29,0,0,0
12/10/2018,2018/2019,Watford,Everton,0,2,2,JAVI GARCIA,1/21/2018,7/9/2019,30,0,0,0
12/15/2018,2018/2019,Watford,Cardiff City,1,3,2,JAVI GARCIA,1/21/2018,7/9/2019,31,0,0,0
12/22/2018,2018/2019,Watford,West Ham,0,2,0,JAVI GARCIA,1/21/2018,7/9/2019,32,0,0,0
12/26/2018,2018/2019,Watford,Chelsea,1,1,2,JAVI GARCIA,1/21/2018,7/9/2019,33,0,0,0
12/29/2018,2018/2019,Watford,Newcastle Utd,1,1,1,JAVI GARCIA,1/21/2018,7/9/2019,34,0,0,0
1/2/2019,2018/2019,Watford,Bournemouth,0,3,3,JAVI GARCIA,1/21/2018,7/9/2019,35,0,0,0
1/14/2017,2016/2017,Watford,Middlesbrough,1,0,0,MARCO SILVA,1/7/2017,1/1/2100,1,1,0,0
1/21/2017,2016/2017,Watford,Bournemouth,0,2,2,MARCO SILVA,1/7/2017,1/1/2100,2,1,0,0
1/31/2017,2016/2017,Watford,Arsenal,0,2,1,MARCO SILVA,1/7/2017,1/1/2100,3,1,0,0
2/4/2017,2016/2017,Watford,Burnley,1,2,1,MARCO SILVA,1/7/2017,1/1/2100,4,0,1,0
2/11/2017,2016/2017,Watford,Manchester Utd,0,0,2,MARCO SILVA,1/7/2017,1/1/2100,5,0,1,0
2/25/2017,2016/2017,Watford,West Ham,1,1,1,MARCO SILVA,1/7/2017,1/1/2100,6,0,1,0
3/4/2017,2016/2017,Watford,Southampton,1,3,4,MARCO SILVA,1/7/2017,1/1/2100,7,0,0,1
3/18/2017,2016/2017,Watford,Crystal Palace,0,0,1,MARCO SILVA,1/7/2017,1/1/2100,8,0,0,1
4/1/2017,2016/2017,Watford,Sunderland,1,1,0,MARCO SILVA,1/7/2017,1/1/2100,9,0,0,1
4/4/2017,2016/2017,Watford,West Brom,1,2,0,MARCO SILVA,1/7/2017,1/1/2100,10,0,0,1
4/8/2017,2016/2017,Watford,Tottenham,0,0,4,MARCO SILVA,1/7/2017,1/1/2100,11,0,0,0
4/15/2017,2016/2017,Watford,Swansea City,1,1,0,MARCO SILVA,1/7/2017,1/1/2100,12,0,0,0
4/22/2017,2016/2017,Watford,Hull City,0,0,2,MARCO SILVA,1/7/2017,1/1/2100,13,0,0,0
5/1/2017,2016/2017,Watford,Liverpool,1,0,1,MARCO SILVA,1/7/2017,1/1/2100,14,0,0,0
5/6/2017,2016/2017,Watford,Leicester City,0,0,3,MARCO SILVA,1/7/2017,1/1/2100,15,0,0,0
5/12/2017,2016/2017,Watford,Everton,0,0,1,MARCO SILVA,1/7/2017,1/1/2100,16,0,0,0
5/15/2017,2016/2017,Watford,Chelsea,0,3,4,MARCO SILVA,1/7/2017,1/1/2100,17,0,0,0
5/21/2017,2016/2017,Watford,Manchester City,1,0,5,MARCO SILVA,1/7/2017,1/1/2100,18,0,0,0
8/12/2017,2017/2018,Watford,Liverpool,1,3,3,MARCO SILVA,1/7/2017,1/1/2100,19,0,0,0
8/19/2017,2017/2018,Watford,Bournemouth,0,2,0,MARCO SILVA,1/7/2017,1/1/2100,20,0,0,0
8/26/2017,2017/2018,Watford,Brighton,1,0,0,MARCO SILVA,1/7/2017,1/1/2100,21,0,0,0
9/9/2017,2017/2018,Watford,Southampton,0,2,0,MARCO SILVA,1/7/2017,1/1/2100,22,0,0,0
9/16/2017,2017/2018,Watford,Manchester City,1,0,6,MARCO SILVA,1/7/2017,1/1/2100,23,0,0,0
9/23/2017,2017/2018,Watford,Swansea City,0,2,1,MARCO SILVA,1/7/2017,1/1/2100,24,0,0,0
9/30/2017,2017/2018,Watford,West Brom,0,2,2,MARCO SILVA,1/7/2017,1/1/2100,25,0,0,0
10/14/2017,2017/2018,Watford,Arsenal,1,2,1,MARCO SILVA,1/7/2017,1/1/2100,26,0,0,0
10/21/2017,2017/2018,Watford,Chelsea,0,2,4,MARCO SILVA,1/7/2017,1/1/2100,27,0,0,0
10/28/2017,2017/2018,Watford,Stoke City,1,0,1,MARCO SILVA,1/7/2017,1/1/2100,28,0,0,0
11/5/2017,2017/2018,Watford,Everton,0,2,3,MARCO SILVA,1/7/2017,1/1/2100,29,0,0,0
11/19/2017,2017/2018,Watford,West Ham,1,2,0,MARCO SILVA,1/7/2017,1/1/2100,30,0,0,0
11/25/2017,2017/2018,Watford,Newcastle Utd,0,3,0,MARCO SILVA,1/7/2017,1/1/2100,31,0,0,0
11/28/2017,2017/2018,Watford,Manchester Utd,1,2,4,MARCO SILVA,1/7/2017,1/1/2100,32,0,0,0
12/2/2017,2017/2018,Watford,Tottenham,1,1,1,MARCO SILVA,1/7/2017,1/1/2100,33,0,0,0
12/9/2017,2017/2018,Watford,Burnley,0,0,1,MARCO SILVA,1/7/2017,1/1/2100,34,0,0,0
12/12/2017,2017/2018,Watford,Crystal Palace,0,1,2,MARCO SILVA,1/7/2017,1/1/2100,35,0,0,0
12/16/2017,2017/2018,Watford,Huddersfield,1,1,4,MARCO SILVA,1/7/2017,1/1/2100,36,0,0,0
12/23/2017,2017/2018,Watford,Brighton,0,0,1,MARCO SILVA,1/7/2017,1/1/2100,37,0,0,0
12/26/2017,2017/2018,Watford,Leicester City,1,2,1,MARCO SILVA,1/7/2017,1/1/2100,38,0,0,0
12/30/2017,2017/2018,Watford,Swansea City,1,1,2,MARCO SILVA,1/7/2017,1/1/2100,39,0,0,0
1/2/2018,2017/2018,Watford,Manchester City,0,1,3,MARCO SILVA,1/7/2017,1/1/2100,40,0,0,0
1/13/2018,2017/2018,Watford,Southampton,1,2,2,MARCO SILVA,1/7/2017,1/1/2100,41,0,0,0
1/20/2018,2017/2018,Watford,Leicester City,0,0,2,MARCO SILVA,1/7/2017,1/1/2100,42,0,0,0
8/17/2019,2019/2020,Watford,Everton,0,0,1,MARCO SILVA,1/7/2017,1/1/2100,43,0,0,0
8/24/2019,2019/2020,Watford,West Ham,1,1,3,MARCO SILVA,1/7/2017,1/1/2100,44,0,0,0
8/31/2019,2019/2020,Watford,Newcastle Utd,0,1,1,MARCO SILVA,1/7/2017,1/1/2100,45,0,0,0
9/15/2019,2019/2020,Watford,Arsenal,1,2,2,NIGEL PEARSON,9/12/2019,1/1/2100,1,1,0,0
9/21/2019,2019/2020,Watford,Manchester City,0,0,8,NIGEL PEARSON,9/12/2019,1/1/2100,2,1,0,0
9/28/2019,2019/2020,Watford,Wolves,0,0,2,NIGEL PEARSON,9/12/2019,1/1/2100,3,1,0,0
10/5/2019,2019/2020,Watford,Sheffield Utd,1,0,0,NIGEL PEARSON,9/12/2019,1/1/2100,4,0,1,0
10/19/2019,2019/2020,Watford,Tottenham,0,1,1,NIGEL PEARSON,9/12/2019,1/1/2100,5,0,1,0
10/26/2019,2019/2020,Watford,Bournemouth,1,0,0,NIGEL PEARSON,9/12/2019,1/1/2100,6,0,1,0
11/2/2019,2019/2020,Watford,Chelsea,1,1,2,NIGEL PEARSON,9/12/2019,1/1/2100,7,0,0,1
11/8/2019,2019/2020,Watford,Norwich City,0,2,0,NIGEL PEARSON,9/12/2019,1/1/2100,8,0,0,1
11/23/2019,2019/2020,Watford,Burnley,1,0,3,NIGEL PEARSON,9/12/2019,1/1/2100,9,0,0,1
11/30/2019,2019/2020,Watford,Southampton,0,1,2,NIGEL PEARSON,9/12/2019,1/1/2100,10,0,0,1
12/4/2019,2019/2020,Watford,Leicester City,0,0,2,NIGEL PEARSON,9/12/2019,1/1/2100,11,0,0,0
12/7/2019,2019/2020,Watford,Crystal Palace,1,0,0,NIGEL PEARSON,9/12/2019,1/1/2100,12,0,0,0
12/14/2019,2019/2020,Watford,Liverpool,0,0,2,NIGEL PEARSON,9/12/2019,1/1/2100,13,0,0,0
12/22/2019,2019/2020,Watford,Manchester Utd,1,2,0,NIGEL PEARSON,9/12/2019,1/1/2100,14,0,0,0
12/26/2019,2019/2020,Watford,Sheffield Utd,0,1,1,NIGEL PEARSON,9/12/2019,1/1/2100,15,0,0,0
12/28/2019,2019/2020,Watford,Aston Villa,1,3,0,NIGEL PEARSON,9/12/2019,1/1/2100,16,0,0,0
1/1/2020,2019/2020,Watford,Wolves,1,2,1,NIGEL PEARSON,9/12/2019,1/1/2100,17,0,0,0
1/12/2020,2019/2020,Watford,Bournemouth,0,3,0,NIGEL PEARSON,9/12/2019,1/1/2100,18,0,0,0
1/18/2020,2019/2020,Watford,Tottenham,1,0,0,NIGEL PEARSON,9/12/2019,1/1/2100,19,0,0,0
1/21/2020,2019/2020,Watford,Aston Villa,0,1,2,NIGEL PEARSON,9/12/2019,1/1/2100,20,0,0,0
2/1/2020,2019/2020,Watford,Everton,1,2,3,NIGEL PEARSON,9/12/2019,1/1/2100,21,0,0,0
2/8/2020,2019/2020,Watford,Brighton,0,1,1,NIGEL PEARSON,9/12/2019,1/1/2100,22,0,0,0
2/23/2020,2019/2020,Watford,Manchester Utd,0,0,3,NIGEL PEARSON,9/12/2019,1/1/2100,23,0,0,0
2/29/2020,2019/2020,Watford,Liverpool,1,3,0,NIGEL PEARSON,9/12/2019,1/1/2100,24,0,0,0
3/7/2020,2019/2020,Watford,Crystal Palace,0,0,1,NIGEL PEARSON,9/12/2019,1/1/2100,25,0,0,0
6/20/2020,2019/2020,Watford,Leicester City,1,1,1,NIGEL PEARSON,9/12/2019,1/1/2100,26,0,0,0
6/25/2020,2019/2020,Watford,Burnley,0,0,1,NIGEL PEARSON,9/12/2019,1/1/2100,27,0,0,0
6/28/2020,2019/2020,Watford,Southampton,1,1,3,NIGEL PEARSON,9/12/2019,1/1/2100,28,0,0,0
7/4/2020,2019/2020,Watford,Chelsea,0,0,3,NIGEL PEARSON,9/12/2019,1/1/2100,29,0,0,0
7/7/2020,2019/2020,Watford,Norwich City,1,2,1,NIGEL PEARSON,9/12/2019,1/1/2100,30,0,0,0
7/11/2020,2019/2020,Watford,Newcastle Utd,1,2,1,NIGEL PEARSON,9/12/2019,1/1/2100,31,0,0,0
7/17/2020,2019/2020,Watford,West Ham,0,1,3,NIGEL PEARSON,9/12/2019,1/1/2100,32,0,0,0
8/8/2015,2015/2016,Watford,Everton,0,2,2,QUINQUE SANCHEZ FLORES,1/7/2015,1/1/2100,1,1,0,0
8/15/2015,2015/2016,Watford,West Brom,1,0,0,QUINQUE SANCHEZ FLORES,1/7/2015,1/1/2100,2,1,0,0
8/23/2015,2015/2016,Watford,Southampton,1,0,0,QUINQUE SANCHEZ FLORES,1/7/2015,1/1/2100,3,1,0,0
8/29/2015,2015/2016,Watford,Manchester City,0,0,2,QUINQUE SANCHEZ FLORES,1/7/2015,1/1/2100,4,0,1,0
9/12/2015,2015/2016,Watford,Swansea City,1,1,0,QUINQUE SANCHEZ FLORES,1/7/2015,1/1/2100,5,0,1,0
9/19/2015,2015/2016,Watford,Newcastle Utd,0,2,1,QUINQUE SANCHEZ FLORES,1/7/2015,1/1/2100,6,0,1,0
9/27/2015,2015/2016,Watford,Crystal Palace,1,0,1,QUINQUE SANCHEZ FLORES,1/7/2015,1/1/2100,7,0,0,1
10/3/2015,2015/2016,Watford,Bournemouth,0,1,1,QUINQUE SANCHEZ FLORES,1/7/2015,1/1/2100,8,0,0,1
10/17/2015,2015/2016,Watford,Arsenal,1,0,3,QUINQUE SANCHEZ FLORES,1/7/2015,1/1/2100,9,0,0,1
10/24/2015,2015/2016,Watford,Stoke City,0,2,0,QUINQUE SANCHEZ FLORES,1/7/2015,1/1/2100,10,0,0,1
10/31/2015,2015/2016,Watford,West Ham,1,2,0,QUINQUE SANCHEZ FLORES,1/7/2015,1/1/2100,11,0,0,0
11/7/2015,2015/2016,Watford,Leicester City,0,1,2,QUINQUE SANCHEZ FLORES,1/7/2015,1/1/2100,12,0,0,0
11/21/2015,2015/2016,Watford,Manchester Utd,1,1,2,QUINQUE SANCHEZ FLORES,1/7/2015,1/1/2100,13,0,0,0
11/28/2015,2015/2016,Watford,Aston Villa,0,3,2,QUINQUE SANCHEZ FLORES,1/7/2015,1/1/2100,14,0,0,0
12/5/2015,2015/2016,Watford,Norwich City,1,2,0,QUINQUE SANCHEZ FLORES,1/7/2015,1/1/2100,15,0,0,0
12/12/2015,2015/2016,Watford,Sunderland,0,1,0,QUINQUE SANCHEZ FLORES,1/7/2015,1/1/2100,16,0,0,0
12/20/2015,2015/2016,Watford,Liverpool,1,3,0,QUINQUE SANCHEZ FLORES,1/7/2015,1/1/2100,17,0,0,0
12/26/2015,2015/2016,Watford,Chelsea,0,2,2,QUINQUE SANCHEZ FLORES,1/7/2015,1/1/2100,18,0,0,0
12/28/2015,2015/2016,Watford,Tottenham,1,1,2,QUINQUE SANCHEZ FLORES,1/7/2015,1/1/2100,19,0,0,0
1/2/2016,2015/2016,Watford,Manchester City,1,1,2,QUINQUE SANCHEZ FLORES,1/7/2015,1/1/2100,20,0,0,0
1/12/2019,2018/2019,Watford,Crystal Palace,0,2,1,QUINQUE SANCHEZ FLORES,1/12/2019,7/9/2019,21,0,0,0
1/19/2019,2018/2019,Watford,Burnley,1,0,0,QUINQUE SANCHEZ FLORES,1/12/2019,7/9/2019,22,0,0,0
1/30/2019,2018/2019,Watford,Tottenham,0,1,2,QUINQUE SANCHEZ FLORES,1/12/2019,7/9/2019,23,0,0,0
2/2/2019,2018/2019,Watford,Brighton,0,0,0,QUINQUE SANCHEZ FLORES,1/12/2019,7/9/2019,24,0,0,0
2/9/2019,2018/2019,Watford,Everton,1,1,0,QUINQUE SANCHEZ FLORES,1/12/2019,7/9/2019,25,0,0,0
2/5/2022,2021/2022,Watford,Burnley,0,0,0,ROY HODGSON,1/25/2022,1/1/2100,1,1,0,0
2/8/2022,2021/2022,Watford,West Ham,0,0,1,ROY HODGSON,1/25/2022,1/1/2100,2,1,0,0
2/12/2022,2021/2022,Watford,Brighton,1,0,2,ROY HODGSON,1/25/2022,1/1/2100,3,1,0,0
2/19/2022,2021/2022,Watford,Aston Villa,0,1,0,ROY HODGSON,1/25/2022,1/1/2100,4,0,1,0
2/23/2022,2021/2022,Watford,Crystal Palace,1,1,4,ROY HODGSON,1/25/2022,1/1/2100,5,0,1,0
2/26/2022,2021/2022,Watford,Manchester Utd,0,0,0,ROY HODGSON,1/25/2022,1/1/2100,6,0,1,0
3/6/2022,2021/2022,Watford,Arsenal,1,2,3,ROY HODGSON,1/25/2022,1/1/2100,7,0,0,1
3/10/2022,2021/2022,Watford,Wolves,0,0,4,ROY HODGSON,1/25/2022,1/1/2100,8,0,0,1
3/13/2022,2021/2022,Watford,Southampton,0,2,1,ROY HODGSON,1/25/2022,1/1/2100,9,0,0,1
4/2/2022,2021/2022,Watford,Liverpool,0,0,2,ROY HODGSON,1/25/2022,1/1/2100,10,0,0,1
4/9/2022,2021/2022,Watford,Leeds United,1,0,3,ROY HODGSON,1/25/2022,1/1/2100,11,0,0,0
4/16/2022,2021/2022,Watford,Brentford,1,1,2,ROY HODGSON,1/25/2022,1/1/2100,12,0,0,0
4/23/2022,2021/2022,Watford,Manchester City,0,1,5,ROY HODGSON,1/25/2022,1/1/2100,13,0,0,0
4/30/2022,2021/2022,Watford,Burnley,1,1,2,ROY HODGSON,1/25/2022,1/1/2100,14,0,0,0
5/7/2022,2021/2022,Watford,Crystal Palace,0,0,1,ROY HODGSON,1/25/2022,1/1/2100,15,0,0,0
5/11/2022,2021/2022,Watford,Everton,1,0,0,ROY HODGSON,1/25/2022,1/1/2100,16,0,0,0
5/15/2022,2021/2022,Watford,Leicester City,1,1,5,ROY HODGSON,1/25/2022,1/1/2100,17,0,0,0
5/22/2022,2021/2022,Watford,Chelsea,0,1,2,ROY HODGSON,1/25/2022,1/1/2100,18,0,0,0
1/13/2016,2015/2016,Watford,Southampton,0,0,2,WALTER MAZZARRI,1/7/2016,1/1/2100,1,1,0,0
1/18/2016,2015/2016,Watford,Swansea City,0,0,1,WALTER MAZZARRI,1/7/2016,1/1/2100,2,1,0,0
1/23/2016,2015/2016,Watford,Newcastle Utd,1,2,1,WALTER MAZZARRI,1/7/2016,1/1/2100,3,1,0,0
2/3/2016,2015/2016,Watford,Chelsea,1,0,0,WALTER MAZZARRI,1/7/2016,1/1/2100,4,0,1,0
2/6/2016,2015/2016,Watford,Tottenham,0,0,1,WALTER MAZZARRI,1/7/2016,1/1/2100,5,0,1,0
2/13/2016,2015/2016,Watford,Crystal Palace,0,2,1,WALTER MAZZARRI,1/7/2016,1/1/2100,6,0,1,0
2/27/2016,2015/2016,Watford,Bournemouth,1,0,0,WALTER MAZZARRI,1/7/2016,1/1/2100,7,0,0,1
3/2/2016,2015/2016,Watford,Manchester Utd,0,0,1,WALTER MAZZARRI,1/7/2016,1/1/2100,8,0,0,1
3/5/2016,2015/2016,Watford,Leicester City,1,0,1,WALTER MAZZARRI,1/7/2016,1/1/2100,9,0,0,1
3/19/2016,2015/2016,Watford,Stoke City,1,1,2,WALTER MAZZARRI,1/7/2016,1/1/2100,10,0,0,1
4/2/2016,2015/2016,Watford,Arsenal,0,0,4,WALTER MAZZARRI,1/7/2016,1/1/2100,11,0,0,0
4/9/2016,2015/2016,Watford,Everton,1,1,1,WALTER MAZZARRI,1/7/2016,1/1/2100,12,0,0,0
4/16/2016,2015/2016,Watford,West Brom,0,1,0,WALTER MAZZARRI,1/7/2016,1/1/2100,13,0,0,0
4/20/2016,2015/2016,Watford,West Ham,0,1,3,WALTER MAZZARRI,1/7/2016,1/1/2100,14,0,0,0
4/30/2016,2015/2016,Watford,Aston Villa,1,3,2,WALTER MAZZARRI,1/7/2016,1/1/2100,15,0,0,0
5/8/2016,2015/2016,Watford,Liverpool,0,0,2,WALTER MAZZARRI,1/7/2016,1/1/2100,16,0,0,0
5/11/2016,2015/2016,Watford,Norwich City,0,2,4,WALTER MAZZARRI,1/7/2016,1/1/2100,17,0,0,0
5/15/2016,2015/2016,Watford,Sunderland,1,2,2,WALTER MAZZARRI,1/7/2016,1/1/2100,18,0,0,0
8/13/2016,2016/2017,Watford,Southampton,0,1,1,WALTER MAZZARRI,1/7/2016,1/1/2100,19,0,0,0
8/20/2016,2016/2017,Watford,Chelsea,1,1,2,WALTER MAZZARRI,1/7/2016,1/1/2100,20,0,0,0
8/27/2016,2016/2017,Watford,Arsenal,1,1,3,WALTER MAZZARRI,1/7/2016,1/1/2100,21,0,0,0
9/10/2016,2016/2017,Watford,West Ham,0,4,2,WALTER MAZZARRI,1/7/2016,1/1/2100,22,0,0,0
9/18/2016,2016/2017,Watford,Manchester Utd,1,3,1,WALTER MAZZARRI,1/7/2016,1/1/2100,23,0,0,0
9/26/2016,2016/2017,Watford,Burnley,0,0,2,WALTER MAZZARRI,1/7/2016,1/1/2100,24,0,0,0
10/1/2016,2016/2017,Watford,Bournemouth,1,2,2,WALTER MAZZARRI,1/7/2016,1/1/2100,25,0,0,0
10/16/2016,2016/2017,Watford,Middlesbrough,0,1,0,WALTER MAZZARRI,1/7/2016,1/1/2100,26,0,0,0
10/22/2016,2016/2017,Watford,Swansea City,0,0,0,WALTER MAZZARRI,1/7/2016,1/1/2100,27,0,0,0
10/29/2016,2016/2017,Watford,Hull City,1,1,0,WALTER MAZZARRI,1/7/2016,1/1/2100,28,0,0,0
11/6/2016,2016/2017,Watford,Liverpool,0,1,6,WALTER MAZZARRI,1/7/2016,1/1/2100,29,0,0,0
11/19/2016,2016/2017,Watford,Leicester City,1,2,1,WALTER MAZZARRI,1/7/2016,1/1/2100,30,0,0,0
11/27/2016,2016/2017,Watford,Stoke City,1,0,1,WALTER MAZZARRI,1/7/2016,1/1/2100,31,0,0,0
12/3/2016,2016/2017,Watford,West Brom,0,1,3,WALTER MAZZARRI,1/7/2016,1/1/2100,32,0,0,0
12/10/2016,2016/2017,Watford,Everton,1,3,2,WALTER MAZZARRI,1/7/2016,1/1/2100,33,0,0,0
12/14/2016,2016/2017,Watford,Manchester City,0,0,2,WALTER MAZZARRI,1/7/2016,1/1/2100,34,0,0,0
12/17/2016,2016/2017,Watford,Sunderland,0,0,1,WALTER MAZZARRI,1/7/2016,1/1/2100,35,0,0,0
12/26/2016,2016/2017,Watford,Crystal Palace,1,1,1,WALTER MAZZARRI,1/7/2016,1/1/2100,36,0,0,0
1/1/2017,2016/2017,Watford,Tottenham,1,1,4,WALTER MAZZARRI,1/7/2016,1/1/2100,37,0,0,0
1/3/2017,2016/2017,Watford,Stoke City,0,0,2,WALTER MAZZARRI,1/7/2016,1/1/2100,38,0,0,0
8/16/2014,2014/2015,West Brom,Sunderland,1,2,2,ALAN IRVINE,1/7/2014,1/1/2100,101,0,0,0
8/23/2014,2014/2015,West Brom,Southampton,0,0,0,ALAN IRVINE,1/7/2014,1/1/2100,102,0,0,0
8/30/2014,2014/2015,West Brom,Swansea City,0,0,3,ALAN IRVINE,1/7/2014,1/1/2100,103,0,0,0
9/13/2014,2014/2015,West Brom,Everton,1,0,2,ALAN IRVINE,1/7/2014,1/1/2100,104,0,0,0
9/21/2014,2014/2015,West Brom,Tottenham,0,1,0,ALAN IRVINE,1/7/2014,1/1/2100,105,0,0,0
9/28/2014,2014/2015,West Brom,Burnley,1,4,0,ALAN IRVINE,1/7/2014,1/1/2100,106,0,0,0
10/4/2014,2014/2015,West Brom,Liverpool,0,1,2,ALAN IRVINE,1/7/2014,1/1/2100,107,0,0,0
10/20/2014,2014/2015,West Brom,Manchester Utd,1,2,2,ALAN IRVINE,1/7/2014,1/1/2100,108,0,0,0
10/25/2014,2014/2015,West Brom,Crystal Palace,1,2,2,ALAN IRVINE,1/7/2014,1/1/2100,109,0,0,0
11/1/2014,2014/2015,West Brom,Leicester City,0,1,0,ALAN IRVINE,1/7/2014,1/1/2100,110,0,0,0
11/9/2014,2014/2015,West Brom,Newcastle Utd,1,0,2,ALAN IRVINE,1/7/2014,1/1/2100,111,0,0,0
11/22/2014,2014/2015,West Brom,Chelsea,0,0,2,ALAN IRVINE,1/7/2014,1/1/2100,112,0,0,0
11/29/2014,2014/2015,West Brom,Arsenal,1,0,1,ALAN IRVINE,1/7/2014,1/1/2100,113,0,0,0
12/2/2014,2014/2015,West Brom,West Ham,1,1,2,ALAN IRVINE,1/7/2014,1/1/2100,114,0,0,0
12/6/2014,2014/2015,West Brom,Hull City,0,0,0,ALAN IRVINE,1/7/2014,1/1/2100,115,0,0,0
12/13/2014,2014/2015,West Brom,Aston Villa,1,1,0,ALAN IRVINE,1/7/2014,1/1/2100,116,0,0,0
12/20/2014,2014/2015,West Brom,QPR,0,2,3,ALAN IRVINE,1/7/2014,1/1/2100,117,0,0,0
12/26/2014,2014/2015,West Brom,Manchester City,1,1,3,ALAN IRVINE,1/7/2014,1/1/2100,118,0,0,0
12/28/2014,2014/2015,West Brom,Stoke City,0,0,2,ALAN IRVINE,1/7/2014,1/1/2100,119,0,0,0
1/1/2015,2014/2015,West Brom,West Ham,0,1,1,ALAN IRVINE,1/7/2014,1/1/2100,120,0,0,0
12/2/2017,2017/2018,West Brom,Crystal Palace,1,0,0,ALAN PARDEW,11/29/2017,2/4/2018,1,1,0,0
12/9/2017,2017/2018,West Brom,Swansea City,0,0,1,ALAN PARDEW,11/29/2017,2/4/2018,2,1,0,0
12/13/2017,2017/2018,West Brom,Liverpool,0,0,0,ALAN PARDEW,11/29/2017,2/4/2018,3,1,0,0
12/17/2017,2017/2018,West Brom,Manchester Utd,1,1,2,ALAN PARDEW,11/29/2017,2/4/2018,4,0,1,0
12/23/2017,2017/2018,West Brom,Stoke City,0,1,3,ALAN PARDEW,11/29/2017,2/4/2018,5,0,1,0
12/26/2017,2017/2018,West Brom,Everton,1,0,0,ALAN PARDEW,11/29/2017,2/4/2018,6,0,1,0
12/31/2017,2017/2018,West Brom,Arsenal,1,1,1,ALAN PARDEW,11/29/2017,2/4/2018,7,0,0,1
1/2/2018,2017/2018,West Brom,West Ham,0,1,2,ALAN PARDEW,11/29/2017,2/4/2018,8,0,0,1
1/13/2018,2017/2018,West Brom,Brighton,1,2,0,ALAN PARDEW,11/29/2017,2/4/2018,9,0,0,1
1/20/2018,2017/2018,West Brom,Everton,0,1,1,ALAN PARDEW,11/29/2017,2/4/2018,10,0,0,1
1/31/2018,2017/2018,West Brom,Manchester City,0,0,3,ALAN PARDEW,11/29/2017,2/4/2018,11,0,0,0
2/3/2018,2017/2018,West Brom,Southampton,1,2,3,ALAN PARDEW,11/29/2017,2/4/2018,12,0,0,0
2/12/2018,2017/2018,West Brom,Chelsea,0,0,3,DARREN MOORE,2/4/2018,9/3/2019,1,1,0,0
2/24/2018,2017/2018,West Brom,Huddersfield,1,1,2,DARREN MOORE,2/4/2018,9/3/2019,2,1,0,0
3/3/2018,2017/2018,West Brom,Watford,0,0,1,DARREN MOORE,2/4/2018,9/3/2019,3,1,0,0
3/10/2018,2017/2018,West Brom,Leicester City,1,1,4,DARREN MOORE,2/4/2018,9/3/2019,4,0,1,0
3/17/2018,2017/2018,West Brom,Bournemouth,0,1,2,DARREN MOORE,2/4/2018,9/3/2019,5,0,1,0
3/31/2018,2017/2018,West Brom,Burnley,1,1,2,DARREN MOORE,2/4/2018,9/3/2019,6,0,1,0
4/7/2018,2017/2018,West Brom,Swansea City,1,1,1,DARREN MOORE,2/4/2018,9/3/2019,7,0,0,1
4/15/2018,2017/2018,West Brom,Manchester Utd,0,1,0,DARREN MOORE,2/4/2018,9/3/2019,8,0,0,1
4/21/2018,2017/2018,West Brom,Liverpool,1,2,2,DARREN MOORE,2/4/2018,9/3/2019,9,0,0,1
4/28/2018,2017/2018,West Brom,Newcastle Utd,0,1,0,DARREN MOORE,2/4/2018,9/3/2019,10,0,0,1
5/5/2018,2017/2018,West Brom,Tottenham,1,1,0,DARREN MOORE,2/4/2018,9/3/2019,11,0,0,0
5/13/2018,2017/2018,West Brom,Crystal Palace,0,0,2,DARREN MOORE,2/4/2018,9/3/2019,12,0,0,0
11/25/2017,2017/2018,West Brom,Tottenham,0,1,1,GARY MEGSON,11/20/2017,1/1/2100,1,1,0,0
11/28/2017,2017/2018,West Brom,Newcastle Utd,1,2,2,GARY MEGSON,11/20/2017,1/1/2100,2,1,0,0
9/13/2020,2020/2021,West Brom,Leicester City,1,0,3,JAMES SHAN,10/3/2019,1/1/2100,1,1,0,0
9/19/2020,2020/2021,West Brom,Everton,0,2,5,JAMES SHAN,10/3/2019,1/1/2100,2,1,0,0
9/26/2020,2020/2021,West Brom,Chelsea,1,3,3,JAMES SHAN,10/3/2019,1/1/2100,3,1,0,0
10/4/2020,2020/2021,West Brom,Southampton,0,0,2,JAMES SHAN,10/3/2019,1/1/2100,4,0,1,0
10/19/2020,2020/2021,West Brom,Burnley,1,0,0,JAMES SHAN,10/3/2019,1/1/2100,5,0,1,0
10/26/2020,2020/2021,West Brom,Brighton,0,1,1,JAMES SHAN,10/3/2019,1/1/2100,6,0,1,0
11/2/2020,2020/2021,West Brom,Fulham,0,0,2,JAMES SHAN,10/3/2019,1/1/2100,7,0,0,1
11/8/2020,2020/2021,West Brom,Tottenham,1,0,1,JAMES SHAN,10/3/2019,1/1/2100,8,0,0,1
11/21/2020,2020/2021,West Brom,Manchester Utd,0,0,1,JAMES SHAN,10/3/2019,1/1/2100,9,0,0,1
11/28/2020,2020/2021,West Brom,Sheffield Utd,1,1,0,JAMES SHAN,10/3/2019,1/1/2100,10,0,0,1
12/6/2020,2020/2021,West Brom,Crystal Palace,1,1,5,JAMES SHAN,10/3/2019,1/1/2100,11,0,0,0
12/12/2020,2020/2021,West Brom,Newcastle Utd,0,1,2,JAMES SHAN,10/3/2019,1/1/2100,12,0,0,0
12/15/2020,2020/2021,West Brom,Manchester City,0,1,1,JAMES SHAN,10/3/2019,1/1/2100,13,0,0,0
12/20/2020,2020/2021,West Brom,Aston Villa,1,0,3,SAM ALLARDYCE,12/16/2020,1/1/2100,1,1,0,0
12/27/2020,2020/2021,West Brom,Liverpool,0,1,1,SAM ALLARDYCE,12/16/2020,1/1/2100,2,1,0,0
12/29/2020,2020/2021,West Brom,Leeds United,1,0,5,SAM ALLARDYCE,12/16/2020,1/1/2100,3,1,0,0
1/2/2021,2020/2021,West Brom,Arsenal,1,0,4,SAM ALLARDYCE,12/16/2020,1/1/2100,4,0,1,0
1/16/2021,2020/2021,West Brom,Wolves,0,3,2,SAM ALLARDYCE,12/16/2020,1/1/2100,5,0,1,0
1/19/2021,2020/2021,West Brom,West Ham,0,1,2,SAM ALLARDYCE,12/16/2020,1/1/2100,6,0,1,0
1/26/2021,2020/2021,West Brom,Manchester City,1,0,5,SAM ALLARDYCE,12/16/2020,1/1/2100,7,0,0,1
1/30/2021,2020/2021,West Brom,Fulham,1,2,2,SAM ALLARDYCE,12/16/2020,1/1/2100,8,0,0,1
2/2/2021,2020/2021,West Brom,Sheffield Utd,0,1,2,SAM ALLARDYCE,12/16/2020,1/1/2100,9,0,0,1
2/7/2021,2020/2021,West Brom,Tottenham,0,0,2,SAM ALLARDYCE,12/16/2020,1/1/2100,10,0,0,1
2/14/2021,2020/2021,West Brom,Manchester Utd,1,1,1,SAM ALLARDYCE,12/16/2020,1/1/2100,11,0,0,0
2/20/2021,2020/2021,West Brom,Burnley,0,0,0,SAM ALLARDYCE,12/16/2020,1/1/2100,12,0,0,0
2/27/2021,2020/2021,West Brom,Brighton,1,1,0,SAM ALLARDYCE,12/16/2020,1/1/2100,13,0,0,0
3/4/2021,2020/2021,West Brom,Everton,1,0,1,SAM ALLARDYCE,12/16/2020,1/1/2100,14,0,0,0
3/7/2021,2020/2021,West Brom,Newcastle Utd,1,0,0,SAM ALLARDYCE,12/16/2020,1/1/2100,15,0,0,0
3/13/2021,2020/2021,West Brom,Crystal Palace,0,0,1,SAM ALLARDYCE,12/16/2020,1/1/2100,16,0,0,0
4/3/2021,2020/2021,West Brom,Chelsea,0,5,2,SAM ALLARDYCE,12/16/2020,1/1/2100,17,0,0,0
4/12/2021,2020/2021,West Brom,Southampton,1,3,0,SAM ALLARDYCE,12/16/2020,1/1/2100,18,0,0,0
4/22/2021,2020/2021,West Brom,Leicester City,0,0,3,SAM ALLARDYCE,12/16/2020,1/1/2100,19,0,0,0
4/25/2021,2020/2021,West Brom,Aston Villa,0,2,2,SAM ALLARDYCE,12/16/2020,1/1/2100,20,0,0,0
5/3/2021,2020/2021,West Brom,Wolves,1,1,1,SAM ALLARDYCE,12/16/2020,1/1/2100,21,0,0,0
5/9/2021,2020/2021,West Brom,Arsenal,0,1,3,SAM ALLARDYCE,12/16/2020,1/1/2100,22,0,0,0
5/16/2021,2020/2021,West Brom,Liverpool,1,1,2,SAM ALLARDYCE,12/16/2020,1/1/2100,23,0,0,0
5/19/2021,2020/2021,West Brom,West Ham,1,1,3,SAM ALLARDYCE,12/16/2020,1/1/2100,24,0,0,0
5/23/2021,2020/2021,West Brom,Leeds United,0,1,3,SAM ALLARDYCE,12/16/2020,1/1/2100,25,0,0,0
1/10/2015,2014/2015,West Brom,Hull City,1,1,0,TONY PULIS,1/2/2015,1/1/2100,1,1,0,0
1/19/2015,2014/2015,West Brom,Everton,0,0,0,TONY PULIS,1/2/2015,1/1/2100,2,1,0,0
1/31/2015,2014/2015,West Brom,Tottenham,1,0,3,TONY PULIS,1/2/2015,1/1/2100,3,1,0,0
2/8/2015,2014/2015,West Brom,Burnley,0,2,2,TONY PULIS,1/2/2015,1/1/2100,4,0,1,0
2/11/2015,2014/2015,West Brom,Swansea City,1,2,0,TONY PULIS,1/2/2015,1/1/2100,5,0,1,0
2/21/2015,2014/2015,West Brom,Sunderland,0,0,0,TONY PULIS,1/2/2015,1/1/2100,6,0,1,0
2/28/2015,2014/2015,West Brom,Southampton,1,1,0,TONY PULIS,1/2/2015,1/1/2100,7,0,0,1
3/3/2015,2014/2015,West Brom,Aston Villa,0,1,2,TONY PULIS,1/2/2015,1/1/2100,8,0,0,1
3/14/2015,2014/2015,West Brom,Stoke City,1,1,0,TONY PULIS,1/2/2015,1/1/2100,9,0,0,1
3/21/2015,2014/2015,West Brom,Manchester City,0,0,3,TONY PULIS,1/2/2015,1/1/2100,10,0,0,1
4/4/2015,2014/2015,West Brom,QPR,1,1,4,TONY PULIS,1/2/2015,1/1/2100,11,0,0,0
4/11/2015,2014/2015,West Brom,Leicester City,1,2,3,TONY PULIS,1/2/2015,1/1/2100,12,0,0,0
4/18/2015,2014/2015,West Brom,Crystal Palace,0,2,0,TONY PULIS,1/2/2015,1/1/2100,13,0,0,0
4/25/2015,2014/2015,West Brom,Liverpool,1,0,0,TONY PULIS,1/2/2015,1/1/2100,14,0,0,0
5/2/2015,2014/2015,West Brom,Manchester Utd,0,1,0,TONY PULIS,1/2/2015,1/1/2100,15,0,0,0
5/9/2015,2014/2015,West Brom,Newcastle Utd,0,1,1,TONY PULIS,1/2/2015,1/1/2100,16,0,0,0
5/18/2015,2014/2015,West Brom,Chelsea,1,3,0,TONY PULIS,1/2/2015,1/1/2100,17,0,0,0
5/24/2015,2014/2015,West Brom,Arsenal,0,1,4,TONY PULIS,1/2/2015,1/1/2100,18,0,0,0
8/10/2015,2015/2016,West Brom,Manchester City,1,0,3,TONY PULIS,1/2/2015,1/1/2100,19,0,0,0
8/15/2015,2015/2016,West Brom,Watford,0,0,0,TONY PULIS,1/2/2015,1/1/2100,20,0,0,0
8/23/2015,2015/2016,West Brom,Chelsea,1,2,3,TONY PULIS,1/2/2015,1/1/2100,21,0,0,0
8/29/2015,2015/2016,West Brom,Stoke City,0,1,0,TONY PULIS,1/2/2015,1/1/2100,22,0,0,0
9/12/2015,2015/2016,West Brom,Southampton,1,0,0,TONY PULIS,1/2/2015,1/1/2100,23,0,0,0
9/19/2015,2015/2016,West Brom,Aston Villa,0,1,0,TONY PULIS,1/2/2015,1/1/2100,24,0,0,0
9/28/2015,2015/2016,West Brom,Everton,1,2,3,TONY PULIS,1/2/2015,1/1/2100,25,0,0,0
10/3/2015,2015/2016,West Brom,Crystal Palace,0,0,2,TONY PULIS,1/2/2015,1/1/2100,26,0,0,0
10/17/2015,2015/2016,West Brom,Sunderland,1,1,0,TONY PULIS,1/2/2015,1/1/2100,27,0,0,0
10/24/2015,2015/2016,West Brom,Norwich City,0,1,0,TONY PULIS,1/2/2015,1/1/2100,28,0,0,0
10/31/2015,2015/2016,West Brom,Leicester City,1,2,3,TONY PULIS,1/2/2015,1/1/2100,29,0,0,0
11/7/2015,2015/2016,West Brom,Manchester Utd,0,0,2,TONY PULIS,1/2/2015,1/1/2100,30,0,0,0
11/21/2015,2015/2016,West Brom,Arsenal,1,2,1,TONY PULIS,1/2/2015,1/1/2100,31,0,0,0
11/29/2015,2015/2016,West Brom,West Ham,0,1,1,TONY PULIS,1/2/2015,1/1/2100,32,0,0,0
12/5/2015,2015/2016,West Brom,Tottenham,1,1,1,TONY PULIS,1/2/2015,1/1/2100,33,0,0,0
12/13/2015,2015/2016,West Brom,Liverpool,0,2,2,TONY PULIS,1/2/2015,1/1/2100,34,0,0,0
12/19/2015,2015/2016,West Brom,Bournemouth,1,1,2,TONY PULIS,1/2/2015,1/1/2100,35,0,0,0
12/26/2015,2015/2016,West Brom,Swansea City,0,0,1,TONY PULIS,1/2/2015,1/1/2100,36,0,0,0
12/28/2015,2015/2016,West Brom,Newcastle Utd,1,1,0,TONY PULIS,1/2/2015,1/1/2100,37,0,0,0
1/2/2016,2015/2016,West Brom,Stoke City,1,2,1,TONY PULIS,1/2/2015,1/1/2100,38,0,0,0
1/13/2016,2015/2016,West Brom,Chelsea,0,2,2,TONY PULIS,1/2/2015,1/1/2100,39,0,0,0
1/16/2016,2015/2016,West Brom,Southampton,0,0,3,TONY PULIS,1/2/2015,1/1/2100,40,0,0,0
1/23/2016,2015/2016,West Brom,Aston Villa,1,0,0,TONY PULIS,1/2/2015,1/1/2100,41,0,0,0
2/2/2016,2015/2016,West Brom,Swansea City,1,1,1,TONY PULIS,1/2/2015,1/1/2100,42,0,0,0
2/6/2016,2015/2016,West Brom,Newcastle Utd,0,0,1,TONY PULIS,1/2/2015,1/1/2100,43,0,0,0
2/13/2016,2015/2016,West Brom,Everton,0,1,0,TONY PULIS,1/2/2015,1/1/2100,44,0,0,0
2/27/2016,2015/2016,West Brom,Crystal Palace,1,3,2,TONY PULIS,1/2/2015,1/1/2100,45,0,0,0
3/1/2016,2015/2016,West Brom,Leicester City,0,2,2,TONY PULIS,1/2/2015,1/1/2100,46,0,0,0
3/6/2016,2015/2016,West Brom,Manchester Utd,1,1,0,TONY PULIS,1/2/2015,1/1/2100,47,0,0,0
3/19/2016,2015/2016,West Brom,Norwich City,1,0,1,TONY PULIS,1/2/2015,1/1/2100,48,0,0,0
4/2/2016,2015/2016,West Brom,Sunderland,0,0,0,TONY PULIS,1/2/2015,1/1/2100,49,0,0,0
4/9/2016,2015/2016,West Brom,Manchester City,0,1,2,TONY PULIS,1/2/2015,1/1/2100,50,0,0,0
4/16/2016,2015/2016,West Brom,Watford,1,0,1,TONY PULIS,1/2/2015,1/1/2100,51,0,0,0
4/21/2016,2015/2016,West Brom,Arsenal,0,0,2,TONY PULIS,1/2/2015,1/1/2100,52,0,0,0
4/25/2016,2015/2016,West Brom,Tottenham,0,1,1,TONY PULIS,1/2/2015,1/1/2100,53,0,0,0
4/30/2016,2015/2016,West Brom,West Ham,1,0,3,TONY PULIS,1/2/2015,1/1/2100,54,0,0,0
5/7/2016,2015/2016,West Brom,Bournemouth,0,1,1,TONY PULIS,1/2/2015,1/1/2100,55,0,0,0
5/15/2016,2015/2016,West Brom,Liverpool,1,1,1,TONY PULIS,1/2/2015,1/1/2100,56,0,0,0
8/13/2016,2016/2017,West Brom,Crystal Palace,0,1,0,TONY PULIS,1/2/2015,1/1/2100,57,0,0,0
8/20/2016,2016/2017,West Brom,Everton,1,1,2,TONY PULIS,1/2/2015,1/1/2100,58,0,0,0
8/28/2016,2016/2017,West Brom,Middlesbrough,1,0,0,TONY PULIS,1/2/2015,1/1/2100,59,0,0,0
9/10/2016,2016/2017,West Brom,Bournemouth,0,0,1,TONY PULIS,1/2/2015,1/1/2100,60,0,0,0
9/17/2016,2016/2017,West Brom,West Ham,1,4,2,TONY PULIS,1/2/2015,1/1/2100,61,0,0,0
9/24/2016,2016/2017,West Brom,Stoke City,0,1,1,TONY PULIS,1/2/2015,1/1/2100,62,0,0,0
10/1/2016,2016/2017,West Brom,Sunderland,0,1,1,TONY PULIS,1/2/2015,1/1/2100,63,0,0,0
10/15/2016,2016/2017,West Brom,Tottenham,1,1,1,TONY PULIS,1/2/2015,1/1/2100,64,0,0,0
10/22/2016,2016/2017,West Brom,Liverpool,0,1,2,TONY PULIS,1/2/2015,1/1/2100,65,0,0,0
10/29/2016,2016/2017,West Brom,Manchester City,1,0,4,TONY PULIS,1/2/2015,1/1/2100,66,0,0,0
11/6/2016,2016/2017,West Brom,Leicester City,0,2,1,TONY PULIS,1/2/2015,1/1/2100,67,0,0,0
11/21/2016,2016/2017,West Brom,Burnley,1,4,0,TONY PULIS,1/2/2015,1/1/2100,68,0,0,0
11/26/2016,2016/2017,West Brom,Hull City,0,1,1,TONY PULIS,1/2/2015,1/1/2100,69,0,0,0
12/3/2016,2016/2017,West Brom,Watford,1,3,1,TONY PULIS,1/2/2015,1/1/2100,70,0,0,0
12/11/2016,2016/2017,West Brom,Chelsea,0,0,1,TONY PULIS,1/2/2015,1/1/2100,71,0,0,0
12/14/2016,2016/2017,West Brom,Swansea City,1,3,1,TONY PULIS,1/2/2015,1/1/2100,72,0,0,0
12/17/2016,2016/2017,West Brom,Manchester Utd,1,0,2,TONY PULIS,1/2/2015,1/1/2100,73,0,0,0
12/26/2016,2016/2017,West Brom,Arsenal,0,0,1,TONY PULIS,1/2/2015,1/1/2100,74,0,0,0
12/31/2016,2016/2017,West Brom,Southampton,0,2,1,TONY PULIS,1/2/2015,1/1/2100,75,0,0,0
1/2/2017,2016/2017,West Brom,Hull City,1,3,1,TONY PULIS,1/2/2015,1/1/2100,76,0,0,0
1/14/2017,2016/2017,West Brom,Tottenham,0,0,4,TONY PULIS,1/2/2015,1/1/2100,77,0,0,0
1/21/2017,2016/2017,West Brom,Sunderland,1,2,0,TONY PULIS,1/2/2015,1/1/2100,78,0,0,0
1/31/2017,2016/2017,West Brom,Middlesbrough,0,1,1,TONY PULIS,1/2/2015,1/1/2100,79,0,0,0
2/4/2017,2016/2017,West Brom,Stoke City,1,1,0,TONY PULIS,1/2/2015,1/1/2100,80,0,0,0
2/11/2017,2016/2017,West Brom,West Ham,0,2,2,TONY PULIS,1/2/2015,1/1/2100,81,0,0,0
2/25/2017,2016/2017,West Brom,Bournemouth,1,2,1,TONY PULIS,1/2/2015,1/1/2100,82,0,0,0
3/4/2017,2016/2017,West Brom,Crystal Palace,1,0,2,TONY PULIS,1/2/2015,1/1/2100,83,0,0,0
3/11/2017,2016/2017,West Brom,Everton,0,0,3,TONY PULIS,1/2/2015,1/1/2100,84,0,0,0
3/18/2017,2016/2017,West Brom,Arsenal,1,3,1,TONY PULIS,1/2/2015,1/1/2100,85,0,0,0
4/1/2017,2016/2017,West Brom,Manchester Utd,0,0,0,TONY PULIS,1/2/2015,1/1/2100,86,0,0,0
4/4/2017,2016/2017,West Brom,Watford,0,0,2,TONY PULIS,1/2/2015,1/1/2100,87,0,0,0
4/8/2017,2016/2017,West Brom,Southampton,1,0,1,TONY PULIS,1/2/2015,1/1/2100,88,0,0,0
4/16/2017,2016/2017,West Brom,Liverpool,1,0,1,TONY PULIS,1/2/2015,1/1/2100,89,0,0,0
4/29/2017,2016/2017,West Brom,Leicester City,1,0,1,TONY PULIS,1/2/2015,1/1/2100,90,0,0,0
5/6/2017,2016/2017,West Brom,Burnley,0,2,2,TONY PULIS,1/2/2015,1/1/2100,91,0,0,0
5/12/2017,2016/2017,West Brom,Chelsea,1,0,1,TONY PULIS,1/2/2015,1/1/2100,92,0,0,0
5/16/2017,2016/2017,West Brom,Manchester City,0,1,3,TONY PULIS,1/2/2015,1/1/2100,93,0,0,0
5/21/2017,2016/2017,West Brom,Swansea City,0,1,2,TONY PULIS,1/2/2015,1/1/2100,94,0,0,0
8/12/2017,2017/2018,West Brom,Bournemouth,1,1,0,TONY PULIS,1/2/2015,1/1/2100,95,0,0,0
8/19/2017,2017/2018,West Brom,Burnley,0,1,0,TONY PULIS,1/2/2015,1/1/2100,96,0,0,0
8/27/2017,2017/2018,West Brom,Stoke City,1,1,1,TONY PULIS,1/2/2015,1/1/2100,97,0,0,0
9/9/2017,2017/2018,West Brom,Brighton,0,1,3,TONY PULIS,1/2/2015,1/1/2100,98,0,0,0
9/16/2017,2017/2018,West Brom,West Ham,1,0,0,TONY PULIS,1/2/2015,1/1/2100,99,0,0,0
9/25/2017,2017/2018,West Brom,Arsenal,0,0,2,TONY PULIS,1/2/2015,1/1/2100,100,0,0,0
9/30/2017,2017/2018,West Brom,Watford,1,2,2,TONY PULIS,1/2/2015,1/1/2100,101,0,0,0
10/16/2017,2017/2018,West Brom,Leicester City,0,1,1,TONY PULIS,1/2/2015,1/1/2100,102,0,0,0
10/21/2017,2017/2018,West Brom,Southampton,0,0,1,TONY PULIS,1/2/2015,1/1/2100,103,0,0,0
10/28/2017,2017/2018,West Brom,Manchester City,1,2,3,TONY PULIS,1/2/2015,1/1/2100,104,0,0,0
11/4/2017,2017/2018,West Brom,Huddersfield,0,0,1,TONY PULIS,1/2/2015,1/1/2100,105,0,0,0
11/18/2017,2017/2018,West Brom,Chelsea,1,0,4,TONY PULIS,1/2/2015,1/1/2100,106,0,0,0
8/13/2017,2017/2018,West Ham,Manchester Utd,0,0,4,DAVID MOYES,7/11/2017,1/1/2100,1,1,0,0
8/19/2017,2017/2018,West Ham,Southampton,0,2,3,DAVID MOYES,7/11/2017,1/1/2100,2,1,0,0
8/26/2017,2017/2018,West Ham,Newcastle Utd,0,0,3,DAVID MOYES,7/11/2017,1/1/2100,3,1,0,0
9/11/2017,2017/2018,West Ham,Huddersfield,1,2,0,DAVID MOYES,7/11/2017,1/1/2100,4,0,1,0
9/16/2017,2017/2018,West Ham,West Brom,0,0,0,DAVID MOYES,7/11/2017,1/1/2100,5,0,1,0
9/23/2017,2017/2018,West Ham,Tottenham,1,2,3,DAVID MOYES,7/11/2017,1/1/2100,6,0,1,0
9/30/2017,2017/2018,West Ham,Swansea City,1,1,0,DAVID MOYES,7/11/2017,1/1/2100,7,0,0,1
10/14/2017,2017/2018,West Ham,Burnley,0,1,1,DAVID MOYES,7/11/2017,1/1/2100,8,0,0,1
10/20/2017,2017/2018,West Ham,Brighton,1,0,3,DAVID MOYES,7/11/2017,1/1/2100,9,0,0,1
10/28/2017,2017/2018,West Ham,Crystal Palace,0,2,2,DAVID MOYES,7/11/2017,1/1/2100,10,0,0,1
11/4/2017,2017/2018,West Ham,Liverpool,1,1,4,DAVID MOYES,7/11/2017,1/1/2100,11,0,0,0
11/19/2017,2017/2018,West Ham,Watford,0,0,2,DAVID MOYES,7/11/2017,1/1/2100,12,0,0,0
11/24/2017,2017/2018,West Ham,Leicester City,1,1,1,DAVID MOYES,7/11/2017,1/1/2100,13,0,0,0
11/29/2017,2017/2018,West Ham,Everton,0,0,4,DAVID MOYES,7/11/2017,1/1/2100,14,0,0,0
12/3/2017,2017/2018,West Ham,Manchester City,0,1,2,DAVID MOYES,7/11/2017,1/1/2100,15,0,0,0
12/9/2017,2017/2018,West Ham,Chelsea,1,1,0,DAVID MOYES,7/11/2017,1/1/2100,16,0,0,0
12/13/2017,2017/2018,West Ham,Arsenal,1,0,0,DAVID MOYES,7/11/2017,1/1/2100,17,0,0,0
12/16/2017,2017/2018,West Ham,Stoke City,0,3,0,DAVID MOYES,7/11/2017,1/1/2100,18,0,0,0
12/23/2017,2017/2018,West Ham,Newcastle Utd,1,2,3,DAVID MOYES,7/11/2017,1/1/2100,19,0,0,0
12/26/2017,2017/2018,West Ham,Bournemouth,0,3,3,DAVID MOYES,7/11/2017,1/1/2100,20,0,0,0
1/2/2018,2017/2018,West Ham,West Brom,1,2,1,DAVID MOYES,7/11/2017,1/1/2100,21,0,0,0
1/4/2018,2017/2018,West Ham,Tottenham,0,1,1,DAVID MOYES,7/11/2017,1/1/2100,22,0,0,0
1/1/2020,2019/2020,West Ham,Bournemouth,1,4,0,DAVID MOYES,12/29/2019,1/1/2100,23,0,0,0
1/10/2020,2019/2020,West Ham,Sheffield Utd,0,0,1,DAVID MOYES,12/29/2019,1/1/2100,24,0,0,0
1/18/2020,2019/2020,West Ham,Everton,1,1,1,DAVID MOYES,12/29/2019,1/1/2100,25,0,0,0
1/22/2020,2019/2020,West Ham,Leicester City,0,1,4,DAVID MOYES,12/29/2019,1/1/2100,26,0,0,0
1/29/2020,2019/2020,West Ham,Liverpool,1,0,2,DAVID MOYES,12/29/2019,1/1/2100,27,0,0,0
2/1/2020,2019/2020,West Ham,Brighton,1,3,3,DAVID MOYES,12/29/2019,1/1/2100,28,0,0,0
2/19/2020,2019/2020,West Ham,Manchester City,0,0,2,DAVID MOYES,12/29/2019,1/1/2100,29,0,0,0
2/24/2020,2019/2020,West Ham,Liverpool,0,2,3,DAVID MOYES,12/29/2019,1/1/2100,30,0,0,0
2/29/2020,2019/2020,West Ham,Southampton,1,3,1,DAVID MOYES,12/29/2019,1/1/2100,31,0,0,0
3/7/2020,2019/2020,West Ham,Arsenal,0,0,1,DAVID MOYES,12/29/2019,1/1/2100,32,0,0,0
6/20/2020,2019/2020,West Ham,Wolves,1,0,2,DAVID MOYES,12/29/2019,1/1/2100,33,0,0,0
6/23/2020,2019/2020,West Ham,Tottenham,0,0,2,DAVID MOYES,12/29/2019,1/1/2100,34,0,0,0
7/1/2020,2019/2020,West Ham,Chelsea,1,3,2,DAVID MOYES,12/29/2019,1/1/2100,35,0,0,0
7/5/2020,2019/2020,West Ham,Newcastle Utd,0,2,2,DAVID MOYES,12/29/2019,1/1/2100,36,0,0,0
7/8/2020,2019/2020,West Ham,Burnley,1,0,1,DAVID MOYES,12/29/2019,1/1/2100,37,0,0,0
7/11/2020,2019/2020,West Ham,Norwich City,0,4,0,DAVID MOYES,12/29/2019,1/1/2100,38,0,0,0
7/17/2020,2019/2020,West Ham,Watford,1,3,1,DAVID MOYES,12/29/2019,1/1/2100,39,0,0,0
7/22/2020,2019/2020,West Ham,Manchester Utd,0,1,1,DAVID MOYES,12/29/2019,1/1/2100,40,0,0,0
7/26/2020,2019/2020,West Ham,Aston Villa,1,1,1,DAVID MOYES,12/29/2019,1/1/2100,41,0,0,0
9/12/2020,2020/2021,West Ham,Newcastle Utd,1,0,2,DAVID MOYES,12/29/2019,1/1/2100,42,0,0,0
9/19/2020,2020/2021,West Ham,Arsenal,0,1,2,DAVID MOYES,12/29/2019,1/1/2100,43,0,0,0
9/27/2020,2020/2021,West Ham,Wolves,1,4,0,DAVID MOYES,12/29/2019,1/1/2100,44,0,0,0
10/4/2020,2020/2021,West Ham,Leicester City,0,3,0,DAVID MOYES,12/29/2019,1/1/2100,45,0,0,0
10/18/2020,2020/2021,West Ham,Tottenham,0,3,3,DAVID MOYES,12/29/2019,1/1/2100,46,0,0,0
10/24/2020,2020/2021,West Ham,Manchester City,1,1,1,DAVID MOYES,12/29/2019,1/1/2100,47,0,0,0
10/31/2020,2020/2021,West Ham,Liverpool,0,1,2,DAVID MOYES,12/29/2019,1/1/2100,48,0,0,0
11/7/2020,2020/2021,West Ham,Fulham,1,1,0,DAVID MOYES,12/29/2019,1/1/2100,49,0,0,0
11/22/2020,2020/2021,West Ham,Sheffield Utd,0,1,0,DAVID MOYES,12/29/2019,1/1/2100,50,0,0,0
11/30/2020,2020/2021,West Ham,Aston Villa,1,2,1,DAVID MOYES,12/29/2019,1/1/2100,51,0,0,0
12/5/2020,2020/2021,West Ham,Manchester Utd,1,1,3,DAVID MOYES,12/29/2019,1/1/2100,52,0,0,0
12/11/2020,2020/2021,West Ham,Leeds United,0,2,1,DAVID MOYES,12/29/2019,1/1/2100,53,0,0,0
12/16/2020,2020/2021,West Ham,Crystal Palace,1,1,1,DAVID MOYES,12/29/2019,1/1/2100,54,0,0,0
12/21/2020,2020/2021,West Ham,Chelsea,0,0,3,DAVID MOYES,12/29/2019,1/1/2100,55,0,0,0
12/27/2020,2020/2021,West Ham,Brighton,1,2,2,DAVID MOYES,12/29/2019,1/1/2100,56,0,0,0
12/29/2020,2020/2021,West Ham,Southampton,0,0,0,DAVID MOYES,12/29/2019,1/1/2100,57,0,0,0
1/1/2021,2020/2021,West Ham,Everton,0,1,0,DAVID MOYES,12/29/2019,1/1/2100,58,0,0,0
1/16/2021,2020/2021,West Ham,Burnley,1,1,0,DAVID MOYES,12/29/2019,1/1/2100,59,0,0,0
1/19/2021,2020/2021,West Ham,West Brom,1,2,1,DAVID MOYES,12/29/2019,1/1/2100,60,0,0,0
1/26/2021,2020/2021,West Ham,Crystal Palace,0,3,2,DAVID MOYES,12/29/2019,1/1/2100,61,0,0,0
1/31/2021,2020/2021,West Ham,Liverpool,1,1,3,DAVID MOYES,12/29/2019,1/1/2100,62,0,0,0
2/3/2021,2020/2021,West Ham,Aston Villa,0,3,1,DAVID MOYES,12/29/2019,1/1/2100,63,0,0,0
2/6/2021,2020/2021,West Ham,Fulham,0,0,0,DAVID MOYES,12/29/2019,1/1/2100,64,0,0,0
2/15/2021,2020/2021,West Ham,Sheffield Utd,1,3,0,DAVID MOYES,12/29/2019,1/1/2100,65,0,0,0
2/21/2021,2020/2021,West Ham,Tottenham,1,2,1,DAVID MOYES,12/29/2019,1/1/2100,66,0,0,0
2/27/2021,2020/2021,West Ham,Manchester City,0,1,2,DAVID MOYES,12/29/2019,1/1/2100,67,0,0,0
3/8/2021,2020/2021,West Ham,Leeds United,1,2,0,DAVID MOYES,12/29/2019,1/1/2100,68,0,0,0
3/14/2021,2020/2021,West Ham,Manchester Utd,0,0,1,DAVID MOYES,12/29/2019,1/1/2100,69,0,0,0
3/21/2021,2020/2021,West Ham,Arsenal,1,3,3,DAVID MOYES,12/29/2019,1/1/2100,70,0,0,0
4/5/2021,2020/2021,West Ham,Wolves,0,3,2,DAVID MOYES,12/29/2019,1/1/2100,71,0,0,0
4/11/2021,2020/2021,West Ham,Leicester City,1,3,2,DAVID MOYES,12/29/2019,1/1/2100,72,0,0,0
4/17/2021,2020/2021,West Ham,Newcastle Utd,0,2,3,DAVID MOYES,12/29/2019,1/1/2100,73,0,0,0
4/24/2021,2020/2021,West Ham,Chelsea,1,0,1,DAVID MOYES,12/29/2019,1/1/2100,74,0,0,0
5/3/2021,2020/2021,West Ham,Burnley,0,2,1,DAVID MOYES,12/29/2019,1/1/2100,75,0,0,0
5/9/2021,2020/2021,West Ham,Everton,1,0,1,DAVID MOYES,12/29/2019,1/1/2100,76,0,0,0
5/15/2021,2020/2021,West Ham,Brighton,0,1,1,DAVID MOYES,12/29/2019,1/1/2100,77,0,0,0
5/19/2021,2020/2021,West Ham,West Brom,0,3,1,DAVID MOYES,12/29/2019,1/1/2100,78,0,0,0
5/23/2021,2020/2021,West Ham,Southampton,1,3,0,DAVID MOYES,12/29/2019,1/1/2100,79,0,0,0
8/15/2021,2021/2022,West Ham,Newcastle Utd,0,4,2,DAVID MOYES,12/29/2019,1/1/2100,80,0,0,0
8/23/2021,2021/2022,West Ham,Leicester City,1,4,1,DAVID MOYES,12/29/2019,1/1/2100,81,0,0,0
8/28/2021,2021/2022,West Ham,Crystal Palace,1,2,2,DAVID MOYES,12/29/2019,1/1/2100,82,0,0,0
9/11/2021,2021/2022,West Ham,Southampton,0,0,0,DAVID MOYES,12/29/2019,1/1/2100,83,0,0,0
9/19/2021,2021/2022,West Ham,Manchester Utd,1,1,2,DAVID MOYES,12/29/2019,1/1/2100,84,0,0,0
9/25/2021,2021/2022,West Ham,Leeds United,0,2,1,DAVID MOYES,12/29/2019,1/1/2100,85,0,0,0
10/3/2021,2021/2022,West Ham,Brentford,1,1,2,DAVID MOYES,12/29/2019,1/1/2100,86,0,0,0
10/17/2021,2021/2022,West Ham,Everton,0,1,0,DAVID MOYES,12/29/2019,1/1/2100,87,0,0,0
10/24/2021,2021/2022,West Ham,Tottenham,1,1,0,DAVID MOYES,12/29/2019,1/1/2100,88,0,0,0
10/31/2021,2021/2022,West Ham,Aston Villa,0,4,1,DAVID MOYES,12/29/2019,1/1/2100,89,0,0,0
11/7/2021,2021/2022,West Ham,Liverpool,1,3,2,DAVID MOYES,12/29/2019,1/1/2100,90,0,0,0
11/20/2021,2021/2022,West Ham,Wolves,0,0,1,DAVID MOYES,12/29/2019,1/1/2100,91,0,0,0
11/28/2021,2021/2022,West Ham,Manchester City,0,1,2,DAVID MOYES,12/29/2019,1/1/2100,92,0,0,0
12/1/2021,2021/2022,West Ham,Brighton,1,1,1,DAVID MOYES,12/29/2019,1/1/2100,93,0,0,0
12/4/2021,2021/2022,West Ham,Chelsea,1,3,2,DAVID MOYES,12/29/2019,1/1/2100,94,0,0,0
12/12/2021,2021/2022,West Ham,Burnley,0,0,0,DAVID MOYES,12/29/2019,1/1/2100,95,0,0,0
12/15/2021,2021/2022,West Ham,Arsenal,0,0,2,DAVID MOYES,12/29/2019,1/1/2100,96,0,0,0
12/26/2021,2021/2022,West Ham,Southampton,1,2,3,DAVID MOYES,12/29/2019,1/1/2100,97,0,0,0
12/28/2021,2021/2022,West Ham,Watford,0,4,1,DAVID MOYES,12/29/2019,1/1/2100,98,0,0,0
1/1/2022,2021/2022,West Ham,Crystal Palace,0,3,2,DAVID MOYES,12/29/2019,1/1/2100,99,0,0,0
1/12/2022,2021/2022,West Ham,Norwich City,1,2,0,DAVID MOYES,12/29/2019,1/1/2100,100,0,0,0
1/16/2022,2021/2022,West Ham,Leeds United,1,2,3,DAVID MOYES,12/29/2019,1/1/2100,101,0,0,0
1/22/2022,2021/2022,West Ham,Manchester Utd,0,0,1,DAVID MOYES,12/29/2019,1/1/2100,102,0,0,0
2/8/2022,2021/2022,West Ham,Watford,1,1,0,DAVID MOYES,12/29/2019,1/1/2100,103,0,0,0
2/13/2022,2021/2022,West Ham,Leicester City,0,2,2,DAVID MOYES,12/29/2019,1/1/2100,104,0,0,0
2/19/2022,2021/2022,West Ham,Newcastle Utd,1,1,1,DAVID MOYES,12/29/2019,1/1/2100,105,0,0,0
2/27/2022,2021/2022,West Ham,Wolves,1,1,0,DAVID MOYES,12/29/2019,1/1/2100,106,0,0,0
3/5/2022,2021/2022,West Ham,Liverpool,0,0,1,DAVID MOYES,12/29/2019,1/1/2100,107,0,0,0
3/13/2022,2021/2022,West Ham,Aston Villa,1,2,1,DAVID MOYES,12/29/2019,1/1/2100,108,0,0,0
3/20/2022,2021/2022,West Ham,Tottenham,0,1,3,DAVID MOYES,12/29/2019,1/1/2100,109,0,0,0
4/3/2022,2021/2022,West Ham,Everton,1,2,1,DAVID MOYES,12/29/2019,1/1/2100,110,0,0,0
4/10/2022,2021/2022,West Ham,Brentford,0,0,2,DAVID MOYES,12/29/2019,1/1/2100,111,0,0,0
4/17/2022,2021/2022,West Ham,Burnley,1,1,1,DAVID MOYES,12/29/2019,1/1/2100,112,0,0,0
4/24/2022,2021/2022,West Ham,Chelsea,0,0,1,DAVID MOYES,12/29/2019,1/1/2100,113,0,0,0
5/1/2022,2021/2022,West Ham,Arsenal,1,1,2,DAVID MOYES,12/29/2019,1/1/2100,114,0,0,0
5/8/2022,2021/2022,West Ham,Norwich City,0,4,0,DAVID MOYES,12/29/2019,1/1/2100,115,0,0,0
5/15/2022,2021/2022,West Ham,Manchester City,1,2,2,DAVID MOYES,12/29/2019,1/1/2100,116,0,0,0
5/22/2022,2021/2022,West Ham,Brighton,0,1,3,DAVID MOYES,12/29/2019,1/1/2100,117,0,0,0
8/7/2022,2022/2023,West Ham,Manchester City,1,0,2,DAVID MOYES,12/29/2019,1/1/2100,118,0,0,0
8/14/2022,2022/2023,West Ham,Nott'ham Forest,0,0,1,DAVID MOYES,12/29/2019,1/1/2100,119,0,0,0
8/21/2022,2022/2023,West Ham,Brighton,1,0,2,DAVID MOYES,12/29/2019,1/1/2100,120,0,0,0
8/28/2022,2022/2023,West Ham,Aston Villa,0,1,0,DAVID MOYES,12/29/2019,1/1/2100,121,0,0,0
8/31/2022,2022/2023,West Ham,Tottenham,1,1,1,DAVID MOYES,12/29/2019,1/1/2100,122,0,0,0
9/3/2022,2022/2023,West Ham,Chelsea,0,1,2,DAVID MOYES,12/29/2019,1/1/2100,123,0,0,0
9/18/2022,2022/2023,West Ham,Everton,0,0,1,DAVID MOYES,12/29/2019,1/1/2100,124,0,0,0
10/1/2022,2022/2023,West Ham,Wolves,1,2,0,DAVID MOYES,12/29/2019,1/1/2100,125,0,0,0
10/9/2022,2022/2023,West Ham,Fulham,1,3,1,DAVID MOYES,12/29/2019,1/1/2100,126,0,0,0
10/16/2022,2022/2023,West Ham,Southampton,0,1,1,DAVID MOYES,12/29/2019,1/1/2100,127,0,0,0
10/19/2022,2022/2023,West Ham,Liverpool,0,0,1,DAVID MOYES,12/29/2019,1/1/2100,128,0,0,0
10/24/2022,2022/2023,West Ham,Bournemouth,1,2,0,DAVID MOYES,12/29/2019,1/1/2100,129,0,0,0
10/30/2022,2022/2023,West Ham,Manchester Utd,0,0,1,DAVID MOYES,12/29/2019,1/1/2100,130,0,0,0
11/6/2022,2022/2023,West Ham,Crystal Palace,1,1,2,DAVID MOYES,12/29/2019,1/1/2100,131,0,0,0
11/12/2022,2022/2023,West Ham,Leicester City,1,0,2,DAVID MOYES,12/29/2019,1/1/2100,132,0,0,0
12/26/2022,2022/2023,West Ham,Arsenal,0,1,3,DAVID MOYES,12/29/2019,1/1/2100,133,0,0,0
12/30/2022,2022/2023,West Ham,Brentford,1,0,2,DAVID MOYES,12/29/2019,1/1/2100,134,0,0,0
1/4/2023,2022/2023,West Ham,Leeds United,0,2,2,DAVID MOYES,12/29/2019,1/1/2100,135,0,0,0
1/14/2023,2022/2023,West Ham,Wolves,0,0,1,DAVID MOYES,12/29/2019,1/1/2100,136,0,0,0
1/21/2023,2022/2023,West Ham,Everton,1,2,0,DAVID MOYES,12/29/2019,1/1/2100,137,0,0,0
2/4/2023,2022/2023,West Ham,Newcastle Utd,0,1,1,DAVID MOYES,12/29/2019,1/1/2100,138,0,0,0
2/11/2023,2022/2023,West Ham,Chelsea,1,1,1,DAVID MOYES,12/29/2019,1/1/2100,139,0,0,0
2/19/2023,2022/2023,West Ham,Tottenham,0,0,2,DAVID MOYES,12/29/2019,1/1/2100,140,0,0,0
2/25/2023,2022/2023,West Ham,Nott'ham Forest,1,4,0,DAVID MOYES,12/29/2019,1/1/2100,141,0,0,0
3/4/2023,2022/2023,West Ham,Brighton,0,0,4,DAVID MOYES,12/29/2019,1/1/2100,142,0,0,0
3/12/2023,2022/2023,West Ham,Aston Villa,1,1,1,DAVID MOYES,12/29/2019,1/1/2100,143,0,0,0
4/2/2023,2022/2023,West Ham,Southampton,1,1,0,DAVID MOYES,12/29/2019,1/1/2100,144,0,0,0
4/5/2023,2022/2023,West Ham,Newcastle Utd,1,1,5,DAVID MOYES,12/29/2019,1/1/2100,145,0,0,0
4/8/2023,2022/2023,West Ham,Fulham,0,1,0,DAVID MOYES,12/29/2019,1/1/2100,146,0,0,0
4/16/2023,2022/2023,West Ham,Arsenal,1,2,2,DAVID MOYES,12/29/2019,1/1/2100,147,0,0,0
4/23/2023,2022/2023,West Ham,Bournemouth,0,4,0,DAVID MOYES,12/29/2019,1/1/2100,148,0,0,0
4/26/2023,2022/2023,West Ham,Liverpool,1,1,2,DAVID MOYES,12/29/2019,1/1/2100,149,0,0,0
4/29/2023,2022/2023,West Ham,Crystal Palace,0,3,4,DAVID MOYES,12/29/2019,1/1/2100,150,0,0,0
5/3/2023,2022/2023,West Ham,Manchester City,0,0,3,DAVID MOYES,12/29/2019,1/1/2100,151,0,0,0
5/7/2023,2022/2023,West Ham,Manchester Utd,1,1,0,DAVID MOYES,12/29/2019,1/1/2100,152,0,0,0
5/14/2023,2022/2023,West Ham,Brentford,0,0,2,DAVID MOYES,12/29/2019,1/1/2100,153,0,0,0
5/21/2023,2022/2023,West Ham,Leeds United,1,3,1,DAVID MOYES,12/29/2019,1/1/2100,154,0,0,0
5/28/2023,2022/2023,West Ham,Leicester City,0,1,2,DAVID MOYES,12/29/2019,1/1/2100,155,0,0,0
8/12/2023,2023/2024,West Ham,Bournemouth,0,1,1,DAVID MOYES,12/29/2019,1/1/2100,156,0,0,0
8/20/2023,2023/2024,West Ham,Chelsea,1,3,1,DAVID MOYES,12/29/2019,1/1/2100,157,0,0,0
8/26/2023,2023/2024,West Ham,Brighton,0,3,1,DAVID MOYES,12/29/2019,1/1/2100,158,0,0,0
9/1/2023,2023/2024,West Ham,Luton Town,0,2,1,DAVID MOYES,12/29/2019,1/1/2100,159,0,0,0
9/16/2023,2023/2024,West Ham,Manchester City,1,1,3,DAVID MOYES,12/29/2019,1/1/2100,160,0,0,0
9/24/2023,2023/2024,West Ham,Liverpool,0,1,3,DAVID MOYES,12/29/2019,1/1/2100,161,0,0,0
9/30/2023,2023/2024,West Ham,Sheffield Utd,1,2,0,DAVID MOYES,12/29/2019,1/1/2100,162,0,0,0
10/8/2023,2023/2024,West Ham,Newcastle Utd,1,2,2,DAVID MOYES,12/29/2019,1/1/2100,163,0,0,0
10/22/2023,2023/2024,West Ham,Aston Villa,0,1,4,DAVID MOYES,12/29/2019,1/1/2100,164,0,0,0
10/29/2023,2023/2024,West Ham,Everton,1,0,1,DAVID MOYES,12/29/2019,1/1/2100,165,0,0,0
11/4/2023,2023/2024,West Ham,Brentford,0,2,3,DAVID MOYES,12/29/2019,1/1/2100,166,0,0,0
11/12/2023,2023/2024,West Ham,Nott'ham Forest,1,3,2,DAVID MOYES,12/29/2019,1/1/2100,167,0,0,0
11/25/2023,2023/2024,West Ham,Burnley,0,2,1,DAVID MOYES,12/29/2019,1/1/2100,168,0,0,0
12/3/2023,2023/2024,West Ham,Crystal Palace,1,1,1,DAVID MOYES,12/29/2019,1/1/2100,169,0,0,0
12/7/2023,2023/2024,West Ham,Tottenham,0,2,1,DAVID MOYES,12/29/2019,1/1/2100,170,0,0,0
12/10/2023,2023/2024,West Ham,Fulham,0,0,5,DAVID MOYES,12/29/2019,1/1/2100,171,0,0,0
12/17/2023,2023/2024,West Ham,Wolves,1,3,0,DAVID MOYES,12/29/2019,1/1/2100,172,0,0,0
12/23/2023,2023/2024,West Ham,Manchester Utd,1,2,0,DAVID MOYES,12/29/2019,1/1/2100,173,0,0,0
12/28/2023,2023/2024,West Ham,Arsenal,0,2,0,DAVID MOYES,12/29/2019,1/1/2100,174,0,0,0
1/2/2024,2023/2024,West Ham,Brighton,1,0,0,DAVID MOYES,12/29/2019,1/1/2100,175,0,0,0
1/21/2024,2023/2024,West Ham,Sheffield Utd,0,2,2,DAVID MOYES,12/29/2019,1/1/2100,176,0,0,0
2/1/2024,2023/2024,West Ham,Bournemouth,1,1,1,DAVID MOYES,12/29/2019,1/1/2100,177,0,0,0
2/4/2024,2023/2024,West Ham,Manchester Utd,0,0,3,DAVID MOYES,12/29/2019,1/1/2100,178,0,0,0
2/11/2024,2023/2024,West Ham,Arsenal,1,0,6,DAVID MOYES,12/29/2019,1/1/2100,179,0,0,0
2/17/2024,2023/2024,West Ham,Nott'ham Forest,0,0,2,DAVID MOYES,12/29/2019,1/1/2100,180,0,0,0
2/26/2024,2023/2024,West Ham,Brentford,1,4,2,DAVID MOYES,12/29/2019,1/1/2100,181,0,0,0
3/2/2024,2023/2024,West Ham,Everton,0,3,1,DAVID MOYES,12/29/2019,1/1/2100,182,0,0,0
3/10/2024,2023/2024,West Ham,Burnley,1,2,2,DAVID MOYES,12/29/2019,1/1/2100,183,0,0,0
3/17/2024,2023/2024,West Ham,Aston Villa,1,1,1,DAVID MOYES,12/29/2019,1/1/2100,184,0,0,0
3/30/2024,2023/2024,West Ham,Newcastle Utd,0,3,4,DAVID MOYES,12/29/2019,1/1/2100,185,0,0,0
4/2/2024,2023/2024,West Ham,Tottenham,1,1,1,DAVID MOYES,12/29/2019,1/1/2100,186,0,0,0
4/6/2024,2023/2024,West Ham,Wolves,0,2,1,DAVID MOYES,12/29/2019,1/1/2100,187,0,0,0
4/14/2024,2023/2024,West Ham,Fulham,1,0,2,DAVID MOYES,12/29/2019,1/1/2100,188,0,0,0
4/21/2024,2023/2024,West Ham,Crystal Palace,0,2,5,DAVID MOYES,12/29/2019,1/1/2100,189,0,0,0
4/27/2024,2023/2024,West Ham,Liverpool,1,2,2,DAVID MOYES,12/29/2019,1/1/2100,190,0,0,0
5/5/2024,2023/2024,West Ham,Chelsea,0,0,5,DAVID MOYES,12/29/2019,1/1/2100,191,0,0,0
5/11/2024,2023/2024,West Ham,Luton Town,1,3,1,DAVID MOYES,12/29/2019,1/1/2100,192,0,0,0
5/19/2024,2023/2024,West Ham,Manchester City,0,1,3,DAVID MOYES,12/29/2019,1/1/2100,193,0,0,0
1/13/2018,2017/2018,West Ham,Huddersfield,0,4,1,MANUEL PELLEGRINI,1/7/2018,1/1/2100,1,1,0,0
1/20/2018,2017/2018,West Ham,Bournemouth,1,1,1,MANUEL PELLEGRINI,1/7/2018,1/1/2100,2,1,0,0
1/30/2018,2017/2018,West Ham,Crystal Palace,1,1,1,MANUEL PELLEGRINI,1/7/2018,1/1/2100,3,1,0,0
2/3/2018,2017/2018,West Ham,Brighton,0,1,3,MANUEL PELLEGRINI,1/7/2018,1/1/2100,4,0,1,0
2/10/2018,2017/2018,West Ham,Watford,1,2,0,MANUEL PELLEGRINI,1/7/2018,1/1/2100,5,0,1,0
2/24/2018,2017/2018,West Ham,Liverpool,0,1,4,MANUEL PELLEGRINI,1/7/2018,1/1/2100,6,0,1,0
3/3/2018,2017/2018,West Ham,Swansea City,0,1,4,MANUEL PELLEGRINI,1/7/2018,1/1/2100,7,0,0,1
3/10/2018,2017/2018,West Ham,Burnley,1,0,3,MANUEL PELLEGRINI,1/7/2018,1/1/2100,8,0,0,1
3/31/2018,2017/2018,West Ham,Southampton,1,3,0,MANUEL PELLEGRINI,1/7/2018,1/1/2100,9,0,0,1
4/8/2018,2017/2018,West Ham,Chelsea,0,1,1,MANUEL PELLEGRINI,1/7/2018,1/1/2100,10,0,0,1
4/16/2018,2017/2018,West Ham,Stoke City,1,1,1,MANUEL PELLEGRINI,1/7/2018,1/1/2100,11,0,0,0
4/22/2018,2017/2018,West Ham,Arsenal,0,1,4,MANUEL PELLEGRINI,1/7/2018,1/1/2100,12,0,0,0
4/29/2018,2017/2018,West Ham,Manchester City,1,1,4,MANUEL PELLEGRINI,1/7/2018,1/1/2100,13,0,0,0
5/5/2018,2017/2018,West Ham,Leicester City,0,2,0,MANUEL PELLEGRINI,1/7/2018,1/1/2100,14,0,0,0
5/10/2018,2017/2018,West Ham,Manchester Utd,1,0,0,MANUEL PELLEGRINI,1/7/2018,1/1/2100,15,0,0,0
5/13/2018,2017/2018,West Ham,Everton,1,3,1,MANUEL PELLEGRINI,1/7/2018,1/1/2100,16,0,0,0
8/12/2018,2018/2019,West Ham,Liverpool,0,0,4,MANUEL PELLEGRINI,1/7/2018,1/1/2100,17,0,0,0
8/18/2018,2018/2019,West Ham,Bournemouth,1,1,2,MANUEL PELLEGRINI,1/7/2018,1/1/2100,18,0,0,0
8/25/2018,2018/2019,West Ham,Arsenal,0,1,3,MANUEL PELLEGRINI,1/7/2018,1/1/2100,19,0,0,0
9/1/2018,2018/2019,West Ham,Wolves,1,0,1,MANUEL PELLEGRINI,1/7/2018,1/1/2100,20,0,0,0
9/16/2018,2018/2019,West Ham,Everton,0,3,1,MANUEL PELLEGRINI,1/7/2018,1/1/2100,21,0,0,0
9/23/2018,2018/2019,West Ham,Chelsea,1,0,0,MANUEL PELLEGRINI,1/7/2018,1/1/2100,22,0,0,0
9/29/2018,2018/2019,West Ham,Manchester Utd,1,3,1,MANUEL PELLEGRINI,1/7/2018,1/1/2100,23,0,0,0
10/5/2018,2018/2019,West Ham,Brighton,0,0,1,MANUEL PELLEGRINI,1/7/2018,1/1/2100,24,0,0,0
10/20/2018,2018/2019,West Ham,Tottenham,1,0,1,MANUEL PELLEGRINI,1/7/2018,1/1/2100,25,0,0,0
10/27/2018,2018/2019,West Ham,Leicester City,0,1,1,MANUEL PELLEGRINI,1/7/2018,1/1/2100,26,0,0,0
11/3/2018,2018/2019,West Ham,Burnley,1,4,2,MANUEL PELLEGRINI,1/7/2018,1/1/2100,27,0,0,0
11/10/2018,2018/2019,West Ham,Huddersfield,0,1,1,MANUEL PELLEGRINI,1/7/2018,1/1/2100,28,0,0,0
11/24/2018,2018/2019,West Ham,Manchester City,1,0,4,MANUEL PELLEGRINI,1/7/2018,1/1/2100,29,0,0,0
12/1/2018,2018/2019,West Ham,Newcastle Utd,0,3,0,MANUEL PELLEGRINI,1/7/2018,1/1/2100,30,0,0,0
12/4/2018,2018/2019,West Ham,Cardiff City,1,3,1,MANUEL PELLEGRINI,1/7/2018,1/1/2100,31,0,0,0
12/8/2018,2018/2019,West Ham,Crystal Palace,1,3,2,MANUEL PELLEGRINI,1/7/2018,1/1/2100,32,0,0,0
12/15/2018,2018/2019,West Ham,Fulham,0,2,0,MANUEL PELLEGRINI,1/7/2018,1/1/2100,33,0,0,0
12/22/2018,2018/2019,West Ham,Watford,1,0,2,MANUEL PELLEGRINI,1/7/2018,1/1/2100,34,0,0,0
12/27/2018,2018/2019,West Ham,Southampton,0,2,1,MANUEL PELLEGRINI,1/7/2018,1/1/2100,35,0,0,0
12/30/2018,2018/2019,West Ham,Burnley,0,0,2,MANUEL PELLEGRINI,1/7/2018,1/1/2100,36,0,0,0
1/2/2019,2018/2019,West Ham,Brighton,1,2,2,MANUEL PELLEGRINI,1/7/2018,1/1/2100,37,0,0,0
1/12/2019,2018/2019,West Ham,Arsenal,1,1,0,MANUEL PELLEGRINI,1/7/2018,1/1/2100,38,0,0,0
1/19/2019,2018/2019,West Ham,Bournemouth,0,0,2,MANUEL PELLEGRINI,1/7/2018,1/1/2100,39,0,0,0
1/29/2019,2018/2019,West Ham,Wolves,0,0,3,MANUEL PELLEGRINI,1/7/2018,1/1/2100,40,0,0,0
2/4/2019,2018/2019,West Ham,Liverpool,1,1,1,MANUEL PELLEGRINI,1/7/2018,1/1/2100,41,0,0,0
2/9/2019,2018/2019,West Ham,Crystal Palace,0,1,1,MANUEL PELLEGRINI,1/7/2018,1/1/2100,42,0,0,0
2/22/2019,2018/2019,West Ham,Fulham,1,3,1,MANUEL PELLEGRINI,1/7/2018,1/1/2100,43,0,0,0
2/27/2019,2018/2019,West Ham,Manchester City,0,0,1,MANUEL PELLEGRINI,1/7/2018,1/1/2100,44,0,0,0
3/2/2019,2018/2019,West Ham,Newcastle Utd,1,2,0,MANUEL PELLEGRINI,1/7/2018,1/1/2100,45,0,0,0
3/9/2019,2018/2019,West Ham,Cardiff City,0,0,2,MANUEL PELLEGRINI,1/7/2018,1/1/2100,46,0,0,0
3/16/2019,2018/2019,West Ham,Huddersfield,1,4,3,MANUEL PELLEGRINI,1/7/2018,1/1/2100,47,0,0,0
3/30/2019,2018/2019,West Ham,Everton,1,0,2,MANUEL PELLEGRINI,1/7/2018,1/1/2100,48,0,0,0
4/8/2019,2018/2019,West Ham,Chelsea,0,0,2,MANUEL PELLEGRINI,1/7/2018,1/1/2100,49,0,0,0
4/13/2019,2018/2019,West Ham,Manchester Utd,0,1,2,MANUEL PELLEGRINI,1/7/2018,1/1/2100,50,0,0,0
4/20/2019,2018/2019,West Ham,Leicester City,1,2,2,MANUEL PELLEGRINI,1/7/2018,1/1/2100,51,0,0,0
4/27/2019,2018/2019,West Ham,Tottenham,0,1,0,MANUEL PELLEGRINI,1/7/2018,1/1/2100,52,0,0,0
5/4/2019,2018/2019,West Ham,Southampton,1,3,0,MANUEL PELLEGRINI,1/7/2018,1/1/2100,53,0,0,0
5/12/2019,2018/2019,West Ham,Watford,0,4,1,MANUEL PELLEGRINI,1/7/2018,1/1/2100,54,0,0,0
8/10/2019,2019/2020,West Ham,Manchester City,1,0,5,MANUEL PELLEGRINI,1/7/2018,1/1/2100,55,0,0,0
8/17/2019,2019/2020,West Ham,Brighton,0,1,1,MANUEL PELLEGRINI,1/7/2018,1/1/2100,56,0,0,0
8/24/2019,2019/2020,West Ham,Watford,0,3,1,MANUEL PELLEGRINI,1/7/2018,1/1/2100,57,0,0,0
8/31/2019,2019/2020,West Ham,Norwich City,1,2,0,MANUEL PELLEGRINI,1/7/2018,1/1/2100,58,0,0,0
9/16/2019,2019/2020,West Ham,Aston Villa,0,0,0,MANUEL PELLEGRINI,1/7/2018,1/1/2100,59,0,0,0
9/22/2019,2019/2020,West Ham,Manchester Utd,1,2,0,MANUEL PELLEGRINI,1/7/2018,1/1/2100,60,0,0,0
9/28/2019,2019/2020,West Ham,Bournemouth,0,2,2,MANUEL PELLEGRINI,1/7/2018,1/1/2100,61,0,0,0
10/5/2019,2019/2020,West Ham,Crystal Palace,1,1,2,MANUEL PELLEGRINI,1/7/2018,1/1/2100,62,0,0,0
10/19/2019,2019/2020,West Ham,Everton,0,0,2,MANUEL PELLEGRINI,1/7/2018,1/1/2100,63,0,0,0
10/26/2019,2019/2020,West Ham,Sheffield Utd,1,1,1,MANUEL PELLEGRINI,1/7/2018,1/1/2100,64,0,0,0
11/2/2019,2019/2020,West Ham,Newcastle Utd,1,2,3,MANUEL PELLEGRINI,1/7/2018,1/1/2100,65,0,0,0
11/9/2019,2019/2020,West Ham,Burnley,0,0,3,MANUEL PELLEGRINI,1/7/2018,1/1/2100,66,0,0,0
11/23/2019,2019/2020,West Ham,Tottenham,1,2,3,MANUEL PELLEGRINI,1/7/2018,1/1/2100,67,0,0,0
11/30/2019,2019/2020,West Ham,Chelsea,0,1,0,MANUEL PELLEGRINI,1/7/2018,1/1/2100,68,0,0,0
12/4/2019,2019/2020,West Ham,Wolves,0,0,2,MANUEL PELLEGRINI,1/7/2018,1/1/2100,69,0,0,0
12/9/2019,2019/2020,West Ham,Arsenal,1,1,3,MANUEL PELLEGRINI,1/7/2018,1/1/2100,70,0,0,0
12/14/2019,2019/2020,West Ham,Southampton,0,1,0,MANUEL PELLEGRINI,1/7/2018,1/1/2100,71,0,0,0
12/26/2019,2019/2020,West Ham,Crystal Palace,0,1,2,MANUEL PELLEGRINI,1/7/2018,1/1/2100,72,0,0,0
12/28/2019,2019/2020,West Ham,Leicester City,1,1,2,MANUEL PELLEGRINI,1/7/2018,1/1/2100,73,0,0,0
8/16/2014,2014/2015,West Ham,Tottenham,1,0,1,SAM ALLARDYCE,1/7/2011,1/1/2100,101,0,0,0
8/23/2014,2014/2015,West Ham,Crystal Palace,0,3,1,SAM ALLARDYCE,1/7/2011,1/1/2100,102,0,0,0
8/30/2014,2014/2015,West Ham,Southampton,1,1,3,SAM ALLARDYCE,1/7/2011,1/1/2100,103,0,0,0
9/15/2014,2014/2015,West Ham,Hull City,0,2,2,SAM ALLARDYCE,1/7/2011,1/1/2100,104,0,0,0
9/20/2014,2014/2015,West Ham,Liverpool,1,3,1,SAM ALLARDYCE,1/7/2011,1/1/2100,105,0,0,0
9/27/2014,2014/2015,West Ham,Manchester Utd,0,1,2,SAM ALLARDYCE,1/7/2011,1/1/2100,106,0,0,0
10/5/2014,2014/2015,West Ham,QPR,1,2,0,SAM ALLARDYCE,1/7/2011,1/1/2100,107,0,0,0
10/18/2014,2014/2015,West Ham,Burnley,0,3,1,SAM ALLARDYCE,1/7/2011,1/1/2100,108,0,0,0
10/25/2014,2014/2015,West Ham,Manchester City,1,2,1,SAM ALLARDYCE,1/7/2011,1/1/2100,109,0,0,0
11/1/2014,2014/2015,West Ham,Stoke City,0,2,2,SAM ALLARDYCE,1/7/2011,1/1/2100,110,0,0,0
11/8/2014,2014/2015,West Ham,Aston Villa,1,0,0,SAM ALLARDYCE,1/7/2011,1/1/2100,111,0,0,0
11/22/2014,2014/2015,West Ham,Everton,0,1,2,SAM ALLARDYCE,1/7/2011,1/1/2100,112,0,0,0
11/29/2014,2014/2015,West Ham,Newcastle Utd,1,1,0,SAM ALLARDYCE,1/7/2011,1/1/2100,113,0,0,0
12/2/2014,2014/2015,West Ham,West Brom,0,2,1,SAM ALLARDYCE,1/7/2011,1/1/2100,114,0,0,0
12/7/2014,2014/2015,West Ham,Swansea City,1,3,1,SAM ALLARDYCE,1/7/2011,1/1/2100,115,0,0,0
12/13/2014,2014/2015,West Ham,Sunderland,0,1,1,SAM ALLARDYCE,1/7/2011,1/1/2100,116,0,0,0
12/20/2014,2014/2015,West Ham,Leicester City,1,2,0,SAM ALLARDYCE,1/7/2011,1/1/2100,117,0,0,0
12/26/2014,2014/2015,West Ham,Chelsea,0,0,2,SAM ALLARDYCE,1/7/2011,1/1/2100,118,0,0,0
12/28/2014,2014/2015,West Ham,Arsenal,1,1,2,SAM ALLARDYCE,1/7/2011,1/1/2100,119,0,0,0
1/1/2015,2014/2015,West Ham,West Brom,1,1,1,SAM ALLARDYCE,1/7/2011,1/1/2100,120,0,0,0
1/10/2015,2014/2015,West Ham,Swansea City,0,1,1,SAM ALLARDYCE,1/7/2011,1/1/2100,121,0,0,0
1/18/2015,2014/2015,West Ham,Hull City,1,3,0,SAM ALLARDYCE,1/7/2011,1/1/2100,122,0,0,0
1/31/2015,2014/2015,West Ham,Liverpool,0,0,2,SAM ALLARDYCE,1/7/2011,1/1/2100,123,0,0,0
2/8/2015,2014/2015,West Ham,Manchester Utd,1,1,1,SAM ALLARDYCE,1/7/2011,1/1/2100,124,0,0,0
2/11/2015,2014/2015,West Ham,Southampton,0,0,0,SAM ALLARDYCE,1/7/2011,1/1/2100,125,0,0,0
2/22/2015,2014/2015,West Ham,Tottenham,0,2,2,SAM ALLARDYCE,1/7/2011,1/1/2100,126,0,0,0
2/28/2015,2014/2015,West Ham,Crystal Palace,1,1,3,SAM ALLARDYCE,1/7/2011,1/1/2100,127,0,0,0
3/4/2015,2014/2015,West Ham,Chelsea,1,0,1,SAM ALLARDYCE,1/7/2011,1/1/2100,128,0,0,0
3/14/2015,2014/2015,West Ham,Arsenal,0,0,3,SAM ALLARDYCE,1/7/2011,1/1/2100,129,0,0,0
3/21/2015,2014/2015,West Ham,Sunderland,1,1,0,SAM ALLARDYCE,1/7/2011,1/1/2100,130,0,0,0
4/4/2015,2014/2015,West Ham,Leicester City,0,1,2,SAM ALLARDYCE,1/7/2011,1/1/2100,131,0,0,0
4/11/2015,2014/2015,West Ham,Stoke City,1,1,1,SAM ALLARDYCE,1/7/2011,1/1/2100,132,0,0,0
4/19/2015,2014/2015,West Ham,Manchester City,0,0,2,SAM ALLARDYCE,1/7/2011,1/1/2100,133,0,0,0
4/25/2015,2014/2015,West Ham,QPR,0,0,0,SAM ALLARDYCE,1/7/2011,1/1/2100,134,0,0,0
5/2/2015,2014/2015,West Ham,Burnley,1,1,0,SAM ALLARDYCE,1/7/2011,1/1/2100,135,0,0,0
5/9/2015,2014/2015,West Ham,Aston Villa,0,0,1,SAM ALLARDYCE,1/7/2011,1/1/2100,136,0,0,0
5/16/2015,2014/2015,West Ham,Everton,1,1,2,SAM ALLARDYCE,1/7/2011,1/1/2100,137,0,0,0
5/24/2015,2014/2015,West Ham,Newcastle Utd,0,0,2,SAM ALLARDYCE,1/7/2011,1/1/2100,138,0,0,0
8/9/2015,2015/2016,West Ham,Arsenal,0,2,0,SAM ALLARDYCE,1/7/2011,1/1/2100,139,0,0,0
8/15/2015,2015/2016,West Ham,Leicester City,1,1,2,SAM ALLARDYCE,1/7/2011,1/1/2100,140,0,0,0
8/22/2015,2015/2016,West Ham,Bournemouth,1,3,4,SAM ALLARDYCE,1/7/2011,1/1/2100,141,0,0,0
8/29/2015,2015/2016,West Ham,Liverpool,0,3,0,SAM ALLARDYCE,1/7/2011,1/1/2100,142,0,0,0
9/14/2015,2015/2016,West Ham,Newcastle Utd,1,2,0,SAM ALLARDYCE,1/7/2011,1/1/2100,143,0,0,0
9/19/2015,2015/2016,West Ham,Manchester City,0,2,1,SAM ALLARDYCE,1/7/2011,1/1/2100,144,0,0,0
9/26/2015,2015/2016,West Ham,Norwich City,1,2,2,SAM ALLARDYCE,1/7/2011,1/1/2100,145,0,0,0
10/3/2015,2015/2016,West Ham,Sunderland,0,2,2,SAM ALLARDYCE,1/7/2011,1/1/2100,146,0,0,0
10/17/2015,2015/2016,West Ham,Crystal Palace,0,3,1,SAM ALLARDYCE,1/7/2011,1/1/2100,147,0,0,0
10/24/2015,2015/2016,West Ham,Chelsea,1,2,1,SAM ALLARDYCE,1/7/2011,1/1/2100,148,0,0,0
10/31/2015,2015/2016,West Ham,Watford,0,0,2,SAM ALLARDYCE,1/7/2011,1/1/2100,149,0,0,0
11/7/2015,2015/2016,West Ham,Everton,1,1,1,SAM ALLARDYCE,1/7/2011,1/1/2100,150,0,0,0
11/22/2015,2015/2016,West Ham,Tottenham,0,1,4,SAM ALLARDYCE,1/7/2011,1/1/2100,151,0,0,0
11/29/2015,2015/2016,West Ham,West Brom,1,1,1,SAM ALLARDYCE,1/7/2011,1/1/2100,152,0,0,0
12/5/2015,2015/2016,West Ham,Manchester Utd,0,0,0,SAM ALLARDYCE,1/7/2011,1/1/2100,153,0,0,0
12/12/2015,2015/2016,West Ham,Stoke City,1,0,0,SAM ALLARDYCE,1/7/2011,1/1/2100,154,0,0,0
12/20/2015,2015/2016,West Ham,Swansea City,0,0,0,SAM ALLARDYCE,1/7/2011,1/1/2100,155,0,0,0
12/26/2015,2015/2016,West Ham,Aston Villa,0,1,1,SAM ALLARDYCE,1/7/2011,1/1/2100,156,0,0,0
12/28/2015,2015/2016,West Ham,Southampton,1,2,1,SAM ALLARDYCE,1/7/2011,1/1/2100,157,0,0,0
1/2/2016,2015/2016,West Ham,Liverpool,1,2,0,SAM ALLARDYCE,1/7/2011,1/1/2100,158,0,0,0
1/12/2016,2015/2016,West Ham,Bournemouth,0,3,1,SLAVEN BILIC,1/7/2016,6/11/2017,1,1,0,0
1/16/2016,2015/2016,West Ham,Newcastle Utd,0,1,2,SLAVEN BILIC,1/7/2016,6/11/2017,2,1,0,0
1/23/2016,2015/2016,West Ham,Manchester City,1,2,2,SLAVEN BILIC,1/7/2016,6/11/2017,3,1,0,0
2/2/2016,2015/2016,West Ham,Aston Villa,1,2,0,SLAVEN BILIC,1/7/2016,6/11/2017,4,0,1,0
2/6/2016,2015/2016,West Ham,Southampton,0,0,1,SLAVEN BILIC,1/7/2016,6/11/2017,5,0,1,0
2/13/2016,2015/2016,West Ham,Norwich City,0,2,2,SLAVEN BILIC,1/7/2016,6/11/2017,6,0,1,0
2/27/2016,2015/2016,West Ham,Sunderland,1,1,0,SLAVEN BILIC,1/7/2016,6/11/2017,7,0,0,1
3/2/2016,2015/2016,West Ham,Tottenham,1,1,0,SLAVEN BILIC,1/7/2016,6/11/2017,8,0,0,1
3/5/2016,2015/2016,West Ham,Everton,0,3,2,SLAVEN BILIC,1/7/2016,6/11/2017,9,0,0,1
3/19/2016,2015/2016,West Ham,Chelsea,0,2,2,SLAVEN BILIC,1/7/2016,6/11/2017,10,0,0,1
4/2/2016,2015/2016,West Ham,Crystal Palace,1,2,2,SLAVEN BILIC,1/7/2016,6/11/2017,11,0,0,0
4/9/2016,2015/2016,West Ham,Arsenal,1,3,3,SLAVEN BILIC,1/7/2016,6/11/2017,12,0,0,0
4/17/2016,2015/2016,West Ham,Leicester City,0,2,2,SLAVEN BILIC,1/7/2016,6/11/2017,13,0,0,0
4/20/2016,2015/2016,West Ham,Watford,1,3,1,SLAVEN BILIC,1/7/2016,6/11/2017,14,0,0,0
4/30/2016,2015/2016,West Ham,West Brom,0,3,0,SLAVEN BILIC,1/7/2016,6/11/2017,15,0,0,0
5/7/2016,2015/2016,West Ham,Swansea City,1,1,4,SLAVEN BILIC,1/7/2016,6/11/2017,16,0,0,0
5/10/2016,2015/2016,West Ham,Manchester Utd,1,3,2,SLAVEN BILIC,1/7/2016,6/11/2017,17,0,0,0
5/15/2016,2015/2016,West Ham,Stoke City,0,1,2,SLAVEN BILIC,1/7/2016,6/11/2017,18,0,0,0
8/15/2016,2016/2017,West Ham,Chelsea,0,1,2,SLAVEN BILIC,1/7/2016,6/11/2017,19,0,0,0
8/21/2016,2016/2017,West Ham,Bournemouth,1,1,0,SLAVEN BILIC,1/7/2016,6/11/2017,20,0,0,0
8/28/2016,2016/2017,West Ham,Manchester City,0,1,3,SLAVEN BILIC,1/7/2016,6/11/2017,21,0,0,0
9/10/2016,2016/2017,West Ham,Watford,1,2,4,SLAVEN BILIC,1/7/2016,6/11/2017,22,0,0,0
9/17/2016,2016/2017,West Ham,West Brom,0,2,4,SLAVEN BILIC,1/7/2016,6/11/2017,23,0,0,0
9/25/2016,2016/2017,West Ham,Southampton,1,0,3,SLAVEN BILIC,1/7/2016,6/11/2017,24,0,0,0
10/1/2016,2016/2017,West Ham,Middlesbrough,1,1,1,SLAVEN BILIC,1/7/2016,6/11/2017,25,0,0,0
10/15/2016,2016/2017,West Ham,Crystal Palace,0,1,0,SLAVEN BILIC,1/7/2016,6/11/2017,26,0,0,0
10/22/2016,2016/2017,West Ham,Sunderland,1,1,0,SLAVEN BILIC,1/7/2016,6/11/2017,27,0,0,0
10/30/2016,2016/2017,West Ham,Everton,0,0,2,SLAVEN BILIC,1/7/2016,6/11/2017,28,0,0,0
11/5/2016,2016/2017,West Ham,Stoke City,1,1,1,SLAVEN BILIC,1/7/2016,6/11/2017,29,0,0,0
11/19/2016,2016/2017,West Ham,Tottenham,0,2,3,SLAVEN BILIC,1/7/2016,6/11/2017,30,0,0,0
11/27/2016,2016/2017,West Ham,Manchester Utd,0,1,1,SLAVEN BILIC,1/7/2016,6/11/2017,31,0,0,0
12/3/2016,2016/2017,West Ham,Arsenal,1,1,5,SLAVEN BILIC,1/7/2016,6/11/2017,32,0,0,0
12/11/2016,2016/2017,West Ham,Liverpool,0,2,2,SLAVEN BILIC,1/7/2016,6/11/2017,33,0,0,0
12/14/2016,2016/2017,West Ham,Burnley,1,1,0,SLAVEN BILIC,1/7/2016,6/11/2017,34,0,0,0
12/17/2016,2016/2017,West Ham,Hull City,1,1,0,SLAVEN BILIC,1/7/2016,6/11/2017,35,0,0,0
12/26/2016,2016/2017,West Ham,Swansea City,0,4,1,SLAVEN BILIC,1/7/2016,6/11/2017,36,0,0,0
12/31/2016,2016/2017,West Ham,Leicester City,0,0,1,SLAVEN BILIC,1/7/2016,6/11/2017,37,0,0,0
1/2/2017,2016/2017,West Ham,Manchester Utd,1,0,2,SLAVEN BILIC,1/7/2016,6/11/2017,38,0,0,0
1/14/2017,2016/2017,West Ham,Crystal Palace,1,3,0,SLAVEN BILIC,1/7/2016,6/11/2017,39,0,0,0
1/21/2017,2016/2017,West Ham,Middlesbrough,0,3,1,SLAVEN BILIC,1/7/2016,6/11/2017,40,0,0,0
2/1/2017,2016/2017,West Ham,Manchester City,1,0,4,SLAVEN BILIC,1/7/2016,6/11/2017,41,0,0,0
2/4/2017,2016/2017,West Ham,Southampton,0,3,1,SLAVEN BILIC,1/7/2016,6/11/2017,42,0,0,0
2/11/2017,2016/2017,West Ham,West Brom,1,2,2,SLAVEN BILIC,1/7/2016,6/11/2017,43,0,0,0
2/25/2017,2016/2017,West Ham,Watford,0,1,1,SLAVEN BILIC,1/7/2016,6/11/2017,44,0,0,0
3/6/2017,2016/2017,West Ham,Chelsea,1,1,2,SLAVEN BILIC,1/7/2016,6/11/2017,45,0,0,0
3/11/2017,2016/2017,West Ham,Bournemouth,0,2,3,SLAVEN BILIC,1/7/2016,6/11/2017,46,0,0,0
3/18/2017,2016/2017,West Ham,Leicester City,1,2,3,SLAVEN BILIC,1/7/2016,6/11/2017,47,0,0,0
4/1/2017,2016/2017,West Ham,Hull City,0,1,2,SLAVEN BILIC,1/7/2016,6/11/2017,48,0,0,0
4/5/2017,2016/2017,West Ham,Arsenal,0,0,3,SLAVEN BILIC,1/7/2016,6/11/2017,49,0,0,0
4/8/2017,2016/2017,West Ham,Swansea City,1,1,0,SLAVEN BILIC,1/7/2016,6/11/2017,50,0,0,0
4/15/2017,2016/2017,West Ham,Sunderland,0,2,2,SLAVEN BILIC,1/7/2016,6/11/2017,51,0,0,0
4/22/2017,2016/2017,West Ham,Everton,1,0,0,SLAVEN BILIC,1/7/2016,6/11/2017,52,0,0,0
4/29/2017,2016/2017,West Ham,Stoke City,0,0,0,SLAVEN BILIC,1/7/2016,6/11/2017,53,0,0,0
5/5/2017,2016/2017,West Ham,Tottenham,1,1,0,SLAVEN BILIC,1/7/2016,6/11/2017,54,0,0,0
5/14/2017,2016/2017,West Ham,Liverpool,1,0,4,SLAVEN BILIC,1/7/2016,6/11/2017,55,0,0,0
5/21/2017,2016/2017,West Ham,Burnley,0,2,1,SLAVEN BILIC,1/7/2016,6/11/2017,56,0,0,0
1/12/2021,2020/2021,Wolves,Everton,1,1,2,BRUNO LAGE,1/7/2021,2/10/2022,1,1,0,0
1/16/2021,2020/2021,Wolves,West Brom,1,2,3,BRUNO LAGE,1/7/2021,2/10/2022,2,1,0,0
1/27/2021,2020/2021,Wolves,Chelsea,0,0,0,BRUNO LAGE,1/7/2021,2/10/2022,3,1,0,0
1/30/2021,2020/2021,Wolves,Crystal Palace,0,0,1,BRUNO LAGE,1/7/2021,2/10/2022,4,0,1,0
2/2/2021,2020/2021,Wolves,Arsenal,1,2,1,BRUNO LAGE,1/7/2021,2/10/2022,5,0,1,0
2/7/2021,2020/2021,Wolves,Leicester City,1,0,0,BRUNO LAGE,1/7/2021,2/10/2022,6,0,1,0
2/14/2021,2020/2021,Wolves,Southampton,0,2,1,BRUNO LAGE,1/7/2021,2/10/2022,7,0,0,1
2/19/2021,2020/2021,Wolves,Leeds United,1,1,0,BRUNO LAGE,1/7/2021,2/10/2022,8,0,0,1
2/27/2021,2020/2021,Wolves,Newcastle Utd,0,1,1,BRUNO LAGE,1/7/2021,2/10/2022,9,0,0,1
3/2/2021,2020/2021,Wolves,Manchester City,0,1,4,BRUNO LAGE,1/7/2021,2/10/2022,10,0,0,1
3/6/2021,2020/2021,Wolves,Aston Villa,0,0,0,BRUNO LAGE,1/7/2021,2/10/2022,11,0,0,0
3/15/2021,2020/2021,Wolves,Liverpool,1,0,1,BRUNO LAGE,1/7/2021,2/10/2022,12,0,0,0
4/5/2021,2020/2021,Wolves,West Ham,1,2,3,BRUNO LAGE,1/7/2021,2/10/2022,13,0,0,0
4/9/2021,2020/2021,Wolves,Fulham,0,1,0,BRUNO LAGE,1/7/2021,2/10/2022,14,0,0,0
4/17/2021,2020/2021,Wolves,Sheffield Utd,1,1,0,BRUNO LAGE,1/7/2021,2/10/2022,15,0,0,0
4/25/2021,2020/2021,Wolves,Burnley,1,0,4,BRUNO LAGE,1/7/2021,2/10/2022,16,0,0,0
5/3/2021,2020/2021,Wolves,West Brom,0,1,1,BRUNO LAGE,1/7/2021,2/10/2022,17,0,0,0
5/9/2021,2020/2021,Wolves,Brighton,1,2,1,BRUNO LAGE,1/7/2021,2/10/2022,18,0,0,0
5/16/2021,2020/2021,Wolves,Tottenham,0,0,2,BRUNO LAGE,1/7/2021,2/10/2022,19,0,0,0
5/19/2021,2020/2021,Wolves,Everton,0,0,1,BRUNO LAGE,1/7/2021,2/10/2022,20,0,0,0
5/23/2021,2020/2021,Wolves,Manchester Utd,1,1,2,BRUNO LAGE,1/7/2021,2/10/2022,21,0,0,0
8/14/2021,2021/2022,Wolves,Leicester City,0,0,1,BRUNO LAGE,1/7/2021,2/10/2022,22,0,0,0
8/22/2021,2021/2022,Wolves,Tottenham,1,0,1,BRUNO LAGE,1/7/2021,2/10/2022,23,0,0,0
8/29/2021,2021/2022,Wolves,Manchester Utd,1,0,1,BRUNO LAGE,1/7/2021,2/10/2022,24,0,0,0
9/11/2021,2021/2022,Wolves,Watford,0,2,0,BRUNO LAGE,1/7/2021,2/10/2022,25,0,0,0
9/18/2021,2021/2022,Wolves,Brentford,1,0,2,BRUNO LAGE,1/7/2021,2/10/2022,26,0,0,0
9/26/2021,2021/2022,Wolves,Southampton,0,1,0,BRUNO LAGE,1/7/2021,2/10/2022,27,0,0,0
10/2/2021,2021/2022,Wolves,Newcastle Utd,1,2,1,BRUNO LAGE,1/7/2021,2/10/2022,28,0,0,0
10/16/2021,2021/2022,Wolves,Aston Villa,0,3,2,BRUNO LAGE,1/7/2021,2/10/2022,29,0,0,0
10/23/2021,2021/2022,Wolves,Leeds United,0,1,1,BRUNO LAGE,1/7/2021,2/10/2022,30,0,0,0
11/1/2021,2021/2022,Wolves,Everton,1,2,1,BRUNO LAGE,1/7/2021,2/10/2022,31,0,0,0
11/6/2021,2021/2022,Wolves,Crystal Palace,0,0,2,BRUNO LAGE,1/7/2021,2/10/2022,32,0,0,0
11/20/2021,2021/2022,Wolves,West Ham,1,1,0,BRUNO LAGE,1/7/2021,2/10/2022,33,0,0,0
11/27/2021,2021/2022,Wolves,Norwich City,0,0,0,BRUNO LAGE,1/7/2021,2/10/2022,34,0,0,0
12/1/2021,2021/2022,Wolves,Burnley,1,0,0,BRUNO LAGE,1/7/2021,2/10/2022,35,0,0,0
12/4/2021,2021/2022,Wolves,Liverpool,1,0,1,BRUNO LAGE,1/7/2021,2/10/2022,36,0,0,0
12/11/2021,2021/2022,Wolves,Manchester City,0,0,1,BRUNO LAGE,1/7/2021,2/10/2022,37,0,0,0
12/15/2021,2021/2022,Wolves,Brighton,0,1,0,BRUNO LAGE,1/7/2021,2/10/2022,38,0,0,0
12/19/2021,2021/2022,Wolves,Chelsea,1,0,0,BRUNO LAGE,1/7/2021,2/10/2022,39,0,0,0
1/3/2022,2021/2022,Wolves,Manchester Utd,0,1,0,BRUNO LAGE,1/7/2021,2/10/2022,40,0,0,0
1/15/2022,2021/2022,Wolves,Southampton,1,3,1,BRUNO LAGE,1/7/2021,2/10/2022,41,0,0,0
1/22/2022,2021/2022,Wolves,Brentford,0,2,1,BRUNO LAGE,1/7/2021,2/10/2022,42,0,0,0
2/10/2022,2021/2022,Wolves,Arsenal,1,0,1,BRUNO LAGE,1/7/2021,2/10/2022,43,0,0,0
9/16/2023,2023/2024,Wolves,Liverpool,1,1,3,GARY O'NEIL,9/8/2023,1/1/2100,1,1,0,0
9/23/2023,2023/2024,Wolves,Luton Town,0,1,1,GARY O'NEIL,9/8/2023,1/1/2100,2,1,0,0
9/30/2023,2023/2024,Wolves,Manchester City,1,2,1,GARY O'NEIL,9/8/2023,1/1/2100,3,1,0,0
10/8/2023,2023/2024,Wolves,Aston Villa,1,1,1,GARY O'NEIL,9/8/2023,1/1/2100,4,0,1,0
10/21/2023,2023/2024,Wolves,Bournemouth,0,2,1,GARY O'NEIL,9/8/2023,1/1/2100,5,0,1,0
10/28/2023,2023/2024,Wolves,Newcastle Utd,1,2,2,GARY O'NEIL,9/8/2023,1/1/2100,6,0,1,0
11/4/2023,2023/2024,Wolves,Sheffield Utd,0,1,2,GARY O'NEIL,9/8/2023,1/1/2100,7,0,0,1
11/11/2023,2023/2024,Wolves,Tottenham,1,2,1,GARY O'NEIL,9/8/2023,1/1/2100,8,0,0,1
11/27/2023,2023/2024,Wolves,Fulham,0,2,3,GARY O'NEIL,9/8/2023,1/1/2100,9,0,0,1
12/2/2023,2023/2024,Wolves,Arsenal,0,1,2,GARY O'NEIL,9/8/2023,1/1/2100,10,0,0,1
12/5/2023,2023/2024,Wolves,Burnley,1,1,0,GARY O'NEIL,9/8/2023,1/1/2100,11,0,0,0
12/9/2023,2023/2024,Wolves,Nott'ham Forest,1,1,1,GARY O'NEIL,9/8/2023,1/1/2100,12,0,0,0
12/17/2023,2023/2024,Wolves,West Ham,0,0,3,GARY O'NEIL,9/8/2023,1/1/2100,13,0,0,0
12/24/2023,2023/2024,Wolves,Chelsea,1,2,1,GARY O'NEIL,9/8/2023,1/1/2100,14,0,0,0
12/27/2023,2023/2024,Wolves,Brentford,0,4,1,GARY O'NEIL,9/8/2023,1/1/2100,15,0,0,0
12/30/2023,2023/2024,Wolves,Everton,1,3,0,GARY O'NEIL,9/8/2023,1/1/2100,16,0,0,0
1/22/2024,2023/2024,Wolves,Brighton,0,0,0,GARY O'NEIL,9/8/2023,1/1/2100,17,0,0,0
2/1/2024,2023/2024,Wolves,Manchester Utd,1,3,4,GARY O'NEIL,9/8/2023,1/1/2100,18,0,0,0
2/4/2024,2023/2024,Wolves,Chelsea,0,4,2,GARY O'NEIL,9/8/2023,1/1/2100,19,0,0,0
2/10/2024,2023/2024,Wolves,Brentford,1,0,2,GARY O'NEIL,9/8/2023,1/1/2100,20,0,0,0
2/17/2024,2023/2024,Wolves,Tottenham,0,2,1,GARY O'NEIL,9/8/2023,1/1/2100,21,0,0,0
2/25/2024,2023/2024,Wolves,Sheffield Utd,1,1,0,GARY O'NEIL,9/8/2023,1/1/2100,22,0,0,0
3/2/2024,2023/2024,Wolves,Newcastle Utd,0,0,3,GARY O'NEIL,9/8/2023,1/1/2100,23,0,0,0
3/9/2024,2023/2024,Wolves,Fulham,1,2,1,GARY O'NEIL,9/8/2023,1/1/2100,24,0,0,0
3/30/2024,2023/2024,Wolves,Aston Villa,0,0,2,GARY O'NEIL,9/8/2023,1/1/2100,25,0,0,0
4/2/2024,2023/2024,Wolves,Burnley,0,1,1,GARY O'NEIL,9/8/2023,1/1/2100,26,0,0,0
4/6/2024,2023/2024,Wolves,West Ham,1,1,2,GARY O'NEIL,9/8/2023,1/1/2100,27,0,0,0
4/13/2024,2023/2024,Wolves,Nott'ham Forest,0,2,2,GARY O'NEIL,9/8/2023,1/1/2100,28,0,0,0
4/20/2024,2023/2024,Wolves,Arsenal,1,0,2,GARY O'NEIL,9/8/2023,1/1/2100,29,0,0,0
4/24/2024,2023/2024,Wolves,Bournemouth,1,0,1,GARY O'NEIL,9/8/2023,1/1/2100,30,0,0,0
4/27/2024,2023/2024,Wolves,Luton Town,1,2,1,GARY O'NEIL,9/8/2023,1/1/2100,31,0,0,0
5/4/2024,2023/2024,Wolves,Manchester City,0,1,5,GARY O'NEIL,9/8/2023,1/1/2100,32,0,0,0
5/11/2024,2023/2024,Wolves,Crystal Palace,1,1,3,GARY O'NEIL,9/8/2023,1/1/2100,33,0,0,0
5/19/2024,2023/2024,Wolves,Liverpool,0,0,2,GARY O'NEIL,9/8/2023,1/1/2100,34,0,0,0
12/26/2022,2022/2023,Wolves,Everton,0,2,1,JULEN LOPETEGUI,11/14/2022,8/8/2023,1,1,0,0
12/31/2022,2022/2023,Wolves,Manchester Utd,1,0,1,JULEN LOPETEGUI,11/14/2022,8/8/2023,2,1,0,0
1/4/2023,2022/2023,Wolves,Aston Villa,0,1,1,JULEN LOPETEGUI,11/14/2022,8/8/2023,3,1,0,0
1/14/2023,2022/2023,Wolves,West Ham,1,1,0,JULEN LOPETEGUI,11/14/2022,8/8/2023,4,0,1,0
1/22/2023,2022/2023,Wolves,Manchester City,0,0,3,JULEN LOPETEGUI,11/14/2022,8/8/2023,5,0,1,0
2/4/2023,2022/2023,Wolves,Liverpool,1,3,0,JULEN LOPETEGUI,11/14/2022,8/8/2023,6,0,1,0
2/11/2023,2022/2023,Wolves,Southampton,0,2,1,JULEN LOPETEGUI,11/14/2022,8/8/2023,7,0,0,1
2/18/2023,2022/2023,Wolves,Bournemouth,1,0,1,JULEN LOPETEGUI,11/14/2022,8/8/2023,8,0,0,1
2/24/2023,2022/2023,Wolves,Fulham,0,1,1,JULEN LOPETEGUI,11/14/2022,8/8/2023,9,0,0,1
3/1/2023,2022/2023,Wolves,Liverpool,0,0,2,JULEN LOPETEGUI,11/14/2022,8/8/2023,10,0,0,1
3/4/2023,2022/2023,Wolves,Tottenham,1,1,0,JULEN LOPETEGUI,11/14/2022,8/8/2023,11,0,0,0
3/12/2023,2022/2023,Wolves,Newcastle Utd,0,1,2,JULEN LOPETEGUI,11/14/2022,8/8/2023,12,0,0,0
3/18/2023,2022/2023,Wolves,Leeds United,1,2,4,JULEN LOPETEGUI,11/14/2022,8/8/2023,13,0,0,0
4/1/2023,2022/2023,Wolves,Nott'ham Forest,0,1,1,JULEN LOPETEGUI,11/14/2022,8/8/2023,14,0,0,0
4/8/2023,2022/2023,Wolves,Chelsea,1,1,0,JULEN LOPETEGUI,11/14/2022,8/8/2023,15,0,0,0
4/15/2023,2022/2023,Wolves,Brentford,1,2,0,JULEN LOPETEGUI,11/14/2022,8/8/2023,16,0,0,0
4/22/2023,2022/2023,Wolves,Leicester City,0,1,2,JULEN LOPETEGUI,11/14/2022,8/8/2023,17,0,0,0
4/25/2023,2022/2023,Wolves,Crystal Palace,1,2,0,JULEN LOPETEGUI,11/14/2022,8/8/2023,18,0,0,0
4/29/2023,2022/2023,Wolves,Brighton,0,0,6,JULEN LOPETEGUI,11/14/2022,8/8/2023,19,0,0,0
5/6/2023,2022/2023,Wolves,Aston Villa,1,1,0,JULEN LOPETEGUI,11/14/2022,8/8/2023,20,0,0,0
5/13/2023,2022/2023,Wolves,Manchester Utd,0,0,2,JULEN LOPETEGUI,11/14/2022,8/8/2023,21,0,0,0
5/20/2023,2022/2023,Wolves,Everton,1,1,1,JULEN LOPETEGUI,11/14/2022,8/8/2023,22,0,0,0
5/28/2023,2022/2023,Wolves,Arsenal,0,0,5,JULEN LOPETEGUI,11/14/2022,8/8/2023,23,0,0,0
8/11/2018,2018/2019,Wolves,Everton,1,2,2,NUNO ESPIRITO SANTO,1/7/2017,1/1/2100,1,1,0,0
8/18/2018,2018/2019,Wolves,Leicester City,0,0,2,NUNO ESPIRITO SANTO,1/7/2017,1/1/2100,2,1,0,0
8/25/2018,2018/2019,Wolves,Manchester City,1,1,1,NUNO ESPIRITO SANTO,1/7/2017,1/1/2100,3,1,0,0
9/1/2018,2018/2019,Wolves,West Ham,0,1,0,NUNO ESPIRITO SANTO,1/7/2017,1/1/2100,4,0,1,0
9/16/2018,2018/2019,Wolves,Burnley,1,1,0,NUNO ESPIRITO SANTO,1/7/2017,1/1/2100,5,0,1,0
9/22/2018,2018/2019,Wolves,Manchester Utd,0,1,1,NUNO ESPIRITO SANTO,1/7/2017,1/1/2100,6,0,1,0
9/29/2018,2018/2019,Wolves,Southampton,1,2,0,NUNO ESPIRITO SANTO,1/7/2017,1/1/2100,7,0,0,1
10/6/2018,2018/2019,Wolves,Crystal Palace,0,1,0,NUNO ESPIRITO SANTO,1/7/2017,1/1/2100,8,0,0,1
10/20/2018,2018/2019,Wolves,Watford,1,0,2,NUNO ESPIRITO SANTO,1/7/2017,1/1/2100,9,0,0,1
10/27/2018,2018/2019,Wolves,Brighton,0,0,1,NUNO ESPIRITO SANTO,1/7/2017,1/1/2100,10,0,0,1
11/3/2018,2018/2019,Wolves,Tottenham,1,2,3,NUNO ESPIRITO SANTO,1/7/2017,1/1/2100,11,0,0,0
11/11/2018,2018/2019,Wolves,Arsenal,0,1,1,NUNO ESPIRITO SANTO,1/7/2017,1/1/2100,12,0,0,0
11/25/2018,2018/2019,Wolves,Huddersfield,1,0,2,NUNO ESPIRITO SANTO,1/7/2017,1/1/2100,13,0,0,0
11/30/2018,2018/2019,Wolves,Cardiff City,0,1,2,NUNO ESPIRITO SANTO,1/7/2017,1/1/2100,14,0,0,0
12/5/2018,2018/2019,Wolves,Chelsea,1,2,1,NUNO ESPIRITO SANTO,1/7/2017,1/1/2100,15,0,0,0
12/9/2018,2018/2019,Wolves,Newcastle Utd,0,2,1,NUNO ESPIRITO SANTO,1/7/2017,1/1/2100,16,0,0,0
12/15/2018,2018/2019,Wolves,Bournemouth,1,2,0,NUNO ESPIRITO SANTO,1/7/2017,1/1/2100,17,0,0,0
12/21/2018,2018/2019,Wolves,Liverpool,1,0,2,NUNO ESPIRITO SANTO,1/7/2017,1/1/2100,18,0,0,0
12/26/2018,2018/2019,Wolves,Fulham,0,1,1,NUNO ESPIRITO SANTO,1/7/2017,1/1/2100,19,0,0,0
12/29/2018,2018/2019,Wolves,Tottenham,0,3,1,NUNO ESPIRITO SANTO,1/7/2017,1/1/2100,20,0,0,0
1/2/2019,2018/2019,Wolves,Crystal Palace,1,0,2,NUNO ESPIRITO SANTO,1/7/2017,1/1/2100,21,0,0,0
1/14/2019,2018/2019,Wolves,Manchester City,0,0,3,NUNO ESPIRITO SANTO,1/7/2017,1/1/2100,22,0,0,0
1/19/2019,2018/2019,Wolves,Leicester City,1,4,3,NUNO ESPIRITO SANTO,1/7/2017,1/1/2100,23,0,0,0
1/29/2019,2018/2019,Wolves,West Ham,1,3,0,NUNO ESPIRITO SANTO,1/7/2017,1/1/2100,24,0,0,0
2/2/2019,2018/2019,Wolves,Everton,0,3,1,NUNO ESPIRITO SANTO,1/7/2017,1/1/2100,25,0,0,0
2/11/2019,2018/2019,Wolves,Newcastle Utd,1,1,1,NUNO ESPIRITO SANTO,1/7/2017,1/1/2100,26,0,0,0
2/23/2019,2018/2019,Wolves,Bournemouth,0,1,1,NUNO ESPIRITO SANTO,1/7/2017,1/1/2100,27,0,0,0
2/26/2019,2018/2019,Wolves,Huddersfield,0,0,1,NUNO ESPIRITO SANTO,1/7/2017,1/1/2100,28,0,0,0
3/2/2019,2018/2019,Wolves,Cardiff City,1,2,0,NUNO ESPIRITO SANTO,1/7/2017,1/1/2100,29,0,0,0
3/10/2019,2018/2019,Wolves,Chelsea,0,1,1,NUNO ESPIRITO SANTO,1/7/2017,1/1/2100,30,0,0,0
3/30/2019,2018/2019,Wolves,Burnley,0,0,2,NUNO ESPIRITO SANTO,1/7/2017,1/1/2100,31,0,0,0
4/2/2019,2018/2019,Wolves,Manchester Utd,1,2,1,NUNO ESPIRITO SANTO,1/7/2017,1/1/2100,32,0,0,0
4/13/2019,2018/2019,Wolves,Southampton,0,1,3,NUNO ESPIRITO SANTO,1/7/2017,1/1/2100,33,0,0,0
4/20/2019,2018/2019,Wolves,Brighton,1,0,0,NUNO ESPIRITO SANTO,1/7/2017,1/1/2100,34,0,0,0
4/24/2019,2018/2019,Wolves,Arsenal,1,3,1,NUNO ESPIRITO SANTO,1/7/2017,1/1/2100,35,0,0,0
4/27/2019,2018/2019,Wolves,Watford,0,2,1,NUNO ESPIRITO SANTO,1/7/2017,1/1/2100,36,0,0,0
5/4/2019,2018/2019,Wolves,Fulham,1,1,0,NUNO ESPIRITO SANTO,1/7/2017,1/1/2100,37,0,0,0
5/12/2019,2018/2019,Wolves,Liverpool,0,0,2,NUNO ESPIRITO SANTO,1/7/2017,1/1/2100,38,0,0,0
8/11/2019,2019/2020,Wolves,Leicester City,0,0,0,NUNO ESPIRITO SANTO,1/7/2017,1/1/2100,39,0,0,0
8/19/2019,2019/2020,Wolves,Manchester Utd,1,1,1,NUNO ESPIRITO SANTO,1/7/2017,1/1/2100,40,0,0,0
8/25/2019,2019/2020,Wolves,Burnley,1,1,1,NUNO ESPIRITO SANTO,1/7/2017,1/1/2100,41,0,0,0
9/1/2019,2019/2020,Wolves,Everton,0,2,3,NUNO ESPIRITO SANTO,1/7/2017,1/1/2100,42,0,0,0
9/14/2019,2019/2020,Wolves,Chelsea,1,2,5,NUNO ESPIRITO SANTO,1/7/2017,1/1/2100,43,0,0,0
9/22/2019,2019/2020,Wolves,Crystal Palace,0,1,1,NUNO ESPIRITO SANTO,1/7/2017,1/1/2100,44,0,0,0
9/28/2019,2019/2020,Wolves,Watford,1,2,0,NUNO ESPIRITO SANTO,1/7/2017,1/1/2100,45,0,0,0
10/6/2019,2019/2020,Wolves,Manchester City,0,2,0,NUNO ESPIRITO SANTO,1/7/2017,1/1/2100,46,0,0,0
10/19/2019,2019/2020,Wolves,Southampton,1,1,1,NUNO ESPIRITO SANTO,1/7/2017,1/1/2100,47,0,0,0
10/27/2019,2019/2020,Wolves,Newcastle Utd,0,1,1,NUNO ESPIRITO SANTO,1/7/2017,1/1/2100,48,0,0,0
11/2/2019,2019/2020,Wolves,Arsenal,0,1,1,NUNO ESPIRITO SANTO,1/7/2017,1/1/2100,49,0,0,0
11/10/2019,2019/2020,Wolves,Aston Villa,1,2,1,NUNO ESPIRITO SANTO,1/7/2017,1/1/2100,50,0,0,0
11/23/2019,2019/2020,Wolves,Bournemouth,0,2,1,NUNO ESPIRITO SANTO,1/7/2017,1/1/2100,51,0,0,0
12/1/2019,2019/2020,Wolves,Sheffield Utd,1,1,1,NUNO ESPIRITO SANTO,1/7/2017,1/1/2100,52,0,0,0
12/4/2019,2019/2020,Wolves,West Ham,1,2,0,NUNO ESPIRITO SANTO,1/7/2017,1/1/2100,53,0,0,0
12/8/2019,2019/2020,Wolves,Brighton,0,2,2,NUNO ESPIRITO SANTO,1/7/2017,1/1/2100,54,0,0,0
12/15/2019,2019/2020,Wolves,Tottenham,1,1,2,NUNO ESPIRITO SANTO,1/7/2017,1/1/2100,55,0,0,0
12/21/2019,2019/2020,Wolves,Norwich City,0,2,1,NUNO ESPIRITO SANTO,1/7/2017,1/1/2100,56,0,0,0
12/27/2019,2019/2020,Wolves,Manchester City,1,3,2,NUNO ESPIRITO SANTO,1/7/2017,1/1/2100,57,0,0,0
12/29/2019,2019/2020,Wolves,Liverpool,0,0,1,NUNO ESPIRITO SANTO,1/7/2017,1/1/2100,58,0,0,0
1/1/2020,2019/2020,Wolves,Watford,0,1,2,NUNO ESPIRITO SANTO,1/7/2017,1/1/2100,59,0,0,0
1/11/2020,2019/2020,Wolves,Newcastle Utd,1,1,1,NUNO ESPIRITO SANTO,1/7/2017,1/1/2100,60,0,0,0
1/18/2020,2019/2020,Wolves,Southampton,0,3,2,NUNO ESPIRITO SANTO,1/7/2017,1/1/2100,61,0,0,0
1/23/2020,2019/2020,Wolves,Liverpool,1,1,2,NUNO ESPIRITO SANTO,1/7/2017,1/1/2100,62,0,0,0
2/1/2020,2019/2020,Wolves,Manchester Utd,0,0,0,NUNO ESPIRITO SANTO,1/7/2017,1/1/2100,63,0,0,0
2/14/2020,2019/2020,Wolves,Leicester City,1,0,0,NUNO ESPIRITO SANTO,1/7/2017,1/1/2100,64,0,0,0
2/23/2020,2019/2020,Wolves,Norwich City,1,3,0,NUNO ESPIRITO SANTO,1/7/2017,1/1/2100,65,0,0,0
3/1/2020,2019/2020,Wolves,Tottenham,0,3,2,NUNO ESPIRITO SANTO,1/7/2017,1/1/2100,66,0,0,0
3/7/2020,2019/2020,Wolves,Brighton,1,0,0,NUNO ESPIRITO SANTO,1/7/2017,1/1/2100,67,0,0,0
6/20/2020,2019/2020,Wolves,West Ham,0,2,0,NUNO ESPIRITO SANTO,1/7/2017,1/1/2100,68,0,0,0
6/24/2020,2019/2020,Wolves,Bournemouth,1,1,0,NUNO ESPIRITO SANTO,1/7/2017,1/1/2100,69,0,0,0
6/27/2020,2019/2020,Wolves,Aston Villa,0,1,0,NUNO ESPIRITO SANTO,1/7/2017,1/1/2100,70,0,0,0
7/4/2020,2019/2020,Wolves,Arsenal,1,0,2,NUNO ESPIRITO SANTO,1/7/2017,1/1/2100,71,0,0,0
7/8/2020,2019/2020,Wolves,Sheffield Utd,0,0,1,NUNO ESPIRITO SANTO,1/7/2017,1/1/2100,72,0,0,0
7/12/2020,2019/2020,Wolves,Everton,1,3,0,NUNO ESPIRITO SANTO,1/7/2017,1/1/2100,73,0,0,0
7/15/2020,2019/2020,Wolves,Burnley,0,1,1,NUNO ESPIRITO SANTO,1/7/2017,1/1/2100,74,0,0,0
7/20/2020,2019/2020,Wolves,Crystal Palace,1,2,0,NUNO ESPIRITO SANTO,1/7/2017,1/1/2100,75,0,0,0
7/26/2020,2019/2020,Wolves,Chelsea,0,0,2,NUNO ESPIRITO SANTO,1/7/2017,1/1/2100,76,0,0,0
9/14/2020,2020/2021,Wolves,Sheffield Utd,0,2,0,NUNO ESPIRITO SANTO,1/7/2017,1/1/2100,77,0,0,0
9/21/2020,2020/2021,Wolves,Manchester City,1,1,3,NUNO ESPIRITO SANTO,1/7/2017,1/1/2100,78,0,0,0
9/27/2020,2020/2021,Wolves,West Ham,0,0,4,NUNO ESPIRITO SANTO,1/7/2017,1/1/2100,79,0,0,0
10/4/2020,2020/2021,Wolves,Fulham,1,1,0,NUNO ESPIRITO SANTO,1/7/2017,1/1/2100,80,0,0,0
10/19/2020,2020/2021,Wolves,Leeds United,0,1,0,NUNO ESPIRITO SANTO,1/7/2017,1/1/2100,81,0,0,0
10/25/2020,2020/2021,Wolves,Newcastle Utd,1,1,1,NUNO ESPIRITO SANTO,1/7/2017,1/1/2100,82,0,0,0
10/30/2020,2020/2021,Wolves,Crystal Palace,1,2,0,NUNO ESPIRITO SANTO,1/7/2017,1/1/2100,83,0,0,0
11/8/2020,2020/2021,Wolves,Leicester City,0,0,1,NUNO ESPIRITO SANTO,1/7/2017,1/1/2100,84,0,0,0
11/23/2020,2020/2021,Wolves,Southampton,1,1,1,NUNO ESPIRITO SANTO,1/7/2017,1/1/2100,85,0,0,0
11/29/2020,2020/2021,Wolves,Arsenal,0,2,1,NUNO ESPIRITO SANTO,1/7/2017,1/1/2100,86,0,0,0
12/6/2020,2020/2021,Wolves,Liverpool,0,0,4,NUNO ESPIRITO SANTO,1/7/2017,1/1/2100,87,0,0,0
12/12/2020,2020/2021,Wolves,Aston Villa,1,0,1,NUNO ESPIRITO SANTO,1/7/2017,1/1/2100,88,0,0,0
12/15/2020,2020/2021,Wolves,Chelsea,1,2,1,NUNO ESPIRITO SANTO,1/7/2017,1/1/2100,89,0,0,0
12/21/2020,2020/2021,Wolves,Burnley,0,1,2,NUNO ESPIRITO SANTO,1/7/2017,1/1/2100,90,0,0,0
12/27/2020,2020/2021,Wolves,Tottenham,1,1,1,NUNO ESPIRITO SANTO,1/7/2017,1/1/2100,91,0,0,0
12/29/2020,2020/2021,Wolves,Manchester Utd,0,0,1,NUNO ESPIRITO SANTO,1/7/2017,1/1/2100,92,0,0,0
1/2/2021,2020/2021,Wolves,Brighton,0,3,3,NUNO ESPIRITO SANTO,1/7/2017,1/1/2100,93,0,0,0
2/13/2022,2021/2022,Wolves,Tottenham,0,2,0,NUNO ESPIRITO SANTO,1/7/2017,1/1/2100,94,0,0,0
2/20/2022,2021/2022,Wolves,Leicester City,1,2,1,NUNO ESPIRITO SANTO,1/7/2017,1/1/2100,95,0,0,0
2/24/2022,2021/2022,Wolves,Arsenal,0,1,2,NUNO ESPIRITO SANTO,1/7/2017,1/1/2100,96,0,0,0
2/27/2022,2021/2022,Wolves,West Ham,0,0,1,NUNO ESPIRITO SANTO,1/7/2017,1/1/2100,97,0,0,0
3/5/2022,2021/2022,Wolves,Crystal Palace,1,0,2,NUNO ESPIRITO SANTO,1/7/2017,1/1/2100,98,0,0,0
3/10/2022,2021/2022,Wolves,Watford,1,4,0,STEVE DAVIS,3/10/2022,1/1/2100,1,1,0,0
3/13/2022,2021/2022,Wolves,Everton,0,1,0,STEVE DAVIS,3/10/2022,1/1/2100,2,1,0,0
3/18/2022,2021/2022,Wolves,Leeds United,1,2,3,STEVE DAVIS,3/10/2022,1/1/2100,3,1,0,0
4/2/2022,2021/2022,Wolves,Aston Villa,1,2,1,STEVE DAVIS,3/10/2022,1/1/2100,4,0,1,0
4/8/2022,2021/2022,Wolves,Newcastle Utd,0,0,1,STEVE DAVIS,3/10/2022,1/1/2100,5,0,1,0
4/24/2022,2021/2022,Wolves,Burnley,0,0,1,STEVE DAVIS,3/10/2022,1/1/2100,6,0,1,0
4/30/2022,2021/2022,Wolves,Brighton,1,0,3,STEVE DAVIS,3/10/2022,1/1/2100,7,0,0,1
5/7/2022,2021/2022,Wolves,Chelsea,0,2,2,STEVE DAVIS,3/10/2022,1/1/2100,8,0,0,1
5/11/2022,2021/2022,Wolves,Manchester City,1,1,5,STEVE DAVIS,3/10/2022,1/1/2100,9,0,0,1
5/15/2022,2021/2022,Wolves,Norwich City,1,1,1,STEVE DAVIS,3/10/2022,1/1/2100,10,0,0,1
5/22/2022,2021/2022,Wolves,Liverpool,0,1,3,STEVE DAVIS,3/10/2022,1/1/2100,11,0,0,0
8/6/2022,2022/2023,Wolves,Leeds United,0,1,2,STEVE DAVIS,3/10/2022,1/1/2100,12,0,0,0
8/13/2022,2022/2023,Wolves,Fulham,1,0,0,STEVE DAVIS,3/10/2022,1/1/2100,13,0,0,0
8/20/2022,2022/2023,Wolves,Tottenham,0,0,1,STEVE DAVIS,3/10/2022,1/1/2100,14,0,0,0
8/28/2022,2022/2023,Wolves,Newcastle Utd,1,1,1,STEVE DAVIS,3/10/2022,1/1/2100,15,0,0,0
8/31/2022,2022/2023,Wolves,Bournemouth,0,0,0,STEVE DAVIS,3/10/2022,1/1/2100,16,0,0,0
9/3/2022,2022/2023,Wolves,Southampton,1,1,0,STEVE DAVIS,3/10/2022,1/1/2100,17,0,0,0
9/17/2022,2022/2023,Wolves,Manchester City,1,0,3,STEVE DAVIS,3/10/2022,1/1/2100,18,0,0,0
10/1/2022,2022/2023,Wolves,West Ham,0,0,2,STEVE DAVIS,3/10/2022,1/1/2100,19,0,0,0
10/8/2022,2022/2023,Wolves,Chelsea,0,0,3,STEVE DAVIS,3/10/2022,1/1/2100,20,0,0,0
10/15/2022,2022/2023,Wolves,Nott'ham Forest,1,1,0,STEVE DAVIS,3/10/2022,1/1/2100,21,0,0,0
10/18/2022,2022/2023,Wolves,Crystal Palace,0,1,2,STEVE DAVIS,3/10/2022,1/1/2100,22,0,0,0
10/23/2022,2022/2023,Wolves,Leicester City,1,0,4,STEVE DAVIS,3/10/2022,1/1/2100,23,0,0,0
10/29/2022,2022/2023,Wolves,Brentford,0,1,1,STEVE DAVIS,3/10/2022,1/1/2100,24,0,0,0
11/5/2022,2022/2023,Wolves,Brighton,1,2,3,STEVE DAVIS,3/10/2022,1/1/2100,25,0,0,0
11/12/2022,2022/2023,Wolves,Arsenal,1,0,2,STEVE DAVIS,3/10/2022,1/1/2100,26,0,0,0
8/14/2023,2023/2024,Wolves,Manchester Utd,0,0,1,STEVE DAVIS,3/10/2022,1/1/2100,27,0,0,0
8/19/2023,2023/2024,Wolves,Brighton,1,1,4,STEVE DAVIS,3/10/2022,1/1/2100,28,0,0,0
8/26/2023,2023/2024,Wolves,Everton,0,1,0,STEVE DAVIS,3/10/2022,1/1/2100,29,0,0,0
9/3/2023,2023/2024,Wolves,Crystal Palace,0,2,3,STEVE DAVIS,3/10/2022,1/1/2100,30,0,0,0
