Date,Season,Team,Opponent,HomeFlag,GF,GA
2014-08-16,2014/2015,Arsenal,Crystal Palace,1,2,1
2014-08-23,2014/2015,Arsenal,Everton,0,2,2
2014-08-31,2014/2015,Arsenal,Leicester City,0,1,1
2014-09-13,2014/2015,Arsenal,Manchester City,1,2,2
2014-09-20,2014/2015,Arsenal,Aston Villa,0,3,0
2014-09-27,2014/2015,Arsenal,Tottenham,1,1,1
2014-10-05,2014/2015,Arsenal,Chelsea,0,0,2
2014-10-18,2014/2015,Arsenal,Hull City,1,2,2
2014-10-25,2014/2015,Arsenal,Sunderland,0,2,0
2014-11-01,2014/2015,Arsenal,Burnley,1,3,0
2014-11-09,2014/2015,Arsenal,Swansea City,0,1,2
2014-11-22,2014/2015,Arsenal,Manchester Utd,1,1,2
2014-11-29,2014/2015,Arsenal,West Brom,0,1,0
2014-12-03,2014/2015,Arsenal,Southampton,1,1,0
2014-12-06,2014/2015,Arsenal,Stoke City,0,2,3
2014-12-13,2014/2015,Arsenal,Newcastle Utd,1,4,1
2014-12-21,2014/2015,Arsenal,Liverpool,0,2,2
2014-12-26,2014/2015,Arsenal,QPR,1,2,1
2014-12-28,2014/2015,Arsenal,West Ham,0,2,1
2015-01-01,2014/2015,Arsenal,Southampton,0,0,2
2015-01-11,2014/2015,Arsenal,Stoke City,1,3,0
2015-01-18,2014/2015,Arsenal,Manchester City,0,2,0
2015-02-01,2014/2015,Arsenal,Aston Villa,1,5,0
2015-02-07,2014/2015,Arsenal,Tottenham,0,1,2
2015-02-10,2014/2015,Arsenal,Leicester City,1,2,1
2015-02-21,2014/2015,Arsenal,Crystal Palace,0,2,1
2015-03-01,2014/2015,Arsenal,Everton,1,2,0
2015-03-04,2014/2015,Arsenal,QPR,0,2,1
2015-03-14,2014/2015,Arsenal,West Ham,1,3,0
2015-03-21,2014/2015,Arsenal,Newcastle Utd,0,2,1
2015-04-04,2014/2015,Arsenal,Liverpool,1,4,1
2015-04-11,2014/2015,Arsenal,Burnley,0,1,0
2015-04-26,2014/2015,Arsenal,Chelsea,1,0,0
2015-05-04,2014/2015,Arsenal,Hull City,0,3,1
2015-05-11,2014/2015,Arsenal,Swansea City,1,0,1
2015-05-17,2014/2015,Arsenal,Manchester Utd,0,1,1
2015-05-20,2014/2015,Arsenal,Sunderland,1,0,0
2015-05-24,2014/2015,Arsenal,West Brom,1,4,1
2015-08-09,2015/2016,Arsenal,West Ham,1,0,2
2015-08-16,2015/2016,Arsenal,Crystal Palace,0,2,1
2015-08-24,2015/2016,Arsenal,Liverpool,1,0,0
2015-08-29,2015/2016,Arsenal,Newcastle Utd,0,1,0
2015-09-12,2015/2016,Arsenal,Stoke City,1,2,0
2015-09-19,2015/2016,Arsenal,Chelsea,0,0,2
2015-09-26,2015/2016,Arsenal,Leicester City,0,5,2
2015-10-04,2015/2016,Arsenal,Manchester Utd,1,3,0
2015-10-17,2015/2016,Arsenal,Watford,0,3,0
2015-10-24,2015/2016,Arsenal,Everton,1,2,1
2015-10-31,2015/2016,Arsenal,Swansea City,0,3,0
2015-11-08,2015/2016,Arsenal,Tottenham,1,1,1
2015-11-21,2015/2016,Arsenal,West Brom,0,1,2
2015-11-29,2015/2016,Arsenal,Norwich City,0,1,1
2015-12-05,2015/2016,Arsenal,Sunderland,1,3,1
2015-12-13,2015/2016,Arsenal,Aston Villa,0,2,0
2015-12-21,2015/2016,Arsenal,Manchester City,1,2,1
2015-12-26,2015/2016,Arsenal,Southampton,0,0,4
2015-12-28,2015/2016,Arsenal,Bournemouth,1,2,0
2016-01-02,2015/2016,Arsenal,Newcastle Utd,1,1,0
2016-01-13,2015/2016,Arsenal,Liverpool,0,3,3
2016-01-17,2015/2016,Arsenal,Stoke City,0,0,0
2016-01-24,2015/2016,Arsenal,Chelsea,1,0,1
2016-02-02,2015/2016,Arsenal,Southampton,1,0,0
2016-02-07,2015/2016,Arsenal,Bournemouth,0,2,0
2016-02-14,2015/2016,Arsenal,Leicester City,1,2,1
2016-02-28,2015/2016,Arsenal,Manchester Utd,0,2,3
2016-03-02,2015/2016,Arsenal,Swansea City,1,1,2
2016-03-05,2015/2016,Arsenal,Tottenham,0,2,2
2016-03-19,2015/2016,Arsenal,Everton,0,2,0
2016-04-02,2015/2016,Arsenal,Watford,1,4,0
2016-04-09,2015/2016,Arsenal,West Ham,0,3,3
2016-04-17,2015/2016,Arsenal,Crystal Palace,1,1,1
2016-04-21,2015/2016,Arsenal,West Brom,1,2,0
2016-04-24,2015/2016,Arsenal,Sunderland,0,0,0
2016-04-30,2015/2016,Arsenal,Norwich City,1,1,0
2016-05-08,2015/2016,Arsenal,Manchester City,0,2,2
2016-05-15,2015/2016,Arsenal,Aston Villa,1,4,0
2016-08-14,2016/2017,Arsenal,Liverpool,1,3,4
2016-08-20,2016/2017,Arsenal,Leicester City,0,0,0
2016-08-27,2016/2017,Arsenal,Watford,0,3,1
2016-09-10,2016/2017,Arsenal,Southampton,1,2,1
2016-09-17,2016/2017,Arsenal,Hull City,0,4,1
2016-09-24,2016/2017,Arsenal,Chelsea,1,3,0
2016-10-02,2016/2017,Arsenal,Burnley,0,1,0
2016-10-15,2016/2017,Arsenal,Swansea City,1,3,2
2016-10-22,2016/2017,Arsenal,Middlesbrough,1,0,0
2016-10-29,2016/2017,Arsenal,Sunderland,0,4,1
2016-11-06,2016/2017,Arsenal,Tottenham,1,1,1
2016-11-19,2016/2017,Arsenal,Manchester Utd,0,1,1
2016-11-27,2016/2017,Arsenal,Bournemouth,1,3,1
2016-12-03,2016/2017,Arsenal,West Ham,0,5,1
2016-12-10,2016/2017,Arsenal,Stoke City,1,3,1
2016-12-13,2016/2017,Arsenal,Everton,0,1,2
2016-12-18,2016/2017,Arsenal,Manchester City,0,1,2
2016-12-26,2016/2017,Arsenal,West Brom,1,1,0
2017-01-01,2016/2017,Arsenal,Crystal Palace,1,2,0
2017-01-03,2016/2017,Arsenal,Bournemouth,0,3,3
2017-01-14,2016/2017,Arsenal,Swansea City,0,4,0
2017-01-22,2016/2017,Arsenal,Burnley,1,2,1
2017-01-31,2016/2017,Arsenal,Watford,1,1,2
2017-02-04,2016/2017,Arsenal,Chelsea,0,1,3
2017-02-11,2016/2017,Arsenal,Hull City,1,2,0
2017-03-04,2016/2017,Arsenal,Liverpool,0,1,3
2017-03-18,2016/2017,Arsenal,West Brom,0,1,3
2017-04-02,2016/2017,Arsenal,Manchester City,1,2,2
2017-04-05,2016/2017,Arsenal,West Ham,1,3,0
2017-04-10,2016/2017,Arsenal,Crystal Palace,0,0,3
2017-04-17,2016/2017,Arsenal,Middlesbrough,0,2,1
2017-04-26,2016/2017,Arsenal,Leicester City,1,1,0
2017-04-30,2016/2017,Arsenal,Tottenham,0,0,2
2017-05-07,2016/2017,Arsenal,Manchester Utd,1,2,0
2017-05-10,2016/2017,Arsenal,Southampton,0,2,0
2017-05-13,2016/2017,Arsenal,Stoke City,0,4,1
2017-05-16,2016/2017,Arsenal,Sunderland,1,2,0
2017-05-21,2016/2017,Arsenal,Everton,1,3,1
2017-08-11,2017/2018,Arsenal,Leicester City,1,4,3
2017-08-19,2017/2018,Arsenal,Stoke City,0,0,1
2017-08-27,2017/2018,Arsenal,Liverpool,0,0,4
2017-09-09,2017/2018,Arsenal,Bournemouth,1,3,0
2017-09-17,2017/2018,Arsenal,Chelsea,0,0,0
2017-09-25,2017/2018,Arsenal,West Brom,1,2,0
2017-10-01,2017/2018,Arsenal,Brighton,1,2,0
2017-10-14,2017/2018,Arsenal,Watford,0,1,2
2017-10-22,2017/2018,Arsenal,Everton,0,5,2
2017-10-28,2017/2018,Arsenal,Swansea City,1,2,1
2017-11-05,2017/2018,Arsenal,Manchester City,0,1,3
2017-11-18,2017/2018,Arsenal,Tottenham,1,2,0
2017-11-26,2017/2018,Arsenal,Burnley,0,1,0
2017-11-29,2017/2018,Arsenal,Huddersfield,1,5,0
2017-12-02,2017/2018,Arsenal,Manchester Utd,1,1,3
2017-12-10,2017/2018,Arsenal,Southampton,0,1,1
2017-12-13,2017/2018,Arsenal,West Ham,0,0,0
2017-12-16,2017/2018,Arsenal,Newcastle Utd,1,1,0
2017-12-22,2017/2018,Arsenal,Liverpool,1,3,3
2017-12-28,2017/2018,Arsenal,Crystal Palace,0,3,2
2017-12-31,2017/2018,Arsenal,West Brom,0,1,1
2018-01-03,2017/2018,Arsenal,Chelsea,1,2,2
2018-01-14,2017/2018,Arsenal,Bournemouth,0,1,2
2018-01-20,2017/2018,Arsenal,Crystal Palace,1,4,1
2018-01-30,2017/2018,Arsenal,Swansea City,0,1,3
2018-02-03,2017/2018,Arsenal,Everton,1,5,1
2018-02-10,2017/2018,Arsenal,Tottenham,0,0,1
2018-03-01,2017/2018,Arsenal,Manchester City,1,0,3
2018-03-04,2017/2018,Arsenal,Brighton,0,1,2
2018-03-11,2017/2018,Arsenal,Watford,1,3,0
2018-04-01,2017/2018,Arsenal,Stoke City,1,3,0
2018-04-08,2017/2018,Arsenal,Southampton,1,3,2
2018-04-15,2017/2018,Arsenal,Newcastle Utd,0,1,2
2018-04-22,2017/2018,Arsenal,West Ham,1,4,1
2018-04-29,2017/2018,Arsenal,Manchester Utd,0,1,2
2018-05-06,2017/2018,Arsenal,Burnley,1,5,0
2018-05-09,2017/2018,Arsenal,Leicester City,0,1,3
2018-05-13,2017/2018,Arsenal,Huddersfield,0,1,0
2018-08-12,2018/2019,Arsenal,Manchester City,1,0,2
2018-08-18,2018/2019,Arsenal,Chelsea,0,2,3
2018-08-25,2018/2019,Arsenal,West Ham,1,3,1
2018-09-02,2018/2019,Arsenal,Cardiff City,0,3,2
2018-09-15,2018/2019,Arsenal,Newcastle Utd,0,2,1
2018-09-23,2018/2019,Arsenal,Everton,1,2,0
2018-09-29,2018/2019,Arsenal,Watford,1,2,0
2018-10-07,2018/2019,Arsenal,Fulham,0,5,1
2018-10-22,2018/2019,Arsenal,Leicester City,1,3,1
2018-10-28,2018/2019,Arsenal,Crystal Palace,0,2,2
2018-11-03,2018/2019,Arsenal,Liverpool,1,1,1
2018-11-11,2018/2019,Arsenal,Wolves,1,1,1
2018-11-25,2018/2019,Arsenal,Bournemouth,0,2,1
2018-12-02,2018/2019,Arsenal,Tottenham,1,4,2
2018-12-05,2018/2019,Arsenal,Manchester Utd,0,2,2
2018-12-08,2018/2019,Arsenal,Huddersfield,1,1,0
2018-12-16,2018/2019,Arsenal,Southampton,0,2,3
2018-12-22,2018/2019,Arsenal,Burnley,1,3,1
2018-12-26,2018/2019,Arsenal,Brighton,0,1,1
2018-12-29,2018/2019,Arsenal,Liverpool,0,1,5
2019-01-01,2018/2019,Arsenal,Fulham,1,4,1
2019-01-12,2018/2019,Arsenal,West Ham,0,0,1
2019-01-19,2018/2019,Arsenal,Chelsea,1,2,0
2019-01-29,2018/2019,Arsenal,Cardiff City,1,2,1
2019-02-03,2018/2019,Arsenal,Manchester City,0,1,3
2019-02-09,2018/2019,Arsenal,Huddersfield,0,2,1
2019-02-24,2018/2019,Arsenal,Southampton,1,2,0
2019-02-27,2018/2019,Arsenal,Bournemouth,1,5,1
2019-03-02,2018/2019,Arsenal,Tottenham,0,1,1
2019-03-10,2018/2019,Arsenal,Manchester Utd,1,2,0
2019-04-01,2018/2019,Arsenal,Newcastle Utd,1,2,0
2019-04-07,2018/2019,Arsenal,Everton,0,0,1
2019-04-15,2018/2019,Arsenal,Watford,0,1,0
2019-04-21,2018/2019,Arsenal,Crystal Palace,1,2,3
2019-04-24,2018/2019,Arsenal,Wolves,0,1,3
2019-04-28,2018/2019,Arsenal,Leicester City,0,0,3
2019-05-05,2018/2019,Arsenal,Brighton,1,1,1
2019-05-12,2018/2019,Arsenal,Burnley,0,3,1
2019-08-11,2019/2020,Arsenal,Newcastle Utd,0,1,0
2019-08-17,2019/2020,Arsenal,Burnley,1,2,1
2019-08-24,2019/2020,Arsenal,Liverpool,0,1,3
2019-09-01,2019/2020,Arsenal,Tottenham,1,2,2
2019-09-15,2019/2020,Arsenal,Watford,0,2,2
2019-09-22,2019/2020,Arsenal,Aston Villa,1,3,2
2019-09-30,2019/2020,Arsenal,Manchester Utd,0,1,1
2019-10-06,2019/2020,Arsenal,Bournemouth,1,1,0
2019-10-21,2019/2020,Arsenal,Sheffield Utd,0,0,1
2019-10-27,2019/2020,Arsenal,Crystal Palace,1,2,2
2019-11-02,2019/2020,Arsenal,Wolves,1,1,1
2019-11-09,2019/2020,Arsenal,Leicester City,0,0,2
2019-11-23,2019/2020,Arsenal,Southampton,1,2,2
2019-12-01,2019/2020,Arsenal,Norwich City,0,2,2
2019-12-05,2019/2020,Arsenal,Brighton,1,1,2
2019-12-09,2019/2020,Arsenal,West Ham,0,3,1
2019-12-15,2019/2020,Arsenal,Manchester City,1,0,3
2019-12-21,2019/2020,Arsenal,Everton,0,0,0
2019-12-26,2019/2020,Arsenal,Bournemouth,0,1,1
2019-12-29,2019/2020,Arsenal,Chelsea,1,1,2
2020-01-01,2019/2020,Arsenal,Manchester Utd,1,2,0
2020-01-11,2019/2020,Arsenal,Crystal Palace,0,1,1
2020-01-18,2019/2020,Arsenal,Sheffield Utd,1,1,1
2020-01-21,2019/2020,Arsenal,Chelsea,0,2,2
2020-02-02,2019/2020,Arsenal,Burnley,0,0,0
2020-02-16,2019/2020,Arsenal,Newcastle Utd,1,4,0
2020-02-23,2019/2020,Arsenal,Everton,1,3,2
2020-03-07,2019/2020,Arsenal,West Ham,1,1,0
2020-06-17,2019/2020,Arsenal,Manchester City,0,0,3
2020-06-20,2019/2020,Arsenal,Brighton,0,1,2
2020-06-25,2019/2020,Arsenal,Southampton,0,2,0
2020-07-01,2019/2020,Arsenal,Norwich City,1,4,0
2020-07-04,2019/2020,Arsenal,Wolves,0,2,0
2020-07-07,2019/2020,Arsenal,Leicester City,1,1,1
2020-07-12,2019/2020,Arsenal,Tottenham,0,1,2
2020-07-15,2019/2020,Arsenal,Liverpool,1,2,1
2020-07-21,2019/2020,Arsenal,Aston Villa,0,0,1
2020-07-26,2019/2020,Arsenal,Watford,1,3,2
2020-09-12,2020/2021,Arsenal,Fulham,0,3,0
2020-09-19,2020/2021,Arsenal,West Ham,1,2,1
2020-09-28,2020/2021,Arsenal,Liverpool,0,1,3
2020-10-04,2020/2021,Arsenal,Sheffield Utd,1,2,1
2020-10-17,2020/2021,Arsenal,Manchester City,0,0,1
2020-10-25,2020/2021,Arsenal,Leicester City,1,0,1
2020-11-01,2020/2021,Arsenal,Manchester Utd,0,1,0
2020-11-08,2020/2021,Arsenal,Aston Villa,1,0,3
2020-11-22,2020/2021,Arsenal,Leeds United,0,0,0
2020-11-29,2020/2021,Arsenal,Wolves,1,1,2
2020-12-06,2020/2021,Arsenal,Tottenham,0,0,2
2020-12-13,2020/2021,Arsenal,Burnley,1,0,1
2020-12-16,2020/2021,Arsenal,Southampton,1,1,1
2020-12-19,2020/2021,Arsenal,Everton,0,1,2
2020-12-26,2020/2021,Arsenal,Chelsea,1,3,1
2020-12-29,2020/2021,Arsenal,Brighton,0,1,0
2021-01-02,2020/2021,Arsenal,West Brom,0,4,0
2021-01-14,2020/2021,Arsenal,Crystal Palace,1,0,0
2021-01-18,2020/2021,Arsenal,Newcastle Utd,1,3,0
2021-01-26,2020/2021,Arsenal,Southampton,0,3,1
2021-01-30,2020/2021,Arsenal,Manchester Utd,1,0,0
2021-02-02,2020/2021,Arsenal,Wolves,0,1,2
2021-02-06,2020/2021,Arsenal,Aston Villa,0,0,1
2021-02-14,2020/2021,Arsenal,Leeds United,1,4,2
2021-02-21,2020/2021,Arsenal,Manchester City,1,0,1
2021-02-28,2020/2021,Arsenal,Leicester City,0,3,1
2021-03-06,2020/2021,Arsenal,Burnley,0,1,1
2021-03-14,2020/2021,Arsenal,Tottenham,1,2,1
2021-03-21,2020/2021,Arsenal,West Ham,0,3,3
2021-04-03,2020/2021,Arsenal,Liverpool,1,0,3
2021-04-11,2020/2021,Arsenal,Sheffield Utd,0,3,0
2021-04-18,2020/2021,Arsenal,Fulham,1,1,1
2021-04-23,2020/2021,Arsenal,Everton,1,0,1
2021-05-02,2020/2021,Arsenal,Newcastle Utd,0,2,0
2021-05-09,2020/2021,Arsenal,West Brom,1,3,1
2021-05-12,2020/2021,Arsenal,Chelsea,0,1,0
2021-05-19,2020/2021,Arsenal,Crystal Palace,0,3,1
2021-05-23,2020/2021,Arsenal,Brighton,1,2,0
2021-08-13,2021/2022,Arsenal,Brentford,0,0,2
2021-08-22,2021/2022,Arsenal,Chelsea,1,0,2
2021-08-28,2021/2022,Arsenal,Manchester City,0,0,5
2021-09-11,2021/2022,Arsenal,Norwich City,1,1,0
2021-09-18,2021/2022,Arsenal,Burnley,0,1,0
2021-09-26,2021/2022,Arsenal,Tottenham,1,3,1
2021-10-02,2021/2022,Arsenal,Brighton,0,0,0
2021-10-18,2021/2022,Arsenal,Crystal Palace,1,2,2
2021-10-22,2021/2022,Arsenal,Aston Villa,1,3,1
2021-10-30,2021/2022,Arsenal,Leicester City,0,2,0
2021-11-07,2021/2022,Arsenal,Watford,1,1,0
2021-11-20,2021/2022,Arsenal,Liverpool,0,0,4
2021-11-27,2021/2022,Arsenal,Newcastle Utd,1,2,0
2021-12-02,2021/2022,Arsenal,Manchester Utd,0,2,3
2021-12-06,2021/2022,Arsenal,Everton,0,1,2
2021-12-11,2021/2022,Arsenal,Southampton,1,3,0
2021-12-15,2021/2022,Arsenal,West Ham,1,2,0
2021-12-18,2021/2022,Arsenal,Leeds United,0,4,1
2021-12-26,2021/2022,Arsenal,Norwich City,0,5,0
2022-01-01,2021/2022,Arsenal,Manchester City,1,1,2
2022-01-23,2021/2022,Arsenal,Burnley,1,0,0
2022-02-10,2021/2022,Arsenal,Wolves,0,1,0
2022-02-19,2021/2022,Arsenal,Brentford,1,2,1
2022-02-24,2021/2022,Arsenal,Wolves,1,2,1
2022-03-06,2021/2022,Arsenal,Watford,0,3,2
2022-03-13,2021/2022,Arsenal,Leicester City,1,2,0
2022-03-16,2021/2022,Arsenal,Liverpool,1,0,2
2022-03-19,2021/2022,Arsenal,Aston Villa,0,1,0
2022-04-04,2021/2022,Arsenal,Crystal Palace,0,0,3
2022-04-09,2021/2022,Arsenal,Brighton,1,1,2
2022-04-16,2021/2022,Arsenal,Southampton,0,0,1
2022-04-20,2021/2022,Arsenal,Chelsea,0,4,2
2022-04-23,2021/2022,Arsenal,Manchester Utd,1,3,1
2022-05-01,2021/2022,Arsenal,West Ham,0,2,1
2022-05-08,2021/2022,Arsenal,Leeds United,1,2,1
2022-05-12,2021/2022,Arsenal,Tottenham,0,0,3
2022-05-16,2021/2022,Arsenal,Newcastle Utd,0,0,2
2022-05-22,2021/2022,Arsenal,Everton,1,5,1
2022-08-05,2022/2023,Arsenal,Crystal Palace,0,2,0
2022-08-13,2022/2023,Arsenal,Leicester City,1,4,2
2022-08-20,2022/2023,Arsenal,Bournemouth,0,3,0
2022-08-27,2022/2023,Arsenal,Fulham,1,2,1
2022-08-31,2022/2023,Arsenal,Aston Villa,1,2,1
2022-09-04,2022/2023,Arsenal,Manchester Utd,0,1,3
2022-09-18,2022/2023,Arsenal,Brentford,0,3,0
2022-10-01,2022/2023,Arsenal,Tottenham,1,3,1
2022-10-09,2022/2023,Arsenal,Liverpool,1,3,2
2022-10-16,2022/2023,Arsenal,Leeds United,0,1,0
2022-10-23,2022/2023,Arsenal,Southampton,0,1,1
2022-10-30,2022/2023,Arsenal,Nott'ham Forest,1,5,0
2022-11-06,2022/2023,Arsenal,Chelsea,0,1,0
2022-11-12,2022/2023,Arsenal,Wolves,0,2,0
2022-12-26,2022/2023,Arsenal,West Ham,1,3,1
2022-12-31,2022/2023,Arsenal,Brighton,0,4,2
2023-01-03,2022/2023,Arsenal,Newcastle Utd,1,0,0
2023-01-15,2022/2023,Arsenal,Tottenham,0,2,0
2023-01-22,2022/2023,Arsenal,Manchester Utd,1,3,2
2023-02-04,2022/2023,Arsenal,Everton,0,0,1
2023-02-11,2022/2023,Arsenal,Brentford,1,1,1
2023-02-15,2022/2023,Arsenal,Manchester City,1,1,3
2023-02-18,2022/2023,Arsenal,Aston Villa,0,4,2
2023-02-25,2022/2023,Arsenal,Leicester City,0,1,0
2023-03-01,2022/2023,Arsenal,Everton,1,4,0
2023-03-04,2022/2023,Arsenal,Bournemouth,1,3,2
2023-03-12,2022/2023,Arsenal,Fulham,0,3,0
2023-03-19,2022/2023,Arsenal,Crystal Palace,1,4,1
2023-04-01,2022/2023,Arsenal,Leeds United,1,4,1
2023-04-09,2022/2023,Arsenal,Liverpool,0,2,2
2023-04-16,2022/2023,Arsenal,West Ham,0,2,2
2023-04-21,2022/2023,Arsenal,Southampton,1,3,3
2023-04-26,2022/2023,Arsenal,Manchester City,0,1,4
2023-05-02,2022/2023,Arsenal,Chelsea,1,3,1
2023-05-07,2022/2023,Arsenal,Newcastle Utd,0,2,0
2023-05-14,2022/2023,Arsenal,Brighton,1,0,3
2023-05-20,2022/2023,Arsenal,Nott'ham Forest,0,0,1
2023-05-28,2022/2023,Arsenal,Wolves,1,5,0
2023-08-12,2023/2024,Arsenal,Nott'ham Forest,1,2,1
2023-08-21,2023/2024,Arsenal,Crystal Palace,0,1,0
2023-08-26,2023/2024,Arsenal,Fulham,1,2,2
2023-09-03,2023/2024,Arsenal,Manchester Utd,1,3,1
2023-09-17,2023/2024,Arsenal,Everton,0,1,0
2023-09-24,2023/2024,Arsenal,Tottenham,1,2,2
2023-09-30,2023/2024,Arsenal,Bournemouth,0,4,0
2023-10-08,2023/2024,Arsenal,Manchester City,1,1,0
2023-10-21,2023/2024,Arsenal,Chelsea,0,2,2
2023-10-28,2023/2024,Arsenal,Sheffield Utd,1,5,0
2023-11-04,2023/2024,Arsenal,Newcastle Utd,0,0,1
2023-11-11,2023/2024,Arsenal,Burnley,1,3,1
2023-11-25,2023/2024,Arsenal,Brentford,0,1,0
2023-12-02,2023/2024,Arsenal,Wolves,1,2,1
2023-12-05,2023/2024,Arsenal,Luton Town,0,4,3
2023-12-09,2023/2024,Arsenal,Aston Villa,0,0,1
2023-12-17,2023/2024,Arsenal,Brighton,1,2,0
2023-12-23,2023/2024,Arsenal,Liverpool,0,1,1
2023-12-28,2023/2024,Arsenal,West Ham,1,0,2
2023-12-31,2023/2024,Arsenal,Fulham,0,1,2
2024-01-20,2023/2024,Arsenal,Crystal Palace,1,5,0
2024-01-30,2023/2024,Arsenal,Nott'ham Forest,0,2,1
2024-02-04,2023/2024,Arsenal,Liverpool,1,3,1
2024-02-11,2023/2024,Arsenal,West Ham,0,6,0
2024-02-17,2023/2024,Arsenal,Burnley,0,5,0
2024-02-24,2023/2024,Arsenal,Newcastle Utd,1,4,1
2024-03-04,2023/2024,Arsenal,Sheffield Utd,0,6,0
2024-03-09,2023/2024,Arsenal,Brentford,1,2,1
2024-03-31,2023/2024,Arsenal,Manchester City,0,0,0
2024-04-03,2023/2024,Arsenal,Luton Town,1,2,0
2024-04-06,2023/2024,Arsenal,Brighton,0,3,0
2024-04-14,2023/2024,Arsenal,Aston Villa,1,0,2
2024-04-20,2023/2024,Arsenal,Wolves,0,2,0
2024-04-23,2023/2024,Arsenal,Chelsea,1,5,0
2024-04-28,2023/2024,Arsenal,Tottenham,0,3,2
2024-05-04,2023/2024,Arsenal,Bournemouth,1,3,0
2024-05-12,2023/2024,Arsenal,Manchester Utd,0,1,0
2024-05-19,2023/2024,Arsenal,Everton,1,2,1
2014-08-16,2014/2015,Aston Villa,Stoke City,0,1,0
2014-08-23,2014/2015,Aston Villa,Newcastle Utd,1,0,0
2014-08-31,2014/2015,Aston Villa,Hull City,1,2,1
2014-09-13,2014/2015,Aston Villa,Liverpool,0,1,0
2014-09-20,2014/2015,Aston Villa,Arsenal,1,0,3
2014-09-27,2014/2015,Aston Villa,Chelsea,0,0,3
2014-10-04,2014/2015,Aston Villa,Manchester City,1,0,2
2014-10-18,2014/2015,Aston Villa,Everton,0,0,3
2014-10-27,2014/2015,Aston Villa,QPR,0,0,2
2014-11-02,2014/2015,Aston Villa,Tottenham,1,1,2
2014-11-08,2014/2015,Aston Villa,West Ham,0,0,0
2014-11-24,2014/2015,Aston Villa,Southampton,1,1,1
2014-11-29,2014/2015,Aston Villa,Burnley,0,1,1
2014-12-02,2014/2015,Aston Villa,Crystal Palace,0,1,0
2014-12-07,2014/2015,Aston Villa,Leicester City,1,2,1
2014-12-13,2014/2015,Aston Villa,West Brom,0,0,1
2014-12-20,2014/2015,Aston Villa,Manchester Utd,1,1,1
2014-12-26,2014/2015,Aston Villa,Swansea City,0,0,1
2014-12-28,2014/2015,Aston Villa,Sunderland,1,0,0
2015-01-01,2014/2015,Aston Villa,Crystal Palace,1,0,0
2015-01-10,2014/2015,Aston Villa,Leicester City,0,0,1
2015-01-17,2014/2015,Aston Villa,Liverpool,1,0,2
2015-02-01,2014/2015,Aston Villa,Arsenal,0,0,5
2015-02-07,2014/2015,Aston Villa,Chelsea,1,1,2
2015-02-10,2014/2015,Aston Villa,Hull City,0,0,2
2015-02-21,2014/2015,Aston Villa,Stoke City,1,1,2
2015-02-28,2014/2015,Aston Villa,Newcastle Utd,0,0,1
2015-03-03,2014/2015,Aston Villa,West Brom,1,2,1
2015-03-14,2014/2015,Aston Villa,Sunderland,0,4,0
2015-03-21,2014/2015,Aston Villa,Swansea City,1,0,1
2015-04-04,2014/2015,Aston Villa,Manchester Utd,0,1,3
2015-04-07,2014/2015,Aston Villa,QPR,1,3,3
2015-04-11,2014/2015,Aston Villa,Tottenham,0,1,0
2015-04-25,2014/2015,Aston Villa,Manchester City,0,2,3
2015-05-02,2014/2015,Aston Villa,Everton,1,3,2
2015-05-09,2014/2015,Aston Villa,West Ham,1,1,0
2015-05-16,2014/2015,Aston Villa,Southampton,0,1,6
2015-05-24,2014/2015,Aston Villa,Burnley,1,0,1
2015-08-08,2015/2016,Aston Villa,Bournemouth,0,1,0
2015-08-14,2015/2016,Aston Villa,Manchester Utd,1,0,1
2015-08-22,2015/2016,Aston Villa,Crystal Palace,0,1,2
2015-08-29,2015/2016,Aston Villa,Sunderland,1,2,2
2015-09-13,2015/2016,Aston Villa,Leicester City,0,2,3
2015-09-19,2015/2016,Aston Villa,West Brom,1,0,1
2015-09-26,2015/2016,Aston Villa,Liverpool,0,2,3
2015-10-03,2015/2016,Aston Villa,Stoke City,1,0,1
2015-10-17,2015/2016,Aston Villa,Chelsea,0,0,2
2015-10-24,2015/2016,Aston Villa,Swansea City,1,1,2
2015-11-02,2015/2016,Aston Villa,Tottenham,0,1,3
2015-11-08,2015/2016,Aston Villa,Manchester City,1,0,0
2015-11-21,2015/2016,Aston Villa,Everton,0,0,4
2015-11-28,2015/2016,Aston Villa,Watford,1,2,3
2015-12-05,2015/2016,Aston Villa,Southampton,0,1,1
2015-12-13,2015/2016,Aston Villa,Arsenal,1,0,2
2015-12-19,2015/2016,Aston Villa,Newcastle Utd,0,1,1
2015-12-26,2015/2016,Aston Villa,West Ham,1,1,1
2015-12-28,2015/2016,Aston Villa,Norwich City,0,0,2
2016-01-02,2015/2016,Aston Villa,Sunderland,0,1,3
2016-01-12,2015/2016,Aston Villa,Crystal Palace,1,1,0
2016-01-16,2015/2016,Aston Villa,Leicester City,1,1,1
2016-01-23,2015/2016,Aston Villa,West Brom,0,0,0
2016-02-02,2015/2016,Aston Villa,West Ham,0,0,2
2016-02-06,2015/2016,Aston Villa,Norwich City,1,2,0
2016-02-14,2015/2016,Aston Villa,Liverpool,1,0,6
2016-02-27,2015/2016,Aston Villa,Stoke City,0,1,2
2016-03-01,2015/2016,Aston Villa,Everton,1,1,3
2016-03-05,2015/2016,Aston Villa,Manchester City,0,0,4
2016-03-13,2015/2016,Aston Villa,Tottenham,1,0,2
2016-03-19,2015/2016,Aston Villa,Swansea City,0,0,1
2016-04-02,2015/2016,Aston Villa,Chelsea,1,0,4
2016-04-09,2015/2016,Aston Villa,Bournemouth,1,1,2
2016-04-16,2015/2016,Aston Villa,Manchester Utd,0,0,1
2016-04-23,2015/2016,Aston Villa,Southampton,1,2,4
2016-04-30,2015/2016,Aston Villa,Watford,0,2,3
2016-05-07,2015/2016,Aston Villa,Newcastle Utd,1,0,0
2016-05-15,2015/2016,Aston Villa,Arsenal,0,0,4
2019-08-10,2019/2020,Aston Villa,Tottenham,0,1,3
2019-08-17,2019/2020,Aston Villa,Bournemouth,1,1,2
2019-08-23,2019/2020,Aston Villa,Everton,1,2,0
2019-08-31,2019/2020,Aston Villa,Crystal Palace,0,0,1
2019-09-16,2019/2020,Aston Villa,West Ham,1,0,0
2019-09-22,2019/2020,Aston Villa,Arsenal,0,2,3
2019-09-28,2019/2020,Aston Villa,Burnley,1,2,2
2019-10-05,2019/2020,Aston Villa,Norwich City,0,5,1
2019-10-19,2019/2020,Aston Villa,Brighton,1,2,1
2019-10-26,2019/2020,Aston Villa,Manchester City,0,0,3
2019-11-02,2019/2020,Aston Villa,Liverpool,1,1,2
2019-11-10,2019/2020,Aston Villa,Wolves,0,1,2
2019-11-25,2019/2020,Aston Villa,Newcastle Utd,1,2,0
2019-12-01,2019/2020,Aston Villa,Manchester Utd,0,2,2
2019-12-04,2019/2020,Aston Villa,Chelsea,0,1,2
2019-12-08,2019/2020,Aston Villa,Leicester City,1,1,4
2019-12-14,2019/2020,Aston Villa,Sheffield Utd,0,0,2
2019-12-21,2019/2020,Aston Villa,Southampton,1,1,3
2019-12-26,2019/2020,Aston Villa,Norwich City,1,1,0
2019-12-28,2019/2020,Aston Villa,Watford,0,0,3
2020-01-01,2019/2020,Aston Villa,Burnley,0,2,1
2020-01-12,2019/2020,Aston Villa,Manchester City,1,1,6
2020-01-18,2019/2020,Aston Villa,Brighton,0,1,1
2020-01-21,2019/2020,Aston Villa,Watford,1,2,1
2020-02-01,2019/2020,Aston Villa,Bournemouth,0,1,2
2020-02-16,2019/2020,Aston Villa,Tottenham,1,2,3
2020-02-22,2019/2020,Aston Villa,Southampton,0,0,2
2020-03-09,2019/2020,Aston Villa,Leicester City,0,0,4
2020-06-17,2019/2020,Aston Villa,Sheffield Utd,1,0,0
2020-06-21,2019/2020,Aston Villa,Chelsea,1,1,2
2020-06-24,2019/2020,Aston Villa,Newcastle Utd,0,1,1
2020-06-27,2019/2020,Aston Villa,Wolves,1,0,1
2020-07-05,2019/2020,Aston Villa,Liverpool,0,0,2
2020-07-09,2019/2020,Aston Villa,Manchester Utd,1,0,3
2020-07-12,2019/2020,Aston Villa,Crystal Palace,1,2,0
2020-07-16,2019/2020,Aston Villa,Everton,0,1,1
2020-07-21,2019/2020,Aston Villa,Arsenal,1,1,0
2020-07-26,2019/2020,Aston Villa,West Ham,0,1,1
2020-09-21,2020/2021,Aston Villa,Sheffield Utd,1,1,0
2020-09-28,2020/2021,Aston Villa,Fulham,0,3,0
2020-10-04,2020/2021,Aston Villa,Liverpool,1,7,2
2020-10-18,2020/2021,Aston Villa,Leicester City,0,1,0
2020-10-23,2020/2021,Aston Villa,Leeds United,1,0,3
2020-11-01,2020/2021,Aston Villa,Southampton,1,3,4
2020-11-08,2020/2021,Aston Villa,Arsenal,0,3,0
2020-11-21,2020/2021,Aston Villa,Brighton,1,1,2
2020-11-30,2020/2021,Aston Villa,West Ham,0,1,2
2020-12-12,2020/2021,Aston Villa,Wolves,0,1,0
2020-12-17,2020/2021,Aston Villa,Burnley,1,0,0
2020-12-20,2020/2021,Aston Villa,West Brom,0,3,0
2020-12-26,2020/2021,Aston Villa,Crystal Palace,1,3,0
2020-12-28,2020/2021,Aston Villa,Chelsea,0,1,1
2021-01-01,2020/2021,Aston Villa,Manchester Utd,0,1,2
2021-01-20,2020/2021,Aston Villa,Manchester City,0,0,2
2021-01-23,2020/2021,Aston Villa,Newcastle Utd,1,2,0
2021-01-27,2020/2021,Aston Villa,Burnley,0,2,3
2021-01-30,2020/2021,Aston Villa,Southampton,0,1,0
2021-02-03,2020/2021,Aston Villa,West Ham,1,1,3
2021-02-06,2020/2021,Aston Villa,Arsenal,1,1,0
2021-02-13,2020/2021,Aston Villa,Brighton,0,0,0
2021-02-21,2020/2021,Aston Villa,Leicester City,1,1,2
2021-02-27,2020/2021,Aston Villa,Leeds United,0,1,0
2021-03-03,2020/2021,Aston Villa,Sheffield Utd,0,0,1
2021-03-06,2020/2021,Aston Villa,Wolves,1,0,0
2021-03-12,2020/2021,Aston Villa,Newcastle Utd,0,1,1
2021-03-21,2020/2021,Aston Villa,Tottenham,1,0,2
2021-04-04,2020/2021,Aston Villa,Fulham,1,3,1
2021-04-10,2020/2021,Aston Villa,Liverpool,0,1,2
2021-04-21,2020/2021,Aston Villa,Manchester City,1,1,2
2021-04-25,2020/2021,Aston Villa,West Brom,1,2,2
2021-05-01,2020/2021,Aston Villa,Everton,0,2,1
2021-05-09,2020/2021,Aston Villa,Manchester Utd,1,1,3
2021-05-13,2020/2021,Aston Villa,Everton,1,0,0
2021-05-16,2020/2021,Aston Villa,Crystal Palace,0,2,3
2021-05-19,2020/2021,Aston Villa,Tottenham,0,2,1
2021-05-23,2020/2021,Aston Villa,Chelsea,1,2,1
2021-08-14,2021/2022,Aston Villa,Watford,0,2,3
2021-08-21,2021/2022,Aston Villa,Newcastle Utd,1,2,0
2021-08-28,2021/2022,Aston Villa,Brentford,1,1,1
2021-09-11,2021/2022,Aston Villa,Chelsea,0,0,3
2021-09-18,2021/2022,Aston Villa,Everton,1,3,0
2021-09-25,2021/2022,Aston Villa,Manchester Utd,0,1,0
2021-10-03,2021/2022,Aston Villa,Tottenham,0,1,2
2021-10-16,2021/2022,Aston Villa,Wolves,1,2,3
2021-10-22,2021/2022,Aston Villa,Arsenal,0,1,3
2021-10-31,2021/2022,Aston Villa,West Ham,1,1,4
2021-11-05,2021/2022,Aston Villa,Southampton,0,0,1
2021-11-20,2021/2022,Aston Villa,Brighton,1,2,0
2021-11-27,2021/2022,Aston Villa,Crystal Palace,0,2,1
2021-12-01,2021/2022,Aston Villa,Manchester City,1,1,2
2021-12-05,2021/2022,Aston Villa,Leicester City,1,2,1
2021-12-11,2021/2022,Aston Villa,Liverpool,0,0,1
2021-12-14,2021/2022,Aston Villa,Norwich City,0,2,0
2021-12-26,2021/2022,Aston Villa,Chelsea,1,1,3
2022-01-02,2021/2022,Aston Villa,Brentford,0,1,2
2022-01-15,2021/2022,Aston Villa,Manchester Utd,1,2,2
2022-01-22,2021/2022,Aston Villa,Everton,0,1,0
2022-02-09,2021/2022,Aston Villa,Leeds United,1,3,3
2022-02-13,2021/2022,Aston Villa,Newcastle Utd,0,0,1
2022-02-19,2021/2022,Aston Villa,Watford,1,0,1
2022-02-26,2021/2022,Aston Villa,Brighton,0,2,0
2022-03-05,2021/2022,Aston Villa,Southampton,1,4,0
2022-03-10,2021/2022,Aston Villa,Leeds United,0,3,0
2022-03-13,2021/2022,Aston Villa,West Ham,0,1,2
2022-03-19,2021/2022,Aston Villa,Arsenal,1,0,1
2022-04-02,2021/2022,Aston Villa,Wolves,0,1,2
2022-04-09,2021/2022,Aston Villa,Tottenham,1,0,4
2022-04-23,2021/2022,Aston Villa,Leicester City,0,0,0
2022-04-30,2021/2022,Aston Villa,Norwich City,1,2,0
2022-05-07,2021/2022,Aston Villa,Burnley,0,3,1
2022-05-10,2021/2022,Aston Villa,Liverpool,1,1,2
2022-05-15,2021/2022,Aston Villa,Crystal Palace,1,1,1
2022-05-19,2021/2022,Aston Villa,Burnley,1,1,1
2022-05-22,2021/2022,Aston Villa,Manchester City,0,2,3
2022-08-06,2022/2023,Aston Villa,Bournemouth,0,0,2
2022-08-13,2022/2023,Aston Villa,Everton,1,2,1
2022-08-20,2022/2023,Aston Villa,Crystal Palace,0,1,3
2022-08-28,2022/2023,Aston Villa,West Ham,1,0,1
2022-08-31,2022/2023,Aston Villa,Arsenal,0,1,2
2022-09-03,2022/2023,Aston Villa,Manchester City,1,1,1
2022-09-16,2022/2023,Aston Villa,Southampton,1,1,0
2022-10-02,2022/2023,Aston Villa,Leeds United,0,0,0
2022-10-10,2022/2023,Aston Villa,Nott'ham Forest,0,1,1
2022-10-16,2022/2023,Aston Villa,Chelsea,1,0,2
2022-10-20,2022/2023,Aston Villa,Fulham,0,0,3
2022-10-23,2022/2023,Aston Villa,Brentford,1,4,0
2022-10-29,2022/2023,Aston Villa,Newcastle Utd,0,0,4
2022-11-06,2022/2023,Aston Villa,Manchester Utd,1,3,1
2022-11-13,2022/2023,Aston Villa,Brighton,0,2,1
2022-12-26,2022/2023,Aston Villa,Liverpool,1,1,3
2023-01-01,2022/2023,Aston Villa,Tottenham,0,2,0
2023-01-04,2022/2023,Aston Villa,Wolves,1,1,1
2023-01-13,2022/2023,Aston Villa,Leeds United,1,2,1
2023-01-21,2022/2023,Aston Villa,Southampton,0,1,0
2023-02-04,2022/2023,Aston Villa,Leicester City,1,2,4
2023-02-12,2022/2023,Aston Villa,Manchester City,0,1,3
2023-02-18,2022/2023,Aston Villa,Arsenal,1,2,4
2023-02-25,2022/2023,Aston Villa,Everton,0,2,0
2023-03-04,2022/2023,Aston Villa,Crystal Palace,1,1,0
2023-03-12,2022/2023,Aston Villa,West Ham,0,1,1
2023-03-18,2022/2023,Aston Villa,Bournemouth,1,3,0
2023-04-01,2022/2023,Aston Villa,Chelsea,0,2,0
2023-04-04,2022/2023,Aston Villa,Leicester City,0,2,1
2023-04-08,2022/2023,Aston Villa,Nott'ham Forest,1,2,0
2023-04-15,2022/2023,Aston Villa,Newcastle Utd,1,3,0
2023-04-22,2022/2023,Aston Villa,Brentford,0,1,1
2023-04-25,2022/2023,Aston Villa,Fulham,1,1,0
2023-04-30,2022/2023,Aston Villa,Manchester Utd,0,0,1
2023-05-06,2022/2023,Aston Villa,Wolves,0,0,1
2023-05-13,2022/2023,Aston Villa,Tottenham,1,2,1
2023-05-20,2022/2023,Aston Villa,Liverpool,0,1,1
2023-05-28,2022/2023,Aston Villa,Brighton,1,2,1
2023-08-12,2023/2024,Aston Villa,Newcastle Utd,0,1,5
2023-08-20,2023/2024,Aston Villa,Everton,1,4,0
2023-08-27,2023/2024,Aston Villa,Burnley,0,3,1
2023-09-03,2023/2024,Aston Villa,Liverpool,0,0,3
2023-09-16,2023/2024,Aston Villa,Crystal Palace,1,3,1
2023-09-24,2023/2024,Aston Villa,Chelsea,0,1,0
2023-09-30,2023/2024,Aston Villa,Brighton,1,6,1
2023-10-08,2023/2024,Aston Villa,Wolves,0,1,1
2023-10-22,2023/2024,Aston Villa,West Ham,1,4,1
2023-10-29,2023/2024,Aston Villa,Luton Town,1,3,1
2023-11-05,2023/2024,Aston Villa,Nott'ham Forest,0,0,2
2023-11-12,2023/2024,Aston Villa,Fulham,1,3,1
2023-11-26,2023/2024,Aston Villa,Tottenham,0,2,1
2023-12-03,2023/2024,Aston Villa,Bournemouth,0,2,2
2023-12-06,2023/2024,Aston Villa,Manchester City,1,1,0
2023-12-09,2023/2024,Aston Villa,Arsenal,1,1,0
2023-12-17,2023/2024,Aston Villa,Brentford,0,2,1
2023-12-22,2023/2024,Aston Villa,Sheffield Utd,1,1,1
2023-12-26,2023/2024,Aston Villa,Manchester Utd,0,2,3
2023-12-30,2023/2024,Aston Villa,Burnley,1,3,2
2024-01-14,2023/2024,Aston Villa,Everton,0,0,0
2024-01-30,2023/2024,Aston Villa,Newcastle Utd,1,1,3
2024-02-03,2023/2024,Aston Villa,Sheffield Utd,0,5,0
2024-02-11,2023/2024,Aston Villa,Manchester Utd,1,1,2
2024-02-17,2023/2024,Aston Villa,Fulham,0,2,1
2024-02-24,2023/2024,Aston Villa,Nott'ham Forest,1,4,2
2024-03-02,2023/2024,Aston Villa,Luton Town,0,3,2
2024-03-10,2023/2024,Aston Villa,Tottenham,1,0,4
2024-03-17,2023/2024,Aston Villa,West Ham,0,1,1
2024-03-30,2023/2024,Aston Villa,Wolves,1,2,0
2024-04-03,2023/2024,Aston Villa,Manchester City,0,1,4
2024-04-06,2023/2024,Aston Villa,Brentford,1,3,3
2024-04-14,2023/2024,Aston Villa,Arsenal,0,2,0
2024-04-21,2023/2024,Aston Villa,Bournemouth,1,3,1
2024-04-27,2023/2024,Aston Villa,Chelsea,1,2,2
2024-05-05,2023/2024,Aston Villa,Brighton,0,0,1
2024-05-13,2023/2024,Aston Villa,Liverpool,1,3,3
2024-05-19,2023/2024,Aston Villa,Crystal Palace,0,0,5
2015-08-08,2015/2016,Bournemouth,Aston Villa,1,0,1
2015-08-17,2015/2016,Bournemouth,Liverpool,0,0,1
2015-08-22,2015/2016,Bournemouth,West Ham,0,4,3
2015-08-29,2015/2016,Bournemouth,Leicester City,1,1,1
2015-09-12,2015/2016,Bournemouth,Norwich City,0,1,3
2015-09-19,2015/2016,Bournemouth,Sunderland,1,2,0
2015-09-26,2015/2016,Bournemouth,Stoke City,0,1,2
2015-10-03,2015/2016,Bournemouth,Watford,1,1,1
2015-10-17,2015/2016,Bournemouth,Manchester City,0,1,5
2015-10-25,2015/2016,Bournemouth,Tottenham,1,1,5
2015-11-01,2015/2016,Bournemouth,Southampton,0,0,2
2015-11-07,2015/2016,Bournemouth,Newcastle Utd,1,0,1
2015-11-21,2015/2016,Bournemouth,Swansea City,0,2,2
2015-11-28,2015/2016,Bournemouth,Everton,1,3,3
2015-12-05,2015/2016,Bournemouth,Chelsea,0,1,0
2015-12-12,2015/2016,Bournemouth,Manchester Utd,1,2,1
2015-12-19,2015/2016,Bournemouth,West Brom,0,2,1
2015-12-26,2015/2016,Bournemouth,Crystal Palace,1,0,0
2015-12-28,2015/2016,Bournemouth,Arsenal,0,0,2
2016-01-02,2015/2016,Bournemouth,Leicester City,0,0,0
2016-01-12,2015/2016,Bournemouth,West Ham,1,1,3
2016-01-16,2015/2016,Bournemouth,Norwich City,1,3,0
2016-01-23,2015/2016,Bournemouth,Sunderland,0,1,1
2016-02-02,2015/2016,Bournemouth,Crystal Palace,0,2,1
2016-02-07,2015/2016,Bournemouth,Arsenal,1,0,2
2016-02-13,2015/2016,Bournemouth,Stoke City,1,1,3
2016-02-27,2015/2016,Bournemouth,Watford,0,0,0
2016-03-01,2015/2016,Bournemouth,Southampton,1,2,0
2016-03-05,2015/2016,Bournemouth,Newcastle Utd,0,3,1
2016-03-12,2015/2016,Bournemouth,Swansea City,1,3,2
2016-03-20,2015/2016,Bournemouth,Tottenham,0,0,3
2016-04-02,2015/2016,Bournemouth,Manchester City,1,0,4
2016-04-09,2015/2016,Bournemouth,Aston Villa,0,2,1
2016-04-17,2015/2016,Bournemouth,Liverpool,1,1,2
2016-04-23,2015/2016,Bournemouth,Chelsea,1,1,4
2016-04-30,2015/2016,Bournemouth,Everton,0,1,2
2016-05-07,2015/2016,Bournemouth,West Brom,1,1,1
2016-05-17,2015/2016,Bournemouth,Manchester Utd,0,1,3
2016-08-14,2016/2017,Bournemouth,Manchester Utd,1,1,3
2016-08-21,2016/2017,Bournemouth,West Ham,0,0,1
2016-08-27,2016/2017,Bournemouth,Crystal Palace,0,1,1
2016-09-10,2016/2017,Bournemouth,West Brom,1,1,0
2016-09-17,2016/2017,Bournemouth,Manchester City,0,0,4
2016-09-24,2016/2017,Bournemouth,Everton,1,1,0
2016-10-01,2016/2017,Bournemouth,Watford,0,2,2
2016-10-15,2016/2017,Bournemouth,Hull City,1,6,1
2016-10-22,2016/2017,Bournemouth,Tottenham,1,0,0
2016-10-29,2016/2017,Bournemouth,Middlesbrough,0,0,2
2016-11-05,2016/2017,Bournemouth,Sunderland,1,1,2
2016-11-19,2016/2017,Bournemouth,Stoke City,0,1,0
2016-11-27,2016/2017,Bournemouth,Arsenal,0,1,3
2016-12-04,2016/2017,Bournemouth,Liverpool,1,4,3
2016-12-10,2016/2017,Bournemouth,Burnley,0,2,3
2016-12-13,2016/2017,Bournemouth,Leicester City,1,1,0
2016-12-18,2016/2017,Bournemouth,Southampton,1,1,3
2016-12-26,2016/2017,Bournemouth,Chelsea,0,0,3
2016-12-31,2016/2017,Bournemouth,Swansea City,0,3,0
2017-01-03,2016/2017,Bournemouth,Arsenal,1,3,3
2017-01-14,2016/2017,Bournemouth,Hull City,0,1,3
2017-01-21,2016/2017,Bournemouth,Watford,1,2,2
2017-01-31,2016/2017,Bournemouth,Crystal Palace,1,0,2
2017-02-04,2016/2017,Bournemouth,Everton,0,3,6
2017-02-13,2016/2017,Bournemouth,Manchester City,1,0,2
2017-02-25,2016/2017,Bournemouth,West Brom,0,1,2
2017-03-04,2016/2017,Bournemouth,Manchester Utd,0,1,1
2017-03-11,2016/2017,Bournemouth,West Ham,1,3,2
2017-03-18,2016/2017,Bournemouth,Swansea City,1,2,0
2017-04-01,2016/2017,Bournemouth,Southampton,0,0,0
2017-04-05,2016/2017,Bournemouth,Liverpool,0,2,2
2017-04-08,2016/2017,Bournemouth,Chelsea,1,1,3
2017-04-15,2016/2017,Bournemouth,Tottenham,0,0,4
2017-04-22,2016/2017,Bournemouth,Middlesbrough,1,4,0
2017-04-29,2016/2017,Bournemouth,Sunderland,0,1,0
2017-05-06,2016/2017,Bournemouth,Stoke City,1,2,2
2017-05-13,2016/2017,Bournemouth,Burnley,1,2,1
2017-05-21,2016/2017,Bournemouth,Leicester City,0,1,1
2017-08-12,2017/2018,Bournemouth,West Brom,0,0,1
2017-08-19,2017/2018,Bournemouth,Watford,1,0,2
2017-08-26,2017/2018,Bournemouth,Manchester City,1,1,2
2017-09-09,2017/2018,Bournemouth,Arsenal,0,0,3
2017-09-15,2017/2018,Bournemouth,Brighton,1,2,1
2017-09-23,2017/2018,Bournemouth,Everton,0,1,2
2017-09-30,2017/2018,Bournemouth,Leicester City,1,0,0
2017-10-14,2017/2018,Bournemouth,Tottenham,0,0,1
2017-10-21,2017/2018,Bournemouth,Stoke City,0,2,1
2017-10-28,2017/2018,Bournemouth,Chelsea,1,0,1
2017-11-04,2017/2018,Bournemouth,Newcastle Utd,0,1,0
2017-11-18,2017/2018,Bournemouth,Huddersfield,1,4,0
2017-11-25,2017/2018,Bournemouth,Swansea City,0,0,0
2017-11-29,2017/2018,Bournemouth,Burnley,1,1,2
2017-12-03,2017/2018,Bournemouth,Southampton,1,1,1
2017-12-09,2017/2018,Bournemouth,Crystal Palace,0,2,2
2017-12-13,2017/2018,Bournemouth,Manchester Utd,0,0,1
2017-12-17,2017/2018,Bournemouth,Liverpool,1,0,4
2017-12-23,2017/2018,Bournemouth,Manchester City,0,0,4
2017-12-26,2017/2018,Bournemouth,West Ham,1,3,3
2017-12-30,2017/2018,Bournemouth,Everton,1,2,1
2018-01-01,2017/2018,Bournemouth,Brighton,0,2,2
2018-01-14,2017/2018,Bournemouth,Arsenal,1,2,1
2018-01-20,2017/2018,Bournemouth,West Ham,0,1,1
2018-01-31,2017/2018,Bournemouth,Chelsea,0,3,0
2018-02-03,2017/2018,Bournemouth,Stoke City,1,2,1
2018-02-11,2017/2018,Bournemouth,Huddersfield,0,1,4
2018-02-24,2017/2018,Bournemouth,Newcastle Utd,1,2,2
2018-03-03,2017/2018,Bournemouth,Leicester City,0,1,1
2018-03-11,2017/2018,Bournemouth,Tottenham,1,1,4
2018-03-17,2017/2018,Bournemouth,West Brom,1,2,1
2018-03-31,2017/2018,Bournemouth,Watford,0,2,2
2018-04-07,2017/2018,Bournemouth,Crystal Palace,1,2,2
2018-04-14,2017/2018,Bournemouth,Liverpool,0,0,3
2018-04-18,2017/2018,Bournemouth,Manchester Utd,1,0,2
2018-04-28,2017/2018,Bournemouth,Southampton,0,1,2
2018-05-05,2017/2018,Bournemouth,Swansea City,1,1,0
2018-05-13,2017/2018,Bournemouth,Burnley,0,2,1
2018-08-11,2018/2019,Bournemouth,Cardiff City,1,2,0
2018-08-18,2018/2019,Bournemouth,West Ham,0,2,1
2018-08-25,2018/2019,Bournemouth,Everton,1,2,2
2018-09-01,2018/2019,Bournemouth,Chelsea,0,0,2
2018-09-15,2018/2019,Bournemouth,Leicester City,1,4,2
2018-09-22,2018/2019,Bournemouth,Burnley,0,0,4
2018-10-01,2018/2019,Bournemouth,Crystal Palace,1,2,1
2018-10-06,2018/2019,Bournemouth,Watford,0,4,0
2018-10-20,2018/2019,Bournemouth,Southampton,1,0,0
2018-10-27,2018/2019,Bournemouth,Fulham,0,3,0
2018-11-03,2018/2019,Bournemouth,Manchester Utd,1,1,2
2018-11-10,2018/2019,Bournemouth,Newcastle Utd,0,1,2
2018-11-25,2018/2019,Bournemouth,Arsenal,1,1,2
2018-12-01,2018/2019,Bournemouth,Manchester City,0,1,3
2018-12-04,2018/2019,Bournemouth,Huddersfield,1,2,1
2018-12-08,2018/2019,Bournemouth,Liverpool,1,0,4
2018-12-15,2018/2019,Bournemouth,Wolves,0,0,2
2018-12-22,2018/2019,Bournemouth,Brighton,1,2,0
2018-12-26,2018/2019,Bournemouth,Tottenham,0,0,5
2018-12-30,2018/2019,Bournemouth,Manchester Utd,0,1,4
2019-01-02,2018/2019,Bournemouth,Watford,1,3,3
2019-01-13,2018/2019,Bournemouth,Everton,0,0,2
2019-01-19,2018/2019,Bournemouth,West Ham,1,2,0
2019-01-30,2018/2019,Bournemouth,Chelsea,1,4,0
2019-02-02,2018/2019,Bournemouth,Cardiff City,0,0,2
2019-02-09,2018/2019,Bournemouth,Liverpool,0,0,3
2019-02-23,2018/2019,Bournemouth,Wolves,1,1,1
2019-02-27,2018/2019,Bournemouth,Arsenal,0,1,5
2019-03-02,2018/2019,Bournemouth,Manchester City,1,0,1
2019-03-09,2018/2019,Bournemouth,Huddersfield,0,2,0
2019-03-16,2018/2019,Bournemouth,Newcastle Utd,1,2,2
2019-03-30,2018/2019,Bournemouth,Leicester City,0,0,2
2019-04-06,2018/2019,Bournemouth,Burnley,1,1,3
2019-04-13,2018/2019,Bournemouth,Brighton,0,5,0
2019-04-20,2018/2019,Bournemouth,Fulham,1,0,1
2019-04-27,2018/2019,Bournemouth,Southampton,0,3,3
2019-05-04,2018/2019,Bournemouth,Tottenham,1,1,0
2019-05-12,2018/2019,Bournemouth,Crystal Palace,0,3,5
2019-08-10,2019/2020,Bournemouth,Sheffield Utd,1,1,1
2019-08-17,2019/2020,Bournemouth,Aston Villa,0,2,1
2019-08-25,2019/2020,Bournemouth,Manchester City,1,1,3
2019-08-31,2019/2020,Bournemouth,Leicester City,0,1,3
2019-09-15,2019/2020,Bournemouth,Everton,1,3,1
2019-09-20,2019/2020,Bournemouth,Southampton,0,3,1
2019-09-28,2019/2020,Bournemouth,West Ham,1,2,2
2019-10-06,2019/2020,Bournemouth,Arsenal,0,0,1
2019-10-19,2019/2020,Bournemouth,Norwich City,1,0,0
2019-10-26,2019/2020,Bournemouth,Watford,0,0,0
2019-11-02,2019/2020,Bournemouth,Manchester Utd,1,1,0
2019-11-09,2019/2020,Bournemouth,Newcastle Utd,0,1,2
2019-11-23,2019/2020,Bournemouth,Wolves,1,1,2
2019-11-30,2019/2020,Bournemouth,Tottenham,0,2,3
2019-12-03,2019/2020,Bournemouth,Crystal Palace,0,0,1
2019-12-07,2019/2020,Bournemouth,Liverpool,1,0,3
2019-12-14,2019/2020,Bournemouth,Chelsea,0,1,0
2019-12-21,2019/2020,Bournemouth,Burnley,1,0,1
2019-12-26,2019/2020,Bournemouth,Arsenal,1,1,1
2019-12-28,2019/2020,Bournemouth,Brighton,0,0,2
2020-01-01,2019/2020,Bournemouth,West Ham,0,0,4
2020-01-12,2019/2020,Bournemouth,Watford,1,0,3
2020-01-18,2019/2020,Bournemouth,Norwich City,0,0,1
2020-01-21,2019/2020,Bournemouth,Brighton,1,3,1
2020-02-01,2019/2020,Bournemouth,Aston Villa,1,2,1
2020-02-09,2019/2020,Bournemouth,Sheffield Utd,0,1,2
2020-02-22,2019/2020,Bournemouth,Burnley,0,0,3
2020-02-29,2019/2020,Bournemouth,Chelsea,1,2,2
2020-03-07,2019/2020,Bournemouth,Liverpool,0,1,2
2020-06-20,2019/2020,Bournemouth,Crystal Palace,1,0,2
2020-06-24,2019/2020,Bournemouth,Wolves,0,0,1
2020-07-01,2019/2020,Bournemouth,Newcastle Utd,1,1,4
2020-07-04,2019/2020,Bournemouth,Manchester Utd,0,2,5
2020-07-09,2019/2020,Bournemouth,Tottenham,1,0,0
2020-07-12,2019/2020,Bournemouth,Leicester City,1,4,1
2020-07-15,2019/2020,Bournemouth,Manchester City,0,1,2
2020-07-19,2019/2020,Bournemouth,Southampton,1,0,2
2020-07-26,2019/2020,Bournemouth,Everton,0,3,1
2022-08-06,2022/2023,Bournemouth,Aston Villa,1,2,0
2022-08-13,2022/2023,Bournemouth,Manchester City,0,0,4
2022-08-20,2022/2023,Bournemouth,Arsenal,1,0,3
2022-08-27,2022/2023,Bournemouth,Liverpool,0,0,9
2022-08-31,2022/2023,Bournemouth,Wolves,1,0,0
2022-09-03,2022/2023,Bournemouth,Nott'ham Forest,0,3,2
2022-09-17,2022/2023,Bournemouth,Newcastle Utd,0,1,1
2022-10-01,2022/2023,Bournemouth,Brentford,1,0,0
2022-10-08,2022/2023,Bournemouth,Leicester City,1,2,1
2022-10-15,2022/2023,Bournemouth,Fulham,0,2,2
2022-10-19,2022/2023,Bournemouth,Southampton,1,0,1
2022-10-24,2022/2023,Bournemouth,West Ham,0,0,2
2022-10-29,2022/2023,Bournemouth,Tottenham,1,2,3
2022-11-05,2022/2023,Bournemouth,Leeds United,0,3,4
2022-11-12,2022/2023,Bournemouth,Everton,1,3,0
2022-12-27,2022/2023,Bournemouth,Chelsea,0,0,2
2022-12-31,2022/2023,Bournemouth,Crystal Palace,1,0,2
2023-01-03,2022/2023,Bournemouth,Manchester Utd,0,0,3
2023-01-14,2022/2023,Bournemouth,Brentford,0,0,2
2023-01-21,2022/2023,Bournemouth,Nott'ham Forest,1,1,1
2023-02-04,2022/2023,Bournemouth,Brighton,0,0,1
2023-02-11,2022/2023,Bournemouth,Newcastle Utd,1,1,1
2023-02-18,2022/2023,Bournemouth,Wolves,0,1,0
2023-02-25,2022/2023,Bournemouth,Manchester City,1,1,4
2023-03-04,2022/2023,Bournemouth,Arsenal,0,2,3
2023-03-11,2022/2023,Bournemouth,Liverpool,1,1,0
2023-03-18,2022/2023,Bournemouth,Aston Villa,0,0,3
2023-04-01,2022/2023,Bournemouth,Fulham,1,2,1
2023-04-04,2022/2023,Bournemouth,Brighton,1,0,2
2023-04-08,2022/2023,Bournemouth,Leicester City,0,1,0
2023-04-15,2022/2023,Bournemouth,Tottenham,0,3,2
2023-04-23,2022/2023,Bournemouth,West Ham,1,0,4
2023-04-27,2022/2023,Bournemouth,Southampton,0,1,0
2023-04-30,2022/2023,Bournemouth,Leeds United,1,4,1
2023-05-06,2022/2023,Bournemouth,Chelsea,1,1,3
2023-05-13,2022/2023,Bournemouth,Crystal Palace,0,0,2
2023-05-20,2022/2023,Bournemouth,Manchester Utd,1,0,1
2023-05-28,2022/2023,Bournemouth,Everton,0,0,1
2023-08-12,2023/2024,Bournemouth,West Ham,1,1,1
2023-08-19,2023/2024,Bournemouth,Liverpool,0,1,3
2023-08-26,2023/2024,Bournemouth,Tottenham,1,0,2
2023-09-02,2023/2024,Bournemouth,Brentford,0,2,2
2023-09-17,2023/2024,Bournemouth,Chelsea,1,0,0
2023-09-24,2023/2024,Bournemouth,Brighton,0,1,3
2023-09-30,2023/2024,Bournemouth,Arsenal,1,0,4
2023-10-07,2023/2024,Bournemouth,Everton,0,0,3
2023-10-21,2023/2024,Bournemouth,Wolves,1,1,2
2023-10-28,2023/2024,Bournemouth,Burnley,1,2,1
2023-11-04,2023/2024,Bournemouth,Manchester City,0,1,6
2023-11-11,2023/2024,Bournemouth,Newcastle Utd,1,2,0
2023-11-25,2023/2024,Bournemouth,Sheffield Utd,0,3,1
2023-12-03,2023/2024,Bournemouth,Aston Villa,1,2,2
2023-12-06,2023/2024,Bournemouth,Crystal Palace,0,2,0
2023-12-09,2023/2024,Bournemouth,Manchester Utd,0,3,0
2023-12-23,2023/2024,Bournemouth,Nott'ham Forest,0,3,2
2023-12-26,2023/2024,Bournemouth,Fulham,1,3,0
2023-12-31,2023/2024,Bournemouth,Tottenham,0,1,3
2024-01-21,2023/2024,Bournemouth,Liverpool,1,0,4
2024-02-01,2023/2024,Bournemouth,West Ham,0,1,1
2024-02-04,2023/2024,Bournemouth,Nott'ham Forest,1,1,1
2024-02-10,2023/2024,Bournemouth,Fulham,0,1,3
2024-02-17,2023/2024,Bournemouth,Newcastle Utd,0,2,2
2024-02-24,2023/2024,Bournemouth,Manchester City,1,0,1
2024-03-03,2023/2024,Bournemouth,Burnley,0,2,0
2024-03-09,2023/2024,Bournemouth,Sheffield Utd,1,2,2
2024-03-13,2023/2024,Bournemouth,Luton Town,1,4,3
2024-03-30,2023/2024,Bournemouth,Everton,1,2,1
2024-04-02,2023/2024,Bournemouth,Crystal Palace,1,1,0
2024-04-06,2023/2024,Bournemouth,Luton Town,0,1,2
2024-04-13,2023/2024,Bournemouth,Manchester Utd,1,2,2
2024-04-21,2023/2024,Bournemouth,Aston Villa,0,1,3
2024-04-24,2023/2024,Bournemouth,Wolves,0,1,0
2024-04-28,2023/2024,Bournemouth,Brighton,1,3,0
2024-05-04,2023/2024,Bournemouth,Arsenal,0,0,3
2024-05-11,2023/2024,Bournemouth,Brentford,1,1,2
2024-05-19,2023/2024,Bournemouth,Chelsea,0,1,2
2021-08-13,2021/2022,Brentford,Arsenal,1,2,0
2021-08-21,2021/2022,Brentford,Crystal Palace,0,0,0
2021-08-28,2021/2022,Brentford,Aston Villa,0,1,1
2021-09-11,2021/2022,Brentford,Brighton,1,0,1
2021-09-18,2021/2022,Brentford,Wolves,0,2,0
2021-09-25,2021/2022,Brentford,Liverpool,1,3,3
2021-10-03,2021/2022,Brentford,West Ham,0,2,1
2021-10-16,2021/2022,Brentford,Chelsea,1,0,1
2021-10-24,2021/2022,Brentford,Leicester City,1,1,2
2021-10-30,2021/2022,Brentford,Burnley,0,1,3
2021-11-06,2021/2022,Brentford,Norwich City,1,1,2
2021-11-20,2021/2022,Brentford,Newcastle Utd,0,3,3
2021-11-28,2021/2022,Brentford,Everton,1,1,0
2021-12-02,2021/2022,Brentford,Tottenham,0,0,2
2021-12-05,2021/2022,Brentford,Leeds United,0,2,2
2021-12-10,2021/2022,Brentford,Watford,1,2,1
2021-12-26,2021/2022,Brentford,Brighton,0,0,2
2021-12-29,2021/2022,Brentford,Manchester City,1,0,1
2022-01-02,2021/2022,Brentford,Aston Villa,1,2,1
2022-01-11,2021/2022,Brentford,Southampton,0,1,4
2022-01-16,2021/2022,Brentford,Liverpool,0,0,3
2022-01-19,2021/2022,Brentford,Manchester Utd,1,1,3
2022-01-22,2021/2022,Brentford,Wolves,1,1,2
2022-02-09,2021/2022,Brentford,Manchester City,0,0,2
2022-02-12,2021/2022,Brentford,Crystal Palace,1,0,0
2022-02-19,2021/2022,Brentford,Arsenal,0,1,2
2022-02-26,2021/2022,Brentford,Newcastle Utd,1,0,2
2022-03-05,2021/2022,Brentford,Norwich City,0,3,1
2022-03-12,2021/2022,Brentford,Burnley,1,2,0
2022-03-20,2021/2022,Brentford,Leicester City,0,1,2
2022-04-02,2021/2022,Brentford,Chelsea,0,4,1
2022-04-10,2021/2022,Brentford,West Ham,1,2,0
2022-04-16,2021/2022,Brentford,Watford,0,2,1
2022-04-23,2021/2022,Brentford,Tottenham,1,0,0
2022-05-02,2021/2022,Brentford,Manchester Utd,0,0,3
2022-05-07,2021/2022,Brentford,Southampton,1,3,0
2022-05-15,2021/2022,Brentford,Everton,0,3,2
2022-05-22,2021/2022,Brentford,Leeds United,1,1,2
2022-08-07,2022/2023,Brentford,Leicester City,0,2,2
2022-08-13,2022/2023,Brentford,Manchester Utd,1,4,0
2022-08-20,2022/2023,Brentford,Fulham,0,2,3
2022-08-27,2022/2023,Brentford,Everton,1,1,1
2022-08-30,2022/2023,Brentford,Crystal Palace,0,1,1
2022-09-03,2022/2023,Brentford,Leeds United,1,5,2
2022-09-18,2022/2023,Brentford,Arsenal,1,0,3
2022-10-01,2022/2023,Brentford,Bournemouth,0,0,0
2022-10-08,2022/2023,Brentford,Newcastle Utd,0,1,5
2022-10-14,2022/2023,Brentford,Brighton,1,2,0
2022-10-19,2022/2023,Brentford,Chelsea,1,0,0
2022-10-23,2022/2023,Brentford,Aston Villa,0,0,4
2022-10-29,2022/2023,Brentford,Wolves,1,1,1
2022-11-05,2022/2023,Brentford,Nott'ham Forest,0,2,2
2022-11-12,2022/2023,Brentford,Manchester City,0,2,1
2022-12-26,2022/2023,Brentford,Tottenham,1,2,2
2022-12-30,2022/2023,Brentford,West Ham,0,2,0
2023-01-02,2022/2023,Brentford,Liverpool,1,3,1
2023-01-14,2022/2023,Brentford,Bournemouth,1,2,0
2023-01-22,2022/2023,Brentford,Leeds United,0,0,0
2023-02-04,2022/2023,Brentford,Southampton,1,3,0
2023-02-11,2022/2023,Brentford,Arsenal,0,1,1
2023-02-18,2022/2023,Brentford,Crystal Palace,1,1,1
2023-03-06,2022/2023,Brentford,Fulham,1,3,2
2023-03-11,2022/2023,Brentford,Everton,0,0,1
2023-03-15,2022/2023,Brentford,Southampton,0,2,0
2023-03-18,2022/2023,Brentford,Leicester City,1,1,1
2023-04-01,2022/2023,Brentford,Brighton,0,3,3
2023-04-05,2022/2023,Brentford,Manchester Utd,0,0,1
2023-04-08,2022/2023,Brentford,Newcastle Utd,1,1,2
2023-04-15,2022/2023,Brentford,Wolves,0,0,2
2023-04-22,2022/2023,Brentford,Aston Villa,1,1,1
2023-04-26,2022/2023,Brentford,Chelsea,0,2,0
2023-04-29,2022/2023,Brentford,Nott'ham Forest,1,2,1
2023-05-06,2022/2023,Brentford,Liverpool,0,0,1
2023-05-14,2022/2023,Brentford,West Ham,1,2,0
2023-05-20,2022/2023,Brentford,Tottenham,0,3,1
2023-05-28,2022/2023,Brentford,Manchester City,1,1,0
2023-08-13,2023/2024,Brentford,Tottenham,1,2,2
2023-08-19,2023/2024,Brentford,Fulham,0,3,0
2023-08-26,2023/2024,Brentford,Crystal Palace,1,1,1
2023-09-02,2023/2024,Brentford,Bournemouth,1,2,2
2023-09-16,2023/2024,Brentford,Newcastle Utd,0,0,1
2023-09-23,2023/2024,Brentford,Everton,1,1,3
2023-10-01,2023/2024,Brentford,Nott'ham Forest,0,1,1
2023-10-07,2023/2024,Brentford,Manchester Utd,0,1,2
2023-10-21,2023/2024,Brentford,Burnley,1,3,0
2023-10-28,2023/2024,Brentford,Chelsea,0,2,0
2023-11-04,2023/2024,Brentford,West Ham,1,3,2
2023-11-12,2023/2024,Brentford,Liverpool,0,0,3
2023-11-25,2023/2024,Brentford,Arsenal,1,0,1
2023-12-02,2023/2024,Brentford,Luton Town,1,3,1
2023-12-06,2023/2024,Brentford,Brighton,0,1,2
2023-12-09,2023/2024,Brentford,Sheffield Utd,0,0,1
2023-12-17,2023/2024,Brentford,Aston Villa,1,1,2
2023-12-27,2023/2024,Brentford,Wolves,1,1,4
2023-12-30,2023/2024,Brentford,Crystal Palace,0,1,3
2024-01-20,2023/2024,Brentford,Nott'ham Forest,1,3,2
2024-01-31,2023/2024,Brentford,Tottenham,0,2,3
2024-02-05,2023/2024,Brentford,Manchester City,1,1,3
2024-02-10,2023/2024,Brentford,Wolves,0,2,0
2024-02-17,2023/2024,Brentford,Liverpool,1,1,4
2024-02-20,2023/2024,Brentford,Manchester City,0,0,1
2024-02-26,2023/2024,Brentford,West Ham,0,2,4
2024-03-02,2023/2024,Brentford,Chelsea,1,2,2
2024-03-09,2023/2024,Brentford,Arsenal,0,1,2
2024-03-16,2023/2024,Brentford,Burnley,0,1,2
2024-03-30,2023/2024,Brentford,Manchester Utd,1,1,1
2024-04-03,2023/2024,Brentford,Brighton,1,0,0
2024-04-06,2023/2024,Brentford,Aston Villa,0,3,3
2024-04-13,2023/2024,Brentford,Sheffield Utd,1,2,0
2024-04-20,2023/2024,Brentford,Luton Town,0,5,1
2024-04-27,2023/2024,Brentford,Everton,0,0,1
2024-05-04,2023/2024,Brentford,Fulham,1,0,0
2024-05-11,2023/2024,Brentford,Bournemouth,0,2,1
2024-05-19,2023/2024,Brentford,Newcastle Utd,1,2,4
2017-08-12,2017/2018,Brighton,Manchester City,1,0,2
2017-08-19,2017/2018,Brighton,Leicester City,0,0,2
2017-08-26,2017/2018,Brighton,Watford,0,0,0
2017-09-09,2017/2018,Brighton,West Brom,1,3,1
2017-09-15,2017/2018,Brighton,Bournemouth,0,1,2
2017-09-24,2017/2018,Brighton,Newcastle Utd,1,1,0
2017-10-01,2017/2018,Brighton,Arsenal,0,0,2
2017-10-15,2017/2018,Brighton,Everton,1,1,1
2017-10-20,2017/2018,Brighton,West Ham,0,3,0
2017-10-29,2017/2018,Brighton,Southampton,1,1,1
2017-11-04,2017/2018,Brighton,Swansea City,0,1,0
2017-11-20,2017/2018,Brighton,Stoke City,1,2,2
2017-11-25,2017/2018,Brighton,Manchester Utd,0,0,1
2017-11-28,2017/2018,Brighton,Crystal Palace,1,0,0
2017-12-02,2017/2018,Brighton,Liverpool,1,1,5
2017-12-09,2017/2018,Brighton,Huddersfield,0,0,2
2017-12-13,2017/2018,Brighton,Tottenham,0,0,2
2017-12-16,2017/2018,Brighton,Burnley,1,0,0
2017-12-23,2017/2018,Brighton,Watford,1,1,0
2017-12-26,2017/2018,Brighton,Chelsea,0,0,2
2017-12-30,2017/2018,Brighton,Newcastle Utd,0,0,0
2018-01-01,2017/2018,Brighton,Bournemouth,1,2,2
2018-01-13,2017/2018,Brighton,West Brom,0,0,2
2018-01-20,2017/2018,Brighton,Chelsea,1,0,4
2018-01-31,2017/2018,Brighton,Southampton,0,1,1
2018-02-03,2017/2018,Brighton,West Ham,1,3,1
2018-02-10,2017/2018,Brighton,Stoke City,0,1,1
2018-02-24,2017/2018,Brighton,Swansea City,1,4,1
2018-03-04,2017/2018,Brighton,Arsenal,1,2,1
2018-03-10,2017/2018,Brighton,Everton,0,0,2
2018-03-31,2017/2018,Brighton,Leicester City,1,0,2
2018-04-07,2017/2018,Brighton,Huddersfield,1,1,1
2018-04-14,2017/2018,Brighton,Crystal Palace,0,2,3
2018-04-17,2017/2018,Brighton,Tottenham,1,1,1
2018-04-28,2017/2018,Brighton,Burnley,0,0,0
2018-05-04,2017/2018,Brighton,Manchester Utd,1,1,0
2018-05-09,2017/2018,Brighton,Manchester City,0,1,3
2018-05-13,2017/2018,Brighton,Liverpool,0,0,4
2018-08-11,2018/2019,Brighton,Watford,0,0,2
2018-08-19,2018/2019,Brighton,Manchester Utd,1,3,2
2018-08-25,2018/2019,Brighton,Liverpool,0,0,1
2018-09-01,2018/2019,Brighton,Fulham,1,2,2
2018-09-17,2018/2019,Brighton,Southampton,0,2,2
2018-09-22,2018/2019,Brighton,Tottenham,1,1,2
2018-09-29,2018/2019,Brighton,Manchester City,0,0,2
2018-10-05,2018/2019,Brighton,West Ham,1,1,0
2018-10-20,2018/2019,Brighton,Newcastle Utd,0,1,0
2018-10-27,2018/2019,Brighton,Wolves,1,1,0
2018-11-03,2018/2019,Brighton,Everton,0,1,3
2018-11-10,2018/2019,Brighton,Cardiff City,0,1,2
2018-11-24,2018/2019,Brighton,Leicester City,1,1,1
2018-12-01,2018/2019,Brighton,Huddersfield,0,2,1
2018-12-04,2018/2019,Brighton,Crystal Palace,1,3,1
2018-12-08,2018/2019,Brighton,Burnley,0,0,1
2018-12-16,2018/2019,Brighton,Chelsea,1,1,2
2018-12-22,2018/2019,Brighton,Bournemouth,0,0,2
2018-12-26,2018/2019,Brighton,Arsenal,1,1,1
2018-12-29,2018/2019,Brighton,Everton,1,1,0
2019-01-02,2018/2019,Brighton,West Ham,0,2,2
2019-01-12,2018/2019,Brighton,Liverpool,1,0,1
2019-01-19,2018/2019,Brighton,Manchester Utd,0,1,2
2019-01-29,2018/2019,Brighton,Fulham,0,2,4
2019-02-02,2018/2019,Brighton,Watford,1,0,0
2019-02-09,2018/2019,Brighton,Burnley,1,1,3
2019-02-26,2018/2019,Brighton,Leicester City,0,1,2
2019-03-02,2018/2019,Brighton,Huddersfield,1,1,0
2019-03-09,2018/2019,Brighton,Crystal Palace,0,2,1
2019-03-30,2018/2019,Brighton,Southampton,1,0,1
2019-04-03,2018/2019,Brighton,Chelsea,0,0,3
2019-04-13,2018/2019,Brighton,Bournemouth,1,0,5
2019-04-16,2018/2019,Brighton,Cardiff City,1,0,2
2019-04-20,2018/2019,Brighton,Wolves,0,0,0
2019-04-23,2018/2019,Brighton,Tottenham,0,0,1
2019-04-27,2018/2019,Brighton,Newcastle Utd,1,1,1
2019-05-05,2018/2019,Brighton,Arsenal,0,1,1
2019-05-12,2018/2019,Brighton,Manchester City,1,1,4
2019-08-10,2019/2020,Brighton,Watford,0,3,0
2019-08-17,2019/2020,Brighton,West Ham,1,1,1
2019-08-24,2019/2020,Brighton,Southampton,1,0,2
2019-08-31,2019/2020,Brighton,Manchester City,0,0,4
2019-09-14,2019/2020,Brighton,Burnley,1,1,1
2019-09-21,2019/2020,Brighton,Newcastle Utd,0,0,0
2019-09-28,2019/2020,Brighton,Chelsea,0,0,2
2019-10-05,2019/2020,Brighton,Tottenham,1,3,0
2019-10-19,2019/2020,Brighton,Aston Villa,0,1,2
2019-10-26,2019/2020,Brighton,Everton,1,3,2
2019-11-02,2019/2020,Brighton,Norwich City,1,2,0
2019-11-10,2019/2020,Brighton,Manchester Utd,0,1,3
2019-11-23,2019/2020,Brighton,Leicester City,1,0,2
2019-11-30,2019/2020,Brighton,Liverpool,0,1,2
2019-12-05,2019/2020,Brighton,Arsenal,0,2,1
2019-12-08,2019/2020,Brighton,Wolves,1,2,2
2019-12-16,2019/2020,Brighton,Crystal Palace,0,1,1
2019-12-21,2019/2020,Brighton,Sheffield Utd,1,0,1
2019-12-26,2019/2020,Brighton,Tottenham,0,1,2
2019-12-28,2019/2020,Brighton,Bournemouth,1,2,0
2020-01-01,2019/2020,Brighton,Chelsea,1,1,1
2020-01-11,2019/2020,Brighton,Everton,0,0,1
2020-01-18,2019/2020,Brighton,Aston Villa,1,1,1
2020-01-21,2019/2020,Brighton,Bournemouth,0,1,3
2020-02-01,2019/2020,Brighton,West Ham,0,3,3
2020-02-08,2019/2020,Brighton,Watford,1,1,1
2020-02-22,2019/2020,Brighton,Sheffield Utd,0,1,1
2020-02-29,2019/2020,Brighton,Crystal Palace,1,0,1
2020-03-07,2019/2020,Brighton,Wolves,0,0,0
2020-06-20,2019/2020,Brighton,Arsenal,1,2,1
2020-06-23,2019/2020,Brighton,Leicester City,0,0,0
2020-06-30,2019/2020,Brighton,Manchester Utd,1,0,3
2020-07-04,2019/2020,Brighton,Norwich City,0,1,0
2020-07-08,2019/2020,Brighton,Liverpool,1,1,3
2020-07-11,2019/2020,Brighton,Manchester City,1,0,5
2020-07-16,2019/2020,Brighton,Southampton,0,1,1
2020-07-20,2019/2020,Brighton,Newcastle Utd,1,0,0
2020-07-26,2019/2020,Brighton,Burnley,0,2,1
2020-09-14,2020/2021,Brighton,Chelsea,1,1,3
2020-09-20,2020/2021,Brighton,Newcastle Utd,0,3,0
2020-09-26,2020/2021,Brighton,Manchester Utd,1,2,3
2020-10-03,2020/2021,Brighton,Everton,0,2,4
2020-10-18,2020/2021,Brighton,Crystal Palace,0,1,1
2020-10-26,2020/2021,Brighton,West Brom,1,1,1
2020-11-01,2020/2021,Brighton,Tottenham,0,1,2
2020-11-06,2020/2021,Brighton,Burnley,1,0,0
2020-11-21,2020/2021,Brighton,Aston Villa,0,2,1
2020-11-28,2020/2021,Brighton,Liverpool,1,1,1
2020-12-07,2020/2021,Brighton,Southampton,1,1,2
2020-12-13,2020/2021,Brighton,Leicester City,0,0,3
2020-12-16,2020/2021,Brighton,Fulham,0,0,0
2020-12-20,2020/2021,Brighton,Sheffield Utd,1,1,1
2020-12-27,2020/2021,Brighton,West Ham,0,2,2
2020-12-29,2020/2021,Brighton,Arsenal,1,0,1
2021-01-02,2020/2021,Brighton,Wolves,1,3,3
2021-01-13,2020/2021,Brighton,Manchester City,0,0,1
2021-01-16,2020/2021,Brighton,Leeds United,0,1,0
2021-01-27,2020/2021,Brighton,Fulham,1,0,0
2021-01-31,2020/2021,Brighton,Tottenham,1,1,0
2021-02-03,2020/2021,Brighton,Liverpool,0,1,0
2021-02-06,2020/2021,Brighton,Burnley,0,1,1
2021-02-13,2020/2021,Brighton,Aston Villa,1,0,0
2021-02-22,2020/2021,Brighton,Crystal Palace,1,1,2
2021-02-27,2020/2021,Brighton,West Brom,0,0,1
2021-03-06,2020/2021,Brighton,Leicester City,1,1,2
2021-03-14,2020/2021,Brighton,Southampton,0,2,1
2021-03-20,2020/2021,Brighton,Newcastle Utd,1,3,0
2021-04-04,2020/2021,Brighton,Manchester Utd,0,1,2
2021-04-12,2020/2021,Brighton,Everton,1,0,0
2021-04-20,2020/2021,Brighton,Chelsea,0,0,0
2021-04-24,2020/2021,Brighton,Sheffield Utd,0,0,1
2021-05-01,2020/2021,Brighton,Leeds United,1,2,0
2021-05-09,2020/2021,Brighton,Wolves,0,1,2
2021-05-15,2020/2021,Brighton,West Ham,1,1,1
2021-05-18,2020/2021,Brighton,Manchester City,1,3,2
2021-05-23,2020/2021,Brighton,Arsenal,0,0,2
2021-08-14,2021/2022,Brighton,Burnley,0,2,1
2021-08-21,2021/2022,Brighton,Watford,1,2,0
2021-08-28,2021/2022,Brighton,Everton,1,0,2
2021-09-11,2021/2022,Brighton,Brentford,0,1,0
2021-09-19,2021/2022,Brighton,Leicester City,1,2,1
2021-09-27,2021/2022,Brighton,Crystal Palace,0,1,1
2021-10-02,2021/2022,Brighton,Arsenal,1,0,0
2021-10-16,2021/2022,Brighton,Norwich City,0,0,0
2021-10-23,2021/2022,Brighton,Manchester City,1,1,4
2021-10-30,2021/2022,Brighton,Liverpool,0,2,2
2021-11-06,2021/2022,Brighton,Newcastle Utd,1,1,1
2021-11-20,2021/2022,Brighton,Aston Villa,0,0,2
2021-11-27,2021/2022,Brighton,Leeds United,1,0,0
2021-12-01,2021/2022,Brighton,West Ham,0,1,1
2021-12-04,2021/2022,Brighton,Southampton,0,1,1
2021-12-15,2021/2022,Brighton,Wolves,1,0,1
2021-12-26,2021/2022,Brighton,Brentford,1,2,0
2021-12-29,2021/2022,Brighton,Chelsea,0,1,1
2022-01-02,2021/2022,Brighton,Everton,0,3,2
2022-01-14,2021/2022,Brighton,Crystal Palace,1,1,1
2022-01-18,2021/2022,Brighton,Chelsea,1,1,1
2022-01-23,2021/2022,Brighton,Leicester City,0,1,1
2022-02-12,2021/2022,Brighton,Watford,0,2,0
2022-02-15,2021/2022,Brighton,Manchester Utd,0,0,2
2022-02-19,2021/2022,Brighton,Burnley,1,0,3
2022-02-26,2021/2022,Brighton,Aston Villa,1,0,2
2022-03-05,2021/2022,Brighton,Newcastle Utd,0,1,2
2022-03-12,2021/2022,Brighton,Liverpool,1,0,2
2022-03-16,2021/2022,Brighton,Tottenham,1,0,2
2022-04-02,2021/2022,Brighton,Norwich City,1,0,0
2022-04-09,2021/2022,Brighton,Arsenal,0,2,1
2022-04-16,2021/2022,Brighton,Tottenham,0,1,0
2022-04-20,2021/2022,Brighton,Manchester City,0,0,3
2022-04-24,2021/2022,Brighton,Southampton,1,2,2
2022-04-30,2021/2022,Brighton,Wolves,0,3,0
2022-05-07,2021/2022,Brighton,Manchester Utd,1,4,0
2022-05-15,2021/2022,Brighton,Leeds United,0,1,1
2022-05-22,2021/2022,Brighton,West Ham,1,3,1
2022-08-07,2022/2023,Brighton,Manchester Utd,0,2,1
2022-08-13,2022/2023,Brighton,Newcastle Utd,1,0,0
2022-08-21,2022/2023,Brighton,West Ham,0,2,0
2022-08-27,2022/2023,Brighton,Leeds United,1,1,0
2022-08-30,2022/2023,Brighton,Fulham,0,1,2
2022-09-04,2022/2023,Brighton,Leicester City,1,5,2
2022-10-01,2022/2023,Brighton,Liverpool,0,3,3
2022-10-08,2022/2023,Brighton,Tottenham,1,0,1
2022-10-14,2022/2023,Brighton,Brentford,0,0,2
2022-10-18,2022/2023,Brighton,Nott'ham Forest,1,0,0
2022-10-22,2022/2023,Brighton,Manchester City,0,1,3
2022-10-29,2022/2023,Brighton,Chelsea,1,4,1
2022-11-05,2022/2023,Brighton,Wolves,0,3,2
2022-11-13,2022/2023,Brighton,Aston Villa,1,1,2
2022-12-26,2022/2023,Brighton,Southampton,0,3,1
2022-12-31,2022/2023,Brighton,Arsenal,1,2,4
2023-01-03,2022/2023,Brighton,Everton,0,4,1
2023-01-14,2022/2023,Brighton,Liverpool,1,3,0
2023-01-21,2022/2023,Brighton,Leicester City,0,2,2
2023-02-04,2022/2023,Brighton,Bournemouth,1,1,0
2023-02-11,2022/2023,Brighton,Crystal Palace,0,1,1
2023-02-18,2022/2023,Brighton,Fulham,1,0,1
2023-03-04,2022/2023,Brighton,West Ham,1,4,0
2023-03-11,2022/2023,Brighton,Leeds United,0,2,2
2023-03-15,2022/2023,Brighton,Crystal Palace,1,1,0
2023-04-01,2022/2023,Brighton,Brentford,1,3,3
2023-04-04,2022/2023,Brighton,Bournemouth,0,2,0
2023-04-08,2022/2023,Brighton,Tottenham,0,1,2
2023-04-15,2022/2023,Brighton,Chelsea,0,2,1
2023-04-26,2022/2023,Brighton,Nott'ham Forest,0,1,3
2023-04-29,2022/2023,Brighton,Wolves,1,6,0
2023-05-04,2022/2023,Brighton,Manchester Utd,1,1,0
2023-05-08,2022/2023,Brighton,Everton,1,1,5
2023-05-14,2022/2023,Brighton,Arsenal,0,3,0
2023-05-18,2022/2023,Brighton,Newcastle Utd,0,1,4
2023-05-21,2022/2023,Brighton,Southampton,1,3,1
2023-05-24,2022/2023,Brighton,Manchester City,1,1,1
2023-05-28,2022/2023,Brighton,Aston Villa,0,1,2
2023-08-12,2023/2024,Brighton,Luton Town,1,4,1
2023-08-19,2023/2024,Brighton,Wolves,0,4,1
2023-08-26,2023/2024,Brighton,West Ham,1,1,3
2023-09-02,2023/2024,Brighton,Newcastle Utd,1,3,1
2023-09-16,2023/2024,Brighton,Manchester Utd,0,3,1
2023-09-24,2023/2024,Brighton,Bournemouth,1,3,1
2023-09-30,2023/2024,Brighton,Aston Villa,0,1,6
2023-10-08,2023/2024,Brighton,Liverpool,1,2,2
2023-10-21,2023/2024,Brighton,Manchester City,0,1,2
2023-10-29,2023/2024,Brighton,Fulham,1,1,1
2023-11-04,2023/2024,Brighton,Everton,0,1,1
2023-11-12,2023/2024,Brighton,Sheffield Utd,1,1,1
2023-11-25,2023/2024,Brighton,Nott'ham Forest,0,3,2
2023-12-03,2023/2024,Brighton,Chelsea,0,2,3
2023-12-06,2023/2024,Brighton,Brentford,1,2,1
2023-12-09,2023/2024,Brighton,Burnley,1,1,1
2023-12-17,2023/2024,Brighton,Arsenal,0,0,2
2023-12-21,2023/2024,Brighton,Crystal Palace,0,1,1
2023-12-28,2023/2024,Brighton,Tottenham,1,4,2
2024-01-02,2023/2024,Brighton,West Ham,0,0,0
2024-01-22,2023/2024,Brighton,Wolves,1,0,0
2024-01-30,2023/2024,Brighton,Luton Town,0,0,4
2024-02-03,2023/2024,Brighton,Crystal Palace,1,4,1
2024-02-10,2023/2024,Brighton,Tottenham,0,1,2
2024-02-18,2023/2024,Brighton,Sheffield Utd,0,5,0
2024-02-24,2023/2024,Brighton,Everton,1,1,1
2024-03-02,2023/2024,Brighton,Fulham,0,0,3
2024-03-10,2023/2024,Brighton,Nott'ham Forest,1,1,0
2024-03-31,2023/2024,Brighton,Liverpool,0,1,2
2024-04-03,2023/2024,Brighton,Brentford,0,0,0
2024-04-06,2023/2024,Brighton,Arsenal,1,0,3
2024-04-13,2023/2024,Brighton,Burnley,0,1,1
2024-04-25,2023/2024,Brighton,Manchester City,1,0,4
2024-04-28,2023/2024,Brighton,Bournemouth,0,0,3
2024-05-05,2023/2024,Brighton,Aston Villa,1,1,0
2024-05-11,2023/2024,Brighton,Newcastle Utd,0,1,1
2024-05-15,2023/2024,Brighton,Chelsea,1,1,2
2024-05-19,2023/2024,Brighton,Manchester Utd,1,0,2
2014-08-18,2014/2015,Burnley,Chelsea,1,1,3
2014-08-23,2014/2015,Burnley,Swansea City,0,0,1
2014-08-30,2014/2015,Burnley,Manchester Utd,1,0,0
2014-09-13,2014/2015,Burnley,Crystal Palace,0,0,0
2014-09-20,2014/2015,Burnley,Sunderland,1,0,0
2014-09-28,2014/2015,Burnley,West Brom,0,0,4
2014-10-04,2014/2015,Burnley,Leicester City,0,2,2
2014-10-18,2014/2015,Burnley,West Ham,1,1,3
2014-10-26,2014/2015,Burnley,Everton,1,1,3
2014-11-01,2014/2015,Burnley,Arsenal,0,0,3
2014-11-08,2014/2015,Burnley,Hull City,1,1,0
2014-11-22,2014/2015,Burnley,Stoke City,0,2,1
2014-11-29,2014/2015,Burnley,Aston Villa,1,1,1
2014-12-02,2014/2015,Burnley,Newcastle Utd,1,1,1
2014-12-06,2014/2015,Burnley,QPR,0,0,2
2014-12-13,2014/2015,Burnley,Southampton,1,1,0
2014-12-20,2014/2015,Burnley,Tottenham,0,1,2
2014-12-26,2014/2015,Burnley,Liverpool,1,0,1
2014-12-28,2014/2015,Burnley,Manchester City,0,2,2
2015-01-01,2014/2015,Burnley,Newcastle Utd,0,3,3
2015-01-10,2014/2015,Burnley,QPR,1,2,1
2015-01-17,2014/2015,Burnley,Crystal Palace,1,2,3
2015-01-31,2014/2015,Burnley,Sunderland,0,0,2
2015-02-08,2014/2015,Burnley,West Brom,1,2,2
2015-02-11,2014/2015,Burnley,Manchester Utd,0,1,3
2015-02-21,2014/2015,Burnley,Chelsea,0,1,1
2015-02-28,2014/2015,Burnley,Swansea City,1,0,1
2015-03-04,2014/2015,Burnley,Liverpool,0,0,2
2015-03-14,2014/2015,Burnley,Manchester City,1,1,0
2015-03-21,2014/2015,Burnley,Southampton,0,0,2
2015-04-05,2014/2015,Burnley,Tottenham,1,0,0
2015-04-11,2014/2015,Burnley,Arsenal,1,0,1
2015-04-18,2014/2015,Burnley,Everton,0,0,1
2015-04-25,2014/2015,Burnley,Leicester City,1,0,1
2015-05-02,2014/2015,Burnley,West Ham,0,0,1
2015-05-09,2014/2015,Burnley,Hull City,0,1,0
2015-05-16,2014/2015,Burnley,Stoke City,1,0,0
2015-05-24,2014/2015,Burnley,Aston Villa,0,1,0
2016-08-13,2016/2017,Burnley,Swansea City,1,0,1
2016-08-20,2016/2017,Burnley,Liverpool,1,2,0
2016-08-27,2016/2017,Burnley,Chelsea,0,0,3
2016-09-10,2016/2017,Burnley,Hull City,1,1,1
2016-09-17,2016/2017,Burnley,Leicester City,0,0,3
2016-09-26,2016/2017,Burnley,Watford,1,2,0
2016-10-02,2016/2017,Burnley,Arsenal,1,0,1
2016-10-16,2016/2017,Burnley,Southampton,0,1,3
2016-10-22,2016/2017,Burnley,Everton,1,2,1
2016-10-29,2016/2017,Burnley,Manchester Utd,0,0,0
2016-11-05,2016/2017,Burnley,Crystal Palace,1,3,2
2016-11-21,2016/2017,Burnley,West Brom,0,0,4
2016-11-26,2016/2017,Burnley,Manchester City,1,1,2
2016-12-03,2016/2017,Burnley,Stoke City,0,0,2
2016-12-10,2016/2017,Burnley,Bournemouth,1,3,2
2016-12-14,2016/2017,Burnley,West Ham,0,0,1
2016-12-18,2016/2017,Burnley,Tottenham,0,1,2
2016-12-26,2016/2017,Burnley,Middlesbrough,1,1,0
2016-12-31,2016/2017,Burnley,Sunderland,1,4,1
2017-01-02,2016/2017,Burnley,Manchester City,0,1,2
2017-01-14,2016/2017,Burnley,Southampton,1,1,0
2017-01-22,2016/2017,Burnley,Arsenal,0,1,2
2017-01-31,2016/2017,Burnley,Leicester City,1,1,0
2017-02-04,2016/2017,Burnley,Watford,0,1,2
2017-02-12,2016/2017,Burnley,Chelsea,1,1,1
2017-02-25,2016/2017,Burnley,Hull City,0,1,1
2017-03-04,2016/2017,Burnley,Swansea City,0,2,3
2017-03-12,2016/2017,Burnley,Liverpool,0,1,2
2017-03-18,2016/2017,Burnley,Sunderland,0,0,0
2017-04-01,2016/2017,Burnley,Tottenham,1,0,2
2017-04-04,2016/2017,Burnley,Stoke City,1,1,0
2017-04-08,2016/2017,Burnley,Middlesbrough,0,0,0
2017-04-15,2016/2017,Burnley,Everton,0,1,3
2017-04-23,2016/2017,Burnley,Manchester Utd,1,0,2
2017-04-29,2016/2017,Burnley,Crystal Palace,0,2,0
2017-05-06,2016/2017,Burnley,West Brom,1,2,2
2017-05-13,2016/2017,Burnley,Bournemouth,0,1,2
2017-05-21,2016/2017,Burnley,West Ham,1,1,2
2017-08-12,2017/2018,Burnley,Chelsea,0,3,2
2017-08-19,2017/2018,Burnley,West Brom,1,0,1
2017-08-27,2017/2018,Burnley,Tottenham,0,1,1
2017-09-10,2017/2018,Burnley,Crystal Palace,1,1,0
2017-09-16,2017/2018,Burnley,Liverpool,0,1,1
2017-09-23,2017/2018,Burnley,Huddersfield,1,0,0
2017-10-01,2017/2018,Burnley,Everton,0,1,0
2017-10-14,2017/2018,Burnley,West Ham,1,1,1
2017-10-21,2017/2018,Burnley,Manchester City,0,0,3
2017-10-30,2017/2018,Burnley,Newcastle Utd,1,1,0
2017-11-04,2017/2018,Burnley,Southampton,0,1,0
2017-11-18,2017/2018,Burnley,Swansea City,1,2,0
2017-11-26,2017/2018,Burnley,Arsenal,1,0,1
2017-11-29,2017/2018,Burnley,Bournemouth,0,2,1
2017-12-02,2017/2018,Burnley,Leicester City,0,0,1
2017-12-09,2017/2018,Burnley,Watford,1,1,0
2017-12-12,2017/2018,Burnley,Stoke City,1,1,0
2017-12-16,2017/2018,Burnley,Brighton,0,0,0
2017-12-23,2017/2018,Burnley,Tottenham,1,0,3
2017-12-26,2017/2018,Burnley,Manchester Utd,0,2,2
2017-12-30,2017/2018,Burnley,Huddersfield,0,0,0
2018-01-01,2017/2018,Burnley,Liverpool,1,1,2
2018-01-13,2017/2018,Burnley,Crystal Palace,0,0,1
2018-01-20,2017/2018,Burnley,Manchester Utd,1,0,1
2018-01-31,2017/2018,Burnley,Newcastle Utd,0,1,1
2018-02-03,2017/2018,Burnley,Manchester City,1,1,1
2018-02-10,2017/2018,Burnley,Swansea City,0,0,1
2018-02-24,2017/2018,Burnley,Southampton,1,1,1
2018-03-03,2017/2018,Burnley,Everton,1,2,1
2018-03-10,2017/2018,Burnley,West Ham,0,3,0
2018-03-31,2017/2018,Burnley,West Brom,0,2,1
2018-04-07,2017/2018,Burnley,Watford,0,2,1
2018-04-14,2017/2018,Burnley,Leicester City,1,2,1
2018-04-19,2017/2018,Burnley,Chelsea,1,1,2
2018-04-22,2017/2018,Burnley,Stoke City,0,1,1
2018-04-28,2017/2018,Burnley,Brighton,1,0,0
2018-05-06,2017/2018,Burnley,Arsenal,0,0,5
2018-05-13,2017/2018,Burnley,Bournemouth,1,1,2
2018-08-12,2018/2019,Burnley,Southampton,0,0,0
2018-08-19,2018/2019,Burnley,Watford,1,1,3
2018-08-26,2018/2019,Burnley,Fulham,0,2,4
2018-09-02,2018/2019,Burnley,Manchester Utd,1,0,2
2018-09-16,2018/2019,Burnley,Wolves,0,0,1
2018-09-22,2018/2019,Burnley,Bournemouth,1,4,0
2018-09-30,2018/2019,Burnley,Cardiff City,0,2,1
2018-10-06,2018/2019,Burnley,Huddersfield,1,1,1
2018-10-20,2018/2019,Burnley,Manchester City,0,0,5
2018-10-28,2018/2019,Burnley,Chelsea,1,0,4
2018-11-03,2018/2019,Burnley,West Ham,0,2,4
2018-11-10,2018/2019,Burnley,Leicester City,0,0,0
2018-11-26,2018/2019,Burnley,Newcastle Utd,1,1,2
2018-12-01,2018/2019,Burnley,Crystal Palace,0,0,2
2018-12-05,2018/2019,Burnley,Liverpool,1,1,3
2018-12-08,2018/2019,Burnley,Brighton,1,1,0
2018-12-15,2018/2019,Burnley,Tottenham,0,0,1
2018-12-22,2018/2019,Burnley,Arsenal,0,1,3
2018-12-26,2018/2019,Burnley,Everton,1,1,5
2018-12-30,2018/2019,Burnley,West Ham,1,2,0
2019-01-02,2018/2019,Burnley,Huddersfield,0,2,1
2019-01-12,2018/2019,Burnley,Fulham,1,2,1
2019-01-19,2018/2019,Burnley,Watford,0,0,0
2019-01-29,2018/2019,Burnley,Manchester Utd,0,2,2
2019-02-02,2018/2019,Burnley,Southampton,1,1,1
2019-02-09,2018/2019,Burnley,Brighton,0,3,1
2019-02-23,2018/2019,Burnley,Tottenham,1,2,1
2019-02-26,2018/2019,Burnley,Newcastle Utd,0,0,2
2019-03-02,2018/2019,Burnley,Crystal Palace,1,1,3
2019-03-10,2018/2019,Burnley,Liverpool,0,2,4
2019-03-16,2018/2019,Burnley,Leicester City,1,1,2
2019-03-30,2018/2019,Burnley,Wolves,1,2,0
2019-04-06,2018/2019,Burnley,Bournemouth,0,3,1
2019-04-13,2018/2019,Burnley,Cardiff City,1,2,0
2019-04-22,2018/2019,Burnley,Chelsea,0,2,2
2019-04-28,2018/2019,Burnley,Manchester City,1,0,1
2019-05-03,2018/2019,Burnley,Everton,0,0,2
2019-05-12,2018/2019,Burnley,Arsenal,1,1,3
2019-08-10,2019/2020,Burnley,Southampton,1,3,0
2019-08-17,2019/2020,Burnley,Arsenal,0,1,2
2019-08-25,2019/2020,Burnley,Wolves,0,1,1
2019-08-31,2019/2020,Burnley,Liverpool,1,0,3
2019-09-14,2019/2020,Burnley,Brighton,0,1,1
2019-09-21,2019/2020,Burnley,Norwich City,1,2,0
2019-09-28,2019/2020,Burnley,Aston Villa,0,2,2
2019-10-05,2019/2020,Burnley,Everton,1,1,0
2019-10-19,2019/2020,Burnley,Leicester City,0,1,2
2019-10-26,2019/2020,Burnley,Chelsea,1,2,4
2019-11-02,2019/2020,Burnley,Sheffield Utd,0,0,3
2019-11-09,2019/2020,Burnley,West Ham,1,3,0
2019-11-23,2019/2020,Burnley,Watford,0,3,0
2019-11-30,2019/2020,Burnley,Crystal Palace,1,0,2
2019-12-03,2019/2020,Burnley,Manchester City,1,1,4
2019-12-07,2019/2020,Burnley,Tottenham,0,0,5
2019-12-14,2019/2020,Burnley,Newcastle Utd,1,1,0
2019-12-21,2019/2020,Burnley,Bournemouth,0,1,0
2019-12-26,2019/2020,Burnley,Everton,0,0,1
2019-12-28,2019/2020,Burnley,Manchester Utd,1,0,2
2020-01-01,2019/2020,Burnley,Aston Villa,1,1,2
2020-01-11,2019/2020,Burnley,Chelsea,0,0,3
2020-01-19,2019/2020,Burnley,Leicester City,1,2,1
2020-01-22,2019/2020,Burnley,Manchester Utd,0,2,0
2020-02-02,2019/2020,Burnley,Arsenal,1,0,0
2020-02-15,2019/2020,Burnley,Southampton,0,2,1
2020-02-22,2019/2020,Burnley,Bournemouth,1,3,0
2020-02-29,2019/2020,Burnley,Newcastle Utd,0,0,0
2020-03-07,2019/2020,Burnley,Tottenham,1,1,1
2020-06-22,2019/2020,Burnley,Manchester City,0,0,5
2020-06-25,2019/2020,Burnley,Watford,1,1,0
2020-06-29,2019/2020,Burnley,Crystal Palace,0,1,0
2020-07-05,2019/2020,Burnley,Sheffield Utd,1,1,1
2020-07-08,2019/2020,Burnley,West Ham,0,1,0
2020-07-11,2019/2020,Burnley,Liverpool,0,1,1
2020-07-15,2019/2020,Burnley,Wolves,1,1,1
2020-07-18,2019/2020,Burnley,Norwich City,0,2,0
2020-07-26,2019/2020,Burnley,Brighton,1,1,2
2020-09-20,2020/2021,Burnley,Leicester City,0,2,4
2020-09-26,2020/2021,Burnley,Southampton,1,0,1
2020-10-03,2020/2021,Burnley,Newcastle Utd,0,1,3
2020-10-19,2020/2021,Burnley,West Brom,0,0,0
2020-10-26,2020/2021,Burnley,Tottenham,1,0,1
2020-10-31,2020/2021,Burnley,Chelsea,1,0,3
2020-11-06,2020/2021,Burnley,Brighton,0,0,0
2020-11-23,2020/2021,Burnley,Crystal Palace,1,1,0
2020-11-28,2020/2021,Burnley,Manchester City,0,0,5
2020-12-05,2020/2021,Burnley,Everton,1,1,1
2020-12-13,2020/2021,Burnley,Arsenal,0,1,0
2020-12-17,2020/2021,Burnley,Aston Villa,0,0,0
2020-12-21,2020/2021,Burnley,Wolves,1,2,1
2020-12-27,2020/2021,Burnley,Leeds United,0,0,1
2020-12-29,2020/2021,Burnley,Sheffield Utd,1,1,0
2021-01-12,2020/2021,Burnley,Manchester Utd,1,0,1
2021-01-16,2020/2021,Burnley,West Ham,0,0,1
2021-01-21,2020/2021,Burnley,Liverpool,0,1,0
2021-01-27,2020/2021,Burnley,Aston Villa,1,3,2
2021-01-31,2020/2021,Burnley,Chelsea,0,0,2
2021-02-03,2020/2021,Burnley,Manchester City,1,0,2
2021-02-06,2020/2021,Burnley,Brighton,1,1,1
2021-02-13,2020/2021,Burnley,Crystal Palace,0,3,0
2021-02-17,2020/2021,Burnley,Fulham,1,1,1
2021-02-20,2020/2021,Burnley,West Brom,1,0,0
2021-02-28,2020/2021,Burnley,Tottenham,0,0,4
2021-03-03,2020/2021,Burnley,Leicester City,1,1,1
2021-03-06,2020/2021,Burnley,Arsenal,1,1,1
2021-03-13,2020/2021,Burnley,Everton,0,2,1
2021-04-04,2020/2021,Burnley,Southampton,0,2,3
2021-04-11,2020/2021,Burnley,Newcastle Utd,1,1,2
2021-04-18,2020/2021,Burnley,Manchester Utd,0,1,3
2021-04-25,2020/2021,Burnley,Wolves,0,4,0
2021-05-03,2020/2021,Burnley,West Ham,1,1,2
2021-05-10,2020/2021,Burnley,Fulham,0,2,0
2021-05-15,2020/2021,Burnley,Leeds United,1,0,4
2021-05-19,2020/2021,Burnley,Liverpool,1,0,3
2021-05-23,2020/2021,Burnley,Sheffield Utd,0,0,1
2021-08-14,2021/2022,Burnley,Brighton,1,1,2
2021-08-21,2021/2022,Burnley,Liverpool,0,0,2
2021-08-29,2021/2022,Burnley,Leeds United,1,1,1
2021-09-13,2021/2022,Burnley,Everton,0,1,3
2021-09-18,2021/2022,Burnley,Arsenal,1,0,1
2021-09-25,2021/2022,Burnley,Leicester City,0,2,2
2021-10-02,2021/2022,Burnley,Norwich City,1,0,0
2021-10-16,2021/2022,Burnley,Manchester City,0,0,2
2021-10-23,2021/2022,Burnley,Southampton,0,2,2
2021-10-30,2021/2022,Burnley,Brentford,1,3,1
2021-11-06,2021/2022,Burnley,Chelsea,0,1,1
2021-11-20,2021/2022,Burnley,Crystal Palace,1,3,3
2021-12-01,2021/2022,Burnley,Wolves,0,0,0
2021-12-04,2021/2022,Burnley,Newcastle Utd,0,0,1
2021-12-12,2021/2022,Burnley,West Ham,1,0,0
2021-12-30,2021/2022,Burnley,Manchester Utd,0,1,3
2022-01-02,2021/2022,Burnley,Leeds United,0,1,3
2022-01-23,2021/2022,Burnley,Arsenal,0,0,0
2022-02-05,2021/2022,Burnley,Watford,1,0,0
2022-02-08,2021/2022,Burnley,Manchester Utd,1,1,1
2022-02-13,2021/2022,Burnley,Liverpool,1,0,1
2022-02-19,2021/2022,Burnley,Brighton,0,3,0
2022-02-23,2021/2022,Burnley,Tottenham,1,1,0
2022-02-26,2021/2022,Burnley,Crystal Palace,0,1,1
2022-03-01,2021/2022,Burnley,Leicester City,1,0,2
2022-03-05,2021/2022,Burnley,Chelsea,1,0,4
2022-03-12,2021/2022,Burnley,Brentford,0,0,2
2022-04-02,2021/2022,Burnley,Manchester City,1,0,2
2022-04-06,2021/2022,Burnley,Everton,1,3,2
2022-04-10,2021/2022,Burnley,Norwich City,0,0,2
2022-04-17,2021/2022,Burnley,West Ham,0,1,1
2022-04-21,2021/2022,Burnley,Southampton,1,2,0
2022-04-24,2021/2022,Burnley,Wolves,1,1,0
2022-04-30,2021/2022,Burnley,Watford,0,2,1
2022-05-07,2021/2022,Burnley,Aston Villa,1,1,3
2022-05-15,2021/2022,Burnley,Tottenham,0,0,1
2022-05-19,2021/2022,Burnley,Aston Villa,0,1,1
2022-05-22,2021/2022,Burnley,Newcastle Utd,1,1,2
2023-08-11,2023/2024,Burnley,Manchester City,1,0,3
2023-08-27,2023/2024,Burnley,Aston Villa,1,1,3
2023-09-02,2023/2024,Burnley,Tottenham,1,2,5
2023-09-18,2023/2024,Burnley,Nott'ham Forest,0,1,1
2023-09-23,2023/2024,Burnley,Manchester Utd,1,0,1
2023-09-30,2023/2024,Burnley,Newcastle Utd,0,0,2
2023-10-03,2023/2024,Burnley,Luton Town,0,2,1
2023-10-07,2023/2024,Burnley,Chelsea,1,1,4
2023-10-21,2023/2024,Burnley,Brentford,0,0,3
2023-10-28,2023/2024,Burnley,Bournemouth,0,1,2
2023-11-04,2023/2024,Burnley,Crystal Palace,1,0,2
2023-11-11,2023/2024,Burnley,Arsenal,0,1,3
2023-11-25,2023/2024,Burnley,West Ham,1,1,2
2023-12-02,2023/2024,Burnley,Sheffield Utd,1,5,0
2023-12-05,2023/2024,Burnley,Wolves,0,0,1
2023-12-09,2023/2024,Burnley,Brighton,0,1,1
2023-12-16,2023/2024,Burnley,Everton,1,0,2
2023-12-23,2023/2024,Burnley,Fulham,0,2,0
2023-12-26,2023/2024,Burnley,Liverpool,1,0,2
2023-12-30,2023/2024,Burnley,Aston Villa,0,2,3
2024-01-12,2023/2024,Burnley,Luton Town,1,1,1
2024-01-31,2023/2024,Burnley,Manchester City,0,1,3
2024-02-03,2023/2024,Burnley,Fulham,1,2,2
2024-02-10,2023/2024,Burnley,Liverpool,0,1,3
2024-02-17,2023/2024,Burnley,Arsenal,1,0,5
2024-02-24,2023/2024,Burnley,Crystal Palace,0,0,3
2024-03-03,2023/2024,Burnley,Bournemouth,1,0,2
2024-03-10,2023/2024,Burnley,West Ham,0,2,2
2024-03-16,2023/2024,Burnley,Brentford,1,2,1
2024-03-30,2023/2024,Burnley,Chelsea,0,2,2
2024-04-02,2023/2024,Burnley,Wolves,1,1,1
2024-04-06,2023/2024,Burnley,Everton,0,0,1
2024-04-13,2023/2024,Burnley,Brighton,1,1,1
2024-04-20,2023/2024,Burnley,Sheffield Utd,0,4,1
2024-04-27,2023/2024,Burnley,Manchester Utd,0,1,1
2024-05-04,2023/2024,Burnley,Newcastle Utd,1,1,4
2024-05-11,2023/2024,Burnley,Tottenham,0,1,2
2024-05-19,2023/2024,Burnley,Nott'ham Forest,1,1,2
2018-08-11,2018/2019,Cardiff City,Bournemouth,0,0,2
2018-08-18,2018/2019,Cardiff City,Newcastle Utd,1,0,0
2018-08-25,2018/2019,Cardiff City,Huddersfield,0,0,0
2018-09-02,2018/2019,Cardiff City,Arsenal,1,2,3
2018-09-15,2018/2019,Cardiff City,Chelsea,0,1,4
2018-09-22,2018/2019,Cardiff City,Manchester City,1,0,5
2018-09-30,2018/2019,Cardiff City,Burnley,1,1,2
2018-10-06,2018/2019,Cardiff City,Tottenham,0,0,1
2018-10-20,2018/2019,Cardiff City,Fulham,1,4,2
2018-10-27,2018/2019,Cardiff City,Liverpool,0,1,4
2018-11-03,2018/2019,Cardiff City,Leicester City,1,0,1
2018-11-10,2018/2019,Cardiff City,Brighton,1,2,1
2018-11-24,2018/2019,Cardiff City,Everton,0,0,1
2018-11-30,2018/2019,Cardiff City,Wolves,1,2,1
2018-12-04,2018/2019,Cardiff City,West Ham,0,1,3
2018-12-08,2018/2019,Cardiff City,Southampton,1,1,0
2018-12-15,2018/2019,Cardiff City,Watford,0,2,3
2018-12-22,2018/2019,Cardiff City,Manchester Utd,1,1,5
2018-12-26,2018/2019,Cardiff City,Crystal Palace,0,0,0
2018-12-29,2018/2019,Cardiff City,Leicester City,0,1,0
2019-01-01,2018/2019,Cardiff City,Tottenham,1,0,3
2019-01-12,2018/2019,Cardiff City,Huddersfield,1,0,0
2019-01-19,2018/2019,Cardiff City,Newcastle Utd,0,0,3
2019-01-29,2018/2019,Cardiff City,Arsenal,0,1,2
2019-02-02,2018/2019,Cardiff City,Bournemouth,1,2,0
2019-02-09,2018/2019,Cardiff City,Southampton,0,2,1
2019-02-22,2018/2019,Cardiff City,Watford,1,1,5
2019-02-26,2018/2019,Cardiff City,Everton,1,0,3
2019-03-02,2018/2019,Cardiff City,Wolves,0,0,2
2019-03-09,2018/2019,Cardiff City,West Ham,1,2,0
2019-03-31,2018/2019,Cardiff City,Chelsea,1,1,2
2019-04-03,2018/2019,Cardiff City,Manchester City,0,0,2
2019-04-13,2018/2019,Cardiff City,Burnley,0,0,2
2019-04-16,2018/2019,Cardiff City,Brighton,0,2,0
2019-04-21,2018/2019,Cardiff City,Liverpool,1,0,2
2019-04-27,2018/2019,Cardiff City,Fulham,0,0,1
2019-05-04,2018/2019,Cardiff City,Crystal Palace,1,2,3
2019-05-12,2018/2019,Cardiff City,Manchester Utd,0,2,0
2014-08-18,2014/2015,Chelsea,Burnley,0,3,1
2014-08-23,2014/2015,Chelsea,Leicester City,1,2,0
2014-08-30,2014/2015,Chelsea,Everton,0,6,3
2014-09-13,2014/2015,Chelsea,Swansea City,1,4,2
2014-09-21,2014/2015,Chelsea,Manchester City,0,1,1
2014-09-27,2014/2015,Chelsea,Aston Villa,1,3,0
2014-10-05,2014/2015,Chelsea,Arsenal,1,2,0
2014-10-18,2014/2015,Chelsea,Crystal Palace,0,2,1
2014-10-26,2014/2015,Chelsea,Manchester Utd,0,1,1
2014-11-01,2014/2015,Chelsea,QPR,1,2,1
2014-11-08,2014/2015,Chelsea,Liverpool,0,2,1
2014-11-22,2014/2015,Chelsea,West Brom,1,2,0
2014-11-29,2014/2015,Chelsea,Sunderland,0,0,0
2014-12-03,2014/2015,Chelsea,Tottenham,1,3,0
2014-12-06,2014/2015,Chelsea,Newcastle Utd,0,1,2
2014-12-13,2014/2015,Chelsea,Hull City,1,2,0
2014-12-22,2014/2015,Chelsea,Stoke City,0,2,0
2014-12-26,2014/2015,Chelsea,West Ham,1,2,0
2014-12-28,2014/2015,Chelsea,Southampton,0,1,1
2015-01-01,2014/2015,Chelsea,Tottenham,0,3,5
2015-01-10,2014/2015,Chelsea,Newcastle Utd,1,2,0
2015-01-17,2014/2015,Chelsea,Swansea City,0,5,0
2015-01-31,2014/2015,Chelsea,Manchester City,1,1,1
2015-02-07,2014/2015,Chelsea,Aston Villa,0,2,1
2015-02-11,2014/2015,Chelsea,Everton,1,1,0
2015-02-21,2014/2015,Chelsea,Burnley,1,1,1
2015-03-04,2014/2015,Chelsea,West Ham,0,1,0
2015-03-15,2014/2015,Chelsea,Southampton,1,1,1
2015-03-22,2014/2015,Chelsea,Hull City,0,3,2
2015-04-04,2014/2015,Chelsea,Stoke City,1,2,1
2015-04-12,2014/2015,Chelsea,QPR,0,1,0
2015-04-18,2014/2015,Chelsea,Manchester Utd,1,1,0
2015-04-26,2014/2015,Chelsea,Arsenal,0,0,0
2015-04-29,2014/2015,Chelsea,Leicester City,0,3,1
2015-05-03,2014/2015,Chelsea,Crystal Palace,1,1,0
2015-05-10,2014/2015,Chelsea,Liverpool,1,1,1
2015-05-18,2014/2015,Chelsea,West Brom,0,0,3
2015-05-24,2014/2015,Chelsea,Sunderland,1,3,1
2015-08-08,2015/2016,Chelsea,Swansea City,1,2,2
2015-08-16,2015/2016,Chelsea,Manchester City,0,0,3
2015-08-23,2015/2016,Chelsea,West Brom,0,3,2
2015-08-29,2015/2016,Chelsea,Crystal Palace,1,1,2
2015-09-12,2015/2016,Chelsea,Everton,0,1,3
2015-09-19,2015/2016,Chelsea,Arsenal,1,2,0
2015-09-26,2015/2016,Chelsea,Newcastle Utd,0,2,2
2015-10-03,2015/2016,Chelsea,Southampton,1,1,3
2015-10-17,2015/2016,Chelsea,Aston Villa,1,2,0
2015-10-24,2015/2016,Chelsea,West Ham,0,1,2
2015-10-31,2015/2016,Chelsea,Liverpool,1,1,3
2015-11-07,2015/2016,Chelsea,Stoke City,0,0,1
2015-11-21,2015/2016,Chelsea,Norwich City,1,1,0
2015-11-29,2015/2016,Chelsea,Tottenham,0,0,0
2015-12-05,2015/2016,Chelsea,Bournemouth,1,0,1
2015-12-14,2015/2016,Chelsea,Leicester City,0,1,2
2015-12-19,2015/2016,Chelsea,Sunderland,1,3,1
2015-12-26,2015/2016,Chelsea,Watford,1,2,2
2015-12-28,2015/2016,Chelsea,Manchester Utd,0,0,0
2016-01-03,2015/2016,Chelsea,Crystal Palace,0,3,0
2016-01-13,2015/2016,Chelsea,West Brom,1,2,2
2016-01-16,2015/2016,Chelsea,Everton,1,3,3
2016-01-24,2015/2016,Chelsea,Arsenal,0,1,0
2016-02-03,2015/2016,Chelsea,Watford,0,0,0
2016-02-07,2015/2016,Chelsea,Manchester Utd,1,1,1
2016-02-13,2015/2016,Chelsea,Newcastle Utd,1,5,1
2016-02-27,2015/2016,Chelsea,Southampton,0,2,1
2016-03-01,2015/2016,Chelsea,Norwich City,0,2,1
2016-03-05,2015/2016,Chelsea,Stoke City,1,1,1
2016-03-19,2015/2016,Chelsea,West Ham,1,2,2
2016-04-02,2015/2016,Chelsea,Aston Villa,0,4,0
2016-04-09,2015/2016,Chelsea,Swansea City,0,0,1
2016-04-16,2015/2016,Chelsea,Manchester City,1,0,3
2016-04-23,2015/2016,Chelsea,Bournemouth,0,4,1
2016-05-02,2015/2016,Chelsea,Tottenham,1,2,2
2016-05-07,2015/2016,Chelsea,Sunderland,0,2,3
2016-05-11,2015/2016,Chelsea,Liverpool,0,1,1
2016-05-15,2015/2016,Chelsea,Leicester City,1,1,1
2016-08-15,2016/2017,Chelsea,West Ham,1,2,1
2016-08-20,2016/2017,Chelsea,Watford,0,2,1
2016-08-27,2016/2017,Chelsea,Burnley,1,3,0
2016-09-11,2016/2017,Chelsea,Swansea City,0,2,2
2016-09-16,2016/2017,Chelsea,Liverpool,1,1,2
2016-09-24,2016/2017,Chelsea,Arsenal,0,0,3
2016-10-01,2016/2017,Chelsea,Hull City,0,2,0
2016-10-15,2016/2017,Chelsea,Leicester City,1,3,0
2016-10-23,2016/2017,Chelsea,Manchester Utd,1,4,0
2016-10-30,2016/2017,Chelsea,Southampton,0,2,0
2016-11-05,2016/2017,Chelsea,Everton,1,5,0
2016-11-20,2016/2017,Chelsea,Middlesbrough,0,1,0
2016-11-26,2016/2017,Chelsea,Tottenham,1,2,1
2016-12-03,2016/2017,Chelsea,Manchester City,0,3,1
2016-12-11,2016/2017,Chelsea,West Brom,1,1,0
2016-12-14,2016/2017,Chelsea,Sunderland,0,1,0
2016-12-17,2016/2017,Chelsea,Crystal Palace,0,1,0
2016-12-26,2016/2017,Chelsea,Bournemouth,1,3,0
2016-12-31,2016/2017,Chelsea,Stoke City,1,4,2
2017-01-04,2016/2017,Chelsea,Tottenham,0,0,2
2017-01-14,2016/2017,Chelsea,Leicester City,0,3,0
2017-01-22,2016/2017,Chelsea,Hull City,1,2,0
2017-01-31,2016/2017,Chelsea,Liverpool,0,1,1
2017-02-04,2016/2017,Chelsea,Arsenal,1,3,1
2017-02-12,2016/2017,Chelsea,Burnley,0,1,1
2017-02-25,2016/2017,Chelsea,Swansea City,1,3,1
2017-03-06,2016/2017,Chelsea,West Ham,0,2,1
2017-03-18,2016/2017,Chelsea,Stoke City,0,2,1
2017-04-01,2016/2017,Chelsea,Crystal Palace,1,1,2
2017-04-05,2016/2017,Chelsea,Manchester City,1,2,1
2017-04-08,2016/2017,Chelsea,Bournemouth,0,3,1
2017-04-16,2016/2017,Chelsea,Manchester Utd,0,0,2
2017-04-25,2016/2017,Chelsea,Southampton,1,4,2
2017-04-30,2016/2017,Chelsea,Everton,0,3,0
2017-05-08,2016/2017,Chelsea,Middlesbrough,1,3,0
2017-05-12,2016/2017,Chelsea,West Brom,0,1,0
2017-05-15,2016/2017,Chelsea,Watford,1,4,3
2017-05-21,2016/2017,Chelsea,Sunderland,1,5,1
2017-08-12,2017/2018,Chelsea,Burnley,1,2,3
2017-08-20,2017/2018,Chelsea,Tottenham,0,2,1
2017-08-27,2017/2018,Chelsea,Everton,1,2,0
2017-09-09,2017/2018,Chelsea,Leicester City,0,2,1
2017-09-17,2017/2018,Chelsea,Arsenal,1,0,0
2017-09-23,2017/2018,Chelsea,Stoke City,0,4,0
2017-09-30,2017/2018,Chelsea,Manchester City,1,0,1
2017-10-14,2017/2018,Chelsea,Crystal Palace,0,1,2
2017-10-21,2017/2018,Chelsea,Watford,1,4,2
2017-10-28,2017/2018,Chelsea,Bournemouth,0,1,0
2017-11-05,2017/2018,Chelsea,Manchester Utd,1,1,0
2017-11-18,2017/2018,Chelsea,West Brom,0,4,0
2017-11-25,2017/2018,Chelsea,Liverpool,0,1,1
2017-11-29,2017/2018,Chelsea,Swansea City,1,1,0
2017-12-02,2017/2018,Chelsea,Newcastle Utd,1,3,1
2017-12-09,2017/2018,Chelsea,West Ham,0,0,1
2017-12-12,2017/2018,Chelsea,Huddersfield,0,3,1
2017-12-16,2017/2018,Chelsea,Southampton,1,1,0
2017-12-23,2017/2018,Chelsea,Everton,0,0,0
2017-12-26,2017/2018,Chelsea,Brighton,1,2,0
2017-12-30,2017/2018,Chelsea,Stoke City,1,5,0
2018-01-03,2017/2018,Chelsea,Arsenal,0,2,2
2018-01-13,2017/2018,Chelsea,Leicester City,1,0,0
2018-01-20,2017/2018,Chelsea,Brighton,0,4,0
2018-01-31,2017/2018,Chelsea,Bournemouth,1,0,3
2018-02-05,2017/2018,Chelsea,Watford,0,1,4
2018-02-12,2017/2018,Chelsea,West Brom,1,3,0
2018-02-25,2017/2018,Chelsea,Manchester Utd,0,1,2
2018-03-04,2017/2018,Chelsea,Manchester City,0,0,1
2018-03-10,2017/2018,Chelsea,Crystal Palace,1,2,1
2018-04-01,2017/2018,Chelsea,Tottenham,1,1,3
2018-04-08,2017/2018,Chelsea,West Ham,1,1,1
2018-04-14,2017/2018,Chelsea,Southampton,0,3,2
2018-04-19,2017/2018,Chelsea,Burnley,0,2,1
2018-04-28,2017/2018,Chelsea,Swansea City,0,1,0
2018-05-06,2017/2018,Chelsea,Liverpool,1,1,0
2018-05-09,2017/2018,Chelsea,Huddersfield,1,1,1
2018-05-13,2017/2018,Chelsea,Newcastle Utd,0,0,3
2018-08-11,2018/2019,Chelsea,Huddersfield,0,3,0
2018-08-18,2018/2019,Chelsea,Arsenal,1,3,2
2018-08-26,2018/2019,Chelsea,Newcastle Utd,0,2,1
2018-09-01,2018/2019,Chelsea,Bournemouth,1,2,0
2018-09-15,2018/2019,Chelsea,Cardiff City,1,4,1
2018-09-23,2018/2019,Chelsea,West Ham,0,0,0
2018-09-29,2018/2019,Chelsea,Liverpool,1,1,1
2018-10-07,2018/2019,Chelsea,Southampton,0,3,0
2018-10-20,2018/2019,Chelsea,Manchester Utd,1,2,2
2018-10-28,2018/2019,Chelsea,Burnley,0,4,0
2018-11-04,2018/2019,Chelsea,Crystal Palace,1,3,1
2018-11-11,2018/2019,Chelsea,Everton,1,0,0
2018-11-24,2018/2019,Chelsea,Tottenham,0,1,3
2018-12-02,2018/2019,Chelsea,Fulham,1,2,0
2018-12-05,2018/2019,Chelsea,Wolves,0,1,2
2018-12-08,2018/2019,Chelsea,Manchester City,1,2,0
2018-12-16,2018/2019,Chelsea,Brighton,0,2,1
2018-12-22,2018/2019,Chelsea,Leicester City,1,0,1
2018-12-26,2018/2019,Chelsea,Watford,0,2,1
2018-12-30,2018/2019,Chelsea,Crystal Palace,0,1,0
2019-01-02,2018/2019,Chelsea,Southampton,1,0,0
2019-01-12,2018/2019,Chelsea,Newcastle Utd,1,2,1
2019-01-19,2018/2019,Chelsea,Arsenal,0,0,2
2019-01-30,2018/2019,Chelsea,Bournemouth,0,0,4
2019-02-02,2018/2019,Chelsea,Huddersfield,1,5,0
2019-02-10,2018/2019,Chelsea,Manchester City,0,0,6
2019-02-27,2018/2019,Chelsea,Tottenham,1,2,0
2019-03-03,2018/2019,Chelsea,Fulham,0,2,1
2019-03-10,2018/2019,Chelsea,Wolves,1,1,1
2019-03-17,2018/2019,Chelsea,Everton,0,0,2
2019-03-31,2018/2019,Chelsea,Cardiff City,0,2,1
2019-04-03,2018/2019,Chelsea,Brighton,1,3,0
2019-04-08,2018/2019,Chelsea,West Ham,1,2,0
2019-04-14,2018/2019,Chelsea,Liverpool,0,0,2
2019-04-22,2018/2019,Chelsea,Burnley,1,2,2
2019-04-28,2018/2019,Chelsea,Manchester Utd,0,1,1
2019-05-05,2018/2019,Chelsea,Watford,1,3,0
2019-05-12,2018/2019,Chelsea,Leicester City,0,0,0
2019-08-11,2019/2020,Chelsea,Manchester Utd,0,0,4
2019-08-18,2019/2020,Chelsea,Leicester City,1,1,1
2019-08-24,2019/2020,Chelsea,Norwich City,0,3,2
2019-08-31,2019/2020,Chelsea,Sheffield Utd,1,2,2
2019-09-14,2019/2020,Chelsea,Wolves,0,5,2
2019-09-22,2019/2020,Chelsea,Liverpool,1,1,2
2019-09-28,2019/2020,Chelsea,Brighton,1,2,0
2019-10-06,2019/2020,Chelsea,Southampton,0,4,1
2019-10-19,2019/2020,Chelsea,Newcastle Utd,1,1,0
2019-10-26,2019/2020,Chelsea,Burnley,0,4,2
2019-11-02,2019/2020,Chelsea,Watford,0,2,1
2019-11-09,2019/2020,Chelsea,Crystal Palace,1,2,0
2019-11-23,2019/2020,Chelsea,Manchester City,0,1,2
2019-11-30,2019/2020,Chelsea,West Ham,1,0,1
2019-12-04,2019/2020,Chelsea,Aston Villa,1,2,1
2019-12-07,2019/2020,Chelsea,Everton,0,1,3
2019-12-14,2019/2020,Chelsea,Bournemouth,1,0,1
2019-12-22,2019/2020,Chelsea,Tottenham,0,2,0
2019-12-26,2019/2020,Chelsea,Southampton,1,0,2
2019-12-29,2019/2020,Chelsea,Arsenal,0,2,1
2020-01-01,2019/2020,Chelsea,Brighton,0,1,1
2020-01-11,2019/2020,Chelsea,Burnley,1,3,0
2020-01-18,2019/2020,Chelsea,Newcastle Utd,0,0,1
2020-01-21,2019/2020,Chelsea,Arsenal,1,2,2
2020-02-01,2019/2020,Chelsea,Leicester City,0,2,2
2020-02-17,2019/2020,Chelsea,Manchester Utd,1,0,2
2020-02-22,2019/2020,Chelsea,Tottenham,1,2,1
2020-02-29,2019/2020,Chelsea,Bournemouth,0,2,2
2020-03-08,2019/2020,Chelsea,Everton,1,4,0
2020-06-21,2019/2020,Chelsea,Aston Villa,0,2,1
2020-06-25,2019/2020,Chelsea,Manchester City,1,2,1
2020-07-01,2019/2020,Chelsea,West Ham,0,2,3
2020-07-04,2019/2020,Chelsea,Watford,1,3,0
2020-07-07,2019/2020,Chelsea,Crystal Palace,0,3,2
2020-07-11,2019/2020,Chelsea,Sheffield Utd,0,0,3
2020-07-14,2019/2020,Chelsea,Norwich City,1,1,0
2020-07-22,2019/2020,Chelsea,Liverpool,0,3,5
2020-07-26,2019/2020,Chelsea,Wolves,1,2,0
2020-09-14,2020/2021,Chelsea,Brighton,0,3,1
2020-09-20,2020/2021,Chelsea,Liverpool,1,0,2
2020-09-26,2020/2021,Chelsea,West Brom,0,3,3
2020-10-03,2020/2021,Chelsea,Crystal Palace,1,4,0
2020-10-17,2020/2021,Chelsea,Southampton,1,3,3
2020-10-24,2020/2021,Chelsea,Manchester Utd,0,0,0
2020-10-31,2020/2021,Chelsea,Burnley,0,3,0
2020-11-07,2020/2021,Chelsea,Sheffield Utd,1,4,1
2020-11-21,2020/2021,Chelsea,Newcastle Utd,0,2,0
2020-11-29,2020/2021,Chelsea,Tottenham,1,0,0
2020-12-05,2020/2021,Chelsea,Leeds United,1,3,1
2020-12-12,2020/2021,Chelsea,Everton,0,0,1
2020-12-15,2020/2021,Chelsea,Wolves,0,1,2
2020-12-21,2020/2021,Chelsea,West Ham,1,3,0
2020-12-26,2020/2021,Chelsea,Arsenal,0,1,3
2020-12-28,2020/2021,Chelsea,Aston Villa,1,1,1
2021-01-03,2020/2021,Chelsea,Manchester City,1,1,3
2021-01-16,2020/2021,Chelsea,Fulham,0,1,0
2021-01-19,2020/2021,Chelsea,Leicester City,0,0,2
2021-01-27,2020/2021,Chelsea,Wolves,1,0,0
2021-01-31,2020/2021,Chelsea,Burnley,1,2,0
2021-02-04,2020/2021,Chelsea,Tottenham,0,1,0
2021-02-07,2020/2021,Chelsea,Sheffield Utd,0,2,1
2021-02-15,2020/2021,Chelsea,Newcastle Utd,1,2,0
2021-02-20,2020/2021,Chelsea,Southampton,0,1,1
2021-02-28,2020/2021,Chelsea,Manchester Utd,1,0,0
2021-03-04,2020/2021,Chelsea,Liverpool,0,1,0
2021-03-08,2020/2021,Chelsea,Everton,1,2,0
2021-03-13,2020/2021,Chelsea,Leeds United,0,0,0
2021-04-03,2020/2021,Chelsea,West Brom,1,2,5
2021-04-10,2020/2021,Chelsea,Crystal Palace,0,4,1
2021-04-20,2020/2021,Chelsea,Brighton,1,0,0
2021-04-24,2020/2021,Chelsea,West Ham,0,1,0
2021-05-01,2020/2021,Chelsea,Fulham,1,2,0
2021-05-08,2020/2021,Chelsea,Manchester City,0,2,1
2021-05-12,2020/2021,Chelsea,Arsenal,1,0,1
2021-05-18,2020/2021,Chelsea,Leicester City,1,2,1
2021-05-23,2020/2021,Chelsea,Aston Villa,0,1,2
2021-08-14,2021/2022,Chelsea,Crystal Palace,1,3,0
2021-08-22,2021/2022,Chelsea,Arsenal,0,2,0
2021-08-28,2021/2022,Chelsea,Liverpool,0,1,1
2021-09-11,2021/2022,Chelsea,Aston Villa,1,3,0
2021-09-19,2021/2022,Chelsea,Tottenham,0,3,0
2021-09-25,2021/2022,Chelsea,Manchester City,1,0,1
2021-10-02,2021/2022,Chelsea,Southampton,1,3,1
2021-10-16,2021/2022,Chelsea,Brentford,0,1,0
2021-10-23,2021/2022,Chelsea,Norwich City,1,7,0
2021-10-30,2021/2022,Chelsea,Newcastle Utd,0,3,0
2021-11-06,2021/2022,Chelsea,Burnley,1,1,1
2021-11-20,2021/2022,Chelsea,Leicester City,0,3,0
2021-11-28,2021/2022,Chelsea,Manchester Utd,1,1,1
2021-12-01,2021/2022,Chelsea,Watford,0,2,1
2021-12-04,2021/2022,Chelsea,West Ham,0,2,3
2021-12-11,2021/2022,Chelsea,Leeds United,1,3,2
2021-12-16,2021/2022,Chelsea,Everton,1,1,1
2021-12-19,2021/2022,Chelsea,Wolves,0,0,0
2021-12-26,2021/2022,Chelsea,Aston Villa,0,3,1
2021-12-29,2021/2022,Chelsea,Brighton,1,1,1
2022-01-02,2021/2022,Chelsea,Liverpool,1,2,2
2022-01-15,2021/2022,Chelsea,Manchester City,0,0,1
2022-01-18,2021/2022,Chelsea,Brighton,0,1,1
2022-01-23,2021/2022,Chelsea,Tottenham,1,2,0
2022-02-19,2021/2022,Chelsea,Crystal Palace,0,1,0
2022-03-05,2021/2022,Chelsea,Burnley,0,4,0
2022-03-10,2021/2022,Chelsea,Norwich City,0,3,1
2022-03-13,2021/2022,Chelsea,Newcastle Utd,1,1,0
2022-04-02,2021/2022,Chelsea,Brentford,1,1,4
2022-04-09,2021/2022,Chelsea,Southampton,0,6,0
2022-04-20,2021/2022,Chelsea,Arsenal,1,2,4
2022-04-24,2021/2022,Chelsea,West Ham,1,1,0
2022-04-28,2021/2022,Chelsea,Manchester Utd,0,1,1
2022-05-01,2021/2022,Chelsea,Everton,0,0,1
2022-05-07,2021/2022,Chelsea,Wolves,1,2,2
2022-05-11,2021/2022,Chelsea,Leeds United,0,3,0
2022-05-19,2021/2022,Chelsea,Leicester City,1,1,1
2022-05-22,2021/2022,Chelsea,Watford,1,2,1
2022-08-06,2022/2023,Chelsea,Everton,0,1,0
2022-08-14,2022/2023,Chelsea,Tottenham,1,2,2
2022-08-21,2022/2023,Chelsea,Leeds United,0,0,3
2022-08-27,2022/2023,Chelsea,Leicester City,1,2,1
2022-08-30,2022/2023,Chelsea,Southampton,0,1,2
2022-09-03,2022/2023,Chelsea,West Ham,1,2,1
2022-10-01,2022/2023,Chelsea,Crystal Palace,0,2,1
2022-10-08,2022/2023,Chelsea,Wolves,1,3,0
2022-10-16,2022/2023,Chelsea,Aston Villa,0,2,0
2022-10-19,2022/2023,Chelsea,Brentford,0,0,0
2022-10-22,2022/2023,Chelsea,Manchester Utd,1,1,1
2022-10-29,2022/2023,Chelsea,Brighton,0,1,4
2022-11-06,2022/2023,Chelsea,Arsenal,1,0,1
2022-11-12,2022/2023,Chelsea,Newcastle Utd,0,0,1
2022-12-27,2022/2023,Chelsea,Bournemouth,1,2,0
2023-01-01,2022/2023,Chelsea,Nott'ham Forest,0,1,1
2023-01-05,2022/2023,Chelsea,Manchester City,1,0,1
2023-01-12,2022/2023,Chelsea,Fulham,0,1,2
2023-01-15,2022/2023,Chelsea,Crystal Palace,1,1,0
2023-01-21,2022/2023,Chelsea,Liverpool,0,0,0
2023-02-03,2022/2023,Chelsea,Fulham,1,0,0
2023-02-11,2022/2023,Chelsea,West Ham,0,1,1
2023-02-18,2022/2023,Chelsea,Southampton,1,0,1
2023-02-26,2022/2023,Chelsea,Tottenham,0,0,2
2023-03-04,2022/2023,Chelsea,Leeds United,1,1,0
2023-03-11,2022/2023,Chelsea,Leicester City,0,3,1
2023-03-18,2022/2023,Chelsea,Everton,1,2,2
2023-04-01,2022/2023,Chelsea,Aston Villa,1,0,2
2023-04-04,2022/2023,Chelsea,Liverpool,1,0,0
2023-04-08,2022/2023,Chelsea,Wolves,0,0,1
2023-04-15,2022/2023,Chelsea,Brighton,1,1,2
2023-04-26,2022/2023,Chelsea,Brentford,1,0,2
2023-05-02,2022/2023,Chelsea,Arsenal,0,1,3
2023-05-06,2022/2023,Chelsea,Bournemouth,0,3,1
2023-05-13,2022/2023,Chelsea,Nott'ham Forest,1,2,2
2023-05-21,2022/2023,Chelsea,Manchester City,0,0,1
2023-05-25,2022/2023,Chelsea,Manchester Utd,0,1,4
2023-05-28,2022/2023,Chelsea,Newcastle Utd,1,1,1
2023-08-13,2023/2024,Chelsea,Liverpool,1,1,1
2023-08-20,2023/2024,Chelsea,West Ham,0,1,3
2023-08-25,2023/2024,Chelsea,Luton Town,1,3,0
2023-09-02,2023/2024,Chelsea,Nott'ham Forest,1,0,1
2023-09-17,2023/2024,Chelsea,Bournemouth,0,0,0
2023-09-24,2023/2024,Chelsea,Aston Villa,1,0,1
2023-10-02,2023/2024,Chelsea,Fulham,0,2,0
2023-10-07,2023/2024,Chelsea,Burnley,0,4,1
2023-10-21,2023/2024,Chelsea,Arsenal,1,2,2
2023-10-28,2023/2024,Chelsea,Brentford,1,0,2
2023-11-06,2023/2024,Chelsea,Tottenham,0,4,1
2023-11-12,2023/2024,Chelsea,Manchester City,1,4,4
2023-11-25,2023/2024,Chelsea,Newcastle Utd,0,1,4
2023-12-03,2023/2024,Chelsea,Brighton,1,3,2
2023-12-06,2023/2024,Chelsea,Manchester Utd,0,1,2
2023-12-10,2023/2024,Chelsea,Everton,0,0,2
2023-12-16,2023/2024,Chelsea,Sheffield Utd,1,2,0
2023-12-24,2023/2024,Chelsea,Wolves,0,1,2
2023-12-27,2023/2024,Chelsea,Crystal Palace,1,2,1
2023-12-30,2023/2024,Chelsea,Luton Town,0,3,2
2024-01-13,2023/2024,Chelsea,Fulham,1,1,0
2024-01-31,2023/2024,Chelsea,Liverpool,0,1,4
2024-02-04,2023/2024,Chelsea,Wolves,1,2,4
2024-02-12,2023/2024,Chelsea,Crystal Palace,0,3,1
2024-02-17,2023/2024,Chelsea,Manchester City,0,1,1
2024-03-02,2023/2024,Chelsea,Brentford,0,2,2
2024-03-11,2023/2024,Chelsea,Newcastle Utd,1,3,2
2024-03-30,2023/2024,Chelsea,Burnley,1,2,2
2024-04-04,2023/2024,Chelsea,Manchester Utd,1,4,3
2024-04-07,2023/2024,Chelsea,Sheffield Utd,0,2,2
2024-04-15,2023/2024,Chelsea,Everton,1,6,0
2024-04-23,2023/2024,Chelsea,Arsenal,0,0,5
2024-04-27,2023/2024,Chelsea,Aston Villa,0,2,2
2024-05-02,2023/2024,Chelsea,Tottenham,1,2,0
2024-05-05,2023/2024,Chelsea,West Ham,1,5,0
2024-05-11,2023/2024,Chelsea,Nott'ham Forest,0,3,2
2024-05-15,2023/2024,Chelsea,Brighton,0,2,1
2024-05-19,2023/2024,Chelsea,Bournemouth,1,2,1
2014-08-16,2014/2015,Crystal Palace,Arsenal,0,1,2
2014-08-23,2014/2015,Crystal Palace,West Ham,1,1,3
2014-08-30,2014/2015,Crystal Palace,Newcastle Utd,0,3,3
2014-09-13,2014/2015,Crystal Palace,Burnley,1,0,0
2014-09-21,2014/2015,Crystal Palace,Everton,0,3,2
2014-09-27,2014/2015,Crystal Palace,Leicester City,1,2,0
2014-10-04,2014/2015,Crystal Palace,Hull City,0,0,2
2014-10-18,2014/2015,Crystal Palace,Chelsea,1,1,2
2014-10-25,2014/2015,Crystal Palace,West Brom,0,2,2
2014-11-03,2014/2015,Crystal Palace,Sunderland,1,1,3
2014-11-08,2014/2015,Crystal Palace,Manchester Utd,0,0,1
2014-11-23,2014/2015,Crystal Palace,Liverpool,1,3,1
2014-11-29,2014/2015,Crystal Palace,Swansea City,0,1,1
2014-12-02,2014/2015,Crystal Palace,Aston Villa,1,0,1
2014-12-06,2014/2015,Crystal Palace,Tottenham,0,0,0
2014-12-13,2014/2015,Crystal Palace,Stoke City,1,1,1
2014-12-20,2014/2015,Crystal Palace,Manchester City,0,0,3
2014-12-26,2014/2015,Crystal Palace,Southampton,1,1,3
2014-12-28,2014/2015,Crystal Palace,QPR,0,0,0
2015-01-01,2014/2015,Crystal Palace,Aston Villa,0,0,0
2015-01-10,2014/2015,Crystal Palace,Tottenham,1,2,1
2015-01-17,2014/2015,Crystal Palace,Burnley,0,3,2
2015-01-31,2014/2015,Crystal Palace,Everton,1,0,1
2015-02-07,2014/2015,Crystal Palace,Leicester City,0,1,0
2015-02-11,2014/2015,Crystal Palace,Newcastle Utd,1,1,1
2015-02-21,2014/2015,Crystal Palace,Arsenal,1,1,2
2015-02-28,2014/2015,Crystal Palace,West Ham,0,3,1
2015-03-03,2014/2015,Crystal Palace,Southampton,0,0,1
2015-03-14,2014/2015,Crystal Palace,QPR,1,3,1
2015-03-21,2014/2015,Crystal Palace,Stoke City,0,2,1
2015-04-06,2014/2015,Crystal Palace,Manchester City,1,2,1
2015-04-11,2014/2015,Crystal Palace,Sunderland,0,4,1
2015-04-18,2014/2015,Crystal Palace,West Brom,1,0,2
2015-04-25,2014/2015,Crystal Palace,Hull City,1,0,2
2015-05-03,2014/2015,Crystal Palace,Chelsea,0,0,1
2015-05-09,2014/2015,Crystal Palace,Manchester Utd,1,1,2
2015-05-16,2014/2015,Crystal Palace,Liverpool,0,3,1
2015-05-24,2014/2015,Crystal Palace,Swansea City,1,1,0
2015-08-08,2015/2016,Crystal Palace,Norwich City,0,3,1
2015-08-16,2015/2016,Crystal Palace,Arsenal,1,1,2
2015-08-22,2015/2016,Crystal Palace,Aston Villa,1,2,1
2015-08-29,2015/2016,Crystal Palace,Chelsea,0,2,1
2015-09-12,2015/2016,Crystal Palace,Manchester City,1,0,1
2015-09-20,2015/2016,Crystal Palace,Tottenham,0,0,1
2015-09-27,2015/2016,Crystal Palace,Watford,0,1,0
2015-10-03,2015/2016,Crystal Palace,West Brom,1,2,0
2015-10-17,2015/2016,Crystal Palace,West Ham,1,1,3
2015-10-24,2015/2016,Crystal Palace,Leicester City,0,0,1
2015-10-31,2015/2016,Crystal Palace,Manchester Utd,1,0,0
2015-11-08,2015/2016,Crystal Palace,Liverpool,0,2,1
2015-11-23,2015/2016,Crystal Palace,Sunderland,1,0,1
2015-11-28,2015/2016,Crystal Palace,Newcastle Utd,1,5,1
2015-12-07,2015/2016,Crystal Palace,Everton,0,1,1
2015-12-12,2015/2016,Crystal Palace,Southampton,1,1,0
2015-12-19,2015/2016,Crystal Palace,Stoke City,0,2,1
2015-12-26,2015/2016,Crystal Palace,Bournemouth,0,0,0
2015-12-28,2015/2016,Crystal Palace,Swansea City,1,0,0
2016-01-03,2015/2016,Crystal Palace,Chelsea,1,0,3
2016-01-12,2015/2016,Crystal Palace,Aston Villa,0,0,1
2016-01-16,2015/2016,Crystal Palace,Manchester City,0,0,4
2016-01-23,2015/2016,Crystal Palace,Tottenham,1,1,3
2016-02-02,2015/2016,Crystal Palace,Bournemouth,1,1,2
2016-02-06,2015/2016,Crystal Palace,Swansea City,0,1,1
2016-02-13,2015/2016,Crystal Palace,Watford,1,1,2
2016-02-27,2015/2016,Crystal Palace,West Brom,0,2,3
2016-03-01,2015/2016,Crystal Palace,Sunderland,0,2,2
2016-03-06,2015/2016,Crystal Palace,Liverpool,1,1,2
2016-03-19,2015/2016,Crystal Palace,Leicester City,1,0,1
2016-04-02,2015/2016,Crystal Palace,West Ham,0,2,2
2016-04-09,2015/2016,Crystal Palace,Norwich City,1,1,0
2016-04-13,2015/2016,Crystal Palace,Everton,1,0,0
2016-04-17,2015/2016,Crystal Palace,Arsenal,0,1,1
2016-04-20,2015/2016,Crystal Palace,Manchester Utd,0,0,2
2016-04-30,2015/2016,Crystal Palace,Newcastle Utd,0,0,1
2016-05-07,2015/2016,Crystal Palace,Stoke City,1,2,1
2016-05-15,2015/2016,Crystal Palace,Southampton,0,1,4
2016-08-13,2016/2017,Crystal Palace,West Brom,1,0,1
2016-08-20,2016/2017,Crystal Palace,Tottenham,0,0,1
2016-08-27,2016/2017,Crystal Palace,Bournemouth,1,1,1
2016-09-10,2016/2017,Crystal Palace,Middlesbrough,0,2,1
2016-09-18,2016/2017,Crystal Palace,Stoke City,1,4,1
2016-09-24,2016/2017,Crystal Palace,Sunderland,0,3,2
2016-09-30,2016/2017,Crystal Palace,Everton,0,1,1
2016-10-15,2016/2017,Crystal Palace,West Ham,1,0,1
2016-10-22,2016/2017,Crystal Palace,Leicester City,0,1,3
2016-10-29,2016/2017,Crystal Palace,Liverpool,1,2,4
2016-11-05,2016/2017,Crystal Palace,Burnley,0,2,3
2016-11-19,2016/2017,Crystal Palace,Manchester City,1,1,2
2016-11-26,2016/2017,Crystal Palace,Swansea City,0,4,5
2016-12-03,2016/2017,Crystal Palace,Southampton,1,3,0
2016-12-10,2016/2017,Crystal Palace,Hull City,0,3,3
2016-12-14,2016/2017,Crystal Palace,Manchester Utd,1,1,2
2016-12-17,2016/2017,Crystal Palace,Chelsea,1,0,1
2016-12-26,2016/2017,Crystal Palace,Watford,0,1,1
2017-01-01,2016/2017,Crystal Palace,Arsenal,0,0,2
2017-01-03,2016/2017,Crystal Palace,Swansea City,1,1,2
2017-01-14,2016/2017,Crystal Palace,West Ham,0,0,3
2017-01-21,2016/2017,Crystal Palace,Everton,1,0,1
2017-01-31,2016/2017,Crystal Palace,Bournemouth,0,2,0
2017-02-04,2016/2017,Crystal Palace,Sunderland,1,0,4
2017-02-11,2016/2017,Crystal Palace,Stoke City,0,0,1
2017-02-25,2016/2017,Crystal Palace,Middlesbrough,1,1,0
2017-03-04,2016/2017,Crystal Palace,West Brom,0,2,0
2017-03-18,2016/2017,Crystal Palace,Watford,1,1,0
2017-04-01,2016/2017,Crystal Palace,Chelsea,0,2,1
2017-04-05,2016/2017,Crystal Palace,Southampton,0,1,3
2017-04-10,2016/2017,Crystal Palace,Arsenal,1,3,0
2017-04-15,2016/2017,Crystal Palace,Leicester City,1,2,2
2017-04-23,2016/2017,Crystal Palace,Liverpool,0,2,1
2017-04-26,2016/2017,Crystal Palace,Tottenham,1,0,1
2017-04-29,2016/2017,Crystal Palace,Burnley,1,0,2
2017-05-06,2016/2017,Crystal Palace,Manchester City,0,0,5
2017-05-14,2016/2017,Crystal Palace,Hull City,1,4,0
2017-05-21,2016/2017,Crystal Palace,Manchester Utd,0,0,2
2017-08-12,2017/2018,Crystal Palace,Huddersfield,1,0,3
2017-08-19,2017/2018,Crystal Palace,Liverpool,0,0,1
2017-08-26,2017/2018,Crystal Palace,Swansea City,1,0,2
2017-09-10,2017/2018,Crystal Palace,Burnley,0,0,1
2017-09-16,2017/2018,Crystal Palace,Southampton,1,0,1
2017-09-23,2017/2018,Crystal Palace,Manchester City,0,0,5
2017-09-30,2017/2018,Crystal Palace,Manchester Utd,0,0,4
2017-10-14,2017/2018,Crystal Palace,Chelsea,1,2,1
2017-10-21,2017/2018,Crystal Palace,Newcastle Utd,0,0,1
2017-10-28,2017/2018,Crystal Palace,West Ham,1,2,2
2017-11-05,2017/2018,Crystal Palace,Tottenham,0,0,1
2017-11-18,2017/2018,Crystal Palace,Everton,1,2,2
2017-11-25,2017/2018,Crystal Palace,Stoke City,1,2,1
2017-11-28,2017/2018,Crystal Palace,Brighton,0,0,0
2017-12-02,2017/2018,Crystal Palace,West Brom,0,0,0
2017-12-09,2017/2018,Crystal Palace,Bournemouth,1,2,2
2017-12-12,2017/2018,Crystal Palace,Watford,1,2,1
2017-12-16,2017/2018,Crystal Palace,Leicester City,0,3,0
2017-12-23,2017/2018,Crystal Palace,Swansea City,0,1,1
2017-12-28,2017/2018,Crystal Palace,Arsenal,1,2,3
2017-12-31,2017/2018,Crystal Palace,Manchester City,1,0,0
2018-01-02,2017/2018,Crystal Palace,Southampton,0,2,1
2018-01-13,2017/2018,Crystal Palace,Burnley,1,1,0
2018-01-20,2017/2018,Crystal Palace,Arsenal,0,1,4
2018-01-30,2017/2018,Crystal Palace,West Ham,0,1,1
2018-02-04,2017/2018,Crystal Palace,Newcastle Utd,1,1,1
2018-02-10,2017/2018,Crystal Palace,Everton,0,1,3
2018-02-25,2017/2018,Crystal Palace,Tottenham,1,0,1
2018-03-05,2017/2018,Crystal Palace,Manchester Utd,1,2,3
2018-03-10,2017/2018,Crystal Palace,Chelsea,0,1,2
2018-03-17,2017/2018,Crystal Palace,Huddersfield,0,2,0
2018-03-31,2017/2018,Crystal Palace,Liverpool,1,1,2
2018-04-07,2017/2018,Crystal Palace,Bournemouth,0,2,2
2018-04-14,2017/2018,Crystal Palace,Brighton,1,3,2
2018-04-21,2017/2018,Crystal Palace,Watford,0,0,0
2018-04-28,2017/2018,Crystal Palace,Leicester City,1,5,0
2018-05-05,2017/2018,Crystal Palace,Stoke City,0,2,1
2018-05-13,2017/2018,Crystal Palace,West Brom,1,2,0
2018-08-11,2018/2019,Crystal Palace,Fulham,0,2,0
2018-08-20,2018/2019,Crystal Palace,Liverpool,1,0,2
2018-08-26,2018/2019,Crystal Palace,Watford,0,1,2
2018-09-01,2018/2019,Crystal Palace,Southampton,1,0,2
2018-09-15,2018/2019,Crystal Palace,Huddersfield,0,1,0
2018-09-22,2018/2019,Crystal Palace,Newcastle Utd,1,0,0
2018-10-01,2018/2019,Crystal Palace,Bournemouth,0,1,2
2018-10-06,2018/2019,Crystal Palace,Wolves,1,0,1
2018-10-21,2018/2019,Crystal Palace,Everton,0,0,2
2018-10-28,2018/2019,Crystal Palace,Arsenal,1,2,2
2018-11-04,2018/2019,Crystal Palace,Chelsea,0,1,3
2018-11-10,2018/2019,Crystal Palace,Tottenham,1,0,1
2018-11-24,2018/2019,Crystal Palace,Manchester Utd,0,0,0
2018-12-01,2018/2019,Crystal Palace,Burnley,1,2,0
2018-12-04,2018/2019,Crystal Palace,Brighton,0,1,3
2018-12-08,2018/2019,Crystal Palace,West Ham,0,2,3
2018-12-15,2018/2019,Crystal Palace,Leicester City,1,1,0
2018-12-22,2018/2019,Crystal Palace,Manchester City,0,3,2
2018-12-26,2018/2019,Crystal Palace,Cardiff City,1,0,0
2018-12-30,2018/2019,Crystal Palace,Chelsea,1,0,1
2019-01-02,2018/2019,Crystal Palace,Wolves,0,2,0
2019-01-12,2018/2019,Crystal Palace,Watford,1,1,2
2019-01-19,2018/2019,Crystal Palace,Liverpool,0,3,4
2019-01-30,2018/2019,Crystal Palace,Southampton,0,1,1
2019-02-02,2018/2019,Crystal Palace,Fulham,1,2,0
2019-02-09,2018/2019,Crystal Palace,West Ham,1,1,1
2019-02-23,2018/2019,Crystal Palace,Leicester City,0,4,1
2019-02-27,2018/2019,Crystal Palace,Manchester Utd,1,1,3
2019-03-02,2018/2019,Crystal Palace,Burnley,0,3,1
2019-03-09,2018/2019,Crystal Palace,Brighton,1,1,2
2019-03-30,2018/2019,Crystal Palace,Huddersfield,1,2,0
2019-04-03,2018/2019,Crystal Palace,Tottenham,0,0,2
2019-04-06,2018/2019,Crystal Palace,Newcastle Utd,0,1,0
2019-04-14,2018/2019,Crystal Palace,Manchester City,1,1,3
2019-04-21,2018/2019,Crystal Palace,Arsenal,0,3,2
2019-04-27,2018/2019,Crystal Palace,Everton,1,0,0
2019-05-04,2018/2019,Crystal Palace,Cardiff City,0,3,2
2019-05-12,2018/2019,Crystal Palace,Bournemouth,1,5,3
2019-08-10,2019/2020,Crystal Palace,Everton,1,0,0
2019-08-18,2019/2020,Crystal Palace,Sheffield Utd,0,0,1
2019-08-24,2019/2020,Crystal Palace,Manchester Utd,0,2,1
2019-08-31,2019/2020,Crystal Palace,Aston Villa,1,1,0
2019-09-14,2019/2020,Crystal Palace,Tottenham,0,0,4
2019-09-22,2019/2020,Crystal Palace,Wolves,1,1,1
2019-09-28,2019/2020,Crystal Palace,Norwich City,1,2,0
2019-10-05,2019/2020,Crystal Palace,West Ham,0,2,1
2019-10-19,2019/2020,Crystal Palace,Manchester City,1,0,2
2019-10-27,2019/2020,Crystal Palace,Arsenal,0,2,2
2019-11-03,2019/2020,Crystal Palace,Leicester City,1,0,2
2019-11-09,2019/2020,Crystal Palace,Chelsea,0,0,2
2019-11-23,2019/2020,Crystal Palace,Liverpool,1,1,2
2019-11-30,2019/2020,Crystal Palace,Burnley,0,2,0
2019-12-03,2019/2020,Crystal Palace,Bournemouth,1,1,0
2019-12-07,2019/2020,Crystal Palace,Watford,0,0,0
2019-12-16,2019/2020,Crystal Palace,Brighton,1,1,1
2019-12-21,2019/2020,Crystal Palace,Newcastle Utd,0,0,1
2019-12-26,2019/2020,Crystal Palace,West Ham,1,2,1
2019-12-28,2019/2020,Crystal Palace,Southampton,0,1,1
2020-01-01,2019/2020,Crystal Palace,Norwich City,0,1,1
2020-01-11,2019/2020,Crystal Palace,Arsenal,1,1,1
2020-01-18,2019/2020,Crystal Palace,Manchester City,0,2,2
2020-01-21,2019/2020,Crystal Palace,Southampton,1,0,2
2020-02-01,2019/2020,Crystal Palace,Sheffield Utd,1,0,1
2020-02-08,2019/2020,Crystal Palace,Everton,0,1,3
2020-02-22,2019/2020,Crystal Palace,Newcastle Utd,1,1,0
2020-02-29,2019/2020,Crystal Palace,Brighton,0,1,0
2020-03-07,2019/2020,Crystal Palace,Watford,1,1,0
2020-06-20,2019/2020,Crystal Palace,Bournemouth,0,2,0
2020-06-24,2019/2020,Crystal Palace,Liverpool,0,0,4
2020-06-29,2019/2020,Crystal Palace,Burnley,1,0,1
2020-07-04,2019/2020,Crystal Palace,Leicester City,0,0,3
2020-07-07,2019/2020,Crystal Palace,Chelsea,1,2,3
2020-07-12,2019/2020,Crystal Palace,Aston Villa,0,0,2
2020-07-16,2019/2020,Crystal Palace,Manchester Utd,1,0,2
2020-07-20,2019/2020,Crystal Palace,Wolves,0,0,2
2020-07-26,2019/2020,Crystal Palace,Tottenham,1,1,1
2020-09-12,2020/2021,Crystal Palace,Southampton,1,1,0
2020-09-19,2020/2021,Crystal Palace,Manchester Utd,0,3,1
2020-09-26,2020/2021,Crystal Palace,Everton,1,1,2
2020-10-03,2020/2021,Crystal Palace,Chelsea,0,0,4
2020-10-18,2020/2021,Crystal Palace,Brighton,1,1,1
2020-10-24,2020/2021,Crystal Palace,Fulham,0,2,1
2020-10-30,2020/2021,Crystal Palace,Wolves,0,0,2
2020-11-07,2020/2021,Crystal Palace,Leeds United,1,4,1
2020-11-23,2020/2021,Crystal Palace,Burnley,0,0,1
2020-11-27,2020/2021,Crystal Palace,Newcastle Utd,1,0,2
2020-12-06,2020/2021,Crystal Palace,West Brom,0,5,1
2020-12-13,2020/2021,Crystal Palace,Tottenham,1,1,1
2020-12-16,2020/2021,Crystal Palace,West Ham,0,1,1
2020-12-19,2020/2021,Crystal Palace,Liverpool,1,0,7
2020-12-26,2020/2021,Crystal Palace,Aston Villa,0,0,3
2020-12-28,2020/2021,Crystal Palace,Leicester City,1,1,1
2021-01-02,2020/2021,Crystal Palace,Sheffield Utd,1,2,0
2021-01-14,2020/2021,Crystal Palace,Arsenal,0,0,0
2021-01-17,2020/2021,Crystal Palace,Manchester City,0,0,4
2021-01-26,2020/2021,Crystal Palace,West Ham,1,2,3
2021-01-30,2020/2021,Crystal Palace,Wolves,1,1,0
2021-02-02,2020/2021,Crystal Palace,Newcastle Utd,0,2,1
2021-02-08,2020/2021,Crystal Palace,Leeds United,0,0,2
2021-02-13,2020/2021,Crystal Palace,Burnley,1,0,3
2021-02-22,2020/2021,Crystal Palace,Brighton,0,2,1
2021-02-28,2020/2021,Crystal Palace,Fulham,1,0,0
2021-03-03,2020/2021,Crystal Palace,Manchester Utd,1,0,0
2021-03-07,2020/2021,Crystal Palace,Tottenham,0,1,4
2021-03-13,2020/2021,Crystal Palace,West Brom,1,1,0
2021-04-05,2020/2021,Crystal Palace,Everton,0,1,1
2021-04-10,2020/2021,Crystal Palace,Chelsea,1,1,4
2021-04-26,2020/2021,Crystal Palace,Leicester City,0,1,2
2021-05-01,2020/2021,Crystal Palace,Manchester City,1,0,2
2021-05-08,2020/2021,Crystal Palace,Sheffield Utd,0,2,0
2021-05-11,2020/2021,Crystal Palace,Southampton,0,1,3
2021-05-16,2020/2021,Crystal Palace,Aston Villa,1,3,2
2021-05-19,2020/2021,Crystal Palace,Arsenal,1,1,3
2021-05-23,2020/2021,Crystal Palace,Liverpool,0,0,2
2021-08-14,2021/2022,Crystal Palace,Chelsea,0,0,3
2021-08-21,2021/2022,Crystal Palace,Brentford,1,0,0
2021-08-28,2021/2022,Crystal Palace,West Ham,0,2,2
2021-09-11,2021/2022,Crystal Palace,Tottenham,1,3,0
2021-09-18,2021/2022,Crystal Palace,Liverpool,0,0,3
2021-09-27,2021/2022,Crystal Palace,Brighton,1,1,1
2021-10-03,2021/2022,Crystal Palace,Leicester City,1,2,2
2021-10-18,2021/2022,Crystal Palace,Arsenal,0,2,2
2021-10-23,2021/2022,Crystal Palace,Newcastle Utd,1,1,1
2021-10-30,2021/2022,Crystal Palace,Manchester City,0,2,0
2021-11-06,2021/2022,Crystal Palace,Wolves,1,2,0
2021-11-20,2021/2022,Crystal Palace,Burnley,0,3,3
2021-11-27,2021/2022,Crystal Palace,Aston Villa,1,1,2
2021-11-30,2021/2022,Crystal Palace,Leeds United,0,0,1
2021-12-05,2021/2022,Crystal Palace,Manchester Utd,0,0,1
2021-12-12,2021/2022,Crystal Palace,Everton,1,3,1
2021-12-15,2021/2022,Crystal Palace,Southampton,1,2,2
2021-12-26,2021/2022,Crystal Palace,Tottenham,0,0,3
2021-12-28,2021/2022,Crystal Palace,Norwich City,1,3,0
2022-01-01,2021/2022,Crystal Palace,West Ham,1,2,3
2022-01-14,2021/2022,Crystal Palace,Brighton,0,1,1
2022-01-23,2021/2022,Crystal Palace,Liverpool,1,1,3
2022-02-09,2021/2022,Crystal Palace,Norwich City,0,1,1
2022-02-12,2021/2022,Crystal Palace,Brentford,0,0,0
2022-02-19,2021/2022,Crystal Palace,Chelsea,1,0,1
2022-02-23,2021/2022,Crystal Palace,Watford,0,4,1
2022-02-26,2021/2022,Crystal Palace,Burnley,1,1,1
2022-03-05,2021/2022,Crystal Palace,Wolves,0,2,0
2022-03-14,2021/2022,Crystal Palace,Manchester City,1,0,0
2022-04-04,2021/2022,Crystal Palace,Arsenal,1,3,0
2022-04-10,2021/2022,Crystal Palace,Leicester City,0,1,2
2022-04-20,2021/2022,Crystal Palace,Newcastle Utd,0,0,1
2022-04-25,2021/2022,Crystal Palace,Leeds United,1,0,0
2022-04-30,2021/2022,Crystal Palace,Southampton,0,2,1
2022-05-07,2021/2022,Crystal Palace,Watford,1,1,0
2022-05-15,2021/2022,Crystal Palace,Aston Villa,0,1,1
2022-05-19,2021/2022,Crystal Palace,Everton,0,2,3
2022-05-22,2021/2022,Crystal Palace,Manchester Utd,1,1,0
2022-08-05,2022/2023,Crystal Palace,Arsenal,1,0,2
2022-08-15,2022/2023,Crystal Palace,Liverpool,0,1,1
2022-08-20,2022/2023,Crystal Palace,Aston Villa,1,3,1
2022-08-27,2022/2023,Crystal Palace,Manchester City,0,2,4
2022-08-30,2022/2023,Crystal Palace,Brentford,1,1,1
2022-09-03,2022/2023,Crystal Palace,Newcastle Utd,0,0,0
2022-10-01,2022/2023,Crystal Palace,Chelsea,1,1,2
2022-10-09,2022/2023,Crystal Palace,Leeds United,1,2,1
2022-10-15,2022/2023,Crystal Palace,Leicester City,0,0,0
2022-10-18,2022/2023,Crystal Palace,Wolves,1,2,1
2022-10-22,2022/2023,Crystal Palace,Everton,0,0,3
2022-10-29,2022/2023,Crystal Palace,Southampton,1,1,0
2022-11-06,2022/2023,Crystal Palace,West Ham,0,2,1
2022-11-12,2022/2023,Crystal Palace,Nott'ham Forest,0,0,1
2022-12-26,2022/2023,Crystal Palace,Fulham,1,0,3
2022-12-31,2022/2023,Crystal Palace,Bournemouth,0,2,0
2023-01-04,2022/2023,Crystal Palace,Tottenham,1,0,4
2023-01-15,2022/2023,Crystal Palace,Chelsea,0,0,1
2023-01-18,2022/2023,Crystal Palace,Manchester Utd,1,1,1
2023-01-21,2022/2023,Crystal Palace,Newcastle Utd,1,0,0
2023-02-04,2022/2023,Crystal Palace,Manchester Utd,0,1,2
2023-02-11,2022/2023,Crystal Palace,Brighton,1,1,1
2023-02-18,2022/2023,Crystal Palace,Brentford,0,1,1
2023-02-25,2022/2023,Crystal Palace,Liverpool,1,0,0
2023-03-04,2022/2023,Crystal Palace,Aston Villa,0,0,1
2023-03-11,2022/2023,Crystal Palace,Manchester City,1,0,1
2023-03-15,2022/2023,Crystal Palace,Brighton,0,0,1
2023-03-19,2022/2023,Crystal Palace,Arsenal,0,1,4
2023-04-01,2022/2023,Crystal Palace,Leicester City,1,2,1
2023-04-09,2022/2023,Crystal Palace,Leeds United,0,5,1
2023-04-15,2022/2023,Crystal Palace,Southampton,0,2,0
2023-04-22,2022/2023,Crystal Palace,Everton,1,0,0
2023-04-25,2022/2023,Crystal Palace,Wolves,0,0,2
2023-04-29,2022/2023,Crystal Palace,West Ham,1,4,3
2023-05-06,2022/2023,Crystal Palace,Tottenham,0,0,1
2023-05-13,2022/2023,Crystal Palace,Bournemouth,1,2,0
2023-05-20,2022/2023,Crystal Palace,Fulham,0,2,2
2023-05-28,2022/2023,Crystal Palace,Nott'ham Forest,1,1,1
2023-08-12,2023/2024,Crystal Palace,Sheffield Utd,0,1,0
2023-08-21,2023/2024,Crystal Palace,Arsenal,1,0,1
2023-08-26,2023/2024,Crystal Palace,Brentford,0,1,1
2023-09-03,2023/2024,Crystal Palace,Wolves,1,3,2
2023-09-16,2023/2024,Crystal Palace,Aston Villa,0,1,3
2023-09-23,2023/2024,Crystal Palace,Fulham,1,0,0
2023-09-30,2023/2024,Crystal Palace,Manchester Utd,0,1,0
2023-10-07,2023/2024,Crystal Palace,Nott'ham Forest,1,0,0
2023-10-21,2023/2024,Crystal Palace,Newcastle Utd,0,0,4
2023-10-27,2023/2024,Crystal Palace,Tottenham,1,1,2
2023-11-04,2023/2024,Crystal Palace,Burnley,0,2,0
2023-11-11,2023/2024,Crystal Palace,Everton,1,2,3
2023-11-25,2023/2024,Crystal Palace,Luton Town,0,1,2
2023-12-03,2023/2024,Crystal Palace,West Ham,0,1,1
2023-12-06,2023/2024,Crystal Palace,Bournemouth,1,0,2
2023-12-09,2023/2024,Crystal Palace,Liverpool,1,1,2
2023-12-16,2023/2024,Crystal Palace,Manchester City,0,2,2
2023-12-21,2023/2024,Crystal Palace,Brighton,1,1,1
2023-12-27,2023/2024,Crystal Palace,Chelsea,0,1,2
2023-12-30,2023/2024,Crystal Palace,Brentford,1,3,1
2024-01-20,2023/2024,Crystal Palace,Arsenal,0,0,5
2024-01-30,2023/2024,Crystal Palace,Sheffield Utd,1,3,2
2024-02-03,2023/2024,Crystal Palace,Brighton,0,1,4
2024-02-12,2023/2024,Crystal Palace,Chelsea,1,1,3
2024-02-19,2023/2024,Crystal Palace,Everton,0,1,1
2024-02-24,2023/2024,Crystal Palace,Burnley,1,3,0
2024-03-02,2023/2024,Crystal Palace,Tottenham,0,1,3
2024-03-09,2023/2024,Crystal Palace,Luton Town,1,1,1
2024-03-30,2023/2024,Crystal Palace,Nott'ham Forest,0,1,1
2024-04-02,2023/2024,Crystal Palace,Bournemouth,0,0,1
2024-04-06,2023/2024,Crystal Palace,Manchester City,1,2,4
2024-04-14,2023/2024,Crystal Palace,Liverpool,0,1,0
2024-04-21,2023/2024,Crystal Palace,West Ham,1,5,2
2024-04-24,2023/2024,Crystal Palace,Newcastle Utd,1,2,0
2024-04-27,2023/2024,Crystal Palace,Fulham,0,1,1
2024-05-06,2023/2024,Crystal Palace,Manchester Utd,1,4,0
2024-05-11,2023/2024,Crystal Palace,Wolves,0,3,1
2024-05-19,2023/2024,Crystal Palace,Aston Villa,1,5,0
2014-08-16,2014/2015,Everton,Leicester City,0,2,2
2014-08-23,2014/2015,Everton,Arsenal,1,2,2
2014-08-30,2014/2015,Everton,Chelsea,1,3,6
2014-09-13,2014/2015,Everton,West Brom,0,2,0
2014-09-21,2014/2015,Everton,Crystal Palace,1,2,3
2014-09-27,2014/2015,Everton,Liverpool,0,1,1
2014-10-05,2014/2015,Everton,Manchester Utd,0,1,2
2014-10-18,2014/2015,Everton,Aston Villa,1,3,0
2014-10-26,2014/2015,Everton,Burnley,0,3,1
2014-11-01,2014/2015,Everton,Swansea City,1,0,0
2014-11-09,2014/2015,Everton,Sunderland,0,1,1
2014-11-22,2014/2015,Everton,West Ham,1,2,1
2014-11-30,2014/2015,Everton,Tottenham,0,1,2
2014-12-03,2014/2015,Everton,Hull City,1,1,1
2014-12-06,2014/2015,Everton,Manchester City,0,0,1
2014-12-15,2014/2015,Everton,QPR,1,3,1
2014-12-20,2014/2015,Everton,Southampton,0,0,3
2014-12-26,2014/2015,Everton,Stoke City,1,0,1
2014-12-28,2014/2015,Everton,Newcastle Utd,0,2,3
2015-01-01,2014/2015,Everton,Hull City,0,0,2
2015-01-10,2014/2015,Everton,Manchester City,1,1,1
2015-01-19,2014/2015,Everton,West Brom,1,0,0
2015-01-31,2014/2015,Everton,Crystal Palace,0,1,0
2015-02-07,2014/2015,Everton,Liverpool,1,0,0
2015-02-11,2014/2015,Everton,Chelsea,0,0,1
2015-02-22,2014/2015,Everton,Leicester City,1,2,2
2015-03-01,2014/2015,Everton,Arsenal,0,0,2
2015-03-04,2014/2015,Everton,Stoke City,0,0,2
2015-03-15,2014/2015,Everton,Newcastle Utd,1,3,0
2015-03-22,2014/2015,Everton,QPR,0,2,1
2015-04-04,2014/2015,Everton,Southampton,1,1,0
2015-04-11,2014/2015,Everton,Swansea City,0,1,1
2015-04-18,2014/2015,Everton,Burnley,1,1,0
2015-04-26,2014/2015,Everton,Manchester Utd,1,3,0
2015-05-02,2014/2015,Everton,Aston Villa,0,2,3
2015-05-09,2014/2015,Everton,Sunderland,1,0,2
2015-05-16,2014/2015,Everton,West Ham,0,2,1
2015-05-24,2014/2015,Everton,Tottenham,1,0,1
2015-08-08,2015/2016,Everton,Watford,1,2,2
2015-08-15,2015/2016,Everton,Southampton,0,3,0
2015-08-23,2015/2016,Everton,Manchester City,1,0,2
2015-08-29,2015/2016,Everton,Tottenham,0,0,0
2015-09-12,2015/2016,Everton,Chelsea,1,3,1
2015-09-19,2015/2016,Everton,Swansea City,0,0,0
2015-09-28,2015/2016,Everton,West Brom,0,3,2
2015-10-04,2015/2016,Everton,Liverpool,1,1,1
2015-10-17,2015/2016,Everton,Manchester Utd,1,0,3
2015-10-24,2015/2016,Everton,Arsenal,0,1,2
2015-11-01,2015/2016,Everton,Sunderland,1,6,2
2015-11-07,2015/2016,Everton,West Ham,0,1,1
2015-11-21,2015/2016,Everton,Aston Villa,1,4,0
2015-11-28,2015/2016,Everton,Bournemouth,0,3,3
2015-12-07,2015/2016,Everton,Crystal Palace,1,1,1
2015-12-12,2015/2016,Everton,Norwich City,0,1,1
2015-12-19,2015/2016,Everton,Leicester City,1,2,3
2015-12-26,2015/2016,Everton,Newcastle Utd,0,1,0
2015-12-28,2015/2016,Everton,Stoke City,1,3,4
2016-01-03,2015/2016,Everton,Tottenham,1,1,1
2016-01-13,2015/2016,Everton,Manchester City,0,0,0
2016-01-16,2015/2016,Everton,Chelsea,0,3,3
2016-01-24,2015/2016,Everton,Swansea City,1,1,2
2016-02-03,2015/2016,Everton,Newcastle Utd,1,3,0
2016-02-06,2015/2016,Everton,Stoke City,0,3,0
2016-02-13,2015/2016,Everton,West Brom,1,0,1
2016-03-01,2015/2016,Everton,Aston Villa,0,3,1
2016-03-05,2015/2016,Everton,West Ham,1,2,3
2016-03-19,2015/2016,Everton,Arsenal,1,0,2
2016-04-03,2015/2016,Everton,Manchester Utd,0,0,1
2016-04-09,2015/2016,Everton,Watford,0,1,1
2016-04-13,2015/2016,Everton,Crystal Palace,0,0,0
2016-04-16,2015/2016,Everton,Southampton,1,1,1
2016-04-20,2015/2016,Everton,Liverpool,0,0,4
2016-04-30,2015/2016,Everton,Bournemouth,1,2,1
2016-05-07,2015/2016,Everton,Leicester City,0,1,3
2016-05-11,2015/2016,Everton,Sunderland,0,0,3
2016-05-15,2015/2016,Everton,Norwich City,1,3,0
2016-08-13,2016/2017,Everton,Tottenham,1,1,1
2016-08-20,2016/2017,Everton,West Brom,0,2,1
2016-08-27,2016/2017,Everton,Stoke City,1,1,0
2016-09-12,2016/2017,Everton,Sunderland,0,3,0
2016-09-17,2016/2017,Everton,Middlesbrough,1,3,1
2016-09-24,2016/2017,Everton,Bournemouth,0,0,1
2016-09-30,2016/2017,Everton,Crystal Palace,1,1,1
2016-10-15,2016/2017,Everton,Manchester City,0,1,1
2016-10-22,2016/2017,Everton,Burnley,0,1,2
2016-10-30,2016/2017,Everton,West Ham,1,2,0
2016-11-05,2016/2017,Everton,Chelsea,0,0,5
2016-11-19,2016/2017,Everton,Swansea City,1,1,1
2016-11-27,2016/2017,Everton,Southampton,0,0,1
2016-12-04,2016/2017,Everton,Manchester Utd,1,1,1
2016-12-10,2016/2017,Everton,Watford,0,2,3
2016-12-13,2016/2017,Everton,Arsenal,1,2,1
2016-12-19,2016/2017,Everton,Liverpool,1,0,1
2016-12-26,2016/2017,Everton,Leicester City,0,2,0
2016-12-30,2016/2017,Everton,Hull City,0,2,2
2017-01-02,2016/2017,Everton,Southampton,1,3,0
2017-01-15,2016/2017,Everton,Manchester City,1,4,0
2017-01-21,2016/2017,Everton,Crystal Palace,0,1,0
2017-02-01,2016/2017,Everton,Stoke City,0,1,1
2017-02-04,2016/2017,Everton,Bournemouth,1,6,3
2017-02-11,2016/2017,Everton,Middlesbrough,0,0,0
2017-02-25,2016/2017,Everton,Sunderland,1,2,0
2017-03-05,2016/2017,Everton,Tottenham,0,2,3
2017-03-11,2016/2017,Everton,West Brom,1,3,0
2017-03-18,2016/2017,Everton,Hull City,1,4,0
2017-04-01,2016/2017,Everton,Liverpool,0,1,3
2017-04-04,2016/2017,Everton,Manchester Utd,0,1,1
2017-04-09,2016/2017,Everton,Leicester City,1,4,2
2017-04-15,2016/2017,Everton,Burnley,1,3,1
2017-04-22,2016/2017,Everton,West Ham,0,0,0
2017-04-30,2016/2017,Everton,Chelsea,1,0,3
2017-05-06,2016/2017,Everton,Swansea City,0,0,1
2017-05-12,2016/2017,Everton,Watford,1,1,0
2017-05-21,2016/2017,Everton,Arsenal,0,1,3
2017-08-12,2017/2018,Everton,Stoke City,1,1,0
2017-08-21,2017/2018,Everton,Manchester City,0,1,1
2017-08-27,2017/2018,Everton,Chelsea,0,0,2
2017-09-09,2017/2018,Everton,Tottenham,1,0,3
2017-09-17,2017/2018,Everton,Manchester Utd,0,0,4
2017-09-23,2017/2018,Everton,Bournemouth,1,2,1
2017-10-01,2017/2018,Everton,Burnley,1,0,1
2017-10-15,2017/2018,Everton,Brighton,0,1,1
2017-10-22,2017/2018,Everton,Arsenal,1,2,5
2017-10-29,2017/2018,Everton,Leicester City,0,0,2
2017-11-05,2017/2018,Everton,Watford,1,3,2
2017-11-18,2017/2018,Everton,Crystal Palace,0,2,2
2017-11-26,2017/2018,Everton,Southampton,0,1,4
2017-11-29,2017/2018,Everton,West Ham,1,4,0
2017-12-02,2017/2018,Everton,Huddersfield,1,2,0
2017-12-10,2017/2018,Everton,Liverpool,0,1,1
2017-12-13,2017/2018,Everton,Newcastle Utd,0,1,0
2017-12-18,2017/2018,Everton,Swansea City,1,3,1
2017-12-23,2017/2018,Everton,Chelsea,1,0,0
2017-12-26,2017/2018,Everton,West Brom,0,0,0
2017-12-30,2017/2018,Everton,Bournemouth,0,1,2
2018-01-01,2017/2018,Everton,Manchester Utd,1,0,2
2018-01-13,2017/2018,Everton,Tottenham,0,0,4
2018-01-20,2017/2018,Everton,West Brom,1,1,1
2018-01-31,2017/2018,Everton,Leicester City,1,2,1
2018-02-03,2017/2018,Everton,Arsenal,0,1,5
2018-02-10,2017/2018,Everton,Crystal Palace,1,3,1
2018-02-24,2017/2018,Everton,Watford,0,0,1
2018-03-03,2017/2018,Everton,Burnley,0,1,2
2018-03-10,2017/2018,Everton,Brighton,1,2,0
2018-03-17,2017/2018,Everton,Stoke City,0,2,1
2018-03-31,2017/2018,Everton,Manchester City,1,1,3
2018-04-07,2017/2018,Everton,Liverpool,1,0,0
2018-04-14,2017/2018,Everton,Swansea City,0,1,1
2018-04-23,2017/2018,Everton,Newcastle Utd,1,1,0
2018-04-28,2017/2018,Everton,Huddersfield,0,2,0
2018-05-05,2017/2018,Everton,Southampton,1,1,1
2018-05-13,2017/2018,Everton,West Ham,0,1,3
2018-08-11,2018/2019,Everton,Wolves,0,2,2
2018-08-18,2018/2019,Everton,Southampton,1,2,1
2018-08-25,2018/2019,Everton,Bournemouth,0,2,2
2018-09-01,2018/2019,Everton,Huddersfield,1,1,1
2018-09-16,2018/2019,Everton,West Ham,1,1,3
2018-09-23,2018/2019,Everton,Arsenal,0,0,2
2018-09-29,2018/2019,Everton,Fulham,1,3,0
2018-10-06,2018/2019,Everton,Leicester City,0,2,1
2018-10-21,2018/2019,Everton,Crystal Palace,1,2,0
2018-10-28,2018/2019,Everton,Manchester Utd,0,1,2
2018-11-03,2018/2019,Everton,Brighton,1,3,1
2018-11-11,2018/2019,Everton,Chelsea,0,0,0
2018-11-24,2018/2019,Everton,Cardiff City,1,1,0
2018-12-02,2018/2019,Everton,Liverpool,0,0,1
2018-12-05,2018/2019,Everton,Newcastle Utd,1,1,1
2018-12-10,2018/2019,Everton,Watford,1,2,2
2018-12-15,2018/2019,Everton,Manchester City,0,1,3
2018-12-23,2018/2019,Everton,Tottenham,1,2,6
2018-12-26,2018/2019,Everton,Burnley,0,5,1
2018-12-29,2018/2019,Everton,Brighton,0,0,1
2019-01-01,2018/2019,Everton,Leicester City,1,0,1
2019-01-13,2018/2019,Everton,Bournemouth,1,2,0
2019-01-19,2018/2019,Everton,Southampton,0,1,2
2019-01-29,2018/2019,Everton,Huddersfield,0,1,0
2019-02-02,2018/2019,Everton,Wolves,1,1,3
2019-02-06,2018/2019,Everton,Manchester City,1,0,2
2019-02-09,2018/2019,Everton,Watford,0,0,1
2019-02-26,2018/2019,Everton,Cardiff City,0,3,0
2019-03-03,2018/2019,Everton,Liverpool,1,0,0
2019-03-09,2018/2019,Everton,Newcastle Utd,0,2,3
2019-03-17,2018/2019,Everton,Chelsea,1,2,0
2019-03-30,2018/2019,Everton,West Ham,0,2,0
2019-04-07,2018/2019,Everton,Arsenal,1,1,0
2019-04-13,2018/2019,Everton,Fulham,0,0,2
2019-04-21,2018/2019,Everton,Manchester Utd,1,4,0
2019-04-27,2018/2019,Everton,Crystal Palace,0,0,0
2019-05-03,2018/2019,Everton,Burnley,1,2,0
2019-05-12,2018/2019,Everton,Tottenham,0,2,2
2019-08-10,2019/2020,Everton,Crystal Palace,0,0,0
2019-08-17,2019/2020,Everton,Watford,1,1,0
2019-08-23,2019/2020,Everton,Aston Villa,0,0,2
2019-09-01,2019/2020,Everton,Wolves,1,3,2
2019-09-15,2019/2020,Everton,Bournemouth,0,1,3
2019-09-21,2019/2020,Everton,Sheffield Utd,1,0,2
2019-09-28,2019/2020,Everton,Manchester City,1,1,3
2019-10-05,2019/2020,Everton,Burnley,0,0,1
2019-10-19,2019/2020,Everton,West Ham,1,2,0
2019-10-26,2019/2020,Everton,Brighton,0,2,3
2019-11-03,2019/2020,Everton,Tottenham,1,1,1
2019-11-09,2019/2020,Everton,Southampton,0,2,1
2019-11-23,2019/2020,Everton,Norwich City,1,0,2
2019-12-01,2019/2020,Everton,Leicester City,0,1,2
2019-12-04,2019/2020,Everton,Liverpool,0,2,5
2019-12-07,2019/2020,Everton,Chelsea,1,3,1
2019-12-15,2019/2020,Everton,Manchester Utd,0,1,1
2019-12-21,2019/2020,Everton,Arsenal,1,0,0
2019-12-26,2019/2020,Everton,Burnley,1,1,0
2019-12-28,2019/2020,Everton,Newcastle Utd,0,2,1
2020-01-01,2019/2020,Everton,Manchester City,0,1,2
2020-01-11,2019/2020,Everton,Brighton,1,1,0
2020-01-18,2019/2020,Everton,West Ham,0,1,1
2020-01-21,2019/2020,Everton,Newcastle Utd,1,2,2
2020-02-01,2019/2020,Everton,Watford,0,3,2
2020-02-08,2019/2020,Everton,Crystal Palace,1,3,1
2020-02-23,2019/2020,Everton,Arsenal,0,2,3
2020-03-01,2019/2020,Everton,Manchester Utd,1,1,1
2020-03-08,2019/2020,Everton,Chelsea,0,0,4
2020-06-21,2019/2020,Everton,Liverpool,1,0,0
2020-06-24,2019/2020,Everton,Norwich City,0,1,0
2020-07-01,2019/2020,Everton,Leicester City,1,2,1
2020-07-06,2019/2020,Everton,Tottenham,0,0,1
2020-07-09,2019/2020,Everton,Southampton,1,1,1
2020-07-12,2019/2020,Everton,Wolves,0,0,3
2020-07-16,2019/2020,Everton,Aston Villa,1,1,1
2020-07-20,2019/2020,Everton,Sheffield Utd,0,1,0
2020-07-26,2019/2020,Everton,Bournemouth,1,1,3
2020-09-13,2020/2021,Everton,Tottenham,0,1,0
2020-09-19,2020/2021,Everton,West Brom,1,5,2
2020-09-26,2020/2021,Everton,Crystal Palace,0,2,1
2020-10-03,2020/2021,Everton,Brighton,1,4,2
2020-10-17,2020/2021,Everton,Liverpool,1,2,2
2020-10-25,2020/2021,Everton,Southampton,0,0,2
2020-11-01,2020/2021,Everton,Newcastle Utd,0,1,2
2020-11-07,2020/2021,Everton,Manchester Utd,1,1,3
2020-11-22,2020/2021,Everton,Fulham,0,3,2
2020-11-28,2020/2021,Everton,Leeds United,1,0,1
2020-12-05,2020/2021,Everton,Burnley,0,1,1
2020-12-12,2020/2021,Everton,Chelsea,1,1,0
2020-12-16,2020/2021,Everton,Leicester City,0,2,0
2020-12-19,2020/2021,Everton,Arsenal,1,2,1
2020-12-26,2020/2021,Everton,Sheffield Utd,0,1,0
2021-01-01,2020/2021,Everton,West Ham,1,0,1
2021-01-12,2020/2021,Everton,Wolves,0,2,1
2021-01-27,2020/2021,Everton,Leicester City,1,1,1
2021-01-30,2020/2021,Everton,Newcastle Utd,1,0,2
2021-02-03,2020/2021,Everton,Leeds United,0,2,1
2021-02-06,2020/2021,Everton,Manchester Utd,0,3,3
2021-02-14,2020/2021,Everton,Fulham,1,0,2
2021-02-17,2020/2021,Everton,Manchester City,1,1,3
2021-02-20,2020/2021,Everton,Liverpool,0,2,0
2021-03-01,2020/2021,Everton,Southampton,1,1,0
2021-03-04,2020/2021,Everton,West Brom,0,1,0
2021-03-08,2020/2021,Everton,Chelsea,0,0,2
2021-03-13,2020/2021,Everton,Burnley,1,1,2
2021-04-05,2020/2021,Everton,Crystal Palace,1,1,1
2021-04-12,2020/2021,Everton,Brighton,0,0,0
2021-04-16,2020/2021,Everton,Tottenham,1,2,2
2021-04-23,2020/2021,Everton,Arsenal,0,1,0
2021-05-01,2020/2021,Everton,Aston Villa,1,1,2
2021-05-09,2020/2021,Everton,West Ham,0,1,0
2021-05-13,2020/2021,Everton,Aston Villa,0,0,0
2021-05-16,2020/2021,Everton,Sheffield Utd,1,0,1
2021-05-19,2020/2021,Everton,Wolves,1,1,0
2021-05-23,2020/2021,Everton,Manchester City,0,0,5
2021-08-14,2021/2022,Everton,Southampton,1,3,1
2021-08-21,2021/2022,Everton,Leeds United,0,2,2
2021-08-28,2021/2022,Everton,Brighton,0,2,0
2021-09-13,2021/2022,Everton,Burnley,1,3,1
2021-09-18,2021/2022,Everton,Aston Villa,0,0,3
2021-09-25,2021/2022,Everton,Norwich City,1,2,0
2021-10-02,2021/2022,Everton,Manchester Utd,0,1,1
2021-10-17,2021/2022,Everton,West Ham,1,0,1
2021-10-23,2021/2022,Everton,Watford,1,2,5
2021-11-01,2021/2022,Everton,Wolves,0,1,2
2021-11-07,2021/2022,Everton,Tottenham,1,0,0
2021-11-21,2021/2022,Everton,Manchester City,0,0,3
2021-11-28,2021/2022,Everton,Brentford,0,0,1
2021-12-01,2021/2022,Everton,Liverpool,1,1,4
2021-12-06,2021/2022,Everton,Arsenal,1,2,1
2021-12-12,2021/2022,Everton,Crystal Palace,0,1,3
2021-12-16,2021/2022,Everton,Chelsea,0,1,1
2022-01-02,2021/2022,Everton,Brighton,1,2,3
2022-01-15,2021/2022,Everton,Norwich City,0,1,2
2022-01-22,2021/2022,Everton,Aston Villa,1,0,1
2022-02-08,2021/2022,Everton,Newcastle Utd,0,1,3
2022-02-12,2021/2022,Everton,Leeds United,1,3,0
2022-02-19,2021/2022,Everton,Southampton,0,0,2
2022-02-26,2021/2022,Everton,Manchester City,1,0,1
2022-03-07,2021/2022,Everton,Tottenham,0,0,5
2022-03-13,2021/2022,Everton,Wolves,1,0,1
2022-03-17,2021/2022,Everton,Newcastle Utd,1,1,0
2022-04-03,2021/2022,Everton,West Ham,0,1,2
2022-04-06,2021/2022,Everton,Burnley,0,2,3
2022-04-09,2021/2022,Everton,Manchester Utd,1,1,0
2022-04-20,2021/2022,Everton,Leicester City,1,1,1
2022-04-24,2021/2022,Everton,Liverpool,0,0,2
2022-05-01,2021/2022,Everton,Chelsea,1,1,0
2022-05-08,2021/2022,Everton,Leicester City,0,2,1
2022-05-11,2021/2022,Everton,Watford,0,0,0
2022-05-15,2021/2022,Everton,Brentford,1,2,3
2022-05-19,2021/2022,Everton,Crystal Palace,1,3,2
2022-05-22,2021/2022,Everton,Arsenal,0,1,5
2022-08-06,2022/2023,Everton,Chelsea,1,0,1
2022-08-13,2022/2023,Everton,Aston Villa,0,1,2
2022-08-20,2022/2023,Everton,Nott'ham Forest,1,1,1
2022-08-27,2022/2023,Everton,Brentford,0,1,1
2022-08-30,2022/2023,Everton,Leeds United,0,1,1
2022-09-03,2022/2023,Everton,Liverpool,1,0,0
2022-09-18,2022/2023,Everton,West Ham,1,1,0
2022-10-01,2022/2023,Everton,Southampton,0,2,1
2022-10-09,2022/2023,Everton,Manchester Utd,1,1,2
2022-10-15,2022/2023,Everton,Tottenham,0,0,2
2022-10-19,2022/2023,Everton,Newcastle Utd,0,0,1
2022-10-22,2022/2023,Everton,Crystal Palace,1,3,0
2022-10-29,2022/2023,Everton,Fulham,0,0,0
2022-11-05,2022/2023,Everton,Leicester City,1,0,2
2022-11-12,2022/2023,Everton,Bournemouth,0,0,3
2022-12-26,2022/2023,Everton,Wolves,1,1,2
2022-12-31,2022/2023,Everton,Manchester City,0,1,1
2023-01-03,2022/2023,Everton,Brighton,1,1,4
2023-01-14,2022/2023,Everton,Southampton,1,1,2
2023-01-21,2022/2023,Everton,West Ham,0,0,2
2023-02-04,2022/2023,Everton,Arsenal,1,1,0
2023-02-13,2022/2023,Everton,Liverpool,0,0,2
2023-02-18,2022/2023,Everton,Leeds United,1,1,0
2023-02-25,2022/2023,Everton,Aston Villa,1,0,2
2023-03-01,2022/2023,Everton,Arsenal,0,0,4
2023-03-05,2022/2023,Everton,Nott'ham Forest,0,2,2
2023-03-11,2022/2023,Everton,Brentford,1,1,0
2023-03-18,2022/2023,Everton,Chelsea,0,2,2
2023-04-03,2022/2023,Everton,Tottenham,1,1,1
2023-04-08,2022/2023,Everton,Manchester Utd,0,0,2
2023-04-15,2022/2023,Everton,Fulham,1,1,3
2023-04-22,2022/2023,Everton,Crystal Palace,0,0,0
2023-04-27,2022/2023,Everton,Newcastle Utd,1,1,4
2023-05-01,2022/2023,Everton,Leicester City,0,2,2
2023-05-08,2022/2023,Everton,Brighton,0,5,1
2023-05-14,2022/2023,Everton,Manchester City,1,0,3
2023-05-20,2022/2023,Everton,Wolves,0,1,1
2023-05-28,2022/2023,Everton,Bournemouth,1,1,0
2023-08-12,2023/2024,Everton,Fulham,1,0,1
2023-08-20,2023/2024,Everton,Aston Villa,0,0,4
2023-08-26,2023/2024,Everton,Wolves,1,0,1
2023-09-02,2023/2024,Everton,Sheffield Utd,0,2,2
2023-09-17,2023/2024,Everton,Arsenal,1,0,1
2023-09-23,2023/2024,Everton,Brentford,0,3,1
2023-09-30,2023/2024,Everton,Luton Town,1,1,2
2023-10-07,2023/2024,Everton,Bournemouth,1,3,0
2023-10-21,2023/2024,Everton,Liverpool,0,0,2
2023-10-29,2023/2024,Everton,West Ham,0,1,0
2023-11-04,2023/2024,Everton,Brighton,1,1,1
2023-11-11,2023/2024,Everton,Crystal Palace,0,3,2
2023-11-26,2023/2024,Everton,Manchester Utd,1,0,3
2023-12-02,2023/2024,Everton,Nott'ham Forest,0,1,0
2023-12-07,2023/2024,Everton,Newcastle Utd,1,3,0
2023-12-10,2023/2024,Everton,Chelsea,1,2,0
2023-12-16,2023/2024,Everton,Burnley,0,2,0
2023-12-23,2023/2024,Everton,Tottenham,0,1,2
2023-12-27,2023/2024,Everton,Manchester City,1,1,3
2023-12-30,2023/2024,Everton,Wolves,0,0,3
2024-01-14,2023/2024,Everton,Aston Villa,1,0,0
2024-01-30,2023/2024,Everton,Fulham,0,0,0
2024-02-03,2023/2024,Everton,Tottenham,1,2,2
2024-02-10,2023/2024,Everton,Manchester City,0,0,2
2024-02-19,2023/2024,Everton,Crystal Palace,1,1,1
2024-02-24,2023/2024,Everton,Brighton,0,1,1
2024-03-02,2023/2024,Everton,West Ham,1,1,3
2024-03-09,2023/2024,Everton,Manchester Utd,0,0,2
2024-03-30,2023/2024,Everton,Bournemouth,0,1,2
2024-04-02,2023/2024,Everton,Newcastle Utd,0,1,1
2024-04-06,2023/2024,Everton,Burnley,1,1,0
2024-04-15,2023/2024,Everton,Chelsea,0,0,6
2024-04-21,2023/2024,Everton,Nott'ham Forest,1,2,0
2024-04-24,2023/2024,Everton,Liverpool,1,2,0
2024-04-27,2023/2024,Everton,Brentford,1,1,0
2024-05-03,2023/2024,Everton,Luton Town,0,1,1
2024-05-11,2023/2024,Everton,Sheffield Utd,1,1,0
2024-05-19,2023/2024,Everton,Arsenal,0,1,2
2018-08-11,2018/2019,Fulham,Crystal Palace,1,0,2
2018-08-18,2018/2019,Fulham,Tottenham,0,1,3
2018-08-26,2018/2019,Fulham,Burnley,1,4,2
2018-09-01,2018/2019,Fulham,Brighton,0,2,2
2018-09-15,2018/2019,Fulham,Manchester City,0,0,3
2018-09-22,2018/2019,Fulham,Watford,1,1,1
2018-09-29,2018/2019,Fulham,Everton,0,0,3
2018-10-07,2018/2019,Fulham,Arsenal,1,1,5
2018-10-20,2018/2019,Fulham,Cardiff City,0,2,4
2018-10-27,2018/2019,Fulham,Bournemouth,1,0,3
2018-11-05,2018/2019,Fulham,Huddersfield,0,0,1
2018-11-11,2018/2019,Fulham,Liverpool,0,0,2
2018-11-24,2018/2019,Fulham,Southampton,1,3,2
2018-12-02,2018/2019,Fulham,Chelsea,0,0,2
2018-12-05,2018/2019,Fulham,Leicester City,1,1,1
2018-12-08,2018/2019,Fulham,Manchester Utd,0,1,4
2018-12-15,2018/2019,Fulham,West Ham,1,0,2
2018-12-22,2018/2019,Fulham,Newcastle Utd,0,0,0
2018-12-26,2018/2019,Fulham,Wolves,1,1,1
2018-12-29,2018/2019,Fulham,Huddersfield,1,1,0
2019-01-01,2018/2019,Fulham,Arsenal,0,1,4
2019-01-12,2018/2019,Fulham,Burnley,0,1,2
2019-01-20,2018/2019,Fulham,Tottenham,1,1,2
2019-01-29,2018/2019,Fulham,Brighton,1,4,2
2019-02-02,2018/2019,Fulham,Crystal Palace,0,0,2
2019-02-09,2018/2019,Fulham,Manchester Utd,1,0,3
2019-02-22,2018/2019,Fulham,West Ham,0,1,3
2019-02-27,2018/2019,Fulham,Southampton,0,0,2
2019-03-03,2018/2019,Fulham,Chelsea,1,1,2
2019-03-09,2018/2019,Fulham,Leicester City,0,1,3
2019-03-17,2018/2019,Fulham,Liverpool,1,1,2
2019-03-30,2018/2019,Fulham,Manchester City,1,0,2
2019-04-02,2018/2019,Fulham,Watford,0,1,4
2019-04-13,2018/2019,Fulham,Everton,1,2,0
2019-04-20,2018/2019,Fulham,Bournemouth,0,1,0
2019-04-27,2018/2019,Fulham,Cardiff City,1,1,0
2019-05-04,2018/2019,Fulham,Wolves,0,0,1
2019-05-12,2018/2019,Fulham,Newcastle Utd,1,0,4
2020-09-12,2020/2021,Fulham,Arsenal,1,0,3
2020-09-19,2020/2021,Fulham,Leeds United,0,3,4
2020-09-28,2020/2021,Fulham,Aston Villa,1,0,3
2020-10-04,2020/2021,Fulham,Wolves,0,0,1
2020-10-18,2020/2021,Fulham,Sheffield Utd,0,1,1
2020-10-24,2020/2021,Fulham,Crystal Palace,1,1,2
2020-11-02,2020/2021,Fulham,West Brom,1,2,0
2020-11-07,2020/2021,Fulham,West Ham,0,0,1
2020-11-22,2020/2021,Fulham,Everton,1,2,3
2020-11-30,2020/2021,Fulham,Leicester City,0,2,1
2020-12-05,2020/2021,Fulham,Manchester City,0,0,2
2020-12-13,2020/2021,Fulham,Liverpool,1,1,1
2020-12-16,2020/2021,Fulham,Brighton,1,0,0
2020-12-19,2020/2021,Fulham,Newcastle Utd,0,1,1
2020-12-26,2020/2021,Fulham,Southampton,1,0,0
2021-01-13,2020/2021,Fulham,Tottenham,0,1,1
2021-01-16,2020/2021,Fulham,Chelsea,1,0,1
2021-01-20,2020/2021,Fulham,Manchester Utd,1,1,2
2021-01-27,2020/2021,Fulham,Brighton,0,0,0
2021-01-30,2020/2021,Fulham,West Brom,0,2,2
2021-02-03,2020/2021,Fulham,Leicester City,1,0,2
2021-02-06,2020/2021,Fulham,West Ham,1,0,0
2021-02-14,2020/2021,Fulham,Everton,0,2,0
2021-02-17,2020/2021,Fulham,Burnley,0,1,1
2021-02-20,2020/2021,Fulham,Sheffield Utd,1,1,0
2021-02-28,2020/2021,Fulham,Crystal Palace,0,0,0
2021-03-04,2020/2021,Fulham,Tottenham,1,0,1
2021-03-07,2020/2021,Fulham,Liverpool,0,1,0
2021-03-13,2020/2021,Fulham,Manchester City,1,0,3
2021-03-19,2020/2021,Fulham,Leeds United,1,1,2
2021-04-04,2020/2021,Fulham,Aston Villa,0,1,3
2021-04-09,2020/2021,Fulham,Wolves,1,0,1
2021-04-18,2020/2021,Fulham,Arsenal,0,1,1
2021-05-01,2020/2021,Fulham,Chelsea,0,0,2
2021-05-10,2020/2021,Fulham,Burnley,1,0,2
2021-05-15,2020/2021,Fulham,Southampton,0,1,3
2021-05-18,2020/2021,Fulham,Manchester Utd,0,1,1
2021-05-23,2020/2021,Fulham,Newcastle Utd,1,0,2
2022-08-06,2022/2023,Fulham,Liverpool,1,2,2
2022-08-13,2022/2023,Fulham,Wolves,0,0,0
2022-08-20,2022/2023,Fulham,Brentford,1,3,2
2022-08-27,2022/2023,Fulham,Arsenal,0,1,2
2022-08-30,2022/2023,Fulham,Brighton,1,2,1
2022-09-03,2022/2023,Fulham,Tottenham,0,1,2
2022-09-16,2022/2023,Fulham,Nott'ham Forest,0,3,2
2022-10-01,2022/2023,Fulham,Newcastle Utd,1,1,4
2022-10-09,2022/2023,Fulham,West Ham,0,1,3
2022-10-15,2022/2023,Fulham,Bournemouth,1,2,2
2022-10-20,2022/2023,Fulham,Aston Villa,1,3,0
2022-10-23,2022/2023,Fulham,Leeds United,0,3,2
2022-10-29,2022/2023,Fulham,Everton,1,0,0
2022-11-05,2022/2023,Fulham,Manchester City,0,1,2
2022-11-13,2022/2023,Fulham,Manchester Utd,1,1,2
2022-12-26,2022/2023,Fulham,Crystal Palace,0,3,0
2022-12-31,2022/2023,Fulham,Southampton,1,2,1
2023-01-03,2022/2023,Fulham,Leicester City,0,1,0
2023-01-12,2022/2023,Fulham,Chelsea,1,2,1
2023-01-15,2022/2023,Fulham,Newcastle Utd,0,0,1
2023-01-23,2022/2023,Fulham,Tottenham,1,0,1
2023-02-03,2022/2023,Fulham,Chelsea,0,0,0
2023-02-11,2022/2023,Fulham,Nott'ham Forest,1,2,0
2023-02-18,2022/2023,Fulham,Brighton,0,1,0
2023-02-24,2022/2023,Fulham,Wolves,1,1,1
2023-03-06,2022/2023,Fulham,Brentford,0,2,3
2023-03-12,2022/2023,Fulham,Arsenal,1,0,3
2023-04-01,2022/2023,Fulham,Bournemouth,0,1,2
2023-04-08,2022/2023,Fulham,West Ham,1,0,1
2023-04-15,2022/2023,Fulham,Everton,0,3,1
2023-04-22,2022/2023,Fulham,Leeds United,1,2,1
2023-04-25,2022/2023,Fulham,Aston Villa,0,0,1
2023-04-30,2022/2023,Fulham,Manchester City,1,1,2
2023-05-03,2022/2023,Fulham,Liverpool,0,0,1
2023-05-08,2022/2023,Fulham,Leicester City,1,5,3
2023-05-13,2022/2023,Fulham,Southampton,0,2,0
2023-05-20,2022/2023,Fulham,Crystal Palace,1,2,2
2023-05-28,2022/2023,Fulham,Manchester Utd,0,1,2
2023-08-12,2023/2024,Fulham,Everton,0,1,0
2023-08-19,2023/2024,Fulham,Brentford,1,0,3
2023-08-26,2023/2024,Fulham,Arsenal,0,2,2
2023-09-02,2023/2024,Fulham,Manchester City,0,1,5
2023-09-16,2023/2024,Fulham,Luton Town,1,1,0
2023-09-23,2023/2024,Fulham,Crystal Palace,0,0,0
2023-10-02,2023/2024,Fulham,Chelsea,1,0,2
2023-10-07,2023/2024,Fulham,Sheffield Utd,1,3,1
2023-10-23,2023/2024,Fulham,Tottenham,0,0,2
2023-10-29,2023/2024,Fulham,Brighton,0,1,1
2023-11-04,2023/2024,Fulham,Manchester Utd,1,0,1
2023-11-12,2023/2024,Fulham,Aston Villa,0,1,3
2023-11-27,2023/2024,Fulham,Wolves,1,3,2
2023-12-03,2023/2024,Fulham,Liverpool,0,3,4
2023-12-06,2023/2024,Fulham,Nott'ham Forest,1,5,0
2023-12-10,2023/2024,Fulham,West Ham,1,5,0
2023-12-16,2023/2024,Fulham,Newcastle Utd,0,0,3
2023-12-23,2023/2024,Fulham,Burnley,1,0,2
2023-12-26,2023/2024,Fulham,Bournemouth,0,0,3
2023-12-31,2023/2024,Fulham,Arsenal,1,2,1
2024-01-13,2023/2024,Fulham,Chelsea,0,0,1
2024-01-30,2023/2024,Fulham,Everton,1,0,0
2024-02-03,2023/2024,Fulham,Burnley,0,2,2
2024-02-10,2023/2024,Fulham,Bournemouth,1,3,1
2024-02-17,2023/2024,Fulham,Aston Villa,1,1,2
2024-02-24,2023/2024,Fulham,Manchester Utd,0,2,1
2024-03-02,2023/2024,Fulham,Brighton,1,3,0
2024-03-09,2023/2024,Fulham,Wolves,0,1,2
2024-03-16,2023/2024,Fulham,Tottenham,1,3,0
2024-03-30,2023/2024,Fulham,Sheffield Utd,0,3,3
2024-04-02,2023/2024,Fulham,Nott'ham Forest,0,1,3
2024-04-06,2023/2024,Fulham,Newcastle Utd,1,0,1
2024-04-14,2023/2024,Fulham,West Ham,0,2,0
2024-04-21,2023/2024,Fulham,Liverpool,1,1,3
2024-04-27,2023/2024,Fulham,Crystal Palace,1,1,1
2024-05-04,2023/2024,Fulham,Brentford,0,0,0
2024-05-11,2023/2024,Fulham,Manchester City,1,0,4
2024-05-19,2023/2024,Fulham,Luton Town,0,4,2
2017-08-12,2017/2018,Huddersfield,Crystal Palace,0,3,0
2017-08-20,2017/2018,Huddersfield,Newcastle Utd,1,1,0
2017-08-26,2017/2018,Huddersfield,Southampton,1,0,0
2017-09-11,2017/2018,Huddersfield,West Ham,0,0,2
2017-09-16,2017/2018,Huddersfield,Leicester City,1,1,1
2017-09-23,2017/2018,Huddersfield,Burnley,0,0,0
2017-09-30,2017/2018,Huddersfield,Tottenham,1,0,4
2017-10-14,2017/2018,Huddersfield,Swansea City,0,0,2
2017-10-21,2017/2018,Huddersfield,Manchester Utd,1,2,1
2017-10-28,2017/2018,Huddersfield,Liverpool,0,0,3
2017-11-04,2017/2018,Huddersfield,West Brom,1,1,0
2017-11-18,2017/2018,Huddersfield,Bournemouth,0,0,4
2017-11-26,2017/2018,Huddersfield,Manchester City,1,1,2
2017-11-29,2017/2018,Huddersfield,Arsenal,0,0,5
2017-12-02,2017/2018,Huddersfield,Everton,0,0,2
2017-12-09,2017/2018,Huddersfield,Brighton,1,2,0
2017-12-12,2017/2018,Huddersfield,Chelsea,1,1,3
2017-12-16,2017/2018,Huddersfield,Watford,0,4,1
2017-12-23,2017/2018,Huddersfield,Southampton,0,1,1
2017-12-26,2017/2018,Huddersfield,Stoke City,1,1,1
2017-12-30,2017/2018,Huddersfield,Burnley,1,0,0
2018-01-01,2017/2018,Huddersfield,Leicester City,0,0,3
2018-01-13,2017/2018,Huddersfield,West Ham,1,1,4
2018-01-20,2017/2018,Huddersfield,Stoke City,0,0,2
2018-01-30,2017/2018,Huddersfield,Liverpool,1,0,3
2018-02-03,2017/2018,Huddersfield,Manchester Utd,0,0,2
2018-02-11,2017/2018,Huddersfield,Bournemouth,1,4,1
2018-02-24,2017/2018,Huddersfield,West Brom,0,2,1
2018-03-03,2017/2018,Huddersfield,Tottenham,0,0,2
2018-03-10,2017/2018,Huddersfield,Swansea City,1,0,0
2018-03-17,2017/2018,Huddersfield,Crystal Palace,1,0,2
2018-03-31,2017/2018,Huddersfield,Newcastle Utd,0,0,1
2018-04-07,2017/2018,Huddersfield,Brighton,0,1,1
2018-04-14,2017/2018,Huddersfield,Watford,1,1,0
2018-04-28,2017/2018,Huddersfield,Everton,1,0,2
2018-05-06,2017/2018,Huddersfield,Manchester City,0,0,0
2018-05-09,2017/2018,Huddersfield,Chelsea,0,1,1
2018-05-13,2017/2018,Huddersfield,Arsenal,1,0,1
2018-08-11,2018/2019,Huddersfield,Chelsea,1,0,3
2018-08-19,2018/2019,Huddersfield,Manchester City,0,1,6
2018-08-25,2018/2019,Huddersfield,Cardiff City,1,0,0
2018-09-01,2018/2019,Huddersfield,Everton,0,1,1
2018-09-15,2018/2019,Huddersfield,Crystal Palace,1,0,1
2018-09-22,2018/2019,Huddersfield,Leicester City,0,1,3
2018-09-29,2018/2019,Huddersfield,Tottenham,1,0,2
2018-10-06,2018/2019,Huddersfield,Burnley,0,1,1
2018-10-20,2018/2019,Huddersfield,Liverpool,1,0,1
2018-10-27,2018/2019,Huddersfield,Watford,0,0,3
2018-11-05,2018/2019,Huddersfield,Fulham,1,1,0
2018-11-10,2018/2019,Huddersfield,West Ham,1,1,1
2018-11-25,2018/2019,Huddersfield,Wolves,0,2,0
2018-12-01,2018/2019,Huddersfield,Brighton,1,1,2
2018-12-04,2018/2019,Huddersfield,Bournemouth,0,1,2
2018-12-08,2018/2019,Huddersfield,Arsenal,0,0,1
2018-12-15,2018/2019,Huddersfield,Newcastle Utd,1,0,1
2018-12-22,2018/2019,Huddersfield,Southampton,1,1,3
2018-12-26,2018/2019,Huddersfield,Manchester Utd,0,1,3
2018-12-29,2018/2019,Huddersfield,Fulham,0,0,1
2019-01-02,2018/2019,Huddersfield,Burnley,1,1,2
2019-01-12,2018/2019,Huddersfield,Cardiff City,0,0,0
2019-01-20,2018/2019,Huddersfield,Manchester City,1,0,3
2019-01-29,2018/2019,Huddersfield,Everton,1,0,1
2019-02-02,2018/2019,Huddersfield,Chelsea,0,0,5
2019-02-09,2018/2019,Huddersfield,Arsenal,1,1,2
2019-02-23,2018/2019,Huddersfield,Newcastle Utd,0,0,2
2019-02-26,2018/2019,Huddersfield,Wolves,1,1,0
2019-03-02,2018/2019,Huddersfield,Brighton,0,0,1
2019-03-09,2018/2019,Huddersfield,Bournemouth,1,0,2
2019-03-16,2018/2019,Huddersfield,West Ham,0,3,4
2019-03-30,2018/2019,Huddersfield,Crystal Palace,0,0,2
2019-04-06,2018/2019,Huddersfield,Leicester City,1,1,4
2019-04-13,2018/2019,Huddersfield,Tottenham,0,0,4
2019-04-20,2018/2019,Huddersfield,Watford,1,1,2
2019-04-26,2018/2019,Huddersfield,Liverpool,0,0,5
2019-05-05,2018/2019,Huddersfield,Manchester Utd,1,1,1
2019-05-12,2018/2019,Huddersfield,Southampton,0,1,1
2014-08-16,2014/2015,Hull City,QPR,0,1,0
2014-08-24,2014/2015,Hull City,Stoke City,1,1,1
2014-08-31,2014/2015,Hull City,Aston Villa,0,1,2
2014-09-15,2014/2015,Hull City,West Ham,1,2,2
2014-09-20,2014/2015,Hull City,Newcastle Utd,0,2,2
2014-09-27,2014/2015,Hull City,Manchester City,1,2,4
2014-10-04,2014/2015,Hull City,Crystal Palace,1,2,0
2014-10-18,2014/2015,Hull City,Arsenal,0,2,2
2014-10-25,2014/2015,Hull City,Liverpool,0,0,0
2014-11-01,2014/2015,Hull City,Southampton,1,0,1
2014-11-08,2014/2015,Hull City,Burnley,0,0,1
2014-11-23,2014/2015,Hull City,Tottenham,1,1,2
2014-11-29,2014/2015,Hull City,Manchester Utd,0,0,3
2014-12-03,2014/2015,Hull City,Everton,0,1,1
2014-12-06,2014/2015,Hull City,West Brom,1,0,0
2014-12-13,2014/2015,Hull City,Chelsea,0,0,2
2014-12-20,2014/2015,Hull City,Swansea City,1,0,1
2014-12-26,2014/2015,Hull City,Sunderland,0,3,1
2014-12-28,2014/2015,Hull City,Leicester City,1,0,1
2015-01-01,2014/2015,Hull City,Everton,1,2,0
2015-01-10,2014/2015,Hull City,West Brom,0,0,1
2015-01-18,2014/2015,Hull City,West Ham,0,0,3
2015-01-31,2014/2015,Hull City,Newcastle Utd,1,0,3
2015-02-07,2014/2015,Hull City,Manchester City,0,1,1
2015-02-10,2014/2015,Hull City,Aston Villa,1,2,0
2015-02-21,2014/2015,Hull City,QPR,1,2,1
2015-02-28,2014/2015,Hull City,Stoke City,0,0,1
2015-03-03,2014/2015,Hull City,Sunderland,1,1,1
2015-03-14,2014/2015,Hull City,Leicester City,0,0,0
2015-03-22,2014/2015,Hull City,Chelsea,1,2,3
2015-04-04,2014/2015,Hull City,Swansea City,0,1,3
2015-04-11,2014/2015,Hull City,Southampton,0,0,2
2015-04-25,2014/2015,Hull City,Crystal Palace,0,2,0
2015-04-28,2014/2015,Hull City,Liverpool,1,1,0
2015-05-04,2014/2015,Hull City,Arsenal,1,1,3
2015-05-09,2014/2015,Hull City,Burnley,1,0,1
2015-05-16,2014/2015,Hull City,Tottenham,0,0,2
2015-05-24,2014/2015,Hull City,Manchester Utd,1,0,0
2016-08-13,2016/2017,Hull City,Leicester City,1,2,1
2016-08-20,2016/2017,Hull City,Swansea City,0,2,0
2016-08-27,2016/2017,Hull City,Manchester Utd,1,0,1
2016-09-10,2016/2017,Hull City,Burnley,0,1,1
2016-09-17,2016/2017,Hull City,Arsenal,1,1,4
2016-09-24,2016/2017,Hull City,Liverpool,0,1,5
2016-10-01,2016/2017,Hull City,Chelsea,1,0,2
2016-10-15,2016/2017,Hull City,Bournemouth,0,1,6
2016-10-22,2016/2017,Hull City,Stoke City,1,0,2
2016-10-29,2016/2017,Hull City,Watford,0,0,1
2016-11-06,2016/2017,Hull City,Southampton,1,2,1
2016-11-19,2016/2017,Hull City,Sunderland,0,0,3
2016-11-26,2016/2017,Hull City,West Brom,1,1,1
2016-12-05,2016/2017,Hull City,Middlesbrough,0,0,1
2016-12-10,2016/2017,Hull City,Crystal Palace,1,3,3
2016-12-14,2016/2017,Hull City,Tottenham,0,0,3
2016-12-17,2016/2017,Hull City,West Ham,0,0,1
2016-12-26,2016/2017,Hull City,Manchester City,1,0,3
2016-12-30,2016/2017,Hull City,Everton,1,2,2
2017-01-02,2016/2017,Hull City,West Brom,0,1,3
2017-01-14,2016/2017,Hull City,Bournemouth,1,3,1
2017-01-22,2016/2017,Hull City,Chelsea,0,0,2
2017-02-01,2016/2017,Hull City,Manchester Utd,0,0,0
2017-02-04,2016/2017,Hull City,Liverpool,1,2,0
2017-02-11,2016/2017,Hull City,Arsenal,0,0,2
2017-02-25,2016/2017,Hull City,Burnley,1,1,1
2017-03-04,2016/2017,Hull City,Leicester City,0,1,3
2017-03-11,2016/2017,Hull City,Swansea City,1,2,1
2017-03-18,2016/2017,Hull City,Everton,0,0,4
2017-04-01,2016/2017,Hull City,West Ham,1,2,1
2017-04-05,2016/2017,Hull City,Middlesbrough,1,4,2
2017-04-08,2016/2017,Hull City,Manchester City,0,1,3
2017-04-15,2016/2017,Hull City,Stoke City,0,1,3
2017-04-22,2016/2017,Hull City,Watford,1,2,0
2017-04-29,2016/2017,Hull City,Southampton,0,0,0
2017-05-06,2016/2017,Hull City,Sunderland,1,0,2
2017-05-14,2016/2017,Hull City,Crystal Palace,0,0,4
2017-05-21,2016/2017,Hull City,Tottenham,1,1,7
2020-09-12,2020/2021,Leeds United,Liverpool,0,3,4
2020-09-19,2020/2021,Leeds United,Fulham,1,4,3
2020-09-27,2020/2021,Leeds United,Sheffield Utd,0,1,0
2020-10-03,2020/2021,Leeds United,Manchester City,1,1,1
2020-10-19,2020/2021,Leeds United,Wolves,1,0,1
2020-10-23,2020/2021,Leeds United,Aston Villa,0,3,0
2020-11-02,2020/2021,Leeds United,Leicester City,1,1,4
2020-11-07,2020/2021,Leeds United,Crystal Palace,0,1,4
2020-11-22,2020/2021,Leeds United,Arsenal,1,0,0
2020-11-28,2020/2021,Leeds United,Everton,0,1,0
2020-12-05,2020/2021,Leeds United,Chelsea,0,1,3
2020-12-11,2020/2021,Leeds United,West Ham,1,1,2
2020-12-16,2020/2021,Leeds United,Newcastle Utd,1,5,2
2020-12-20,2020/2021,Leeds United,Manchester Utd,0,2,6
2020-12-27,2020/2021,Leeds United,Burnley,1,1,0
2020-12-29,2020/2021,Leeds United,West Brom,0,5,0
2021-01-02,2020/2021,Leeds United,Tottenham,0,0,3
2021-01-16,2020/2021,Leeds United,Brighton,1,0,1
2021-01-26,2020/2021,Leeds United,Newcastle Utd,0,2,1
2021-01-31,2020/2021,Leeds United,Leicester City,0,3,1
2021-02-03,2020/2021,Leeds United,Everton,1,1,2
2021-02-08,2020/2021,Leeds United,Crystal Palace,1,2,0
2021-02-14,2020/2021,Leeds United,Arsenal,0,2,4
2021-02-19,2020/2021,Leeds United,Wolves,0,0,1
2021-02-23,2020/2021,Leeds United,Southampton,1,3,0
2021-02-27,2020/2021,Leeds United,Aston Villa,1,0,1
2021-03-08,2020/2021,Leeds United,West Ham,0,0,2
2021-03-13,2020/2021,Leeds United,Chelsea,1,0,0
2021-03-19,2020/2021,Leeds United,Fulham,0,2,1
2021-04-03,2020/2021,Leeds United,Sheffield Utd,1,2,1
2021-04-10,2020/2021,Leeds United,Manchester City,0,2,1
2021-04-19,2020/2021,Leeds United,Liverpool,1,1,1
2021-04-25,2020/2021,Leeds United,Manchester Utd,1,0,0
2021-05-01,2020/2021,Leeds United,Brighton,0,0,2
2021-05-08,2020/2021,Leeds United,Tottenham,1,3,1
2021-05-15,2020/2021,Leeds United,Burnley,0,4,0
2021-05-18,2020/2021,Leeds United,Southampton,0,2,0
2021-05-23,2020/2021,Leeds United,West Brom,1,3,1
2021-08-14,2021/2022,Leeds United,Manchester Utd,0,1,5
2021-08-21,2021/2022,Leeds United,Everton,1,2,2
2021-08-29,2021/2022,Leeds United,Burnley,0,1,1
2021-09-12,2021/2022,Leeds United,Liverpool,1,0,3
2021-09-17,2021/2022,Leeds United,Newcastle Utd,0,1,1
2021-09-25,2021/2022,Leeds United,West Ham,1,1,2
2021-10-02,2021/2022,Leeds United,Watford,1,1,0
2021-10-16,2021/2022,Leeds United,Southampton,0,0,1
2021-10-23,2021/2022,Leeds United,Wolves,1,1,1
2021-10-31,2021/2022,Leeds United,Norwich City,0,2,1
2021-11-07,2021/2022,Leeds United,Leicester City,1,1,1
2021-11-21,2021/2022,Leeds United,Tottenham,0,1,2
2021-11-27,2021/2022,Leeds United,Brighton,0,0,0
2021-11-30,2021/2022,Leeds United,Crystal Palace,1,1,0
2021-12-05,2021/2022,Leeds United,Brentford,1,2,2
2021-12-11,2021/2022,Leeds United,Chelsea,0,2,3
2021-12-14,2021/2022,Leeds United,Manchester City,0,0,7
2021-12-18,2021/2022,Leeds United,Arsenal,1,1,4
2022-01-02,2021/2022,Leeds United,Burnley,1,3,1
2022-01-16,2021/2022,Leeds United,West Ham,0,3,2
2022-01-22,2021/2022,Leeds United,Newcastle Utd,1,0,1
2022-02-09,2021/2022,Leeds United,Aston Villa,0,3,3
2022-02-12,2021/2022,Leeds United,Everton,0,0,3
2022-02-20,2021/2022,Leeds United,Manchester Utd,1,2,4
2022-02-23,2021/2022,Leeds United,Liverpool,0,0,6
2022-02-26,2021/2022,Leeds United,Tottenham,1,0,4
2022-03-05,2021/2022,Leeds United,Leicester City,0,0,1
2022-03-10,2021/2022,Leeds United,Aston Villa,1,0,3
2022-03-13,2021/2022,Leeds United,Norwich City,1,2,1
2022-03-18,2021/2022,Leeds United,Wolves,0,3,2
2022-04-02,2021/2022,Leeds United,Southampton,1,1,1
2022-04-09,2021/2022,Leeds United,Watford,0,3,0
2022-04-25,2021/2022,Leeds United,Crystal Palace,0,0,0
2022-04-30,2021/2022,Leeds United,Manchester City,1,0,4
2022-05-08,2021/2022,Leeds United,Arsenal,0,1,2
2022-05-11,2021/2022,Leeds United,Chelsea,1,0,3
2022-05-15,2021/2022,Leeds United,Brighton,1,1,1
2022-05-22,2021/2022,Leeds United,Brentford,0,2,1
2022-08-06,2022/2023,Leeds United,Wolves,1,2,1
2022-08-13,2022/2023,Leeds United,Southampton,0,2,2
2022-08-21,2022/2023,Leeds United,Chelsea,1,3,0
2022-08-27,2022/2023,Leeds United,Brighton,0,0,1
2022-08-30,2022/2023,Leeds United,Everton,1,1,1
2022-09-03,2022/2023,Leeds United,Brentford,0,2,5
2022-10-02,2022/2023,Leeds United,Aston Villa,1,0,0
2022-10-09,2022/2023,Leeds United,Crystal Palace,0,1,2
2022-10-16,2022/2023,Leeds United,Arsenal,1,0,1
2022-10-20,2022/2023,Leeds United,Leicester City,0,0,2
2022-10-23,2022/2023,Leeds United,Fulham,1,2,3
2022-10-29,2022/2023,Leeds United,Liverpool,0,2,1
2022-11-05,2022/2023,Leeds United,Bournemouth,1,4,3
2022-11-12,2022/2023,Leeds United,Tottenham,0,3,4
2022-12-28,2022/2023,Leeds United,Manchester City,1,1,3
2022-12-31,2022/2023,Leeds United,Newcastle Utd,0,0,0
2023-01-04,2022/2023,Leeds United,West Ham,1,2,2
2023-01-13,2022/2023,Leeds United,Aston Villa,0,1,2
2023-01-22,2022/2023,Leeds United,Brentford,1,0,0
2023-02-05,2022/2023,Leeds United,Nott'ham Forest,0,0,1
2023-02-08,2022/2023,Leeds United,Manchester Utd,0,2,2
2023-02-12,2022/2023,Leeds United,Manchester Utd,1,0,2
2023-02-18,2022/2023,Leeds United,Everton,0,0,1
2023-02-25,2022/2023,Leeds United,Southampton,1,1,0
2023-03-04,2022/2023,Leeds United,Chelsea,0,0,1
2023-03-11,2022/2023,Leeds United,Brighton,1,2,2
2023-03-18,2022/2023,Leeds United,Wolves,0,4,2
2023-04-01,2022/2023,Leeds United,Arsenal,0,1,4
2023-04-04,2022/2023,Leeds United,Nott'ham Forest,1,2,1
2023-04-09,2022/2023,Leeds United,Crystal Palace,1,1,5
2023-04-17,2022/2023,Leeds United,Liverpool,1,1,6
2023-04-22,2022/2023,Leeds United,Fulham,0,1,2
2023-04-25,2022/2023,Leeds United,Leicester City,1,1,1
2023-04-30,2022/2023,Leeds United,Bournemouth,0,1,4
2023-05-06,2022/2023,Leeds United,Manchester City,0,1,2
2023-05-13,2022/2023,Leeds United,Newcastle Utd,1,2,2
2023-05-21,2022/2023,Leeds United,West Ham,0,1,3
2023-05-28,2022/2023,Leeds United,Tottenham,1,1,4
2014-08-16,2014/2015,Leicester City,Everton,1,2,2
2014-08-23,2014/2015,Leicester City,Chelsea,0,0,2
2014-08-31,2014/2015,Leicester City,Arsenal,1,1,1
2014-09-13,2014/2015,Leicester City,Stoke City,0,1,0
2014-09-21,2014/2015,Leicester City,Manchester Utd,1,5,3
2014-09-27,2014/2015,Leicester City,Crystal Palace,0,0,2
2014-10-04,2014/2015,Leicester City,Burnley,1,2,2
2014-10-18,2014/2015,Leicester City,Newcastle Utd,0,0,1
2014-10-25,2014/2015,Leicester City,Swansea City,0,0,2
2014-11-01,2014/2015,Leicester City,West Brom,1,0,1
2014-11-08,2014/2015,Leicester City,Southampton,0,0,2
2014-11-22,2014/2015,Leicester City,Sunderland,1,0,0
2014-11-29,2014/2015,Leicester City,QPR,0,2,3
2014-12-02,2014/2015,Leicester City,Liverpool,1,1,3
2014-12-07,2014/2015,Leicester City,Aston Villa,0,1,2
2014-12-13,2014/2015,Leicester City,Manchester City,1,0,1
2014-12-20,2014/2015,Leicester City,West Ham,0,0,2
2014-12-26,2014/2015,Leicester City,Tottenham,1,1,2
2014-12-28,2014/2015,Leicester City,Hull City,0,1,0
2015-01-01,2014/2015,Leicester City,Liverpool,0,2,2
2015-01-10,2014/2015,Leicester City,Aston Villa,1,1,0
2015-01-17,2014/2015,Leicester City,Stoke City,1,0,1
2015-01-31,2014/2015,Leicester City,Manchester Utd,0,1,3
2015-02-07,2014/2015,Leicester City,Crystal Palace,1,0,1
2015-02-10,2014/2015,Leicester City,Arsenal,0,1,2
2015-02-22,2014/2015,Leicester City,Everton,0,2,2
2015-03-04,2014/2015,Leicester City,Manchester City,0,0,2
2015-03-14,2014/2015,Leicester City,Hull City,1,0,0
2015-03-21,2014/2015,Leicester City,Tottenham,0,3,4
2015-04-04,2014/2015,Leicester City,West Ham,1,2,1
2015-04-11,2014/2015,Leicester City,West Brom,0,3,2
2015-04-18,2014/2015,Leicester City,Swansea City,1,2,0
2015-04-25,2014/2015,Leicester City,Burnley,0,1,0
2015-04-29,2014/2015,Leicester City,Chelsea,1,1,3
2015-05-02,2014/2015,Leicester City,Newcastle Utd,1,3,0
2015-05-09,2014/2015,Leicester City,Southampton,1,2,0
2015-05-16,2014/2015,Leicester City,Sunderland,0,0,0
2015-05-24,2014/2015,Leicester City,QPR,1,5,1
2015-08-08,2015/2016,Leicester City,Sunderland,1,4,2
2015-08-15,2015/2016,Leicester City,West Ham,0,2,1
2015-08-22,2015/2016,Leicester City,Tottenham,1,1,1
2015-08-29,2015/2016,Leicester City,Bournemouth,0,1,1
2015-09-13,2015/2016,Leicester City,Aston Villa,1,3,2
2015-09-19,2015/2016,Leicester City,Stoke City,0,2,2
2015-09-26,2015/2016,Leicester City,Arsenal,1,2,5
2015-10-03,2015/2016,Leicester City,Norwich City,0,2,1
2015-10-17,2015/2016,Leicester City,Southampton,0,2,2
2015-10-24,2015/2016,Leicester City,Crystal Palace,1,1,0
2015-10-31,2015/2016,Leicester City,West Brom,0,3,2
2015-11-07,2015/2016,Leicester City,Watford,1,2,1
2015-11-21,2015/2016,Leicester City,Newcastle Utd,0,3,0
2015-11-28,2015/2016,Leicester City,Manchester Utd,1,1,1
2015-12-05,2015/2016,Leicester City,Swansea City,0,3,0
2015-12-14,2015/2016,Leicester City,Chelsea,1,2,1
2015-12-19,2015/2016,Leicester City,Everton,0,3,2
2015-12-26,2015/2016,Leicester City,Liverpool,0,0,1
2015-12-29,2015/2016,Leicester City,Manchester City,1,0,0
2016-01-02,2015/2016,Leicester City,Bournemouth,1,0,0
2016-01-13,2015/2016,Leicester City,Tottenham,0,1,0
2016-01-16,2015/2016,Leicester City,Aston Villa,0,1,1
2016-01-23,2015/2016,Leicester City,Stoke City,1,3,0
2016-02-02,2015/2016,Leicester City,Liverpool,1,2,0
2016-02-06,2015/2016,Leicester City,Manchester City,0,3,1
2016-02-14,2015/2016,Leicester City,Arsenal,0,1,2
2016-02-27,2015/2016,Leicester City,Norwich City,1,1,0
2016-03-01,2015/2016,Leicester City,West Brom,1,2,2
2016-03-05,2015/2016,Leicester City,Watford,0,1,0
2016-03-14,2015/2016,Leicester City,Newcastle Utd,1,1,0
2016-03-19,2015/2016,Leicester City,Crystal Palace,0,1,0
2016-04-03,2015/2016,Leicester City,Southampton,1,1,0
2016-04-10,2015/2016,Leicester City,Sunderland,0,2,0
2016-04-17,2015/2016,Leicester City,West Ham,1,2,2
2016-04-24,2015/2016,Leicester City,Swansea City,1,4,0
2016-05-01,2015/2016,Leicester City,Manchester Utd,0,1,1
2016-05-07,2015/2016,Leicester City,Everton,1,3,1
2016-05-15,2015/2016,Leicester City,Chelsea,0,1,1
2016-08-13,2016/2017,Leicester City,Hull City,0,1,2
2016-08-20,2016/2017,Leicester City,Arsenal,1,0,0
2016-08-27,2016/2017,Leicester City,Swansea City,1,2,1
2016-09-10,2016/2017,Leicester City,Liverpool,0,1,4
2016-09-17,2016/2017,Leicester City,Burnley,1,3,0
2016-09-24,2016/2017,Leicester City,Manchester Utd,0,1,4
2016-10-02,2016/2017,Leicester City,Southampton,1,0,0
2016-10-15,2016/2017,Leicester City,Chelsea,0,0,3
2016-10-22,2016/2017,Leicester City,Crystal Palace,1,3,1
2016-10-29,2016/2017,Leicester City,Tottenham,0,1,1
2016-11-06,2016/2017,Leicester City,West Brom,1,1,2
2016-11-19,2016/2017,Leicester City,Watford,0,1,2
2016-11-26,2016/2017,Leicester City,Middlesbrough,1,2,2
2016-12-03,2016/2017,Leicester City,Sunderland,0,1,2
2016-12-10,2016/2017,Leicester City,Manchester City,1,4,2
2016-12-13,2016/2017,Leicester City,Bournemouth,0,0,1
2016-12-17,2016/2017,Leicester City,Stoke City,0,2,2
2016-12-26,2016/2017,Leicester City,Everton,1,0,2
2016-12-31,2016/2017,Leicester City,West Ham,1,1,0
2017-01-02,2016/2017,Leicester City,Middlesbrough,0,0,0
2017-01-14,2016/2017,Leicester City,Chelsea,1,0,3
2017-01-22,2016/2017,Leicester City,Southampton,0,0,3
2017-01-31,2016/2017,Leicester City,Burnley,0,0,1
2017-02-05,2016/2017,Leicester City,Manchester Utd,1,0,3
2017-02-12,2016/2017,Leicester City,Swansea City,0,0,2
2017-02-27,2016/2017,Leicester City,Liverpool,1,3,1
2017-03-04,2016/2017,Leicester City,Hull City,1,3,1
2017-03-18,2016/2017,Leicester City,West Ham,0,3,2
2017-04-01,2016/2017,Leicester City,Stoke City,1,2,0
2017-04-04,2016/2017,Leicester City,Sunderland,1,2,0
2017-04-09,2016/2017,Leicester City,Everton,0,2,4
2017-04-15,2016/2017,Leicester City,Crystal Palace,0,2,2
2017-04-26,2016/2017,Leicester City,Arsenal,0,0,1
2017-04-29,2016/2017,Leicester City,West Brom,0,1,0
2017-05-06,2016/2017,Leicester City,Watford,1,3,0
2017-05-13,2016/2017,Leicester City,Manchester City,0,1,2
2017-05-18,2016/2017,Leicester City,Tottenham,1,1,6
2017-05-21,2016/2017,Leicester City,Bournemouth,1,1,1
2017-08-11,2017/2018,Leicester City,Arsenal,0,3,4
2017-08-19,2017/2018,Leicester City,Brighton,1,2,0
2017-08-26,2017/2018,Leicester City,Manchester Utd,0,0,2
2017-09-09,2017/2018,Leicester City,Chelsea,1,1,2
2017-09-16,2017/2018,Leicester City,Huddersfield,0,1,1
2017-09-23,2017/2018,Leicester City,Liverpool,1,2,3
2017-09-30,2017/2018,Leicester City,Bournemouth,0,0,0
2017-10-16,2017/2018,Leicester City,West Brom,1,1,1
2017-10-21,2017/2018,Leicester City,Swansea City,0,2,1
2017-10-29,2017/2018,Leicester City,Everton,1,2,0
2017-11-04,2017/2018,Leicester City,Stoke City,0,2,2
2017-11-18,2017/2018,Leicester City,Manchester City,1,0,2
2017-11-24,2017/2018,Leicester City,West Ham,0,1,1
2017-11-28,2017/2018,Leicester City,Tottenham,1,2,1
2017-12-02,2017/2018,Leicester City,Burnley,1,1,0
2017-12-09,2017/2018,Leicester City,Newcastle Utd,0,3,2
2017-12-13,2017/2018,Leicester City,Southampton,0,4,1
2017-12-16,2017/2018,Leicester City,Crystal Palace,1,0,3
2017-12-23,2017/2018,Leicester City,Manchester Utd,1,2,2
2017-12-26,2017/2018,Leicester City,Watford,0,1,2
2017-12-30,2017/2018,Leicester City,Liverpool,0,1,2
2018-01-01,2017/2018,Leicester City,Huddersfield,1,3,0
2018-01-13,2017/2018,Leicester City,Chelsea,0,0,0
2018-01-20,2017/2018,Leicester City,Watford,1,2,0
2018-01-31,2017/2018,Leicester City,Everton,0,1,2
2018-02-03,2017/2018,Leicester City,Swansea City,1,1,1
2018-02-10,2017/2018,Leicester City,Manchester City,0,1,5
2018-02-24,2017/2018,Leicester City,Stoke City,1,1,1
2018-03-03,2017/2018,Leicester City,Bournemouth,1,1,1
2018-03-10,2017/2018,Leicester City,West Brom,0,4,1
2018-03-31,2017/2018,Leicester City,Brighton,0,2,0
2018-04-07,2017/2018,Leicester City,Newcastle Utd,1,1,2
2018-04-14,2017/2018,Leicester City,Burnley,0,1,2
2018-04-19,2017/2018,Leicester City,Southampton,1,0,0
2018-04-28,2017/2018,Leicester City,Crystal Palace,0,0,5
2018-05-05,2017/2018,Leicester City,West Ham,1,0,2
2018-05-09,2017/2018,Leicester City,Arsenal,1,3,1
2018-05-13,2017/2018,Leicester City,Tottenham,0,4,5
2018-08-10,2018/2019,Leicester City,Manchester Utd,0,1,2
2018-08-18,2018/2019,Leicester City,Wolves,1,2,0
2018-08-25,2018/2019,Leicester City,Southampton,0,2,1
2018-09-01,2018/2019,Leicester City,Liverpool,1,1,2
2018-09-15,2018/2019,Leicester City,Bournemouth,0,2,4
2018-09-22,2018/2019,Leicester City,Huddersfield,1,3,1
2018-09-29,2018/2019,Leicester City,Newcastle Utd,0,2,0
2018-10-06,2018/2019,Leicester City,Everton,1,1,2
2018-10-22,2018/2019,Leicester City,Arsenal,0,1,3
2018-10-27,2018/2019,Leicester City,West Ham,1,1,1
2018-11-03,2018/2019,Leicester City,Cardiff City,0,1,0
2018-11-10,2018/2019,Leicester City,Burnley,1,0,0
2018-11-24,2018/2019,Leicester City,Brighton,0,1,1
2018-12-01,2018/2019,Leicester City,Watford,1,2,0
2018-12-05,2018/2019,Leicester City,Fulham,0,1,1
2018-12-08,2018/2019,Leicester City,Tottenham,1,0,2
2018-12-15,2018/2019,Leicester City,Crystal Palace,0,0,1
2018-12-22,2018/2019,Leicester City,Chelsea,0,1,0
2018-12-26,2018/2019,Leicester City,Manchester City,1,2,1
2018-12-29,2018/2019,Leicester City,Cardiff City,1,0,1
2019-01-01,2018/2019,Leicester City,Everton,0,1,0
2019-01-12,2018/2019,Leicester City,Southampton,1,1,2
2019-01-19,2018/2019,Leicester City,Wolves,0,3,4
2019-01-30,2018/2019,Leicester City,Liverpool,0,1,1
2019-02-03,2018/2019,Leicester City,Manchester Utd,1,0,1
2019-02-10,2018/2019,Leicester City,Tottenham,0,1,3
2019-02-23,2018/2019,Leicester City,Crystal Palace,1,1,4
2019-02-26,2018/2019,Leicester City,Brighton,1,2,1
2019-03-03,2018/2019,Leicester City,Watford,0,1,2
2019-03-09,2018/2019,Leicester City,Fulham,1,3,1
2019-03-16,2018/2019,Leicester City,Burnley,0,2,1
2019-03-30,2018/2019,Leicester City,Bournemouth,1,2,0
2019-04-06,2018/2019,Leicester City,Huddersfield,0,4,1
2019-04-12,2018/2019,Leicester City,Newcastle Utd,1,0,1
2019-04-20,2018/2019,Leicester City,West Ham,0,2,2
2019-04-28,2018/2019,Leicester City,Arsenal,1,3,0
2019-05-06,2018/2019,Leicester City,Manchester City,0,0,1
2019-05-12,2018/2019,Leicester City,Chelsea,1,0,0
2019-08-11,2019/2020,Leicester City,Wolves,1,0,0
2019-08-18,2019/2020,Leicester City,Chelsea,0,1,1
2019-08-24,2019/2020,Leicester City,Sheffield Utd,0,2,1
2019-08-31,2019/2020,Leicester City,Bournemouth,1,3,1
2019-09-14,2019/2020,Leicester City,Manchester Utd,0,0,1
2019-09-21,2019/2020,Leicester City,Tottenham,1,2,1
2019-09-29,2019/2020,Leicester City,Newcastle Utd,1,5,0
2019-10-05,2019/2020,Leicester City,Liverpool,0,1,2
2019-10-19,2019/2020,Leicester City,Burnley,1,2,1
2019-10-25,2019/2020,Leicester City,Southampton,0,9,0
2019-11-03,2019/2020,Leicester City,Crystal Palace,0,2,0
2019-11-09,2019/2020,Leicester City,Arsenal,1,2,0
2019-11-23,2019/2020,Leicester City,Brighton,0,2,0
2019-12-01,2019/2020,Leicester City,Everton,1,2,1
2019-12-04,2019/2020,Leicester City,Watford,1,2,0
2019-12-08,2019/2020,Leicester City,Aston Villa,0,4,1
2019-12-14,2019/2020,Leicester City,Norwich City,1,1,1
2019-12-21,2019/2020,Leicester City,Manchester City,0,1,3
2019-12-26,2019/2020,Leicester City,Liverpool,1,0,4
2019-12-28,2019/2020,Leicester City,West Ham,0,2,1
2020-01-01,2019/2020,Leicester City,Newcastle Utd,0,3,0
2020-01-11,2019/2020,Leicester City,Southampton,1,1,2
2020-01-19,2019/2020,Leicester City,Burnley,0,1,2
2020-01-22,2019/2020,Leicester City,West Ham,1,4,1
2020-02-01,2019/2020,Leicester City,Chelsea,1,2,2
2020-02-14,2019/2020,Leicester City,Wolves,0,0,0
2020-02-22,2019/2020,Leicester City,Manchester City,1,0,1
2020-02-28,2019/2020,Leicester City,Norwich City,0,0,1
2020-03-09,2019/2020,Leicester City,Aston Villa,1,4,0
2020-06-20,2019/2020,Leicester City,Watford,0,1,1
2020-06-23,2019/2020,Leicester City,Brighton,1,0,0
2020-07-01,2019/2020,Leicester City,Everton,0,1,2
2020-07-04,2019/2020,Leicester City,Crystal Palace,1,3,0
2020-07-07,2019/2020,Leicester City,Arsenal,0,1,1
2020-07-12,2019/2020,Leicester City,Bournemouth,0,1,4
2020-07-16,2019/2020,Leicester City,Sheffield Utd,1,2,0
2020-07-19,2019/2020,Leicester City,Tottenham,0,0,3
2020-07-26,2019/2020,Leicester City,Manchester Utd,1,0,2
2020-09-13,2020/2021,Leicester City,West Brom,0,3,0
2020-09-20,2020/2021,Leicester City,Burnley,1,4,2
2020-09-27,2020/2021,Leicester City,Manchester City,0,5,2
2020-10-04,2020/2021,Leicester City,West Ham,1,0,3
2020-10-18,2020/2021,Leicester City,Aston Villa,1,0,1
2020-10-25,2020/2021,Leicester City,Arsenal,0,1,0
2020-11-02,2020/2021,Leicester City,Leeds United,0,4,1
2020-11-08,2020/2021,Leicester City,Wolves,1,1,0
2020-11-22,2020/2021,Leicester City,Liverpool,0,0,3
2020-11-30,2020/2021,Leicester City,Fulham,1,1,2
2020-12-06,2020/2021,Leicester City,Sheffield Utd,0,2,1
2020-12-13,2020/2021,Leicester City,Brighton,1,3,0
2020-12-16,2020/2021,Leicester City,Everton,1,0,2
2020-12-20,2020/2021,Leicester City,Tottenham,0,2,0
2020-12-26,2020/2021,Leicester City,Manchester Utd,1,2,2
2020-12-28,2020/2021,Leicester City,Crystal Palace,0,1,1
2021-01-03,2020/2021,Leicester City,Newcastle Utd,0,2,1
2021-01-16,2020/2021,Leicester City,Southampton,1,2,0
2021-01-19,2020/2021,Leicester City,Chelsea,1,2,0
2021-01-27,2020/2021,Leicester City,Everton,0,1,1
2021-01-31,2020/2021,Leicester City,Leeds United,1,1,3
2021-02-03,2020/2021,Leicester City,Fulham,0,2,0
2021-02-07,2020/2021,Leicester City,Wolves,0,0,0
2021-02-13,2020/2021,Leicester City,Liverpool,1,3,1
2021-02-21,2020/2021,Leicester City,Aston Villa,0,2,1
2021-02-28,2020/2021,Leicester City,Arsenal,1,1,3
2021-03-03,2020/2021,Leicester City,Burnley,0,1,1
2021-03-06,2020/2021,Leicester City,Brighton,0,2,1
2021-03-14,2020/2021,Leicester City,Sheffield Utd,1,5,0
2021-04-03,2020/2021,Leicester City,Manchester City,1,0,2
2021-04-11,2020/2021,Leicester City,West Ham,0,2,3
2021-04-22,2020/2021,Leicester City,West Brom,1,3,0
2021-04-26,2020/2021,Leicester City,Crystal Palace,1,2,1
2021-04-30,2020/2021,Leicester City,Southampton,0,1,1
2021-05-07,2020/2021,Leicester City,Newcastle Utd,1,2,4
2021-05-11,2020/2021,Leicester City,Manchester Utd,0,2,1
2021-05-18,2020/2021,Leicester City,Chelsea,0,1,2
2021-05-23,2020/2021,Leicester City,Tottenham,1,2,4
2021-08-14,2021/2022,Leicester City,Wolves,1,1,0
2021-08-23,2021/2022,Leicester City,West Ham,0,1,4
2021-08-28,2021/2022,Leicester City,Norwich City,0,2,1
2021-09-11,2021/2022,Leicester City,Manchester City,1,0,1
2021-09-19,2021/2022,Leicester City,Brighton,0,1,2
2021-09-25,2021/2022,Leicester City,Burnley,1,2,2
2021-10-03,2021/2022,Leicester City,Crystal Palace,0,2,2
2021-10-16,2021/2022,Leicester City,Manchester Utd,1,4,2
2021-10-24,2021/2022,Leicester City,Brentford,0,2,1
2021-10-30,2021/2022,Leicester City,Arsenal,1,0,2
2021-11-07,2021/2022,Leicester City,Leeds United,0,1,1
2021-11-20,2021/2022,Leicester City,Chelsea,1,0,3
2021-11-28,2021/2022,Leicester City,Watford,1,4,2
2021-12-01,2021/2022,Leicester City,Southampton,0,2,2
2021-12-05,2021/2022,Leicester City,Aston Villa,0,1,2
2021-12-12,2021/2022,Leicester City,Newcastle Utd,1,4,0
2021-12-26,2021/2022,Leicester City,Manchester City,0,3,6
2021-12-28,2021/2022,Leicester City,Liverpool,1,1,0
2022-01-19,2021/2022,Leicester City,Tottenham,1,2,3
2022-01-23,2021/2022,Leicester City,Brighton,1,1,1
2022-02-10,2021/2022,Leicester City,Liverpool,0,0,2
2022-02-13,2021/2022,Leicester City,West Ham,1,2,2
2022-02-20,2021/2022,Leicester City,Wolves,0,1,2
2022-03-01,2021/2022,Leicester City,Burnley,0,2,0
2022-03-05,2021/2022,Leicester City,Leeds United,1,1,0
2022-03-13,2021/2022,Leicester City,Arsenal,0,0,2
2022-03-20,2021/2022,Leicester City,Brentford,1,2,1
2022-04-02,2021/2022,Leicester City,Manchester Utd,0,1,1
2022-04-10,2021/2022,Leicester City,Crystal Palace,1,2,1
2022-04-17,2021/2022,Leicester City,Newcastle Utd,0,1,2
2022-04-20,2021/2022,Leicester City,Everton,0,1,1
2022-04-23,2021/2022,Leicester City,Aston Villa,1,0,0
2022-05-01,2021/2022,Leicester City,Tottenham,0,1,3
2022-05-08,2021/2022,Leicester City,Everton,1,1,2
2022-05-11,2021/2022,Leicester City,Norwich City,1,3,0
2022-05-15,2021/2022,Leicester City,Watford,0,5,1
2022-05-19,2021/2022,Leicester City,Chelsea,0,1,1
2022-05-22,2021/2022,Leicester City,Southampton,1,4,1
2022-08-07,2022/2023,Leicester City,Brentford,1,2,2
2022-08-13,2022/2023,Leicester City,Arsenal,0,2,4
2022-08-20,2022/2023,Leicester City,Southampton,1,1,2
2022-08-27,2022/2023,Leicester City,Chelsea,0,1,2
2022-09-01,2022/2023,Leicester City,Manchester Utd,1,0,1
2022-09-04,2022/2023,Leicester City,Brighton,0,2,5
2022-09-17,2022/2023,Leicester City,Tottenham,0,2,6
2022-10-03,2022/2023,Leicester City,Nott'ham Forest,1,4,0
2022-10-08,2022/2023,Leicester City,Bournemouth,0,1,2
2022-10-15,2022/2023,Leicester City,Crystal Palace,1,0,0
2022-10-20,2022/2023,Leicester City,Leeds United,1,2,0
2022-10-23,2022/2023,Leicester City,Wolves,0,4,0
2022-10-29,2022/2023,Leicester City,Manchester City,1,0,1
2022-11-05,2022/2023,Leicester City,Everton,0,2,0
2022-11-12,2022/2023,Leicester City,West Ham,0,2,0
2022-12-26,2022/2023,Leicester City,Newcastle Utd,1,0,3
2022-12-30,2022/2023,Leicester City,Liverpool,0,1,2
2023-01-03,2022/2023,Leicester City,Fulham,1,0,1
2023-01-14,2022/2023,Leicester City,Nott'ham Forest,0,0,2
2023-01-21,2022/2023,Leicester City,Brighton,1,2,2
2023-02-04,2022/2023,Leicester City,Aston Villa,0,4,2
2023-02-11,2022/2023,Leicester City,Tottenham,1,4,1
2023-02-19,2022/2023,Leicester City,Manchester Utd,0,0,3
2023-02-25,2022/2023,Leicester City,Arsenal,1,0,1
2023-03-04,2022/2023,Leicester City,Southampton,0,0,1
2023-03-11,2022/2023,Leicester City,Chelsea,1,1,3
2023-03-18,2022/2023,Leicester City,Brentford,0,1,1
2023-04-01,2022/2023,Leicester City,Crystal Palace,0,1,2
2023-04-04,2022/2023,Leicester City,Aston Villa,1,1,2
2023-04-08,2022/2023,Leicester City,Bournemouth,1,0,1
2023-04-15,2022/2023,Leicester City,Manchester City,0,1,3
2023-04-22,2022/2023,Leicester City,Wolves,1,2,1
2023-04-25,2022/2023,Leicester City,Leeds United,0,1,1
2023-05-01,2022/2023,Leicester City,Everton,1,2,2
2023-05-08,2022/2023,Leicester City,Fulham,0,3,5
2023-05-15,2022/2023,Leicester City,Liverpool,1,0,3
2023-05-22,2022/2023,Leicester City,Newcastle Utd,0,0,0
2023-05-28,2022/2023,Leicester City,West Ham,1,2,1
2014-08-17,2014/2015,Liverpool,Southampton,1,2,1
2014-08-25,2014/2015,Liverpool,Manchester City,0,1,3
2014-08-31,2014/2015,Liverpool,Tottenham,0,3,0
2014-09-13,2014/2015,Liverpool,Aston Villa,1,0,1
2014-09-20,2014/2015,Liverpool,West Ham,0,1,3
2014-09-27,2014/2015,Liverpool,Everton,1,1,1
2014-10-04,2014/2015,Liverpool,West Brom,1,2,1
2014-10-19,2014/2015,Liverpool,QPR,0,3,2
2014-10-25,2014/2015,Liverpool,Hull City,1,0,0
2014-11-01,2014/2015,Liverpool,Newcastle Utd,0,0,1
2014-11-08,2014/2015,Liverpool,Chelsea,1,1,2
2014-11-23,2014/2015,Liverpool,Crystal Palace,0,1,3
2014-11-29,2014/2015,Liverpool,Stoke City,1,1,0
2014-12-02,2014/2015,Liverpool,Leicester City,0,3,1
2014-12-06,2014/2015,Liverpool,Sunderland,1,0,0
2014-12-14,2014/2015,Liverpool,Manchester Utd,0,0,3
2014-12-21,2014/2015,Liverpool,Arsenal,1,2,2
2014-12-26,2014/2015,Liverpool,Burnley,0,1,0
2014-12-29,2014/2015,Liverpool,Swansea City,1,4,1
2015-01-01,2014/2015,Liverpool,Leicester City,1,2,2
2015-01-10,2014/2015,Liverpool,Sunderland,0,1,0
2015-01-17,2014/2015,Liverpool,Aston Villa,0,2,0
2015-01-31,2014/2015,Liverpool,West Ham,1,2,0
2015-02-07,2014/2015,Liverpool,Everton,0,0,0
2015-02-10,2014/2015,Liverpool,Tottenham,1,3,2
2015-02-22,2014/2015,Liverpool,Southampton,0,2,0
2015-03-01,2014/2015,Liverpool,Manchester City,1,2,1
2015-03-04,2014/2015,Liverpool,Burnley,1,2,0
2015-03-16,2014/2015,Liverpool,Swansea City,0,1,0
2015-03-22,2014/2015,Liverpool,Manchester Utd,1,1,2
2015-04-04,2014/2015,Liverpool,Arsenal,0,1,4
2015-04-13,2014/2015,Liverpool,Newcastle Utd,1,2,0
2015-04-25,2014/2015,Liverpool,West Brom,0,0,0
2015-04-28,2014/2015,Liverpool,Hull City,0,0,1
2015-05-02,2014/2015,Liverpool,QPR,1,2,1
2015-05-10,2014/2015,Liverpool,Chelsea,0,1,1
2015-05-16,2014/2015,Liverpool,Crystal Palace,1,1,3
2015-05-24,2014/2015,Liverpool,Stoke City,0,1,6
2015-08-09,2015/2016,Liverpool,Stoke City,0,1,0
2015-08-17,2015/2016,Liverpool,Bournemouth,1,1,0
2015-08-24,2015/2016,Liverpool,Arsenal,0,0,0
2015-08-29,2015/2016,Liverpool,West Ham,1,0,3
2015-09-12,2015/2016,Liverpool,Manchester Utd,0,1,3
2015-09-20,2015/2016,Liverpool,Norwich City,1,1,1
2015-09-26,2015/2016,Liverpool,Aston Villa,1,3,2
2015-10-04,2015/2016,Liverpool,Everton,0,1,1
2015-10-17,2015/2016,Liverpool,Tottenham,0,0,0
2015-10-25,2015/2016,Liverpool,Southampton,1,1,1
2015-10-31,2015/2016,Liverpool,Chelsea,0,3,1
2015-11-08,2015/2016,Liverpool,Crystal Palace,1,1,2
2015-11-21,2015/2016,Liverpool,Manchester City,0,4,1
2015-11-29,2015/2016,Liverpool,Swansea City,1,1,0
2015-12-06,2015/2016,Liverpool,Newcastle Utd,0,0,2
2015-12-13,2015/2016,Liverpool,West Brom,1,2,2
2015-12-20,2015/2016,Liverpool,Watford,0,0,3
2015-12-26,2015/2016,Liverpool,Leicester City,1,1,0
2015-12-30,2015/2016,Liverpool,Sunderland,0,1,0
2016-01-02,2015/2016,Liverpool,West Ham,0,0,2
2016-01-13,2015/2016,Liverpool,Arsenal,1,3,3
2016-01-17,2015/2016,Liverpool,Manchester Utd,1,0,1
2016-01-23,2015/2016,Liverpool,Norwich City,0,5,4
2016-02-02,2015/2016,Liverpool,Leicester City,0,0,2
2016-02-06,2015/2016,Liverpool,Sunderland,1,2,2
2016-02-14,2015/2016,Liverpool,Aston Villa,0,6,0
2016-03-02,2015/2016,Liverpool,Manchester City,1,3,0
2016-03-06,2015/2016,Liverpool,Crystal Palace,0,2,1
2016-03-20,2015/2016,Liverpool,Southampton,0,2,3
2016-04-02,2015/2016,Liverpool,Tottenham,1,1,1
2016-04-10,2015/2016,Liverpool,Stoke City,1,4,1
2016-04-17,2015/2016,Liverpool,Bournemouth,0,2,1
2016-04-20,2015/2016,Liverpool,Everton,1,4,0
2016-04-23,2015/2016,Liverpool,Newcastle Utd,1,2,2
2016-05-01,2015/2016,Liverpool,Swansea City,0,1,3
2016-05-08,2015/2016,Liverpool,Watford,1,2,0
2016-05-11,2015/2016,Liverpool,Chelsea,1,1,1
2016-05-15,2015/2016,Liverpool,West Brom,0,1,1
2016-08-14,2016/2017,Liverpool,Arsenal,0,4,3
2016-08-20,2016/2017,Liverpool,Burnley,0,0,2
2016-08-27,2016/2017,Liverpool,Tottenham,0,1,1
2016-09-10,2016/2017,Liverpool,Leicester City,1,4,1
2016-09-16,2016/2017,Liverpool,Chelsea,0,2,1
2016-09-24,2016/2017,Liverpool,Hull City,1,5,1
2016-10-01,2016/2017,Liverpool,Swansea City,0,2,1
2016-10-17,2016/2017,Liverpool,Manchester Utd,1,0,0
2016-10-22,2016/2017,Liverpool,West Brom,1,2,1
2016-10-29,2016/2017,Liverpool,Crystal Palace,0,4,2
2016-11-06,2016/2017,Liverpool,Watford,1,6,1
2016-11-19,2016/2017,Liverpool,Southampton,0,0,0
2016-11-26,2016/2017,Liverpool,Sunderland,1,2,0
2016-12-04,2016/2017,Liverpool,Bournemouth,0,3,4
2016-12-11,2016/2017,Liverpool,West Ham,1,2,2
2016-12-14,2016/2017,Liverpool,Middlesbrough,0,3,0
2016-12-19,2016/2017,Liverpool,Everton,0,1,0
2016-12-27,2016/2017,Liverpool,Stoke City,1,4,1
2016-12-31,2016/2017,Liverpool,Manchester City,1,1,0
2017-01-02,2016/2017,Liverpool,Sunderland,0,2,2
2017-01-15,2016/2017,Liverpool,Manchester Utd,0,1,1
2017-01-21,2016/2017,Liverpool,Swansea City,1,2,3
2017-01-31,2016/2017,Liverpool,Chelsea,1,1,1
2017-02-04,2016/2017,Liverpool,Hull City,0,0,2
2017-02-11,2016/2017,Liverpool,Tottenham,1,2,0
2017-02-27,2016/2017,Liverpool,Leicester City,0,1,3
2017-03-04,2016/2017,Liverpool,Arsenal,1,3,1
2017-03-12,2016/2017,Liverpool,Burnley,1,2,1
2017-03-19,2016/2017,Liverpool,Manchester City,0,1,1
2017-04-01,2016/2017,Liverpool,Everton,1,3,1
2017-04-05,2016/2017,Liverpool,Bournemouth,1,2,2
2017-04-08,2016/2017,Liverpool,Stoke City,0,2,1
2017-04-16,2016/2017,Liverpool,West Brom,0,1,0
2017-04-23,2016/2017,Liverpool,Crystal Palace,1,1,2
2017-05-01,2016/2017,Liverpool,Watford,0,1,0
2017-05-07,2016/2017,Liverpool,Southampton,1,0,0
2017-05-14,2016/2017,Liverpool,West Ham,0,4,0
2017-05-21,2016/2017,Liverpool,Middlesbrough,1,3,0
2017-08-12,2017/2018,Liverpool,Watford,0,3,3
2017-08-19,2017/2018,Liverpool,Crystal Palace,1,1,0
2017-08-27,2017/2018,Liverpool,Arsenal,1,4,0
2017-09-09,2017/2018,Liverpool,Manchester City,0,0,5
2017-09-16,2017/2018,Liverpool,Burnley,1,1,1
2017-09-23,2017/2018,Liverpool,Leicester City,0,3,2
2017-10-01,2017/2018,Liverpool,Newcastle Utd,0,1,1
2017-10-14,2017/2018,Liverpool,Manchester Utd,1,0,0
2017-10-22,2017/2018,Liverpool,Tottenham,0,1,4
2017-10-28,2017/2018,Liverpool,Huddersfield,1,3,0
2017-11-04,2017/2018,Liverpool,West Ham,0,4,1
2017-11-18,2017/2018,Liverpool,Southampton,1,3,0
2017-11-25,2017/2018,Liverpool,Chelsea,1,1,1
2017-11-29,2017/2018,Liverpool,Stoke City,0,3,0
2017-12-02,2017/2018,Liverpool,Brighton,0,5,1
2017-12-10,2017/2018,Liverpool,Everton,1,1,1
2017-12-13,2017/2018,Liverpool,West Brom,1,0,0
2017-12-17,2017/2018,Liverpool,Bournemouth,0,4,0
2017-12-22,2017/2018,Liverpool,Arsenal,0,3,3
2017-12-26,2017/2018,Liverpool,Swansea City,1,5,0
2017-12-30,2017/2018,Liverpool,Leicester City,1,2,1
2018-01-01,2017/2018,Liverpool,Burnley,0,2,1
2018-01-14,2017/2018,Liverpool,Manchester City,1,4,3
2018-01-22,2017/2018,Liverpool,Swansea City,0,0,1
2018-01-30,2017/2018,Liverpool,Huddersfield,0,3,0
2018-02-04,2017/2018,Liverpool,Tottenham,1,2,2
2018-02-11,2017/2018,Liverpool,Southampton,0,2,0
2018-02-24,2017/2018,Liverpool,West Ham,1,4,1
2018-03-03,2017/2018,Liverpool,Newcastle Utd,1,2,0
2018-03-10,2017/2018,Liverpool,Manchester Utd,0,1,2
2018-03-17,2017/2018,Liverpool,Watford,1,5,0
2018-03-31,2017/2018,Liverpool,Crystal Palace,0,2,1
2018-04-07,2017/2018,Liverpool,Everton,0,0,0
2018-04-14,2017/2018,Liverpool,Bournemouth,1,3,0
2018-04-21,2017/2018,Liverpool,West Brom,0,2,2
2018-04-28,2017/2018,Liverpool,Stoke City,1,0,0
2018-05-06,2017/2018,Liverpool,Chelsea,0,0,1
2018-05-13,2017/2018,Liverpool,Brighton,1,4,0
2018-08-12,2018/2019,Liverpool,West Ham,1,4,0
2018-08-20,2018/2019,Liverpool,Crystal Palace,0,2,0
2018-08-25,2018/2019,Liverpool,Brighton,1,1,0
2018-09-01,2018/2019,Liverpool,Leicester City,0,2,1
2018-09-15,2018/2019,Liverpool,Tottenham,0,2,1
2018-09-22,2018/2019,Liverpool,Southampton,1,3,0
2018-09-29,2018/2019,Liverpool,Chelsea,0,1,1
2018-10-07,2018/2019,Liverpool,Manchester City,1,0,0
2018-10-20,2018/2019,Liverpool,Huddersfield,0,1,0
2018-10-27,2018/2019,Liverpool,Cardiff City,1,4,1
2018-11-03,2018/2019,Liverpool,Arsenal,0,1,1
2018-11-11,2018/2019,Liverpool,Fulham,1,2,0
2018-11-24,2018/2019,Liverpool,Watford,0,3,0
2018-12-02,2018/2019,Liverpool,Everton,1,1,0
2018-12-05,2018/2019,Liverpool,Burnley,0,3,1
2018-12-08,2018/2019,Liverpool,Bournemouth,0,4,0
2018-12-16,2018/2019,Liverpool,Manchester Utd,1,3,1
2018-12-21,2018/2019,Liverpool,Wolves,0,2,0
2018-12-26,2018/2019,Liverpool,Newcastle Utd,1,4,0
2018-12-29,2018/2019,Liverpool,Arsenal,1,5,1
2019-01-03,2018/2019,Liverpool,Manchester City,0,1,2
2019-01-12,2018/2019,Liverpool,Brighton,0,1,0
2019-01-19,2018/2019,Liverpool,Crystal Palace,1,4,3
2019-01-30,2018/2019,Liverpool,Leicester City,1,1,1
2019-02-04,2018/2019,Liverpool,West Ham,0,1,1
2019-02-09,2018/2019,Liverpool,Bournemouth,1,3,0
2019-02-24,2018/2019,Liverpool,Manchester Utd,0,0,0
2019-02-27,2018/2019,Liverpool,Watford,1,5,0
2019-03-03,2018/2019,Liverpool,Everton,0,0,0
2019-03-10,2018/2019,Liverpool,Burnley,1,4,2
2019-03-17,2018/2019,Liverpool,Fulham,0,2,1
2019-03-31,2018/2019,Liverpool,Tottenham,1,2,1
2019-04-05,2018/2019,Liverpool,Southampton,0,3,1
2019-04-14,2018/2019,Liverpool,Chelsea,1,2,0
2019-04-21,2018/2019,Liverpool,Cardiff City,0,2,0
2019-04-26,2018/2019,Liverpool,Huddersfield,1,5,0
2019-05-04,2018/2019,Liverpool,Newcastle Utd,0,3,2
2019-05-12,2018/2019,Liverpool,Wolves,1,2,0
2019-08-09,2019/2020,Liverpool,Norwich City,1,4,1
2019-08-17,2019/2020,Liverpool,Southampton,0,2,1
2019-08-24,2019/2020,Liverpool,Arsenal,1,3,1
2019-08-31,2019/2020,Liverpool,Burnley,0,3,0
2019-09-14,2019/2020,Liverpool,Newcastle Utd,1,3,1
2019-09-22,2019/2020,Liverpool,Chelsea,0,2,1
2019-09-28,2019/2020,Liverpool,Sheffield Utd,0,1,0
2019-10-05,2019/2020,Liverpool,Leicester City,1,2,1
2019-10-20,2019/2020,Liverpool,Manchester Utd,0,1,1
2019-10-27,2019/2020,Liverpool,Tottenham,1,2,1
2019-11-02,2019/2020,Liverpool,Aston Villa,0,2,1
2019-11-10,2019/2020,Liverpool,Manchester City,1,3,1
2019-11-23,2019/2020,Liverpool,Crystal Palace,0,2,1
2019-11-30,2019/2020,Liverpool,Brighton,1,2,1
2019-12-04,2019/2020,Liverpool,Everton,1,5,2
2019-12-07,2019/2020,Liverpool,Bournemouth,0,3,0
2019-12-14,2019/2020,Liverpool,Watford,1,2,0
2019-12-26,2019/2020,Liverpool,Leicester City,0,4,0
2019-12-29,2019/2020,Liverpool,Wolves,1,1,0
2020-01-02,2019/2020,Liverpool,Sheffield Utd,1,2,0
2020-01-11,2019/2020,Liverpool,Tottenham,0,1,0
2020-01-19,2019/2020,Liverpool,Manchester Utd,1,2,0
2020-01-23,2019/2020,Liverpool,Wolves,0,2,1
2020-01-29,2019/2020,Liverpool,West Ham,0,2,0
2020-02-01,2019/2020,Liverpool,Southampton,1,4,0
2020-02-15,2019/2020,Liverpool,Norwich City,0,1,0
2020-02-24,2019/2020,Liverpool,West Ham,1,3,2
2020-02-29,2019/2020,Liverpool,Watford,0,0,3
2020-03-07,2019/2020,Liverpool,Bournemouth,1,2,1
2020-06-21,2019/2020,Liverpool,Everton,0,0,0
2020-06-24,2019/2020,Liverpool,Crystal Palace,1,4,0
2020-07-02,2019/2020,Liverpool,Manchester City,0,0,4
2020-07-05,2019/2020,Liverpool,Aston Villa,1,2,0
2020-07-08,2019/2020,Liverpool,Brighton,0,3,1
2020-07-11,2019/2020,Liverpool,Burnley,1,1,1
2020-07-15,2019/2020,Liverpool,Arsenal,0,1,2
2020-07-22,2019/2020,Liverpool,Chelsea,1,5,3
2020-07-26,2019/2020,Liverpool,Newcastle Utd,0,3,1
2020-09-12,2020/2021,Liverpool,Leeds United,1,4,3
2020-09-20,2020/2021,Liverpool,Chelsea,0,2,0
2020-09-28,2020/2021,Liverpool,Arsenal,1,3,1
2020-10-04,2020/2021,Liverpool,Aston Villa,0,2,7
2020-10-17,2020/2021,Liverpool,Everton,0,2,2
2020-10-24,2020/2021,Liverpool,Sheffield Utd,1,2,1
2020-10-31,2020/2021,Liverpool,West Ham,1,2,1
2020-11-08,2020/2021,Liverpool,Manchester City,0,1,1
2020-11-22,2020/2021,Liverpool,Leicester City,1,3,0
2020-11-28,2020/2021,Liverpool,Brighton,0,1,1
2020-12-06,2020/2021,Liverpool,Wolves,1,4,0
2020-12-13,2020/2021,Liverpool,Fulham,0,1,1
2020-12-16,2020/2021,Liverpool,Tottenham,1,2,1
2020-12-19,2020/2021,Liverpool,Crystal Palace,0,7,0
2020-12-27,2020/2021,Liverpool,West Brom,1,1,1
2020-12-30,2020/2021,Liverpool,Newcastle Utd,0,0,0
2021-01-04,2020/2021,Liverpool,Southampton,0,0,1
2021-01-17,2020/2021,Liverpool,Manchester Utd,1,0,0
2021-01-21,2020/2021,Liverpool,Burnley,1,0,1
2021-01-28,2020/2021,Liverpool,Tottenham,0,3,1
2021-01-31,2020/2021,Liverpool,West Ham,0,3,1
2021-02-03,2020/2021,Liverpool,Brighton,1,0,1
2021-02-07,2020/2021,Liverpool,Manchester City,1,1,4
2021-02-13,2020/2021,Liverpool,Leicester City,0,1,3
2021-02-20,2020/2021,Liverpool,Everton,1,0,2
2021-02-28,2020/2021,Liverpool,Sheffield Utd,0,2,0
2021-03-04,2020/2021,Liverpool,Chelsea,1,0,1
2021-03-07,2020/2021,Liverpool,Fulham,1,0,1
2021-03-15,2020/2021,Liverpool,Wolves,0,1,0
2021-04-03,2020/2021,Liverpool,Arsenal,0,3,0
2021-04-10,2020/2021,Liverpool,Aston Villa,1,2,1
2021-04-19,2020/2021,Liverpool,Leeds United,0,1,1
2021-04-24,2020/2021,Liverpool,Newcastle Utd,1,1,1
2021-05-08,2020/2021,Liverpool,Southampton,1,2,0
2021-05-13,2020/2021,Liverpool,Manchester Utd,0,4,2
2021-05-16,2020/2021,Liverpool,West Brom,0,2,1
2021-05-19,2020/2021,Liverpool,Burnley,0,3,0
2021-05-23,2020/2021,Liverpool,Crystal Palace,1,2,0
2021-08-14,2021/2022,Liverpool,Norwich City,0,3,0
2021-08-21,2021/2022,Liverpool,Burnley,1,2,0
2021-08-28,2021/2022,Liverpool,Chelsea,1,1,1
2021-09-12,2021/2022,Liverpool,Leeds United,0,3,0
2021-09-18,2021/2022,Liverpool,Crystal Palace,1,3,0
2021-09-25,2021/2022,Liverpool,Brentford,0,3,3
2021-10-03,2021/2022,Liverpool,Manchester City,1,2,2
2021-10-16,2021/2022,Liverpool,Watford,0,5,0
2021-10-24,2021/2022,Liverpool,Manchester Utd,0,5,0
2021-10-30,2021/2022,Liverpool,Brighton,1,2,2
2021-11-07,2021/2022,Liverpool,West Ham,0,2,3
2021-11-20,2021/2022,Liverpool,Arsenal,1,4,0
2021-11-27,2021/2022,Liverpool,Southampton,1,4,0
2021-12-01,2021/2022,Liverpool,Everton,0,4,1
2021-12-04,2021/2022,Liverpool,Wolves,0,1,0
2021-12-11,2021/2022,Liverpool,Aston Villa,1,1,0
2021-12-16,2021/2022,Liverpool,Newcastle Utd,1,3,1
2021-12-19,2021/2022,Liverpool,Tottenham,0,2,2
2021-12-28,2021/2022,Liverpool,Leicester City,0,0,1
2022-01-02,2021/2022,Liverpool,Chelsea,0,2,2
2022-01-16,2021/2022,Liverpool,Brentford,1,3,0
2022-01-23,2021/2022,Liverpool,Crystal Palace,0,3,1
2022-02-10,2021/2022,Liverpool,Leicester City,1,2,0
2022-02-13,2021/2022,Liverpool,Burnley,0,1,0
2022-02-19,2021/2022,Liverpool,Norwich City,1,3,1
2022-02-23,2021/2022,Liverpool,Leeds United,1,6,0
2022-03-05,2021/2022,Liverpool,West Ham,1,1,0
2022-03-12,2021/2022,Liverpool,Brighton,0,2,0
2022-03-16,2021/2022,Liverpool,Arsenal,0,2,0
2022-04-02,2021/2022,Liverpool,Watford,1,2,0
2022-04-10,2021/2022,Liverpool,Manchester City,0,2,2
2022-04-19,2021/2022,Liverpool,Manchester Utd,1,4,0
2022-04-24,2021/2022,Liverpool,Everton,1,2,0
2022-04-30,2021/2022,Liverpool,Newcastle Utd,0,1,0
2022-05-07,2021/2022,Liverpool,Tottenham,1,1,1
2022-05-10,2021/2022,Liverpool,Aston Villa,0,2,1
2022-05-17,2021/2022,Liverpool,Southampton,0,2,1
2022-05-22,2021/2022,Liverpool,Wolves,1,3,1
2022-08-06,2022/2023,Liverpool,Fulham,0,2,2
2022-08-15,2022/2023,Liverpool,Crystal Palace,1,1,1
2022-08-22,2022/2023,Liverpool,Manchester Utd,0,1,2
2022-08-27,2022/2023,Liverpool,Bournemouth,1,9,0
2022-08-31,2022/2023,Liverpool,Newcastle Utd,1,2,1
2022-09-03,2022/2023,Liverpool,Everton,0,0,0
2022-10-01,2022/2023,Liverpool,Brighton,1,3,3
2022-10-09,2022/2023,Liverpool,Arsenal,0,2,3
2022-10-16,2022/2023,Liverpool,Manchester City,1,1,0
2022-10-19,2022/2023,Liverpool,West Ham,1,1,0
2022-10-22,2022/2023,Liverpool,Nott'ham Forest,0,0,1
2022-10-29,2022/2023,Liverpool,Leeds United,1,1,2
2022-11-06,2022/2023,Liverpool,Tottenham,0,2,1
2022-11-12,2022/2023,Liverpool,Southampton,1,3,1
2022-12-26,2022/2023,Liverpool,Aston Villa,0,3,1
2022-12-30,2022/2023,Liverpool,Leicester City,1,2,1
2023-01-02,2022/2023,Liverpool,Brentford,0,1,3
2023-01-14,2022/2023,Liverpool,Brighton,0,0,3
2023-01-21,2022/2023,Liverpool,Chelsea,1,0,0
2023-02-04,2022/2023,Liverpool,Wolves,0,0,3
2023-02-13,2022/2023,Liverpool,Everton,1,2,0
2023-02-18,2022/2023,Liverpool,Newcastle Utd,0,2,0
2023-02-25,2022/2023,Liverpool,Crystal Palace,0,0,0
2023-03-01,2022/2023,Liverpool,Wolves,1,2,0
2023-03-05,2022/2023,Liverpool,Manchester Utd,1,7,0
2023-03-11,2022/2023,Liverpool,Bournemouth,0,0,1
2023-04-01,2022/2023,Liverpool,Manchester City,0,1,4
2023-04-04,2022/2023,Liverpool,Chelsea,0,0,0
2023-04-09,2022/2023,Liverpool,Arsenal,1,2,2
2023-04-17,2022/2023,Liverpool,Leeds United,0,6,1
2023-04-22,2022/2023,Liverpool,Nott'ham Forest,1,3,2
2023-04-26,2022/2023,Liverpool,West Ham,0,2,1
2023-04-30,2022/2023,Liverpool,Tottenham,1,4,3
2023-05-03,2022/2023,Liverpool,Fulham,1,1,0
2023-05-06,2022/2023,Liverpool,Brentford,1,1,0
2023-05-15,2022/2023,Liverpool,Leicester City,0,3,0
2023-05-20,2022/2023,Liverpool,Aston Villa,1,1,1
2023-05-28,2022/2023,Liverpool,Southampton,0,4,4
2023-08-13,2023/2024,Liverpool,Chelsea,0,1,1
2023-08-19,2023/2024,Liverpool,Bournemouth,1,3,1
2023-08-27,2023/2024,Liverpool,Newcastle Utd,0,2,1
2023-09-03,2023/2024,Liverpool,Aston Villa,1,3,0
2023-09-16,2023/2024,Liverpool,Wolves,0,3,1
2023-09-24,2023/2024,Liverpool,West Ham,1,3,1
2023-09-30,2023/2024,Liverpool,Tottenham,0,1,2
2023-10-08,2023/2024,Liverpool,Brighton,0,2,2
2023-10-21,2023/2024,Liverpool,Everton,1,2,0
2023-10-29,2023/2024,Liverpool,Nott'ham Forest,1,3,0
2023-11-05,2023/2024,Liverpool,Luton Town,0,1,1
2023-11-12,2023/2024,Liverpool,Brentford,1,3,0
2023-11-25,2023/2024,Liverpool,Manchester City,0,1,1
2023-12-03,2023/2024,Liverpool,Fulham,1,4,3
2023-12-06,2023/2024,Liverpool,Sheffield Utd,0,2,0
2023-12-09,2023/2024,Liverpool,Crystal Palace,0,2,1
2023-12-17,2023/2024,Liverpool,Manchester Utd,1,0,0
2023-12-23,2023/2024,Liverpool,Arsenal,1,1,1
2023-12-26,2023/2024,Liverpool,Burnley,0,2,0
2024-01-01,2023/2024,Liverpool,Newcastle Utd,1,4,2
2024-01-21,2023/2024,Liverpool,Bournemouth,0,4,0
2024-01-31,2023/2024,Liverpool,Chelsea,1,4,1
2024-02-04,2023/2024,Liverpool,Arsenal,0,1,3
2024-02-10,2023/2024,Liverpool,Burnley,1,3,1
2024-02-17,2023/2024,Liverpool,Brentford,0,4,1
2024-02-21,2023/2024,Liverpool,Luton Town,1,4,1
2024-03-02,2023/2024,Liverpool,Nott'ham Forest,0,1,0
2024-03-10,2023/2024,Liverpool,Manchester City,1,1,1
2024-03-31,2023/2024,Liverpool,Brighton,1,2,1
2024-04-04,2023/2024,Liverpool,Sheffield Utd,1,3,1
2024-04-07,2023/2024,Liverpool,Manchester Utd,0,2,2
2024-04-14,2023/2024,Liverpool,Crystal Palace,1,0,1
2024-04-21,2023/2024,Liverpool,Fulham,0,3,1
2024-04-24,2023/2024,Liverpool,Everton,0,0,2
2024-04-27,2023/2024,Liverpool,West Ham,0,2,2
2024-05-05,2023/2024,Liverpool,Tottenham,1,4,2
2024-05-13,2023/2024,Liverpool,Aston Villa,0,3,3
2024-05-19,2023/2024,Liverpool,Wolves,1,2,0
2023-08-12,2023/2024,Luton Town,Brighton,0,1,4
2023-08-25,2023/2024,Luton Town,Chelsea,0,0,3
2023-09-01,2023/2024,Luton Town,West Ham,1,1,2
2023-09-16,2023/2024,Luton Town,Fulham,0,0,1
2023-09-23,2023/2024,Luton Town,Wolves,1,1,1
2023-09-30,2023/2024,Luton Town,Everton,0,2,1
2023-10-03,2023/2024,Luton Town,Burnley,1,1,2
2023-10-07,2023/2024,Luton Town,Tottenham,1,0,1
2023-10-21,2023/2024,Luton Town,Nott'ham Forest,0,2,2
2023-10-29,2023/2024,Luton Town,Aston Villa,0,1,3
2023-11-05,2023/2024,Luton Town,Liverpool,1,1,1
2023-11-11,2023/2024,Luton Town,Manchester Utd,0,0,1
2023-11-25,2023/2024,Luton Town,Crystal Palace,1,2,1
2023-12-02,2023/2024,Luton Town,Brentford,0,1,3
2023-12-05,2023/2024,Luton Town,Arsenal,1,3,4
2023-12-10,2023/2024,Luton Town,Manchester City,1,1,2
2023-12-23,2023/2024,Luton Town,Newcastle Utd,1,1,0
2023-12-26,2023/2024,Luton Town,Sheffield Utd,0,3,2
2023-12-30,2023/2024,Luton Town,Chelsea,1,2,3
2024-01-12,2023/2024,Luton Town,Burnley,0,1,1
2024-01-30,2023/2024,Luton Town,Brighton,1,4,0
2024-02-03,2023/2024,Luton Town,Newcastle Utd,0,4,4
2024-02-10,2023/2024,Luton Town,Sheffield Utd,1,1,3
2024-02-18,2023/2024,Luton Town,Manchester Utd,1,1,2
2024-02-21,2023/2024,Luton Town,Liverpool,0,1,4
2024-03-02,2023/2024,Luton Town,Aston Villa,1,2,3
2024-03-09,2023/2024,Luton Town,Crystal Palace,0,1,1
2024-03-13,2023/2024,Luton Town,Bournemouth,0,3,4
2024-03-16,2023/2024,Luton Town,Nott'ham Forest,1,1,1
2024-03-30,2023/2024,Luton Town,Tottenham,0,1,2
2024-04-03,2023/2024,Luton Town,Arsenal,0,0,2
2024-04-06,2023/2024,Luton Town,Bournemouth,1,2,1
2024-04-13,2023/2024,Luton Town,Manchester City,0,1,5
2024-04-20,2023/2024,Luton Town,Brentford,1,1,5
2024-04-27,2023/2024,Luton Town,Wolves,0,1,2
2024-05-03,2023/2024,Luton Town,Everton,1,1,1
2024-05-11,2023/2024,Luton Town,West Ham,0,1,3
2024-05-19,2023/2024,Luton Town,Fulham,1,2,4
2014-08-17,2014/2015,Manchester City,Newcastle Utd,0,2,0
2014-08-25,2014/2015,Manchester City,Liverpool,1,3,1
2014-08-30,2014/2015,Manchester City,Stoke City,1,0,1
2014-09-13,2014/2015,Manchester City,Arsenal,0,2,2
2014-09-21,2014/2015,Manchester City,Chelsea,1,1,1
2014-09-27,2014/2015,Manchester City,Hull City,0,4,2
2014-10-04,2014/2015,Manchester City,Aston Villa,0,2,0
2014-10-18,2014/2015,Manchester City,Tottenham,1,4,1
2014-10-25,2014/2015,Manchester City,West Ham,0,1,2
2014-11-02,2014/2015,Manchester City,Manchester Utd,1,1,0
2014-11-08,2014/2015,Manchester City,QPR,0,2,2
2014-11-22,2014/2015,Manchester City,Swansea City,1,2,1
2014-11-30,2014/2015,Manchester City,Southampton,0,3,0
2014-12-03,2014/2015,Manchester City,Sunderland,0,4,1
2014-12-06,2014/2015,Manchester City,Everton,1,1,0
2014-12-13,2014/2015,Manchester City,Leicester City,0,1,0
2014-12-20,2014/2015,Manchester City,Crystal Palace,1,3,0
2014-12-26,2014/2015,Manchester City,West Brom,0,3,1
2014-12-28,2014/2015,Manchester City,Burnley,1,2,2
2015-01-01,2014/2015,Manchester City,Sunderland,1,3,2
2015-01-10,2014/2015,Manchester City,Everton,0,1,1
2015-01-18,2014/2015,Manchester City,Arsenal,1,0,2
2015-01-31,2014/2015,Manchester City,Chelsea,0,1,1
2015-02-07,2014/2015,Manchester City,Hull City,1,1,1
2015-02-11,2014/2015,Manchester City,Stoke City,0,4,1
2015-02-21,2014/2015,Manchester City,Newcastle Utd,1,5,0
2015-03-01,2014/2015,Manchester City,Liverpool,0,1,2
2015-03-04,2014/2015,Manchester City,Leicester City,1,2,0
2015-03-14,2014/2015,Manchester City,Burnley,0,0,1
2015-03-21,2014/2015,Manchester City,West Brom,1,3,0
2015-04-06,2014/2015,Manchester City,Crystal Palace,0,1,2
2015-04-12,2014/2015,Manchester City,Manchester Utd,0,2,4
2015-04-19,2014/2015,Manchester City,West Ham,1,2,0
2015-04-25,2014/2015,Manchester City,Aston Villa,1,3,2
2015-05-03,2014/2015,Manchester City,Tottenham,0,1,0
2015-05-10,2014/2015,Manchester City,QPR,1,6,0
2015-05-17,2014/2015,Manchester City,Swansea City,0,4,2
2015-05-24,2014/2015,Manchester City,Southampton,1,2,0
2015-08-10,2015/2016,Manchester City,West Brom,0,3,0
2015-08-16,2015/2016,Manchester City,Chelsea,1,3,0
2015-08-23,2015/2016,Manchester City,Everton,0,2,0
2015-08-29,2015/2016,Manchester City,Watford,1,2,0
2015-09-12,2015/2016,Manchester City,Crystal Palace,0,1,0
2015-09-19,2015/2016,Manchester City,West Ham,1,1,2
2015-09-26,2015/2016,Manchester City,Tottenham,0,1,4
2015-10-03,2015/2016,Manchester City,Newcastle Utd,1,6,1
2015-10-17,2015/2016,Manchester City,Bournemouth,1,5,1
2015-10-25,2015/2016,Manchester City,Manchester Utd,0,0,0
2015-10-31,2015/2016,Manchester City,Norwich City,1,2,1
2015-11-08,2015/2016,Manchester City,Aston Villa,0,0,0
2015-11-21,2015/2016,Manchester City,Liverpool,1,1,4
2015-11-28,2015/2016,Manchester City,Southampton,1,3,1
2015-12-05,2015/2016,Manchester City,Stoke City,0,0,2
2015-12-12,2015/2016,Manchester City,Swansea City,1,2,1
2015-12-21,2015/2016,Manchester City,Arsenal,0,1,2
2015-12-26,2015/2016,Manchester City,Sunderland,1,4,1
2015-12-29,2015/2016,Manchester City,Leicester City,0,0,0
2016-01-02,2015/2016,Manchester City,Watford,0,2,1
2016-01-13,2015/2016,Manchester City,Everton,1,0,0
2016-01-16,2015/2016,Manchester City,Crystal Palace,1,4,0
2016-01-23,2015/2016,Manchester City,West Ham,0,2,2
2016-02-02,2015/2016,Manchester City,Sunderland,0,1,0
2016-02-06,2015/2016,Manchester City,Leicester City,1,1,3
2016-02-14,2015/2016,Manchester City,Tottenham,1,1,2
2016-03-02,2015/2016,Manchester City,Liverpool,0,0,3
2016-03-05,2015/2016,Manchester City,Aston Villa,1,4,0
2016-03-12,2015/2016,Manchester City,Norwich City,0,0,0
2016-03-20,2015/2016,Manchester City,Manchester Utd,1,0,1
2016-04-02,2015/2016,Manchester City,Bournemouth,0,4,0
2016-04-09,2015/2016,Manchester City,West Brom,1,2,1
2016-04-16,2015/2016,Manchester City,Chelsea,0,3,0
2016-04-19,2015/2016,Manchester City,Newcastle Utd,0,1,1
2016-04-23,2015/2016,Manchester City,Stoke City,1,4,0
2016-05-01,2015/2016,Manchester City,Southampton,0,2,4
2016-05-08,2015/2016,Manchester City,Arsenal,1,2,2
2016-05-15,2015/2016,Manchester City,Swansea City,0,1,1
2016-08-13,2016/2017,Manchester City,Sunderland,1,2,1
2016-08-20,2016/2017,Manchester City,Stoke City,0,4,1
2016-08-28,2016/2017,Manchester City,West Ham,1,3,1
2016-09-10,2016/2017,Manchester City,Manchester Utd,0,2,1
2016-09-17,2016/2017,Manchester City,Bournemouth,1,4,0
2016-09-24,2016/2017,Manchester City,Swansea City,0,3,1
2016-10-02,2016/2017,Manchester City,Tottenham,0,0,2
2016-10-15,2016/2017,Manchester City,Everton,1,1,1
2016-10-23,2016/2017,Manchester City,Southampton,1,1,1
2016-10-29,2016/2017,Manchester City,West Brom,0,4,0
2016-11-05,2016/2017,Manchester City,Middlesbrough,1,1,1
2016-11-19,2016/2017,Manchester City,Crystal Palace,0,2,1
2016-11-26,2016/2017,Manchester City,Burnley,0,2,1
2016-12-03,2016/2017,Manchester City,Chelsea,1,1,3
2016-12-10,2016/2017,Manchester City,Leicester City,0,2,4
2016-12-14,2016/2017,Manchester City,Watford,1,2,0
2016-12-18,2016/2017,Manchester City,Arsenal,1,2,1
2016-12-26,2016/2017,Manchester City,Hull City,0,3,0
2016-12-31,2016/2017,Manchester City,Liverpool,0,0,1
2017-01-02,2016/2017,Manchester City,Burnley,1,2,1
2017-01-15,2016/2017,Manchester City,Everton,0,0,4
2017-01-21,2016/2017,Manchester City,Tottenham,1,2,2
2017-02-01,2016/2017,Manchester City,West Ham,0,4,0
2017-02-05,2016/2017,Manchester City,Swansea City,1,2,1
2017-02-13,2016/2017,Manchester City,Bournemouth,0,2,0
2017-03-05,2016/2017,Manchester City,Sunderland,0,2,0
2017-03-08,2016/2017,Manchester City,Stoke City,1,0,0
2017-03-19,2016/2017,Manchester City,Liverpool,1,1,1
2017-04-02,2016/2017,Manchester City,Arsenal,0,2,2
2017-04-05,2016/2017,Manchester City,Chelsea,0,1,2
2017-04-08,2016/2017,Manchester City,Hull City,1,3,1
2017-04-15,2016/2017,Manchester City,Southampton,0,3,0
2017-04-27,2016/2017,Manchester City,Manchester Utd,1,0,0
2017-04-30,2016/2017,Manchester City,Middlesbrough,0,2,2
2017-05-06,2016/2017,Manchester City,Crystal Palace,1,5,0
2017-05-13,2016/2017,Manchester City,Leicester City,1,2,1
2017-05-16,2016/2017,Manchester City,West Brom,1,3,1
2017-05-21,2016/2017,Manchester City,Watford,0,5,0
2017-08-12,2017/2018,Manchester City,Brighton,0,2,0
2017-08-21,2017/2018,Manchester City,Everton,1,1,1
2017-08-26,2017/2018,Manchester City,Bournemouth,0,2,1
2017-09-09,2017/2018,Manchester City,Liverpool,1,5,0
2017-09-16,2017/2018,Manchester City,Watford,0,6,0
2017-09-23,2017/2018,Manchester City,Crystal Palace,1,5,0
2017-09-30,2017/2018,Manchester City,Chelsea,0,1,0
2017-10-14,2017/2018,Manchester City,Stoke City,1,7,2
2017-10-21,2017/2018,Manchester City,Burnley,1,3,0
2017-10-28,2017/2018,Manchester City,West Brom,0,3,2
2017-11-05,2017/2018,Manchester City,Arsenal,1,3,1
2017-11-18,2017/2018,Manchester City,Leicester City,0,2,0
2017-11-26,2017/2018,Manchester City,Huddersfield,0,2,1
2017-11-29,2017/2018,Manchester City,Southampton,1,2,1
2017-12-03,2017/2018,Manchester City,West Ham,1,2,1
2017-12-10,2017/2018,Manchester City,Manchester Utd,0,2,1
2017-12-13,2017/2018,Manchester City,Swansea City,0,4,0
2017-12-16,2017/2018,Manchester City,Tottenham,1,4,1
2017-12-23,2017/2018,Manchester City,Bournemouth,1,4,0
2017-12-27,2017/2018,Manchester City,Newcastle Utd,0,1,0
2017-12-31,2017/2018,Manchester City,Crystal Palace,0,0,0
2018-01-02,2017/2018,Manchester City,Watford,1,3,1
2018-01-14,2017/2018,Manchester City,Liverpool,0,3,4
2018-01-20,2017/2018,Manchester City,Newcastle Utd,1,3,1
2018-01-31,2017/2018,Manchester City,West Brom,1,3,0
2018-02-03,2017/2018,Manchester City,Burnley,0,1,1
2018-02-10,2017/2018,Manchester City,Leicester City,1,5,1
2018-03-01,2017/2018,Manchester City,Arsenal,0,3,0
2018-03-04,2017/2018,Manchester City,Chelsea,1,1,0
2018-03-12,2017/2018,Manchester City,Stoke City,0,2,0
2018-03-31,2017/2018,Manchester City,Everton,0,3,1
2018-04-07,2017/2018,Manchester City,Manchester Utd,1,2,3
2018-04-14,2017/2018,Manchester City,Tottenham,0,3,1
2018-04-22,2017/2018,Manchester City,Swansea City,1,5,0
2018-04-29,2017/2018,Manchester City,West Ham,0,4,1
2018-05-06,2017/2018,Manchester City,Huddersfield,1,0,0
2018-05-09,2017/2018,Manchester City,Brighton,1,3,1
2018-05-13,2017/2018,Manchester City,Southampton,0,1,0
2018-08-12,2018/2019,Manchester City,Arsenal,0,2,0
2018-08-19,2018/2019,Manchester City,Huddersfield,1,6,1
2018-08-25,2018/2019,Manchester City,Wolves,0,1,1
2018-09-01,2018/2019,Manchester City,Newcastle Utd,1,2,1
2018-09-15,2018/2019,Manchester City,Fulham,1,3,0
2018-09-22,2018/2019,Manchester City,Cardiff City,0,5,0
2018-09-29,2018/2019,Manchester City,Brighton,1,2,0
2018-10-07,2018/2019,Manchester City,Liverpool,0,0,0
2018-10-20,2018/2019,Manchester City,Burnley,1,5,0
2018-10-29,2018/2019,Manchester City,Tottenham,0,1,0
2018-11-04,2018/2019,Manchester City,Southampton,1,6,1
2018-11-11,2018/2019,Manchester City,Manchester Utd,1,3,1
2018-11-24,2018/2019,Manchester City,West Ham,0,4,0
2018-12-01,2018/2019,Manchester City,Bournemouth,1,3,1
2018-12-04,2018/2019,Manchester City,Watford,0,2,1
2018-12-08,2018/2019,Manchester City,Chelsea,0,0,2
2018-12-15,2018/2019,Manchester City,Everton,1,3,1
2018-12-22,2018/2019,Manchester City,Crystal Palace,1,2,3
2018-12-26,2018/2019,Manchester City,Leicester City,0,1,2
2018-12-30,2018/2019,Manchester City,Southampton,0,3,1
2019-01-03,2018/2019,Manchester City,Liverpool,1,2,1
2019-01-14,2018/2019,Manchester City,Wolves,1,3,0
2019-01-20,2018/2019,Manchester City,Huddersfield,0,3,0
2019-01-29,2018/2019,Manchester City,Newcastle Utd,0,1,2
2019-02-03,2018/2019,Manchester City,Arsenal,1,3,1
2019-02-06,2018/2019,Manchester City,Everton,0,2,0
2019-02-10,2018/2019,Manchester City,Chelsea,1,6,0
2019-02-27,2018/2019,Manchester City,West Ham,1,1,0
2019-03-02,2018/2019,Manchester City,Bournemouth,0,1,0
2019-03-09,2018/2019,Manchester City,Watford,1,3,1
2019-03-30,2018/2019,Manchester City,Fulham,0,2,0
2019-04-03,2018/2019,Manchester City,Cardiff City,1,2,0
2019-04-14,2018/2019,Manchester City,Crystal Palace,0,3,1
2019-04-20,2018/2019,Manchester City,Tottenham,1,1,0
2019-04-24,2018/2019,Manchester City,Manchester Utd,0,2,0
2019-04-28,2018/2019,Manchester City,Burnley,0,1,0
2019-05-06,2018/2019,Manchester City,Leicester City,1,1,0
2019-05-12,2018/2019,Manchester City,Brighton,0,4,1
2019-08-10,2019/2020,Manchester City,West Ham,0,5,0
2019-08-17,2019/2020,Manchester City,Tottenham,1,2,2
2019-08-25,2019/2020,Manchester City,Bournemouth,0,3,1
2019-08-31,2019/2020,Manchester City,Brighton,1,4,0
2019-09-14,2019/2020,Manchester City,Norwich City,0,2,3
2019-09-21,2019/2020,Manchester City,Watford,1,8,0
2019-09-28,2019/2020,Manchester City,Everton,0,3,1
2019-10-06,2019/2020,Manchester City,Wolves,1,0,2
2019-10-19,2019/2020,Manchester City,Crystal Palace,0,2,0
2019-10-26,2019/2020,Manchester City,Aston Villa,1,3,0
2019-11-02,2019/2020,Manchester City,Southampton,1,2,1
2019-11-10,2019/2020,Manchester City,Liverpool,0,1,3
2019-11-23,2019/2020,Manchester City,Chelsea,1,2,1
2019-11-30,2019/2020,Manchester City,Newcastle Utd,0,2,2
2019-12-03,2019/2020,Manchester City,Burnley,0,4,1
2019-12-07,2019/2020,Manchester City,Manchester Utd,1,1,2
2019-12-15,2019/2020,Manchester City,Arsenal,0,3,0
2019-12-21,2019/2020,Manchester City,Leicester City,1,3,1
2019-12-27,2019/2020,Manchester City,Wolves,0,2,3
2019-12-29,2019/2020,Manchester City,Sheffield Utd,1,2,0
2020-01-01,2019/2020,Manchester City,Everton,1,2,1
2020-01-12,2019/2020,Manchester City,Aston Villa,0,6,1
2020-01-18,2019/2020,Manchester City,Crystal Palace,1,2,2
2020-01-21,2019/2020,Manchester City,Sheffield Utd,0,1,0
2020-02-02,2019/2020,Manchester City,Tottenham,0,0,2
2020-02-19,2019/2020,Manchester City,West Ham,1,2,0
2020-02-22,2019/2020,Manchester City,Leicester City,0,1,0
2020-03-08,2019/2020,Manchester City,Manchester Utd,0,0,2
2020-06-17,2019/2020,Manchester City,Arsenal,1,3,0
2020-06-22,2019/2020,Manchester City,Burnley,1,5,0
2020-06-25,2019/2020,Manchester City,Chelsea,0,1,2
2020-07-02,2019/2020,Manchester City,Liverpool,1,4,0
2020-07-05,2019/2020,Manchester City,Southampton,0,0,1
2020-07-08,2019/2020,Manchester City,Newcastle Utd,1,5,0
2020-07-11,2019/2020,Manchester City,Brighton,0,5,0
2020-07-15,2019/2020,Manchester City,Bournemouth,1,2,1
2020-07-21,2019/2020,Manchester City,Watford,0,4,0
2020-07-26,2019/2020,Manchester City,Norwich City,1,5,0
2020-09-21,2020/2021,Manchester City,Wolves,0,3,1
2020-09-27,2020/2021,Manchester City,Leicester City,1,2,5
2020-10-03,2020/2021,Manchester City,Leeds United,0,1,1
2020-10-17,2020/2021,Manchester City,Arsenal,1,1,0
2020-10-24,2020/2021,Manchester City,West Ham,0,1,1
2020-10-31,2020/2021,Manchester City,Sheffield Utd,0,1,0
2020-11-08,2020/2021,Manchester City,Liverpool,1,1,1
2020-11-21,2020/2021,Manchester City,Tottenham,0,0,2
2020-11-28,2020/2021,Manchester City,Burnley,1,5,0
2020-12-05,2020/2021,Manchester City,Fulham,1,2,0
2020-12-12,2020/2021,Manchester City,Manchester Utd,0,0,0
2020-12-15,2020/2021,Manchester City,West Brom,1,1,1
2020-12-19,2020/2021,Manchester City,Southampton,0,1,0
2020-12-26,2020/2021,Manchester City,Newcastle Utd,1,2,0
2021-01-03,2020/2021,Manchester City,Chelsea,0,3,1
2021-01-13,2020/2021,Manchester City,Brighton,1,1,0
2021-01-17,2020/2021,Manchester City,Crystal Palace,1,4,0
2021-01-20,2020/2021,Manchester City,Aston Villa,1,2,0
2021-01-26,2020/2021,Manchester City,West Brom,0,5,0
2021-01-30,2020/2021,Manchester City,Sheffield Utd,1,1,0
2021-02-03,2020/2021,Manchester City,Burnley,0,2,0
2021-02-07,2020/2021,Manchester City,Liverpool,0,4,1
2021-02-13,2020/2021,Manchester City,Tottenham,1,3,0
2021-02-17,2020/2021,Manchester City,Everton,0,3,1
2021-02-21,2020/2021,Manchester City,Arsenal,0,1,0
2021-02-27,2020/2021,Manchester City,West Ham,1,2,1
2021-03-02,2020/2021,Manchester City,Wolves,1,4,1
2021-03-07,2020/2021,Manchester City,Manchester Utd,1,0,2
2021-03-10,2020/2021,Manchester City,Southampton,1,5,2
2021-03-13,2020/2021,Manchester City,Fulham,0,3,0
2021-04-03,2020/2021,Manchester City,Leicester City,0,2,0
2021-04-10,2020/2021,Manchester City,Leeds United,1,1,2
2021-04-21,2020/2021,Manchester City,Aston Villa,0,2,1
2021-05-01,2020/2021,Manchester City,Crystal Palace,0,2,0
2021-05-08,2020/2021,Manchester City,Chelsea,1,1,2
2021-05-14,2020/2021,Manchester City,Newcastle Utd,0,4,3
2021-05-18,2020/2021,Manchester City,Brighton,0,2,3
2021-05-23,2020/2021,Manchester City,Everton,1,5,0
2021-08-15,2021/2022,Manchester City,Tottenham,0,0,1
2021-08-21,2021/2022,Manchester City,Norwich City,1,5,0
2021-08-28,2021/2022,Manchester City,Arsenal,1,5,0
2021-09-11,2021/2022,Manchester City,Leicester City,0,1,0
2021-09-18,2021/2022,Manchester City,Southampton,1,0,0
2021-09-25,2021/2022,Manchester City,Chelsea,0,1,0
2021-10-03,2021/2022,Manchester City,Liverpool,0,2,2
2021-10-16,2021/2022,Manchester City,Burnley,1,2,0
2021-10-23,2021/2022,Manchester City,Brighton,0,4,1
2021-10-30,2021/2022,Manchester City,Crystal Palace,1,0,2
2021-11-06,2021/2022,Manchester City,Manchester Utd,0,2,0
2021-11-21,2021/2022,Manchester City,Everton,1,3,0
2021-11-28,2021/2022,Manchester City,West Ham,1,2,1
2021-12-01,2021/2022,Manchester City,Aston Villa,0,2,1
2021-12-04,2021/2022,Manchester City,Watford,0,3,1
2021-12-11,2021/2022,Manchester City,Wolves,1,1,0
2021-12-14,2021/2022,Manchester City,Leeds United,1,7,0
2021-12-19,2021/2022,Manchester City,Newcastle Utd,0,4,0
2021-12-26,2021/2022,Manchester City,Leicester City,1,6,3
2021-12-29,2021/2022,Manchester City,Brentford,0,1,0
2022-01-01,2021/2022,Manchester City,Arsenal,0,2,1
2022-01-15,2021/2022,Manchester City,Chelsea,1,1,0
2022-01-22,2021/2022,Manchester City,Southampton,0,1,1
2022-02-09,2021/2022,Manchester City,Brentford,1,2,0
2022-02-12,2021/2022,Manchester City,Norwich City,0,4,0
2022-02-19,2021/2022,Manchester City,Tottenham,1,2,3
2022-02-26,2021/2022,Manchester City,Everton,0,1,0
2022-03-06,2021/2022,Manchester City,Manchester Utd,1,4,1
2022-03-14,2021/2022,Manchester City,Crystal Palace,0,0,0
2022-04-02,2021/2022,Manchester City,Burnley,0,2,0
2022-04-10,2021/2022,Manchester City,Liverpool,1,2,2
2022-04-20,2021/2022,Manchester City,Brighton,1,3,0
2022-04-23,2021/2022,Manchester City,Watford,1,5,1
2022-04-30,2021/2022,Manchester City,Leeds United,0,4,0
2022-05-08,2021/2022,Manchester City,Newcastle Utd,1,5,0
2022-05-11,2021/2022,Manchester City,Wolves,0,5,1
2022-05-15,2021/2022,Manchester City,West Ham,0,2,2
2022-05-22,2021/2022,Manchester City,Aston Villa,1,3,2
2022-08-07,2022/2023,Manchester City,West Ham,0,2,0
2022-08-13,2022/2023,Manchester City,Bournemouth,1,4,0
2022-08-21,2022/2023,Manchester City,Newcastle Utd,0,3,3
2022-08-27,2022/2023,Manchester City,Crystal Palace,1,4,2
2022-08-31,2022/2023,Manchester City,Nott'ham Forest,1,6,0
2022-09-03,2022/2023,Manchester City,Aston Villa,0,1,1
2022-09-17,2022/2023,Manchester City,Wolves,0,3,0
2022-10-02,2022/2023,Manchester City,Manchester Utd,1,6,3
2022-10-08,2022/2023,Manchester City,Southampton,1,4,0
2022-10-16,2022/2023,Manchester City,Liverpool,0,0,1
2022-10-22,2022/2023,Manchester City,Brighton,1,3,1
2022-10-29,2022/2023,Manchester City,Leicester City,0,1,0
2022-11-05,2022/2023,Manchester City,Fulham,1,2,1
2022-11-12,2022/2023,Manchester City,Brentford,1,1,2
2022-12-28,2022/2023,Manchester City,Leeds United,0,3,1
2022-12-31,2022/2023,Manchester City,Everton,1,1,1
2023-01-05,2022/2023,Manchester City,Chelsea,0,1,0
2023-01-14,2022/2023,Manchester City,Manchester Utd,0,1,2
2023-01-19,2022/2023,Manchester City,Tottenham,1,4,2
2023-01-22,2022/2023,Manchester City,Wolves,1,3,0
2023-02-05,2022/2023,Manchester City,Tottenham,0,0,1
2023-02-12,2022/2023,Manchester City,Aston Villa,1,3,1
2023-02-15,2022/2023,Manchester City,Arsenal,0,3,1
2023-02-18,2022/2023,Manchester City,Nott'ham Forest,0,1,1
2023-02-25,2022/2023,Manchester City,Bournemouth,0,4,1
2023-03-04,2022/2023,Manchester City,Newcastle Utd,1,2,0
2023-03-11,2022/2023,Manchester City,Crystal Palace,0,1,0
2023-04-01,2022/2023,Manchester City,Liverpool,1,4,1
2023-04-08,2022/2023,Manchester City,Southampton,0,4,1
2023-04-15,2022/2023,Manchester City,Leicester City,1,3,1
2023-04-26,2022/2023,Manchester City,Arsenal,1,4,1
2023-04-30,2022/2023,Manchester City,Fulham,0,2,1
2023-05-03,2022/2023,Manchester City,West Ham,1,3,0
2023-05-06,2022/2023,Manchester City,Leeds United,1,2,1
2023-05-14,2022/2023,Manchester City,Everton,0,3,0
2023-05-21,2022/2023,Manchester City,Chelsea,1,1,0
2023-05-24,2022/2023,Manchester City,Brighton,0,1,1
2023-05-28,2022/2023,Manchester City,Brentford,0,0,1
2023-08-11,2023/2024,Manchester City,Burnley,0,3,0
2023-08-19,2023/2024,Manchester City,Newcastle Utd,1,1,0
2023-08-27,2023/2024,Manchester City,Sheffield Utd,0,2,1
2023-09-02,2023/2024,Manchester City,Fulham,1,5,1
2023-09-16,2023/2024,Manchester City,West Ham,0,3,1
2023-09-23,2023/2024,Manchester City,Nott'ham Forest,1,2,0
2023-09-30,2023/2024,Manchester City,Wolves,0,1,2
2023-10-08,2023/2024,Manchester City,Arsenal,0,0,1
2023-10-21,2023/2024,Manchester City,Brighton,1,2,1
2023-10-29,2023/2024,Manchester City,Manchester Utd,0,3,0
2023-11-04,2023/2024,Manchester City,Bournemouth,1,6,1
2023-11-12,2023/2024,Manchester City,Chelsea,0,4,4
2023-11-25,2023/2024,Manchester City,Liverpool,1,1,1
2023-12-03,2023/2024,Manchester City,Tottenham,1,3,3
2023-12-06,2023/2024,Manchester City,Aston Villa,0,0,1
2023-12-10,2023/2024,Manchester City,Luton Town,0,2,1
2023-12-16,2023/2024,Manchester City,Crystal Palace,1,2,2
2023-12-27,2023/2024,Manchester City,Everton,0,3,1
2023-12-30,2023/2024,Manchester City,Sheffield Utd,1,2,0
2024-01-13,2023/2024,Manchester City,Newcastle Utd,0,3,2
2024-01-31,2023/2024,Manchester City,Burnley,1,3,1
2024-02-05,2023/2024,Manchester City,Brentford,0,3,1
2024-02-10,2023/2024,Manchester City,Everton,1,2,0
2024-02-17,2023/2024,Manchester City,Chelsea,1,1,1
2024-02-20,2023/2024,Manchester City,Brentford,1,1,0
2024-02-24,2023/2024,Manchester City,Bournemouth,0,1,0
2024-03-03,2023/2024,Manchester City,Manchester Utd,1,3,1
2024-03-10,2023/2024,Manchester City,Liverpool,0,1,1
2024-03-31,2023/2024,Manchester City,Arsenal,1,0,0
2024-04-03,2023/2024,Manchester City,Aston Villa,1,4,1
2024-04-06,2023/2024,Manchester City,Crystal Palace,0,4,2
2024-04-13,2023/2024,Manchester City,Luton Town,1,5,1
2024-04-25,2023/2024,Manchester City,Brighton,0,4,0
2024-04-28,2023/2024,Manchester City,Nott'ham Forest,0,2,0
2024-05-04,2023/2024,Manchester City,Wolves,1,5,1
2024-05-11,2023/2024,Manchester City,Fulham,0,4,0
2024-05-14,2023/2024,Manchester City,Tottenham,0,2,0
2024-05-19,2023/2024,Manchester City,West Ham,1,3,1
2014-08-16,2014/2015,Manchester Utd,Swansea City,1,1,2
2014-08-24,2014/2015,Manchester Utd,Sunderland,0,1,1
2014-08-30,2014/2015,Manchester Utd,Burnley,0,0,0
2014-09-14,2014/2015,Manchester Utd,QPR,1,4,0
2014-09-21,2014/2015,Manchester Utd,Leicester City,0,3,5
2014-09-27,2014/2015,Manchester Utd,West Ham,1,2,1
2014-10-05,2014/2015,Manchester Utd,Everton,1,2,1
2014-10-20,2014/2015,Manchester Utd,West Brom,0,2,2
2014-10-26,2014/2015,Manchester Utd,Chelsea,1,1,1
2014-11-02,2014/2015,Manchester Utd,Manchester City,0,0,1
2014-11-08,2014/2015,Manchester Utd,Crystal Palace,1,1,0
2014-11-22,2014/2015,Manchester Utd,Arsenal,0,2,1
2014-11-29,2014/2015,Manchester Utd,Hull City,1,3,0
2014-12-02,2014/2015,Manchester Utd,Stoke City,1,2,1
2014-12-08,2014/2015,Manchester Utd,Southampton,0,2,1
2014-12-14,2014/2015,Manchester Utd,Liverpool,1,3,0
2014-12-20,2014/2015,Manchester Utd,Aston Villa,0,1,1
2014-12-26,2014/2015,Manchester Utd,Newcastle Utd,1,3,1
2014-12-28,2014/2015,Manchester Utd,Tottenham,0,0,0
2015-01-01,2014/2015,Manchester Utd,Stoke City,0,1,1
2015-01-11,2014/2015,Manchester Utd,Southampton,1,0,1
2015-01-17,2014/2015,Manchester Utd,QPR,0,2,0
2015-01-31,2014/2015,Manchester Utd,Leicester City,1,3,1
2015-02-08,2014/2015,Manchester Utd,West Ham,0,1,1
2015-02-11,2014/2015,Manchester Utd,Burnley,1,3,1
2015-02-21,2014/2015,Manchester Utd,Swansea City,0,1,2
2015-02-28,2014/2015,Manchester Utd,Sunderland,1,2,0
2015-03-04,2014/2015,Manchester Utd,Newcastle Utd,0,1,0
2015-03-15,2014/2015,Manchester Utd,Tottenham,1,3,0
2015-03-22,2014/2015,Manchester Utd,Liverpool,0,2,1
2015-04-04,2014/2015,Manchester Utd,Aston Villa,1,3,1
2015-04-12,2014/2015,Manchester Utd,Manchester City,1,4,2
2015-04-18,2014/2015,Manchester Utd,Chelsea,0,0,1
2015-04-26,2014/2015,Manchester Utd,Everton,0,0,3
2015-05-02,2014/2015,Manchester Utd,West Brom,1,0,1
2015-05-09,2014/2015,Manchester Utd,Crystal Palace,0,2,1
2015-05-17,2014/2015,Manchester Utd,Arsenal,1,1,1
2015-05-24,2014/2015,Manchester Utd,Hull City,0,0,0
2015-08-08,2015/2016,Manchester Utd,Tottenham,1,1,0
2015-08-14,2015/2016,Manchester Utd,Aston Villa,0,1,0
2015-08-22,2015/2016,Manchester Utd,Newcastle Utd,1,0,0
2015-08-30,2015/2016,Manchester Utd,Swansea City,0,1,2
2015-09-12,2015/2016,Manchester Utd,Liverpool,1,3,1
2015-09-20,2015/2016,Manchester Utd,Southampton,0,3,2
2015-09-26,2015/2016,Manchester Utd,Sunderland,1,3,0
2015-10-04,2015/2016,Manchester Utd,Arsenal,0,0,3
2015-10-17,2015/2016,Manchester Utd,Everton,0,3,0
2015-10-25,2015/2016,Manchester Utd,Manchester City,1,0,0
2015-10-31,2015/2016,Manchester Utd,Crystal Palace,0,0,0
2015-11-07,2015/2016,Manchester Utd,West Brom,1,2,0
2015-11-21,2015/2016,Manchester Utd,Watford,0,2,1
2015-11-28,2015/2016,Manchester Utd,Leicester City,0,1,1
2015-12-05,2015/2016,Manchester Utd,West Ham,1,0,0
2015-12-12,2015/2016,Manchester Utd,Bournemouth,0,1,2
2015-12-19,2015/2016,Manchester Utd,Norwich City,1,1,2
2015-12-26,2015/2016,Manchester Utd,Stoke City,0,0,2
2015-12-28,2015/2016,Manchester Utd,Chelsea,1,0,0
2016-01-02,2015/2016,Manchester Utd,Swansea City,1,2,1
2016-01-12,2015/2016,Manchester Utd,Newcastle Utd,0,3,3
2016-01-17,2015/2016,Manchester Utd,Liverpool,0,1,0
2016-01-23,2015/2016,Manchester Utd,Southampton,1,0,1
2016-02-02,2015/2016,Manchester Utd,Stoke City,1,3,0
2016-02-07,2015/2016,Manchester Utd,Chelsea,0,1,1
2016-02-13,2015/2016,Manchester Utd,Sunderland,0,1,2
2016-02-28,2015/2016,Manchester Utd,Arsenal,1,3,2
2016-03-02,2015/2016,Manchester Utd,Watford,1,1,0
2016-03-06,2015/2016,Manchester Utd,West Brom,0,0,1
2016-03-20,2015/2016,Manchester Utd,Manchester City,0,1,0
2016-04-03,2015/2016,Manchester Utd,Everton,1,1,0
2016-04-10,2015/2016,Manchester Utd,Tottenham,0,0,3
2016-04-16,2015/2016,Manchester Utd,Aston Villa,1,1,0
2016-04-20,2015/2016,Manchester Utd,Crystal Palace,1,2,0
2016-05-01,2015/2016,Manchester Utd,Leicester City,1,1,1
2016-05-07,2015/2016,Manchester Utd,Norwich City,0,1,0
2016-05-10,2015/2016,Manchester Utd,West Ham,0,2,3
2016-05-17,2015/2016,Manchester Utd,Bournemouth,1,3,1
2016-08-14,2016/2017,Manchester Utd,Bournemouth,0,3,1
2016-08-19,2016/2017,Manchester Utd,Southampton,1,2,0
2016-08-27,2016/2017,Manchester Utd,Hull City,0,1,0
2016-09-10,2016/2017,Manchester Utd,Manchester City,1,1,2
2016-09-18,2016/2017,Manchester Utd,Watford,0,1,3
2016-09-24,2016/2017,Manchester Utd,Leicester City,1,4,1
2016-10-02,2016/2017,Manchester Utd,Stoke City,1,1,1
2016-10-17,2016/2017,Manchester Utd,Liverpool,0,0,0
2016-10-23,2016/2017,Manchester Utd,Chelsea,0,0,4
2016-10-29,2016/2017,Manchester Utd,Burnley,1,0,0
2016-11-06,2016/2017,Manchester Utd,Swansea City,0,3,1
2016-11-19,2016/2017,Manchester Utd,Arsenal,1,1,1
2016-11-27,2016/2017,Manchester Utd,West Ham,1,1,1
2016-12-04,2016/2017,Manchester Utd,Everton,0,1,1
2016-12-11,2016/2017,Manchester Utd,Tottenham,1,1,0
2016-12-14,2016/2017,Manchester Utd,Crystal Palace,0,2,1
2016-12-17,2016/2017,Manchester Utd,West Brom,0,2,0
2016-12-26,2016/2017,Manchester Utd,Sunderland,1,3,1
2016-12-31,2016/2017,Manchester Utd,Middlesbrough,1,2,1
2017-01-02,2016/2017,Manchester Utd,West Ham,0,2,0
2017-01-15,2016/2017,Manchester Utd,Liverpool,1,1,1
2017-01-21,2016/2017,Manchester Utd,Stoke City,0,1,1
2017-02-01,2016/2017,Manchester Utd,Hull City,1,0,0
2017-02-05,2016/2017,Manchester Utd,Leicester City,0,3,0
2017-02-11,2016/2017,Manchester Utd,Watford,1,2,0
2017-03-04,2016/2017,Manchester Utd,Bournemouth,1,1,1
2017-03-19,2016/2017,Manchester Utd,Middlesbrough,0,3,1
2017-04-01,2016/2017,Manchester Utd,West Brom,1,0,0
2017-04-04,2016/2017,Manchester Utd,Everton,1,1,1
2017-04-09,2016/2017,Manchester Utd,Sunderland,0,3,0
2017-04-16,2016/2017,Manchester Utd,Chelsea,1,2,0
2017-04-23,2016/2017,Manchester Utd,Burnley,0,2,0
2017-04-27,2016/2017,Manchester Utd,Manchester City,0,0,0
2017-04-30,2016/2017,Manchester Utd,Swansea City,1,1,1
2017-05-07,2016/2017,Manchester Utd,Arsenal,0,0,2
2017-05-14,2016/2017,Manchester Utd,Tottenham,0,1,2
2017-05-17,2016/2017,Manchester Utd,Southampton,0,0,0
2017-05-21,2016/2017,Manchester Utd,Crystal Palace,1,2,0
2017-08-13,2017/2018,Manchester Utd,West Ham,1,4,0
2017-08-19,2017/2018,Manchester Utd,Swansea City,0,4,0
2017-08-26,2017/2018,Manchester Utd,Leicester City,1,2,0
2017-09-09,2017/2018,Manchester Utd,Stoke City,0,2,2
2017-09-17,2017/2018,Manchester Utd,Everton,1,4,0
2017-09-23,2017/2018,Manchester Utd,Southampton,0,1,0
2017-09-30,2017/2018,Manchester Utd,Crystal Palace,1,4,0
2017-10-14,2017/2018,Manchester Utd,Liverpool,0,0,0
2017-10-21,2017/2018,Manchester Utd,Huddersfield,0,1,2
2017-10-28,2017/2018,Manchester Utd,Tottenham,1,1,0
2017-11-05,2017/2018,Manchester Utd,Chelsea,0,0,1
2017-11-18,2017/2018,Manchester Utd,Newcastle Utd,1,4,1
2017-11-25,2017/2018,Manchester Utd,Brighton,1,1,0
2017-11-28,2017/2018,Manchester Utd,Watford,0,4,2
2017-12-02,2017/2018,Manchester Utd,Arsenal,0,3,1
2017-12-10,2017/2018,Manchester Utd,Manchester City,1,1,2
2017-12-13,2017/2018,Manchester Utd,Bournemouth,1,1,0
2017-12-17,2017/2018,Manchester Utd,West Brom,0,2,1
2017-12-23,2017/2018,Manchester Utd,Leicester City,0,2,2
2017-12-26,2017/2018,Manchester Utd,Burnley,1,2,2
2017-12-30,2017/2018,Manchester Utd,Southampton,1,0,0
2018-01-01,2017/2018,Manchester Utd,Everton,0,2,0
2018-01-15,2017/2018,Manchester Utd,Stoke City,1,3,0
2018-01-20,2017/2018,Manchester Utd,Burnley,0,1,0
2018-01-31,2017/2018,Manchester Utd,Tottenham,0,0,2
2018-02-03,2017/2018,Manchester Utd,Huddersfield,1,2,0
2018-02-11,2017/2018,Manchester Utd,Newcastle Utd,0,0,1
2018-02-25,2017/2018,Manchester Utd,Chelsea,1,2,1
2018-03-05,2017/2018,Manchester Utd,Crystal Palace,0,3,2
2018-03-10,2017/2018,Manchester Utd,Liverpool,1,2,1
2018-03-31,2017/2018,Manchester Utd,Swansea City,1,2,0
2018-04-07,2017/2018,Manchester Utd,Manchester City,0,3,2
2018-04-15,2017/2018,Manchester Utd,West Brom,1,0,1
2018-04-18,2017/2018,Manchester Utd,Bournemouth,0,2,0
2018-04-29,2017/2018,Manchester Utd,Arsenal,1,2,1
2018-05-04,2017/2018,Manchester Utd,Brighton,0,0,1
2018-05-10,2017/2018,Manchester Utd,West Ham,0,0,0
2018-05-13,2017/2018,Manchester Utd,Watford,1,1,0
2018-08-10,2018/2019,Manchester Utd,Leicester City,1,2,1
2018-08-19,2018/2019,Manchester Utd,Brighton,0,2,3
2018-08-27,2018/2019,Manchester Utd,Tottenham,1,0,3
2018-09-02,2018/2019,Manchester Utd,Burnley,0,2,0
2018-09-15,2018/2019,Manchester Utd,Watford,0,2,1
2018-09-22,2018/2019,Manchester Utd,Wolves,1,1,1
2018-09-29,2018/2019,Manchester Utd,West Ham,0,1,3
2018-10-06,2018/2019,Manchester Utd,Newcastle Utd,1,3,2
2018-10-20,2018/2019,Manchester Utd,Chelsea,0,2,2
2018-10-28,2018/2019,Manchester Utd,Everton,1,2,1
2018-11-03,2018/2019,Manchester Utd,Bournemouth,0,2,1
2018-11-11,2018/2019,Manchester Utd,Manchester City,0,1,3
2018-11-24,2018/2019,Manchester Utd,Crystal Palace,1,0,0
2018-12-01,2018/2019,Manchester Utd,Southampton,0,2,2
2018-12-05,2018/2019,Manchester Utd,Arsenal,1,2,2
2018-12-08,2018/2019,Manchester Utd,Fulham,1,4,1
2018-12-16,2018/2019,Manchester Utd,Liverpool,0,1,3
2018-12-22,2018/2019,Manchester Utd,Cardiff City,0,5,1
2018-12-26,2018/2019,Manchester Utd,Huddersfield,1,3,1
2018-12-30,2018/2019,Manchester Utd,Bournemouth,1,4,1
2019-01-02,2018/2019,Manchester Utd,Newcastle Utd,0,2,0
2019-01-13,2018/2019,Manchester Utd,Tottenham,0,1,0
2019-01-19,2018/2019,Manchester Utd,Brighton,1,2,1
2019-01-29,2018/2019,Manchester Utd,Burnley,1,2,2
2019-02-03,2018/2019,Manchester Utd,Leicester City,0,1,0
2019-02-09,2018/2019,Manchester Utd,Fulham,0,3,0
2019-02-24,2018/2019,Manchester Utd,Liverpool,1,0,0
2019-02-27,2018/2019,Manchester Utd,Crystal Palace,0,3,1
2019-03-02,2018/2019,Manchester Utd,Southampton,1,3,2
2019-03-10,2018/2019,Manchester Utd,Arsenal,0,0,2
2019-03-30,2018/2019,Manchester Utd,Watford,1,2,1
2019-04-02,2018/2019,Manchester Utd,Wolves,0,1,2
2019-04-13,2018/2019,Manchester Utd,West Ham,1,2,1
2019-04-21,2018/2019,Manchester Utd,Everton,0,0,4
2019-04-24,2018/2019,Manchester Utd,Manchester City,1,0,2
2019-04-28,2018/2019,Manchester Utd,Chelsea,1,1,1
2019-05-05,2018/2019,Manchester Utd,Huddersfield,0,1,1
2019-05-12,2018/2019,Manchester Utd,Cardiff City,1,0,2
2019-08-11,2019/2020,Manchester Utd,Chelsea,1,4,0
2019-08-19,2019/2020,Manchester Utd,Wolves,0,1,1
2019-08-24,2019/2020,Manchester Utd,Crystal Palace,1,1,2
2019-08-31,2019/2020,Manchester Utd,Southampton,0,1,1
2019-09-14,2019/2020,Manchester Utd,Leicester City,1,1,0
2019-09-22,2019/2020,Manchester Utd,West Ham,0,0,2
2019-09-30,2019/2020,Manchester Utd,Arsenal,1,1,1
2019-10-06,2019/2020,Manchester Utd,Newcastle Utd,0,0,1
2019-10-20,2019/2020,Manchester Utd,Liverpool,1,1,1
2019-10-27,2019/2020,Manchester Utd,Norwich City,0,3,1
2019-11-02,2019/2020,Manchester Utd,Bournemouth,0,0,1
2019-11-10,2019/2020,Manchester Utd,Brighton,1,3,1
2019-11-24,2019/2020,Manchester Utd,Sheffield Utd,0,3,3
2019-12-01,2019/2020,Manchester Utd,Aston Villa,1,2,2
2019-12-04,2019/2020,Manchester Utd,Tottenham,1,2,1
2019-12-07,2019/2020,Manchester Utd,Manchester City,0,2,1
2019-12-15,2019/2020,Manchester Utd,Everton,1,1,1
2019-12-22,2019/2020,Manchester Utd,Watford,0,0,2
2019-12-26,2019/2020,Manchester Utd,Newcastle Utd,1,4,1
2019-12-28,2019/2020,Manchester Utd,Burnley,0,2,0
2020-01-01,2019/2020,Manchester Utd,Arsenal,0,0,2
2020-01-11,2019/2020,Manchester Utd,Norwich City,1,4,0
2020-01-19,2019/2020,Manchester Utd,Liverpool,0,0,2
2020-01-22,2019/2020,Manchester Utd,Burnley,1,0,2
2020-02-01,2019/2020,Manchester Utd,Wolves,1,0,0
2020-02-17,2019/2020,Manchester Utd,Chelsea,0,2,0
2020-02-23,2019/2020,Manchester Utd,Watford,1,3,0
2020-03-01,2019/2020,Manchester Utd,Everton,0,1,1
2020-03-08,2019/2020,Manchester Utd,Manchester City,1,2,0
2020-06-19,2019/2020,Manchester Utd,Tottenham,0,1,1
2020-06-24,2019/2020,Manchester Utd,Sheffield Utd,1,3,0
2020-06-30,2019/2020,Manchester Utd,Brighton,0,3,0
2020-07-04,2019/2020,Manchester Utd,Bournemouth,1,5,2
2020-07-09,2019/2020,Manchester Utd,Aston Villa,0,3,0
2020-07-13,2019/2020,Manchester Utd,Southampton,1,2,2
2020-07-16,2019/2020,Manchester Utd,Crystal Palace,0,2,0
2020-07-22,2019/2020,Manchester Utd,West Ham,1,1,1
2020-07-26,2019/2020,Manchester Utd,Leicester City,0,2,0
2020-09-19,2020/2021,Manchester Utd,Crystal Palace,1,1,3
2020-09-26,2020/2021,Manchester Utd,Brighton,0,3,2
2020-10-04,2020/2021,Manchester Utd,Tottenham,1,1,6
2020-10-17,2020/2021,Manchester Utd,Newcastle Utd,0,4,1
2020-10-24,2020/2021,Manchester Utd,Chelsea,1,0,0
2020-11-01,2020/2021,Manchester Utd,Arsenal,1,0,1
2020-11-07,2020/2021,Manchester Utd,Everton,0,3,1
2020-11-21,2020/2021,Manchester Utd,West Brom,1,1,0
2020-11-29,2020/2021,Manchester Utd,Southampton,0,3,2
2020-12-05,2020/2021,Manchester Utd,West Ham,0,3,1
2020-12-12,2020/2021,Manchester Utd,Manchester City,1,0,0
2020-12-17,2020/2021,Manchester Utd,Sheffield Utd,0,3,2
2020-12-20,2020/2021,Manchester Utd,Leeds United,1,6,2
2020-12-26,2020/2021,Manchester Utd,Leicester City,0,2,2
2020-12-29,2020/2021,Manchester Utd,Wolves,1,1,0
2021-01-01,2020/2021,Manchester Utd,Aston Villa,1,2,1
2021-01-12,2020/2021,Manchester Utd,Burnley,0,1,0
2021-01-17,2020/2021,Manchester Utd,Liverpool,0,0,0
2021-01-20,2020/2021,Manchester Utd,Fulham,0,2,1
2021-01-27,2020/2021,Manchester Utd,Sheffield Utd,1,1,2
2021-01-30,2020/2021,Manchester Utd,Arsenal,0,0,0
2021-02-02,2020/2021,Manchester Utd,Southampton,1,9,0
2021-02-06,2020/2021,Manchester Utd,Everton,1,3,3
2021-02-14,2020/2021,Manchester Utd,West Brom,0,1,1
2021-02-21,2020/2021,Manchester Utd,Newcastle Utd,1,3,1
2021-02-28,2020/2021,Manchester Utd,Chelsea,0,0,0
2021-03-03,2020/2021,Manchester Utd,Crystal Palace,0,0,0
2021-03-07,2020/2021,Manchester Utd,Manchester City,0,2,0
2021-03-14,2020/2021,Manchester Utd,West Ham,1,1,0
2021-04-04,2020/2021,Manchester Utd,Brighton,1,2,1
2021-04-11,2020/2021,Manchester Utd,Tottenham,0,3,1
2021-04-18,2020/2021,Manchester Utd,Burnley,1,3,1
2021-04-25,2020/2021,Manchester Utd,Leeds United,0,0,0
2021-05-09,2020/2021,Manchester Utd,Aston Villa,0,3,1
2021-05-11,2020/2021,Manchester Utd,Leicester City,1,1,2
2021-05-13,2020/2021,Manchester Utd,Liverpool,1,2,4
2021-05-18,2020/2021,Manchester Utd,Fulham,1,1,1
2021-05-23,2020/2021,Manchester Utd,Wolves,0,2,1
2021-08-14,2021/2022,Manchester Utd,Leeds United,1,5,1
2021-08-22,2021/2022,Manchester Utd,Southampton,0,1,1
2021-08-29,2021/2022,Manchester Utd,Wolves,0,1,0
2021-09-11,2021/2022,Manchester Utd,Newcastle Utd,1,4,1
2021-09-19,2021/2022,Manchester Utd,West Ham,0,2,1
2021-09-25,2021/2022,Manchester Utd,Aston Villa,1,0,1
2021-10-02,2021/2022,Manchester Utd,Everton,1,1,1
2021-10-16,2021/2022,Manchester Utd,Leicester City,0,2,4
2021-10-24,2021/2022,Manchester Utd,Liverpool,1,0,5
2021-10-30,2021/2022,Manchester Utd,Tottenham,0,3,0
2021-11-06,2021/2022,Manchester Utd,Manchester City,1,0,2
2021-11-20,2021/2022,Manchester Utd,Watford,0,1,4
2021-11-28,2021/2022,Manchester Utd,Chelsea,0,1,1
2021-12-02,2021/2022,Manchester Utd,Arsenal,1,3,2
2021-12-05,2021/2022,Manchester Utd,Crystal Palace,1,1,0
2021-12-11,2021/2022,Manchester Utd,Norwich City,0,1,0
2021-12-27,2021/2022,Manchester Utd,Newcastle Utd,0,1,1
2021-12-30,2021/2022,Manchester Utd,Burnley,1,3,1
2022-01-03,2021/2022,Manchester Utd,Wolves,1,0,1
2022-01-15,2021/2022,Manchester Utd,Aston Villa,0,2,2
2022-01-19,2021/2022,Manchester Utd,Brentford,0,3,1
2022-01-22,2021/2022,Manchester Utd,West Ham,1,1,0
2022-02-08,2021/2022,Manchester Utd,Burnley,0,1,1
2022-02-12,2021/2022,Manchester Utd,Southampton,1,1,1
2022-02-15,2021/2022,Manchester Utd,Brighton,1,2,0
2022-02-20,2021/2022,Manchester Utd,Leeds United,0,4,2
2022-02-26,2021/2022,Manchester Utd,Watford,1,0,0
2022-03-06,2021/2022,Manchester Utd,Manchester City,0,1,4
2022-03-12,2021/2022,Manchester Utd,Tottenham,1,3,2
2022-04-02,2021/2022,Manchester Utd,Leicester City,1,1,1
2022-04-09,2021/2022,Manchester Utd,Everton,0,0,1
2022-04-16,2021/2022,Manchester Utd,Norwich City,1,3,2
2022-04-19,2021/2022,Manchester Utd,Liverpool,0,0,4
2022-04-23,2021/2022,Manchester Utd,Arsenal,0,1,3
2022-04-28,2021/2022,Manchester Utd,Chelsea,1,1,1
2022-05-02,2021/2022,Manchester Utd,Brentford,1,3,0
2022-05-07,2021/2022,Manchester Utd,Brighton,0,0,4
2022-05-22,2021/2022,Manchester Utd,Crystal Palace,0,0,1
2022-08-07,2022/2023,Manchester Utd,Brighton,1,1,2
2022-08-13,2022/2023,Manchester Utd,Brentford,0,0,4
2022-08-22,2022/2023,Manchester Utd,Liverpool,1,2,1
2022-08-27,2022/2023,Manchester Utd,Southampton,0,1,0
2022-09-01,2022/2023,Manchester Utd,Leicester City,0,1,0
2022-09-04,2022/2023,Manchester Utd,Arsenal,1,3,1
2022-10-02,2022/2023,Manchester Utd,Manchester City,0,3,6
2022-10-09,2022/2023,Manchester Utd,Everton,0,2,1
2022-10-16,2022/2023,Manchester Utd,Newcastle Utd,1,0,0
2022-10-19,2022/2023,Manchester Utd,Tottenham,1,2,0
2022-10-22,2022/2023,Manchester Utd,Chelsea,0,1,1
2022-10-30,2022/2023,Manchester Utd,West Ham,1,1,0
2022-11-06,2022/2023,Manchester Utd,Aston Villa,0,1,3
2022-11-13,2022/2023,Manchester Utd,Fulham,0,2,1
2022-12-27,2022/2023,Manchester Utd,Nott'ham Forest,1,3,0
2022-12-31,2022/2023,Manchester Utd,Wolves,0,1,0
2023-01-03,2022/2023,Manchester Utd,Bournemouth,1,3,0
2023-01-14,2022/2023,Manchester Utd,Manchester City,1,2,1
2023-01-18,2022/2023,Manchester Utd,Crystal Palace,0,1,1
2023-01-22,2022/2023,Manchester Utd,Arsenal,0,2,3
2023-02-04,2022/2023,Manchester Utd,Crystal Palace,1,2,1
2023-02-08,2022/2023,Manchester Utd,Leeds United,1,2,2
2023-02-12,2022/2023,Manchester Utd,Leeds United,0,2,0
2023-02-19,2022/2023,Manchester Utd,Leicester City,1,3,0
2023-03-05,2022/2023,Manchester Utd,Liverpool,0,0,7
2023-03-12,2022/2023,Manchester Utd,Southampton,1,0,0
2023-04-02,2022/2023,Manchester Utd,Newcastle Utd,0,0,2
2023-04-05,2022/2023,Manchester Utd,Brentford,1,1,0
2023-04-08,2022/2023,Manchester Utd,Everton,1,2,0
2023-04-16,2022/2023,Manchester Utd,Nott'ham Forest,0,2,0
2023-04-27,2022/2023,Manchester Utd,Tottenham,0,2,2
2023-04-30,2022/2023,Manchester Utd,Aston Villa,1,1,0
2023-05-04,2022/2023,Manchester Utd,Brighton,0,0,1
2023-05-07,2022/2023,Manchester Utd,West Ham,0,0,1
2023-05-13,2022/2023,Manchester Utd,Wolves,1,2,0
2023-05-20,2022/2023,Manchester Utd,Bournemouth,0,1,0
2023-05-25,2022/2023,Manchester Utd,Chelsea,1,4,1
2023-05-28,2022/2023,Manchester Utd,Fulham,1,2,1
2023-08-14,2023/2024,Manchester Utd,Wolves,1,1,0
2023-08-19,2023/2024,Manchester Utd,Tottenham,0,0,2
2023-08-26,2023/2024,Manchester Utd,Nott'ham Forest,1,3,2
2023-09-03,2023/2024,Manchester Utd,Arsenal,0,1,3
2023-09-16,2023/2024,Manchester Utd,Brighton,1,1,3
2023-09-23,2023/2024,Manchester Utd,Burnley,0,1,0
2023-09-30,2023/2024,Manchester Utd,Crystal Palace,1,0,1
2023-10-07,2023/2024,Manchester Utd,Brentford,1,2,1
2023-10-21,2023/2024,Manchester Utd,Sheffield Utd,0,2,1
2023-10-29,2023/2024,Manchester Utd,Manchester City,1,0,3
2023-11-04,2023/2024,Manchester Utd,Fulham,0,1,0
2023-11-11,2023/2024,Manchester Utd,Luton Town,1,1,0
2023-11-26,2023/2024,Manchester Utd,Everton,0,3,0
2023-12-02,2023/2024,Manchester Utd,Newcastle Utd,0,0,1
2023-12-06,2023/2024,Manchester Utd,Chelsea,1,2,1
2023-12-09,2023/2024,Manchester Utd,Bournemouth,1,0,3
2023-12-17,2023/2024,Manchester Utd,Liverpool,0,0,0
2023-12-23,2023/2024,Manchester Utd,West Ham,0,0,2
2023-12-26,2023/2024,Manchester Utd,Aston Villa,1,3,2
2023-12-30,2023/2024,Manchester Utd,Nott'ham Forest,0,1,2
2024-01-14,2023/2024,Manchester Utd,Tottenham,1,2,2
2024-02-01,2023/2024,Manchester Utd,Wolves,0,4,3
2024-02-04,2023/2024,Manchester Utd,West Ham,1,3,0
2024-02-11,2023/2024,Manchester Utd,Aston Villa,0,2,1
2024-02-18,2023/2024,Manchester Utd,Luton Town,0,2,1
2024-02-24,2023/2024,Manchester Utd,Fulham,1,1,2
2024-03-03,2023/2024,Manchester Utd,Manchester City,0,1,3
2024-03-09,2023/2024,Manchester Utd,Everton,1,2,0
2024-03-30,2023/2024,Manchester Utd,Brentford,0,1,1
2024-04-04,2023/2024,Manchester Utd,Chelsea,0,3,4
2024-04-07,2023/2024,Manchester Utd,Liverpool,1,2,2
2024-04-13,2023/2024,Manchester Utd,Bournemouth,0,2,2
2024-04-24,2023/2024,Manchester Utd,Sheffield Utd,1,4,2
2024-04-27,2023/2024,Manchester Utd,Burnley,1,1,1
2024-05-06,2023/2024,Manchester Utd,Crystal Palace,0,0,4
2024-05-12,2023/2024,Manchester Utd,Arsenal,1,0,1
2024-05-15,2023/2024,Manchester Utd,Newcastle Utd,1,3,2
2024-05-19,2023/2024,Manchester Utd,Brighton,0,2,0
2016-08-13,2016/2017,Middlesbrough,Stoke City,1,1,1
2016-08-21,2016/2017,Middlesbrough,Sunderland,0,2,1
2016-08-28,2016/2017,Middlesbrough,West Brom,0,0,0
2016-09-10,2016/2017,Middlesbrough,Crystal Palace,1,1,2
2016-09-17,2016/2017,Middlesbrough,Everton,0,1,3
2016-09-24,2016/2017,Middlesbrough,Tottenham,1,1,2
2016-10-01,2016/2017,Middlesbrough,West Ham,0,1,1
2016-10-16,2016/2017,Middlesbrough,Watford,1,0,1
2016-10-22,2016/2017,Middlesbrough,Arsenal,0,0,0
2016-10-29,2016/2017,Middlesbrough,Bournemouth,1,2,0
2016-11-05,2016/2017,Middlesbrough,Manchester City,0,1,1
2016-11-20,2016/2017,Middlesbrough,Chelsea,1,0,1
2016-11-26,2016/2017,Middlesbrough,Leicester City,0,2,2
2016-12-05,2016/2017,Middlesbrough,Hull City,1,1,0
2016-12-11,2016/2017,Middlesbrough,Southampton,0,0,1
2016-12-14,2016/2017,Middlesbrough,Liverpool,1,0,3
2016-12-17,2016/2017,Middlesbrough,Swansea City,1,3,0
2016-12-26,2016/2017,Middlesbrough,Burnley,0,0,1
2016-12-31,2016/2017,Middlesbrough,Manchester Utd,0,1,2
2017-01-02,2016/2017,Middlesbrough,Leicester City,1,0,0
2017-01-14,2016/2017,Middlesbrough,Watford,0,0,0
2017-01-21,2016/2017,Middlesbrough,West Ham,1,1,3
2017-01-31,2016/2017,Middlesbrough,West Brom,1,1,1
2017-02-04,2016/2017,Middlesbrough,Tottenham,0,0,1
2017-02-11,2016/2017,Middlesbrough,Everton,1,0,0
2017-02-25,2016/2017,Middlesbrough,Crystal Palace,0,0,1
2017-03-04,2016/2017,Middlesbrough,Stoke City,0,0,2
2017-03-19,2016/2017,Middlesbrough,Manchester Utd,1,1,3
2017-04-02,2016/2017,Middlesbrough,Swansea City,0,0,0
2017-04-05,2016/2017,Middlesbrough,Hull City,0,2,4
2017-04-08,2016/2017,Middlesbrough,Burnley,1,0,0
2017-04-17,2016/2017,Middlesbrough,Arsenal,1,1,2
2017-04-22,2016/2017,Middlesbrough,Bournemouth,0,0,4
2017-04-26,2016/2017,Middlesbrough,Sunderland,1,1,0
2017-04-30,2016/2017,Middlesbrough,Manchester City,1,2,2
2017-05-08,2016/2017,Middlesbrough,Chelsea,0,0,3
2017-05-13,2016/2017,Middlesbrough,Southampton,1,1,2
2017-05-21,2016/2017,Middlesbrough,Liverpool,0,0,3
2014-08-17,2014/2015,Newcastle Utd,Manchester City,1,0,2
2014-08-23,2014/2015,Newcastle Utd,Aston Villa,0,0,0
2014-08-30,2014/2015,Newcastle Utd,Crystal Palace,1,3,3
2014-09-13,2014/2015,Newcastle Utd,Southampton,0,0,4
2014-09-20,2014/2015,Newcastle Utd,Hull City,1,2,2
2014-09-29,2014/2015,Newcastle Utd,Stoke City,0,0,1
2014-10-04,2014/2015,Newcastle Utd,Swansea City,0,2,2
2014-10-18,2014/2015,Newcastle Utd,Leicester City,1,1,0
2014-10-26,2014/2015,Newcastle Utd,Tottenham,0,2,1
2014-11-01,2014/2015,Newcastle Utd,Liverpool,1,1,0
2014-11-09,2014/2015,Newcastle Utd,West Brom,0,2,0
2014-11-22,2014/2015,Newcastle Utd,QPR,1,1,0
2014-11-29,2014/2015,Newcastle Utd,West Ham,0,0,1
2014-12-02,2014/2015,Newcastle Utd,Burnley,0,1,1
2014-12-06,2014/2015,Newcastle Utd,Chelsea,1,2,1
2014-12-13,2014/2015,Newcastle Utd,Arsenal,0,1,4
2014-12-21,2014/2015,Newcastle Utd,Sunderland,1,0,1
2014-12-26,2014/2015,Newcastle Utd,Manchester Utd,0,1,3
2014-12-28,2014/2015,Newcastle Utd,Everton,1,3,2
2015-01-01,2014/2015,Newcastle Utd,Burnley,1,3,3
2015-01-10,2014/2015,Newcastle Utd,Chelsea,0,0,2
2015-01-17,2014/2015,Newcastle Utd,Southampton,1,1,2
2015-01-31,2014/2015,Newcastle Utd,Hull City,0,3,0
2015-02-08,2014/2015,Newcastle Utd,Stoke City,1,1,1
2015-02-11,2014/2015,Newcastle Utd,Crystal Palace,0,1,1
2015-02-21,2014/2015,Newcastle Utd,Manchester City,0,0,5
2015-02-28,2014/2015,Newcastle Utd,Aston Villa,1,1,0
2015-03-04,2014/2015,Newcastle Utd,Manchester Utd,1,0,1
2015-03-15,2014/2015,Newcastle Utd,Everton,0,0,3
2015-03-21,2014/2015,Newcastle Utd,Arsenal,1,1,2
2015-04-05,2014/2015,Newcastle Utd,Sunderland,0,0,1
2015-04-13,2014/2015,Newcastle Utd,Liverpool,0,0,2
2015-04-19,2014/2015,Newcastle Utd,Tottenham,1,1,3
2015-04-25,2014/2015,Newcastle Utd,Swansea City,1,2,3
2015-05-02,2014/2015,Newcastle Utd,Leicester City,0,0,3
2015-05-09,2014/2015,Newcastle Utd,West Brom,1,1,1
2015-05-16,2014/2015,Newcastle Utd,QPR,0,1,2
2015-05-24,2014/2015,Newcastle Utd,West Ham,1,2,0
2015-08-09,2015/2016,Newcastle Utd,Southampton,1,2,2
2015-08-15,2015/2016,Newcastle Utd,Swansea City,0,0,2
2015-08-22,2015/2016,Newcastle Utd,Manchester Utd,0,0,0
2015-08-29,2015/2016,Newcastle Utd,Arsenal,1,0,1
2015-09-14,2015/2016,Newcastle Utd,West Ham,0,0,2
2015-09-19,2015/2016,Newcastle Utd,Watford,1,1,2
2015-09-26,2015/2016,Newcastle Utd,Chelsea,1,2,2
2015-10-03,2015/2016,Newcastle Utd,Manchester City,0,1,6
2015-10-18,2015/2016,Newcastle Utd,Norwich City,1,6,2
2015-10-25,2015/2016,Newcastle Utd,Sunderland,0,0,3
2015-10-31,2015/2016,Newcastle Utd,Stoke City,1,0,0
2015-11-07,2015/2016,Newcastle Utd,Bournemouth,0,1,0
2015-11-21,2015/2016,Newcastle Utd,Leicester City,1,0,3
2015-11-28,2015/2016,Newcastle Utd,Crystal Palace,0,1,5
2015-12-06,2015/2016,Newcastle Utd,Liverpool,1,2,0
2015-12-13,2015/2016,Newcastle Utd,Tottenham,0,2,1
2015-12-19,2015/2016,Newcastle Utd,Aston Villa,1,1,1
2015-12-26,2015/2016,Newcastle Utd,Everton,1,0,1
2015-12-28,2015/2016,Newcastle Utd,West Brom,0,0,1
2016-01-02,2015/2016,Newcastle Utd,Arsenal,0,0,1
2016-01-12,2015/2016,Newcastle Utd,Manchester Utd,1,3,3
2016-01-16,2015/2016,Newcastle Utd,West Ham,1,2,1
2016-01-23,2015/2016,Newcastle Utd,Watford,0,1,2
2016-02-03,2015/2016,Newcastle Utd,Everton,0,0,3
2016-02-06,2015/2016,Newcastle Utd,West Brom,1,1,0
2016-02-13,2015/2016,Newcastle Utd,Chelsea,0,1,5
2016-03-02,2015/2016,Newcastle Utd,Stoke City,0,0,1
2016-03-05,2015/2016,Newcastle Utd,Bournemouth,1,1,3
2016-03-14,2015/2016,Newcastle Utd,Leicester City,0,0,1
2016-03-20,2015/2016,Newcastle Utd,Sunderland,1,1,1
2016-04-02,2015/2016,Newcastle Utd,Norwich City,0,2,3
2016-04-09,2015/2016,Newcastle Utd,Southampton,0,1,3
2016-04-16,2015/2016,Newcastle Utd,Swansea City,1,3,0
2016-04-19,2015/2016,Newcastle Utd,Manchester City,1,1,1
2016-04-23,2015/2016,Newcastle Utd,Liverpool,0,2,2
2016-04-30,2015/2016,Newcastle Utd,Crystal Palace,1,1,0
2016-05-07,2015/2016,Newcastle Utd,Aston Villa,0,0,0
2016-05-15,2015/2016,Newcastle Utd,Tottenham,1,5,1
2017-08-13,2017/2018,Newcastle Utd,Tottenham,1,0,2
2017-08-20,2017/2018,Newcastle Utd,Huddersfield,0,0,1
2017-08-26,2017/2018,Newcastle Utd,West Ham,1,3,0
2017-09-10,2017/2018,Newcastle Utd,Swansea City,0,1,0
2017-09-16,2017/2018,Newcastle Utd,Stoke City,1,2,1
2017-09-24,2017/2018,Newcastle Utd,Brighton,0,0,1
2017-10-01,2017/2018,Newcastle Utd,Liverpool,1,1,1
2017-10-15,2017/2018,Newcastle Utd,Southampton,0,2,2
2017-10-21,2017/2018,Newcastle Utd,Crystal Palace,1,1,0
2017-10-30,2017/2018,Newcastle Utd,Burnley,0,0,1
2017-11-04,2017/2018,Newcastle Utd,Bournemouth,1,0,1
2017-11-18,2017/2018,Newcastle Utd,Manchester Utd,0,1,4
2017-11-25,2017/2018,Newcastle Utd,Watford,1,0,3
2017-11-28,2017/2018,Newcastle Utd,West Brom,0,2,2
2017-12-02,2017/2018,Newcastle Utd,Chelsea,0,1,3
2017-12-09,2017/2018,Newcastle Utd,Leicester City,1,2,3
2017-12-13,2017/2018,Newcastle Utd,Everton,1,0,1
2017-12-16,2017/2018,Newcastle Utd,Arsenal,0,0,1
2017-12-23,2017/2018,Newcastle Utd,West Ham,0,3,2
2017-12-27,2017/2018,Newcastle Utd,Manchester City,1,0,1
2017-12-30,2017/2018,Newcastle Utd,Brighton,1,0,0
2018-01-01,2017/2018,Newcastle Utd,Stoke City,0,1,0
2018-01-13,2017/2018,Newcastle Utd,Swansea City,1,1,1
2018-01-20,2017/2018,Newcastle Utd,Manchester City,0,1,3
2018-01-31,2017/2018,Newcastle Utd,Burnley,1,1,1
2018-02-04,2017/2018,Newcastle Utd,Crystal Palace,0,1,1
2018-02-11,2017/2018,Newcastle Utd,Manchester Utd,1,1,0
2018-02-24,2017/2018,Newcastle Utd,Bournemouth,0,2,2
2018-03-03,2017/2018,Newcastle Utd,Liverpool,0,0,2
2018-03-10,2017/2018,Newcastle Utd,Southampton,1,3,0
2018-03-31,2017/2018,Newcastle Utd,Huddersfield,1,1,0
2018-04-07,2017/2018,Newcastle Utd,Leicester City,0,2,1
2018-04-15,2017/2018,Newcastle Utd,Arsenal,1,2,1
2018-04-23,2017/2018,Newcastle Utd,Everton,0,0,1
2018-04-28,2017/2018,Newcastle Utd,West Brom,1,0,1
2018-05-05,2017/2018,Newcastle Utd,Watford,0,1,2
2018-05-09,2017/2018,Newcastle Utd,Tottenham,0,0,1
2018-05-13,2017/2018,Newcastle Utd,Chelsea,1,3,0
2018-08-11,2018/2019,Newcastle Utd,Tottenham,1,1,2
2018-08-18,2018/2019,Newcastle Utd,Cardiff City,0,0,0
2018-08-26,2018/2019,Newcastle Utd,Chelsea,1,1,2
2018-09-01,2018/2019,Newcastle Utd,Manchester City,0,1,2
2018-09-15,2018/2019,Newcastle Utd,Arsenal,1,1,2
2018-09-22,2018/2019,Newcastle Utd,Crystal Palace,0,0,0
2018-09-29,2018/2019,Newcastle Utd,Leicester City,1,0,2
2018-10-06,2018/2019,Newcastle Utd,Manchester Utd,0,2,3
2018-10-20,2018/2019,Newcastle Utd,Brighton,1,0,1
2018-10-27,2018/2019,Newcastle Utd,Southampton,0,0,0
2018-11-03,2018/2019,Newcastle Utd,Watford,1,1,0
2018-11-10,2018/2019,Newcastle Utd,Bournemouth,1,2,1
2018-11-26,2018/2019,Newcastle Utd,Burnley,0,2,1
2018-12-01,2018/2019,Newcastle Utd,West Ham,1,0,3
2018-12-05,2018/2019,Newcastle Utd,Everton,0,1,1
2018-12-09,2018/2019,Newcastle Utd,Wolves,1,1,2
2018-12-15,2018/2019,Newcastle Utd,Huddersfield,0,1,0
2018-12-22,2018/2019,Newcastle Utd,Fulham,1,0,0
2018-12-26,2018/2019,Newcastle Utd,Liverpool,0,0,4
2018-12-29,2018/2019,Newcastle Utd,Watford,0,1,1
2019-01-02,2018/2019,Newcastle Utd,Manchester Utd,1,0,2
2019-01-12,2018/2019,Newcastle Utd,Chelsea,0,1,2
2019-01-19,2018/2019,Newcastle Utd,Cardiff City,1,3,0
2019-01-29,2018/2019,Newcastle Utd,Manchester City,1,2,1
2019-02-02,2018/2019,Newcastle Utd,Tottenham,0,0,1
2019-02-11,2018/2019,Newcastle Utd,Wolves,0,1,1
2019-02-23,2018/2019,Newcastle Utd,Huddersfield,1,2,0
2019-02-26,2018/2019,Newcastle Utd,Burnley,1,2,0
2019-03-02,2018/2019,Newcastle Utd,West Ham,0,0,2
2019-03-09,2018/2019,Newcastle Utd,Everton,1,3,2
2019-03-16,2018/2019,Newcastle Utd,Bournemouth,0,2,2
2019-04-01,2018/2019,Newcastle Utd,Arsenal,0,0,2
2019-04-06,2018/2019,Newcastle Utd,Crystal Palace,1,0,1
2019-04-12,2018/2019,Newcastle Utd,Leicester City,0,1,0
2019-04-20,2018/2019,Newcastle Utd,Southampton,1,3,1
2019-04-27,2018/2019,Newcastle Utd,Brighton,0,1,1
2019-05-04,2018/2019,Newcastle Utd,Liverpool,1,2,3
2019-05-12,2018/2019,Newcastle Utd,Fulham,0,4,0
2019-08-11,2019/2020,Newcastle Utd,Arsenal,1,0,1
2019-08-17,2019/2020,Newcastle Utd,Norwich City,0,1,3
2019-08-25,2019/2020,Newcastle Utd,Tottenham,0,1,0
2019-08-31,2019/2020,Newcastle Utd,Watford,1,1,1
2019-09-14,2019/2020,Newcastle Utd,Liverpool,0,1,3
2019-09-21,2019/2020,Newcastle Utd,Brighton,1,0,0
2019-09-29,2019/2020,Newcastle Utd,Leicester City,0,0,5
2019-10-06,2019/2020,Newcastle Utd,Manchester Utd,1,1,0
2019-10-19,2019/2020,Newcastle Utd,Chelsea,0,0,1
2019-10-27,2019/2020,Newcastle Utd,Wolves,1,1,1
2019-11-02,2019/2020,Newcastle Utd,West Ham,0,3,2
2019-11-09,2019/2020,Newcastle Utd,Bournemouth,1,2,1
2019-11-25,2019/2020,Newcastle Utd,Aston Villa,0,0,2
2019-11-30,2019/2020,Newcastle Utd,Manchester City,1,2,2
2019-12-05,2019/2020,Newcastle Utd,Sheffield Utd,0,2,0
2019-12-08,2019/2020,Newcastle Utd,Southampton,1,2,1
2019-12-14,2019/2020,Newcastle Utd,Burnley,0,0,1
2019-12-21,2019/2020,Newcastle Utd,Crystal Palace,1,1,0
2019-12-26,2019/2020,Newcastle Utd,Manchester Utd,0,1,4
2019-12-28,2019/2020,Newcastle Utd,Everton,1,1,2
2020-01-01,2019/2020,Newcastle Utd,Leicester City,1,0,3
2020-01-11,2019/2020,Newcastle Utd,Wolves,0,1,1
2020-01-18,2019/2020,Newcastle Utd,Chelsea,1,1,0
2020-01-21,2019/2020,Newcastle Utd,Everton,0,2,2
2020-02-01,2019/2020,Newcastle Utd,Norwich City,1,0,0
2020-02-16,2019/2020,Newcastle Utd,Arsenal,0,0,4
2020-02-22,2019/2020,Newcastle Utd,Crystal Palace,0,0,1
2020-02-29,2019/2020,Newcastle Utd,Burnley,1,0,0
2020-03-07,2019/2020,Newcastle Utd,Southampton,0,1,0
2020-06-21,2019/2020,Newcastle Utd,Sheffield Utd,1,3,0
2020-06-24,2019/2020,Newcastle Utd,Aston Villa,1,1,1
2020-07-01,2019/2020,Newcastle Utd,Bournemouth,0,4,1
2020-07-05,2019/2020,Newcastle Utd,West Ham,1,2,2
2020-07-08,2019/2020,Newcastle Utd,Manchester City,0,0,5
2020-07-11,2019/2020,Newcastle Utd,Watford,0,1,2
2020-07-15,2019/2020,Newcastle Utd,Tottenham,1,1,3
2020-07-20,2019/2020,Newcastle Utd,Brighton,0,0,0
2020-07-26,2019/2020,Newcastle Utd,Liverpool,1,1,3
2020-09-12,2020/2021,Newcastle Utd,West Ham,0,2,0
2020-09-20,2020/2021,Newcastle Utd,Brighton,1,0,3
2020-09-27,2020/2021,Newcastle Utd,Tottenham,0,1,1
2020-10-03,2020/2021,Newcastle Utd,Burnley,1,3,1
2020-10-17,2020/2021,Newcastle Utd,Manchester Utd,1,1,4
2020-10-25,2020/2021,Newcastle Utd,Wolves,0,1,1
2020-11-01,2020/2021,Newcastle Utd,Everton,1,2,1
2020-11-06,2020/2021,Newcastle Utd,Southampton,0,0,2
2020-11-21,2020/2021,Newcastle Utd,Chelsea,1,0,2
2020-11-27,2020/2021,Newcastle Utd,Crystal Palace,0,2,0
2020-12-12,2020/2021,Newcastle Utd,West Brom,1,2,1
2020-12-16,2020/2021,Newcastle Utd,Leeds United,0,2,5
2020-12-19,2020/2021,Newcastle Utd,Fulham,1,1,1
2020-12-26,2020/2021,Newcastle Utd,Manchester City,0,0,2
2020-12-30,2020/2021,Newcastle Utd,Liverpool,1,0,0
2021-01-03,2020/2021,Newcastle Utd,Leicester City,1,1,2
2021-01-12,2020/2021,Newcastle Utd,Sheffield Utd,0,0,1
2021-01-18,2020/2021,Newcastle Utd,Arsenal,0,0,3
2021-01-23,2020/2021,Newcastle Utd,Aston Villa,0,0,2
2021-01-26,2020/2021,Newcastle Utd,Leeds United,1,1,2
2021-01-30,2020/2021,Newcastle Utd,Everton,0,2,0
2021-02-02,2020/2021,Newcastle Utd,Crystal Palace,1,1,2
2021-02-06,2020/2021,Newcastle Utd,Southampton,1,3,2
2021-02-15,2020/2021,Newcastle Utd,Chelsea,0,0,2
2021-02-21,2020/2021,Newcastle Utd,Manchester Utd,0,1,3
2021-02-27,2020/2021,Newcastle Utd,Wolves,1,1,1
2021-03-07,2020/2021,Newcastle Utd,West Brom,0,0,0
2021-03-12,2020/2021,Newcastle Utd,Aston Villa,1,1,1
2021-03-20,2020/2021,Newcastle Utd,Brighton,0,0,3
2021-04-04,2020/2021,Newcastle Utd,Tottenham,1,2,2
2021-04-11,2020/2021,Newcastle Utd,Burnley,0,2,1
2021-04-17,2020/2021,Newcastle Utd,West Ham,1,3,2
2021-04-24,2020/2021,Newcastle Utd,Liverpool,0,1,1
2021-05-02,2020/2021,Newcastle Utd,Arsenal,1,0,2
2021-05-07,2020/2021,Newcastle Utd,Leicester City,0,4,2
2021-05-14,2020/2021,Newcastle Utd,Manchester City,1,3,4
2021-05-19,2020/2021,Newcastle Utd,Sheffield Utd,1,1,0
2021-05-23,2020/2021,Newcastle Utd,Fulham,0,2,0
2021-08-15,2021/2022,Newcastle Utd,West Ham,1,2,4
2021-08-21,2021/2022,Newcastle Utd,Aston Villa,0,0,2
2021-08-28,2021/2022,Newcastle Utd,Southampton,1,2,2
2021-09-11,2021/2022,Newcastle Utd,Manchester Utd,0,1,4
2021-09-17,2021/2022,Newcastle Utd,Leeds United,1,1,1
2021-09-25,2021/2022,Newcastle Utd,Watford,0,1,1
2021-10-02,2021/2022,Newcastle Utd,Wolves,0,1,2
2021-10-17,2021/2022,Newcastle Utd,Tottenham,1,2,3
2021-10-23,2021/2022,Newcastle Utd,Crystal Palace,0,1,1
2021-10-30,2021/2022,Newcastle Utd,Chelsea,1,0,3
2021-11-06,2021/2022,Newcastle Utd,Brighton,0,1,1
2021-11-20,2021/2022,Newcastle Utd,Brentford,1,3,3
2021-11-27,2021/2022,Newcastle Utd,Arsenal,0,0,2
2021-11-30,2021/2022,Newcastle Utd,Norwich City,1,1,1
2021-12-04,2021/2022,Newcastle Utd,Burnley,1,1,0
2021-12-12,2021/2022,Newcastle Utd,Leicester City,0,0,4
2021-12-16,2021/2022,Newcastle Utd,Liverpool,0,1,3
2021-12-19,2021/2022,Newcastle Utd,Manchester City,1,0,4
2021-12-27,2021/2022,Newcastle Utd,Manchester Utd,1,1,1
2022-01-15,2021/2022,Newcastle Utd,Watford,1,1,1
2022-01-22,2021/2022,Newcastle Utd,Leeds United,0,1,0
2022-02-08,2021/2022,Newcastle Utd,Everton,1,3,1
2022-02-13,2021/2022,Newcastle Utd,Aston Villa,1,1,0
2022-02-19,2021/2022,Newcastle Utd,West Ham,0,1,1
2022-02-26,2021/2022,Newcastle Utd,Brentford,0,2,0
2022-03-05,2021/2022,Newcastle Utd,Brighton,1,2,1
2022-03-10,2021/2022,Newcastle Utd,Southampton,0,2,1
2022-03-13,2021/2022,Newcastle Utd,Chelsea,0,0,1
2022-03-17,2021/2022,Newcastle Utd,Everton,0,0,1
2022-04-03,2021/2022,Newcastle Utd,Tottenham,0,1,5
2022-04-08,2021/2022,Newcastle Utd,Wolves,1,1,0
2022-04-17,2021/2022,Newcastle Utd,Leicester City,1,2,1
2022-04-20,2021/2022,Newcastle Utd,Crystal Palace,1,1,0
2022-04-23,2021/2022,Newcastle Utd,Norwich City,0,3,0
2022-04-30,2021/2022,Newcastle Utd,Liverpool,1,0,1
2022-05-08,2021/2022,Newcastle Utd,Manchester City,0,0,5
2022-05-16,2021/2022,Newcastle Utd,Arsenal,1,2,0
2022-05-22,2021/2022,Newcastle Utd,Burnley,0,2,1
2022-08-06,2022/2023,Newcastle Utd,Nott'ham Forest,1,2,0
2022-08-13,2022/2023,Newcastle Utd,Brighton,0,0,0
2022-08-21,2022/2023,Newcastle Utd,Manchester City,1,3,3
2022-08-28,2022/2023,Newcastle Utd,Wolves,0,1,1
2022-08-31,2022/2023,Newcastle Utd,Liverpool,0,1,2
2022-09-03,2022/2023,Newcastle Utd,Crystal Palace,1,0,0
2022-09-17,2022/2023,Newcastle Utd,Bournemouth,1,1,1
2022-10-01,2022/2023,Newcastle Utd,Fulham,0,4,1
2022-10-08,2022/2023,Newcastle Utd,Brentford,1,5,1
2022-10-16,2022/2023,Newcastle Utd,Manchester Utd,0,0,0
2022-10-19,2022/2023,Newcastle Utd,Everton,1,1,0
2022-10-23,2022/2023,Newcastle Utd,Tottenham,0,2,1
2022-10-29,2022/2023,Newcastle Utd,Aston Villa,1,4,0
2022-11-06,2022/2023,Newcastle Utd,Southampton,0,4,1
2022-11-12,2022/2023,Newcastle Utd,Chelsea,1,1,0
2022-12-26,2022/2023,Newcastle Utd,Leicester City,0,3,0
2022-12-31,2022/2023,Newcastle Utd,Leeds United,1,0,0
2023-01-03,2022/2023,Newcastle Utd,Arsenal,0,0,0
2023-01-15,2022/2023,Newcastle Utd,Fulham,1,1,0
2023-01-21,2022/2023,Newcastle Utd,Crystal Palace,0,0,0
2023-02-04,2022/2023,Newcastle Utd,West Ham,1,1,1
2023-02-11,2022/2023,Newcastle Utd,Bournemouth,0,1,1
2023-02-18,2022/2023,Newcastle Utd,Liverpool,1,0,2
2023-03-04,2022/2023,Newcastle Utd,Manchester City,0,0,2
2023-03-12,2022/2023,Newcastle Utd,Wolves,1,2,1
2023-03-17,2022/2023,Newcastle Utd,Nott'ham Forest,0,2,1
2023-04-02,2022/2023,Newcastle Utd,Manchester Utd,1,2,0
2023-04-05,2022/2023,Newcastle Utd,West Ham,0,5,1
2023-04-08,2022/2023,Newcastle Utd,Brentford,0,2,1
2023-04-15,2022/2023,Newcastle Utd,Aston Villa,0,0,3
2023-04-23,2022/2023,Newcastle Utd,Tottenham,1,6,1
2023-04-27,2022/2023,Newcastle Utd,Everton,0,4,1
2023-04-30,2022/2023,Newcastle Utd,Southampton,1,3,1
2023-05-07,2022/2023,Newcastle Utd,Arsenal,1,0,2
2023-05-13,2022/2023,Newcastle Utd,Leeds United,0,2,2
2023-05-18,2022/2023,Newcastle Utd,Brighton,1,4,1
2023-05-22,2022/2023,Newcastle Utd,Leicester City,1,0,0
2023-05-28,2022/2023,Newcastle Utd,Chelsea,0,1,1
2023-08-12,2023/2024,Newcastle Utd,Aston Villa,1,5,1
2023-08-19,2023/2024,Newcastle Utd,Manchester City,0,0,1
2023-08-27,2023/2024,Newcastle Utd,Liverpool,1,1,2
2023-09-02,2023/2024,Newcastle Utd,Brighton,0,1,3
2023-09-16,2023/2024,Newcastle Utd,Brentford,1,1,0
2023-09-24,2023/2024,Newcastle Utd,Sheffield Utd,0,8,0
2023-09-30,2023/2024,Newcastle Utd,Burnley,1,2,0
2023-10-08,2023/2024,Newcastle Utd,West Ham,0,2,2
2023-10-21,2023/2024,Newcastle Utd,Crystal Palace,1,4,0
2023-10-28,2023/2024,Newcastle Utd,Wolves,0,2,2
2023-11-04,2023/2024,Newcastle Utd,Arsenal,1,1,0
2023-11-11,2023/2024,Newcastle Utd,Bournemouth,0,0,2
2023-11-25,2023/2024,Newcastle Utd,Chelsea,1,4,1
2023-12-02,2023/2024,Newcastle Utd,Manchester Utd,1,1,0
2023-12-07,2023/2024,Newcastle Utd,Everton,0,0,3
2023-12-10,2023/2024,Newcastle Utd,Tottenham,0,1,4
2023-12-16,2023/2024,Newcastle Utd,Fulham,1,3,0
2023-12-23,2023/2024,Newcastle Utd,Luton Town,0,0,1
2023-12-26,2023/2024,Newcastle Utd,Nott'ham Forest,1,1,3
2024-01-01,2023/2024,Newcastle Utd,Liverpool,0,2,4
2024-01-13,2023/2024,Newcastle Utd,Manchester City,1,2,3
2024-01-30,2023/2024,Newcastle Utd,Aston Villa,0,3,1
2024-02-03,2023/2024,Newcastle Utd,Luton Town,1,4,4
2024-02-10,2023/2024,Newcastle Utd,Nott'ham Forest,0,3,2
2024-02-17,2023/2024,Newcastle Utd,Bournemouth,1,2,2
2024-02-24,2023/2024,Newcastle Utd,Arsenal,0,1,4
2024-03-02,2023/2024,Newcastle Utd,Wolves,1,3,0
2024-03-11,2023/2024,Newcastle Utd,Chelsea,0,2,3
2024-03-30,2023/2024,Newcastle Utd,West Ham,1,4,3
2024-04-02,2023/2024,Newcastle Utd,Everton,1,1,1
2024-04-06,2023/2024,Newcastle Utd,Fulham,0,1,0
2024-04-13,2023/2024,Newcastle Utd,Tottenham,1,4,0
2024-04-24,2023/2024,Newcastle Utd,Crystal Palace,0,0,2
2024-04-27,2023/2024,Newcastle Utd,Sheffield Utd,1,5,1
2024-05-04,2023/2024,Newcastle Utd,Burnley,0,4,1
2024-05-11,2023/2024,Newcastle Utd,Brighton,1,1,1
2024-05-15,2023/2024,Newcastle Utd,Manchester Utd,0,2,3
2024-05-19,2023/2024,Newcastle Utd,Brentford,0,4,2
2015-08-08,2015/2016,Norwich City,Crystal Palace,1,1,3
2015-08-15,2015/2016,Norwich City,Sunderland,0,3,1
2015-08-22,2015/2016,Norwich City,Stoke City,1,1,1
2015-08-30,2015/2016,Norwich City,Southampton,0,0,3
2015-09-12,2015/2016,Norwich City,Bournemouth,1,3,1
2015-09-20,2015/2016,Norwich City,Liverpool,0,1,1
2015-09-26,2015/2016,Norwich City,West Ham,0,2,2
2015-10-03,2015/2016,Norwich City,Leicester City,1,1,2
2015-10-18,2015/2016,Norwich City,Newcastle Utd,0,2,6
2015-10-24,2015/2016,Norwich City,West Brom,1,0,1
2015-10-31,2015/2016,Norwich City,Manchester City,0,1,2
2015-11-07,2015/2016,Norwich City,Swansea City,1,1,0
2015-11-21,2015/2016,Norwich City,Chelsea,0,0,1
2015-11-29,2015/2016,Norwich City,Arsenal,1,1,1
2015-12-05,2015/2016,Norwich City,Watford,0,0,2
2015-12-12,2015/2016,Norwich City,Everton,1,1,1
2015-12-19,2015/2016,Norwich City,Manchester Utd,0,2,1
2015-12-26,2015/2016,Norwich City,Tottenham,0,0,3
2015-12-28,2015/2016,Norwich City,Aston Villa,1,2,0
2016-01-02,2015/2016,Norwich City,Southampton,1,1,0
2016-01-13,2015/2016,Norwich City,Stoke City,0,1,3
2016-01-16,2015/2016,Norwich City,Bournemouth,0,0,3
2016-01-23,2015/2016,Norwich City,Liverpool,1,4,5
2016-02-02,2015/2016,Norwich City,Tottenham,1,0,3
2016-02-06,2015/2016,Norwich City,Aston Villa,0,0,2
2016-02-13,2015/2016,Norwich City,West Ham,1,2,2
2016-02-27,2015/2016,Norwich City,Leicester City,0,0,1
2016-03-01,2015/2016,Norwich City,Chelsea,1,1,2
2016-03-05,2015/2016,Norwich City,Swansea City,0,0,1
2016-03-12,2015/2016,Norwich City,Manchester City,1,0,0
2016-03-19,2015/2016,Norwich City,West Brom,0,1,0
2016-04-02,2015/2016,Norwich City,Newcastle Utd,1,3,2
2016-04-09,2015/2016,Norwich City,Crystal Palace,0,0,1
2016-04-16,2015/2016,Norwich City,Sunderland,1,0,3
2016-04-30,2015/2016,Norwich City,Arsenal,0,0,1
2016-05-07,2015/2016,Norwich City,Manchester Utd,1,0,1
2016-05-11,2015/2016,Norwich City,Watford,1,4,2
2016-05-15,2015/2016,Norwich City,Everton,0,0,3
2019-08-09,2019/2020,Norwich City,Liverpool,0,1,4
2019-08-17,2019/2020,Norwich City,Newcastle Utd,1,3,1
2019-08-24,2019/2020,Norwich City,Chelsea,1,2,3
2019-08-31,2019/2020,Norwich City,West Ham,0,0,2
2019-09-14,2019/2020,Norwich City,Manchester City,1,3,2
2019-09-21,2019/2020,Norwich City,Burnley,0,0,2
2019-09-28,2019/2020,Norwich City,Crystal Palace,0,0,2
2019-10-05,2019/2020,Norwich City,Aston Villa,1,1,5
2019-10-19,2019/2020,Norwich City,Bournemouth,0,0,0
2019-10-27,2019/2020,Norwich City,Manchester Utd,1,1,3
2019-11-02,2019/2020,Norwich City,Brighton,0,0,2
2019-11-08,2019/2020,Norwich City,Watford,1,0,2
2019-11-23,2019/2020,Norwich City,Everton,0,2,0
2019-12-01,2019/2020,Norwich City,Arsenal,1,2,2
2019-12-04,2019/2020,Norwich City,Southampton,0,1,2
2019-12-08,2019/2020,Norwich City,Sheffield Utd,1,1,2
2019-12-14,2019/2020,Norwich City,Leicester City,0,1,1
2019-12-21,2019/2020,Norwich City,Wolves,1,1,2
2019-12-26,2019/2020,Norwich City,Aston Villa,0,0,1
2019-12-28,2019/2020,Norwich City,Tottenham,1,2,2
2020-01-01,2019/2020,Norwich City,Crystal Palace,1,1,1
2020-01-11,2019/2020,Norwich City,Manchester Utd,0,0,4
2020-01-18,2019/2020,Norwich City,Bournemouth,1,1,0
2020-01-22,2019/2020,Norwich City,Tottenham,0,1,2
2020-02-01,2019/2020,Norwich City,Newcastle Utd,0,0,0
2020-02-15,2019/2020,Norwich City,Liverpool,1,0,1
2020-02-23,2019/2020,Norwich City,Wolves,0,0,3
2020-02-28,2019/2020,Norwich City,Leicester City,1,1,0
2020-03-07,2019/2020,Norwich City,Sheffield Utd,0,0,1
2020-06-19,2019/2020,Norwich City,Southampton,1,0,3
2020-06-24,2019/2020,Norwich City,Everton,1,0,1
2020-07-01,2019/2020,Norwich City,Arsenal,0,0,4
2020-07-04,2019/2020,Norwich City,Brighton,1,0,1
2020-07-07,2019/2020,Norwich City,Watford,0,1,2
2020-07-11,2019/2020,Norwich City,West Ham,1,0,4
2020-07-14,2019/2020,Norwich City,Chelsea,0,0,1
2020-07-18,2019/2020,Norwich City,Burnley,1,0,2
2020-07-26,2019/2020,Norwich City,Manchester City,0,0,5
2021-08-14,2021/2022,Norwich City,Liverpool,1,0,3
2021-08-21,2021/2022,Norwich City,Manchester City,0,0,5
2021-08-28,2021/2022,Norwich City,Leicester City,1,1,2
2021-09-11,2021/2022,Norwich City,Arsenal,0,0,1
2021-09-18,2021/2022,Norwich City,Watford,1,1,3
2021-09-25,2021/2022,Norwich City,Everton,0,0,2
2021-10-02,2021/2022,Norwich City,Burnley,0,0,0
2021-10-16,2021/2022,Norwich City,Brighton,1,0,0
2021-10-23,2021/2022,Norwich City,Chelsea,0,0,7
2021-10-31,2021/2022,Norwich City,Leeds United,1,1,2
2021-11-06,2021/2022,Norwich City,Brentford,0,2,1
2021-11-20,2021/2022,Norwich City,Southampton,1,2,1
2021-11-27,2021/2022,Norwich City,Wolves,1,0,0
2021-11-30,2021/2022,Norwich City,Newcastle Utd,0,1,1
2021-12-05,2021/2022,Norwich City,Tottenham,0,0,3
2021-12-11,2021/2022,Norwich City,Manchester Utd,1,0,1
2021-12-14,2021/2022,Norwich City,Aston Villa,1,0,2
2021-12-26,2021/2022,Norwich City,Arsenal,1,0,5
2021-12-28,2021/2022,Norwich City,Crystal Palace,0,0,3
2022-01-12,2021/2022,Norwich City,West Ham,0,0,2
2022-01-15,2021/2022,Norwich City,Everton,1,2,1
2022-01-21,2021/2022,Norwich City,Watford,0,3,0
2022-02-09,2021/2022,Norwich City,Crystal Palace,1,1,1
2022-02-12,2021/2022,Norwich City,Manchester City,1,0,4
2022-02-19,2021/2022,Norwich City,Liverpool,0,1,3
2022-02-25,2021/2022,Norwich City,Southampton,0,0,2
2022-03-05,2021/2022,Norwich City,Brentford,1,1,3
2022-03-10,2021/2022,Norwich City,Chelsea,1,1,3
2022-03-13,2021/2022,Norwich City,Leeds United,0,1,2
2022-04-02,2021/2022,Norwich City,Brighton,0,0,0
2022-04-10,2021/2022,Norwich City,Burnley,1,2,0
2022-04-16,2021/2022,Norwich City,Manchester Utd,0,2,3
2022-04-23,2021/2022,Norwich City,Newcastle Utd,1,0,3
2022-04-30,2021/2022,Norwich City,Aston Villa,0,0,2
2022-05-08,2021/2022,Norwich City,West Ham,1,0,4
2022-05-11,2021/2022,Norwich City,Leicester City,0,0,3
2022-05-15,2021/2022,Norwich City,Wolves,0,1,1
2022-05-22,2021/2022,Norwich City,Tottenham,1,0,5
2022-08-06,2022/2023,Nott'ham Forest,Newcastle Utd,0,0,2
2022-08-14,2022/2023,Nott'ham Forest,West Ham,1,1,0
2022-08-20,2022/2023,Nott'ham Forest,Everton,0,1,1
2022-08-28,2022/2023,Nott'ham Forest,Tottenham,1,0,2
2022-08-31,2022/2023,Nott'ham Forest,Manchester City,0,0,6
2022-09-03,2022/2023,Nott'ham Forest,Bournemouth,1,2,3
2022-09-16,2022/2023,Nott'ham Forest,Fulham,1,2,3
2022-10-03,2022/2023,Nott'ham Forest,Leicester City,0,0,4
2022-10-10,2022/2023,Nott'ham Forest,Aston Villa,1,1,1
2022-10-15,2022/2023,Nott'ham Forest,Wolves,0,0,1
2022-10-18,2022/2023,Nott'ham Forest,Brighton,0,0,0
2022-10-22,2022/2023,Nott'ham Forest,Liverpool,1,1,0
2022-10-30,2022/2023,Nott'ham Forest,Arsenal,0,0,5
2022-11-05,2022/2023,Nott'ham Forest,Brentford,1,2,2
2022-11-12,2022/2023,Nott'ham Forest,Crystal Palace,1,1,0
2022-12-27,2022/2023,Nott'ham Forest,Manchester Utd,0,0,3
2023-01-01,2022/2023,Nott'ham Forest,Chelsea,1,1,1
2023-01-04,2022/2023,Nott'ham Forest,Southampton,0,1,0
2023-01-14,2022/2023,Nott'ham Forest,Leicester City,1,2,0
2023-01-21,2022/2023,Nott'ham Forest,Bournemouth,0,1,1
2023-02-05,2022/2023,Nott'ham Forest,Leeds United,1,1,0
2023-02-11,2022/2023,Nott'ham Forest,Fulham,0,0,2
2023-02-18,2022/2023,Nott'ham Forest,Manchester City,1,1,1
2023-02-25,2022/2023,Nott'ham Forest,West Ham,0,0,4
2023-03-05,2022/2023,Nott'ham Forest,Everton,1,2,2
2023-03-11,2022/2023,Nott'ham Forest,Tottenham,0,1,3
2023-03-17,2022/2023,Nott'ham Forest,Newcastle Utd,1,1,2
2023-04-01,2022/2023,Nott'ham Forest,Wolves,1,1,1
2023-04-04,2022/2023,Nott'ham Forest,Leeds United,0,1,2
2023-04-08,2022/2023,Nott'ham Forest,Aston Villa,0,0,2
2023-04-16,2022/2023,Nott'ham Forest,Manchester Utd,1,0,2
2023-04-22,2022/2023,Nott'ham Forest,Liverpool,0,2,3
2023-04-26,2022/2023,Nott'ham Forest,Brighton,1,3,1
2023-04-29,2022/2023,Nott'ham Forest,Brentford,0,1,2
2023-05-08,2022/2023,Nott'ham Forest,Southampton,1,4,3
2023-05-13,2022/2023,Nott'ham Forest,Chelsea,0,2,2
2023-05-20,2022/2023,Nott'ham Forest,Arsenal,1,1,0
2023-05-28,2022/2023,Nott'ham Forest,Crystal Palace,0,1,1
2023-08-12,2023/2024,Nott'ham Forest,Arsenal,0,1,2
2023-08-18,2023/2024,Nott'ham Forest,Sheffield Utd,1,2,1
2023-08-26,2023/2024,Nott'ham Forest,Manchester Utd,0,2,3
2023-09-02,2023/2024,Nott'ham Forest,Chelsea,0,1,0
2023-09-18,2023/2024,Nott'ham Forest,Burnley,1,1,1
2023-09-23,2023/2024,Nott'ham Forest,Manchester City,0,0,2
2023-10-01,2023/2024,Nott'ham Forest,Brentford,1,1,1
2023-10-07,2023/2024,Nott'ham Forest,Crystal Palace,0,0,0
2023-10-21,2023/2024,Nott'ham Forest,Luton Town,1,2,2
2023-10-29,2023/2024,Nott'ham Forest,Liverpool,0,0,3
2023-11-05,2023/2024,Nott'ham Forest,Aston Villa,1,2,0
2023-11-12,2023/2024,Nott'ham Forest,West Ham,0,2,3
2023-11-25,2023/2024,Nott'ham Forest,Brighton,1,2,3
2023-12-02,2023/2024,Nott'ham Forest,Everton,1,0,1
2023-12-06,2023/2024,Nott'ham Forest,Fulham,0,0,5
2023-12-09,2023/2024,Nott'ham Forest,Wolves,0,1,1
2023-12-15,2023/2024,Nott'ham Forest,Tottenham,1,0,2
2023-12-23,2023/2024,Nott'ham Forest,Bournemouth,1,2,3
2023-12-26,2023/2024,Nott'ham Forest,Newcastle Utd,0,3,1
2023-12-30,2023/2024,Nott'ham Forest,Manchester Utd,1,2,1
2024-01-20,2023/2024,Nott'ham Forest,Brentford,0,2,3
2024-01-30,2023/2024,Nott'ham Forest,Arsenal,1,1,2
2024-02-04,2023/2024,Nott'ham Forest,Bournemouth,0,1,1
2024-02-10,2023/2024,Nott'ham Forest,Newcastle Utd,1,2,3
2024-02-17,2023/2024,Nott'ham Forest,West Ham,1,2,0
2024-02-24,2023/2024,Nott'ham Forest,Aston Villa,0,2,4
2024-03-02,2023/2024,Nott'ham Forest,Liverpool,1,0,1
2024-03-10,2023/2024,Nott'ham Forest,Brighton,0,0,1
2024-03-16,2023/2024,Nott'ham Forest,Luton Town,0,1,1
2024-03-30,2023/2024,Nott'ham Forest,Crystal Palace,1,1,1
2024-04-02,2023/2024,Nott'ham Forest,Fulham,1,3,1
2024-04-07,2023/2024,Nott'ham Forest,Tottenham,0,1,3
2024-04-13,2023/2024,Nott'ham Forest,Wolves,1,2,2
2024-04-21,2023/2024,Nott'ham Forest,Everton,0,0,2
2024-04-28,2023/2024,Nott'ham Forest,Manchester City,1,0,2
2024-05-04,2023/2024,Nott'ham Forest,Sheffield Utd,0,3,1
2024-05-11,2023/2024,Nott'ham Forest,Chelsea,1,2,3
2024-05-19,2023/2024,Nott'ham Forest,Burnley,0,2,1
2014-08-16,2014/2015,QPR,Hull City,1,0,1
2014-08-24,2014/2015,QPR,Tottenham,0,0,4
2014-08-30,2014/2015,QPR,Sunderland,1,1,0
2014-09-14,2014/2015,QPR,Manchester Utd,0,0,4
2014-09-20,2014/2015,QPR,Stoke City,1,2,2
2014-09-27,2014/2015,QPR,Southampton,0,1,2
2014-10-05,2014/2015,QPR,West Ham,0,0,2
2014-10-19,2014/2015,QPR,Liverpool,1,2,3
2014-10-27,2014/2015,QPR,Aston Villa,1,2,0
2014-11-01,2014/2015,QPR,Chelsea,0,1,2
2014-11-08,2014/2015,QPR,Manchester City,1,2,2
2014-11-22,2014/2015,QPR,Newcastle Utd,0,0,1
2014-11-29,2014/2015,QPR,Leicester City,1,3,2
2014-12-02,2014/2015,QPR,Swansea City,0,0,2
2014-12-06,2014/2015,QPR,Burnley,1,2,0
2014-12-15,2014/2015,QPR,Everton,0,1,3
2014-12-20,2014/2015,QPR,West Brom,1,3,2
2014-12-26,2014/2015,QPR,Arsenal,0,1,2
2014-12-28,2014/2015,QPR,Crystal Palace,1,0,0
2015-01-01,2014/2015,QPR,Swansea City,1,1,1
2015-01-10,2014/2015,QPR,Burnley,0,1,2
2015-01-17,2014/2015,QPR,Manchester Utd,1,0,2
2015-01-31,2014/2015,QPR,Stoke City,0,1,3
2015-02-07,2014/2015,QPR,Southampton,1,0,1
2015-02-10,2014/2015,QPR,Sunderland,0,2,0
2015-02-21,2014/2015,QPR,Hull City,0,1,2
2015-03-04,2014/2015,QPR,Arsenal,1,1,2
2015-03-07,2014/2015,QPR,Tottenham,1,1,2
2015-03-14,2014/2015,QPR,Crystal Palace,0,1,3
2015-03-22,2014/2015,QPR,Everton,1,1,2
2015-04-04,2014/2015,QPR,West Brom,0,4,1
2015-04-07,2014/2015,QPR,Aston Villa,0,3,3
2015-04-12,2014/2015,QPR,Chelsea,1,0,1
2015-04-25,2014/2015,QPR,West Ham,1,0,0
2015-05-02,2014/2015,QPR,Liverpool,0,1,2
2015-05-10,2014/2015,QPR,Manchester City,0,0,6
2015-05-16,2014/2015,QPR,Newcastle Utd,1,2,1
2015-05-24,2014/2015,QPR,Leicester City,0,1,5
2019-08-10,2019/2020,Sheffield Utd,Bournemouth,0,1,1
2019-08-18,2019/2020,Sheffield Utd,Crystal Palace,1,1,0
2019-08-24,2019/2020,Sheffield Utd,Leicester City,1,1,2
2019-08-31,2019/2020,Sheffield Utd,Chelsea,0,2,2
2019-09-14,2019/2020,Sheffield Utd,Southampton,1,0,1
2019-09-21,2019/2020,Sheffield Utd,Everton,0,2,0
2019-09-28,2019/2020,Sheffield Utd,Liverpool,1,0,1
2019-10-05,2019/2020,Sheffield Utd,Watford,0,0,0
2019-10-21,2019/2020,Sheffield Utd,Arsenal,1,1,0
2019-10-26,2019/2020,Sheffield Utd,West Ham,0,1,1
2019-11-02,2019/2020,Sheffield Utd,Burnley,1,3,0
2019-11-09,2019/2020,Sheffield Utd,Tottenham,0,1,1
2019-11-24,2019/2020,Sheffield Utd,Manchester Utd,1,3,3
2019-12-01,2019/2020,Sheffield Utd,Wolves,0,1,1
2019-12-05,2019/2020,Sheffield Utd,Newcastle Utd,1,0,2
2019-12-08,2019/2020,Sheffield Utd,Norwich City,0,2,1
2019-12-14,2019/2020,Sheffield Utd,Aston Villa,1,2,0
2019-12-21,2019/2020,Sheffield Utd,Brighton,0,1,0
2019-12-26,2019/2020,Sheffield Utd,Watford,1,1,1
2019-12-29,2019/2020,Sheffield Utd,Manchester City,0,0,2
2020-01-02,2019/2020,Sheffield Utd,Liverpool,0,0,2
2020-01-10,2019/2020,Sheffield Utd,West Ham,1,1,0
2020-01-18,2019/2020,Sheffield Utd,Arsenal,0,1,1
2020-01-21,2019/2020,Sheffield Utd,Manchester City,1,0,1
2020-02-01,2019/2020,Sheffield Utd,Crystal Palace,0,1,0
2020-02-09,2019/2020,Sheffield Utd,Bournemouth,1,2,1
2020-02-22,2019/2020,Sheffield Utd,Brighton,1,1,1
2020-03-07,2019/2020,Sheffield Utd,Norwich City,1,1,0
2020-06-17,2019/2020,Sheffield Utd,Aston Villa,0,0,0
2020-06-21,2019/2020,Sheffield Utd,Newcastle Utd,0,0,3
2020-06-24,2019/2020,Sheffield Utd,Manchester Utd,0,0,3
2020-07-02,2019/2020,Sheffield Utd,Tottenham,1,3,1
2020-07-05,2019/2020,Sheffield Utd,Burnley,0,1,1
2020-07-08,2019/2020,Sheffield Utd,Wolves,1,1,0
2020-07-11,2019/2020,Sheffield Utd,Chelsea,1,3,0
2020-07-16,2019/2020,Sheffield Utd,Leicester City,0,0,2
2020-07-20,2019/2020,Sheffield Utd,Everton,1,0,1
2020-07-26,2019/2020,Sheffield Utd,Southampton,0,1,3
2020-09-14,2020/2021,Sheffield Utd,Wolves,1,0,2
2020-09-21,2020/2021,Sheffield Utd,Aston Villa,0,0,1
2020-09-27,2020/2021,Sheffield Utd,Leeds United,1,0,1
2020-10-04,2020/2021,Sheffield Utd,Arsenal,0,1,2
2020-10-18,2020/2021,Sheffield Utd,Fulham,1,1,1
2020-10-24,2020/2021,Sheffield Utd,Liverpool,0,1,2
2020-10-31,2020/2021,Sheffield Utd,Manchester City,1,0,1
2020-11-07,2020/2021,Sheffield Utd,Chelsea,0,1,4
2020-11-22,2020/2021,Sheffield Utd,West Ham,1,0,1
2020-11-28,2020/2021,Sheffield Utd,West Brom,0,0,1
2020-12-06,2020/2021,Sheffield Utd,Leicester City,1,1,2
2020-12-13,2020/2021,Sheffield Utd,Southampton,0,0,3
2020-12-17,2020/2021,Sheffield Utd,Manchester Utd,1,2,3
2020-12-20,2020/2021,Sheffield Utd,Brighton,0,1,1
2020-12-26,2020/2021,Sheffield Utd,Everton,1,0,1
2020-12-29,2020/2021,Sheffield Utd,Burnley,0,0,1
2021-01-02,2020/2021,Sheffield Utd,Crystal Palace,0,0,2
2021-01-12,2020/2021,Sheffield Utd,Newcastle Utd,1,1,0
2021-01-17,2020/2021,Sheffield Utd,Tottenham,1,1,3
2021-01-27,2020/2021,Sheffield Utd,Manchester Utd,0,2,1
2021-01-30,2020/2021,Sheffield Utd,Manchester City,0,0,1
2021-02-02,2020/2021,Sheffield Utd,West Brom,1,2,1
2021-02-07,2020/2021,Sheffield Utd,Chelsea,1,1,2
2021-02-15,2020/2021,Sheffield Utd,West Ham,0,0,3
2021-02-20,2020/2021,Sheffield Utd,Fulham,0,0,1
2021-02-28,2020/2021,Sheffield Utd,Liverpool,1,0,2
2021-03-03,2020/2021,Sheffield Utd,Aston Villa,1,1,0
2021-03-06,2020/2021,Sheffield Utd,Southampton,1,0,2
2021-03-14,2020/2021,Sheffield Utd,Leicester City,0,0,5
2021-04-03,2020/2021,Sheffield Utd,Leeds United,0,1,2
2021-04-11,2020/2021,Sheffield Utd,Arsenal,1,0,3
2021-04-17,2020/2021,Sheffield Utd,Wolves,0,0,1
2021-04-24,2020/2021,Sheffield Utd,Brighton,1,1,0
2021-05-02,2020/2021,Sheffield Utd,Tottenham,0,0,4
2021-05-08,2020/2021,Sheffield Utd,Crystal Palace,1,0,2
2021-05-16,2020/2021,Sheffield Utd,Everton,0,1,0
2021-05-19,2020/2021,Sheffield Utd,Newcastle Utd,0,0,1
2021-05-23,2020/2021,Sheffield Utd,Burnley,1,1,0
2023-08-12,2023/2024,Sheffield Utd,Crystal Palace,1,0,1
2023-08-18,2023/2024,Sheffield Utd,Nott'ham Forest,0,1,2
2023-08-27,2023/2024,Sheffield Utd,Manchester City,1,1,2
2023-09-02,2023/2024,Sheffield Utd,Everton,1,2,2
2023-09-16,2023/2024,Sheffield Utd,Tottenham,0,1,2
2023-09-24,2023/2024,Sheffield Utd,Newcastle Utd,1,0,8
2023-09-30,2023/2024,Sheffield Utd,West Ham,0,0,2
2023-10-07,2023/2024,Sheffield Utd,Fulham,0,1,3
2023-10-21,2023/2024,Sheffield Utd,Manchester Utd,1,1,2
2023-10-28,2023/2024,Sheffield Utd,Arsenal,0,0,5
2023-11-04,2023/2024,Sheffield Utd,Wolves,1,2,1
2023-11-12,2023/2024,Sheffield Utd,Brighton,0,1,1
2023-11-25,2023/2024,Sheffield Utd,Bournemouth,1,1,3
2023-12-02,2023/2024,Sheffield Utd,Burnley,0,0,5
2023-12-06,2023/2024,Sheffield Utd,Liverpool,1,0,2
2023-12-09,2023/2024,Sheffield Utd,Brentford,1,1,0
2023-12-16,2023/2024,Sheffield Utd,Chelsea,0,0,2
2023-12-22,2023/2024,Sheffield Utd,Aston Villa,0,1,1
2023-12-26,2023/2024,Sheffield Utd,Luton Town,1,2,3
2023-12-30,2023/2024,Sheffield Utd,Manchester City,0,0,2
2024-01-21,2023/2024,Sheffield Utd,West Ham,1,2,2
2024-01-30,2023/2024,Sheffield Utd,Crystal Palace,0,2,3
2024-02-03,2023/2024,Sheffield Utd,Aston Villa,1,0,5
2024-02-10,2023/2024,Sheffield Utd,Luton Town,0,3,1
2024-02-18,2023/2024,Sheffield Utd,Brighton,1,0,5
2024-02-25,2023/2024,Sheffield Utd,Wolves,0,0,1
2024-03-04,2023/2024,Sheffield Utd,Arsenal,1,0,6
2024-03-09,2023/2024,Sheffield Utd,Bournemouth,0,2,2
2024-03-30,2023/2024,Sheffield Utd,Fulham,1,3,3
2024-04-04,2023/2024,Sheffield Utd,Liverpool,0,1,3
2024-04-07,2023/2024,Sheffield Utd,Chelsea,1,2,2
2024-04-13,2023/2024,Sheffield Utd,Brentford,0,0,2
2024-04-20,2023/2024,Sheffield Utd,Burnley,1,1,4
2024-04-24,2023/2024,Sheffield Utd,Manchester Utd,0,2,4
2024-04-27,2023/2024,Sheffield Utd,Newcastle Utd,0,1,5
2024-05-04,2023/2024,Sheffield Utd,Nott'ham Forest,1,1,3
2024-05-11,2023/2024,Sheffield Utd,Everton,0,0,1
2024-05-19,2023/2024,Sheffield Utd,Tottenham,1,0,3
2014-08-17,2014/2015,Southampton,Liverpool,0,1,2
2014-08-23,2014/2015,Southampton,West Brom,1,0,0
2014-08-30,2014/2015,Southampton,West Ham,0,3,1
2014-09-13,2014/2015,Southampton,Newcastle Utd,1,4,0
2014-09-20,2014/2015,Southampton,Swansea City,0,1,0
2014-09-27,2014/2015,Southampton,QPR,1,2,1
2014-10-05,2014/2015,Southampton,Tottenham,0,0,1
2014-10-18,2014/2015,Southampton,Sunderland,1,8,0
2014-10-25,2014/2015,Southampton,Stoke City,1,1,0
2014-11-01,2014/2015,Southampton,Hull City,0,1,0
2014-11-08,2014/2015,Southampton,Leicester City,1,2,0
2014-11-24,2014/2015,Southampton,Aston Villa,0,1,1
2014-11-30,2014/2015,Southampton,Manchester City,1,0,3
2014-12-03,2014/2015,Southampton,Arsenal,0,0,1
2014-12-08,2014/2015,Southampton,Manchester Utd,1,1,2
2014-12-13,2014/2015,Southampton,Burnley,0,0,1
2014-12-20,2014/2015,Southampton,Everton,1,3,0
2014-12-26,2014/2015,Southampton,Crystal Palace,0,3,1
2014-12-28,2014/2015,Southampton,Chelsea,1,1,1
2015-01-01,2014/2015,Southampton,Arsenal,1,2,0
2015-01-11,2014/2015,Southampton,Manchester Utd,0,1,0
2015-01-17,2014/2015,Southampton,Newcastle Utd,0,2,1
2015-02-01,2014/2015,Southampton,Swansea City,1,0,1
2015-02-07,2014/2015,Southampton,QPR,0,1,0
2015-02-11,2014/2015,Southampton,West Ham,1,0,0
2015-02-22,2014/2015,Southampton,Liverpool,1,0,2
2015-02-28,2014/2015,Southampton,West Brom,0,0,1
2015-03-03,2014/2015,Southampton,Crystal Palace,1,1,0
2015-03-15,2014/2015,Southampton,Chelsea,0,1,1
2015-03-21,2014/2015,Southampton,Burnley,1,2,0
2015-04-04,2014/2015,Southampton,Everton,0,0,1
2015-04-11,2014/2015,Southampton,Hull City,1,2,0
2015-04-18,2014/2015,Southampton,Stoke City,0,1,2
2015-04-25,2014/2015,Southampton,Tottenham,1,2,2
2015-05-02,2014/2015,Southampton,Sunderland,0,1,2
2015-05-09,2014/2015,Southampton,Leicester City,0,0,2
2015-05-16,2014/2015,Southampton,Aston Villa,1,6,1
2015-05-24,2014/2015,Southampton,Manchester City,0,0,2
2015-08-09,2015/2016,Southampton,Newcastle Utd,0,2,2
2015-08-15,2015/2016,Southampton,Everton,1,0,3
2015-08-23,2015/2016,Southampton,Watford,0,0,0
2015-08-30,2015/2016,Southampton,Norwich City,1,3,0
2015-09-12,2015/2016,Southampton,West Brom,0,0,0
2015-09-20,2015/2016,Southampton,Manchester Utd,1,2,3
2015-09-26,2015/2016,Southampton,Swansea City,1,3,1
2015-10-03,2015/2016,Southampton,Chelsea,0,3,1
2015-10-17,2015/2016,Southampton,Leicester City,1,2,2
2015-10-25,2015/2016,Southampton,Liverpool,0,1,1
2015-11-01,2015/2016,Southampton,Bournemouth,1,2,0
2015-11-07,2015/2016,Southampton,Sunderland,0,1,0
2015-11-21,2015/2016,Southampton,Stoke City,1,0,1
2015-11-28,2015/2016,Southampton,Manchester City,0,1,3
2015-12-05,2015/2016,Southampton,Aston Villa,1,1,1
2015-12-12,2015/2016,Southampton,Crystal Palace,0,0,1
2015-12-19,2015/2016,Southampton,Tottenham,1,0,2
2015-12-26,2015/2016,Southampton,Arsenal,1,4,0
2015-12-28,2015/2016,Southampton,West Ham,0,1,2
2016-01-02,2015/2016,Southampton,Norwich City,0,0,1
2016-01-13,2015/2016,Southampton,Watford,1,2,0
2016-01-16,2015/2016,Southampton,West Brom,1,3,0
2016-01-23,2015/2016,Southampton,Manchester Utd,0,1,0
2016-02-02,2015/2016,Southampton,Arsenal,0,0,0
2016-02-06,2015/2016,Southampton,West Ham,1,1,0
2016-02-13,2015/2016,Southampton,Swansea City,0,1,0
2016-02-27,2015/2016,Southampton,Chelsea,1,1,2
2016-03-01,2015/2016,Southampton,Bournemouth,0,0,2
2016-03-05,2015/2016,Southampton,Sunderland,1,1,1
2016-03-12,2015/2016,Southampton,Stoke City,0,2,1
2016-03-20,2015/2016,Southampton,Liverpool,1,3,2
2016-04-03,2015/2016,Southampton,Leicester City,0,0,1
2016-04-09,2015/2016,Southampton,Newcastle Utd,1,3,1
2016-04-16,2015/2016,Southampton,Everton,0,1,1
2016-04-23,2015/2016,Southampton,Aston Villa,0,4,2
2016-05-01,2015/2016,Southampton,Manchester City,1,4,2
2016-05-08,2015/2016,Southampton,Tottenham,0,2,1
2016-05-15,2015/2016,Southampton,Crystal Palace,1,4,1
2016-08-13,2016/2017,Southampton,Watford,1,1,1
2016-08-19,2016/2017,Southampton,Manchester Utd,0,0,2
2016-08-27,2016/2017,Southampton,Sunderland,1,1,1
2016-09-10,2016/2017,Southampton,Arsenal,0,1,2
2016-09-18,2016/2017,Southampton,Swansea City,1,1,0
2016-09-25,2016/2017,Southampton,West Ham,0,3,0
2016-10-02,2016/2017,Southampton,Leicester City,0,0,0
2016-10-16,2016/2017,Southampton,Burnley,1,3,1
2016-10-23,2016/2017,Southampton,Manchester City,0,1,1
2016-10-30,2016/2017,Southampton,Chelsea,1,0,2
2016-11-06,2016/2017,Southampton,Hull City,0,1,2
2016-11-19,2016/2017,Southampton,Liverpool,1,0,0
2016-11-27,2016/2017,Southampton,Everton,1,1,0
2016-12-03,2016/2017,Southampton,Crystal Palace,0,0,3
2016-12-11,2016/2017,Southampton,Middlesbrough,1,1,0
2016-12-14,2016/2017,Southampton,Stoke City,0,0,0
2016-12-18,2016/2017,Southampton,Bournemouth,0,3,1
2016-12-28,2016/2017,Southampton,Tottenham,1,1,4
2016-12-31,2016/2017,Southampton,West Brom,1,1,2
2017-01-02,2016/2017,Southampton,Everton,0,0,3
2017-01-14,2016/2017,Southampton,Burnley,0,0,1
2017-01-22,2016/2017,Southampton,Leicester City,1,3,0
2017-01-31,2016/2017,Southampton,Swansea City,0,1,2
2017-02-04,2016/2017,Southampton,West Ham,1,1,3
2017-02-11,2016/2017,Southampton,Sunderland,0,4,0
2017-03-04,2016/2017,Southampton,Watford,0,4,3
2017-03-19,2016/2017,Southampton,Tottenham,0,1,2
2017-04-01,2016/2017,Southampton,Bournemouth,1,0,0
2017-04-05,2016/2017,Southampton,Crystal Palace,1,3,1
2017-04-08,2016/2017,Southampton,West Brom,0,1,0
2017-04-15,2016/2017,Southampton,Manchester City,1,0,3
2017-04-25,2016/2017,Southampton,Chelsea,0,2,4
2017-04-29,2016/2017,Southampton,Hull City,1,0,0
2017-05-07,2016/2017,Southampton,Liverpool,0,0,0
2017-05-10,2016/2017,Southampton,Arsenal,1,0,2
2017-05-13,2016/2017,Southampton,Middlesbrough,0,2,1
2017-05-17,2016/2017,Southampton,Manchester Utd,1,0,0
2017-05-21,2016/2017,Southampton,Stoke City,1,0,1
2017-08-12,2017/2018,Southampton,Swansea City,1,0,0
2017-08-19,2017/2018,Southampton,West Ham,1,3,2
2017-08-26,2017/2018,Southampton,Huddersfield,0,0,0
2017-09-09,2017/2018,Southampton,Watford,1,0,2
2017-09-16,2017/2018,Southampton,Crystal Palace,0,1,0
2017-09-23,2017/2018,Southampton,Manchester Utd,1,0,1
2017-09-30,2017/2018,Southampton,Stoke City,0,1,2
2017-10-15,2017/2018,Southampton,Newcastle Utd,1,2,2
2017-10-21,2017/2018,Southampton,West Brom,1,1,0
2017-10-29,2017/2018,Southampton,Brighton,0,1,1
2017-11-04,2017/2018,Southampton,Burnley,1,0,1
2017-11-18,2017/2018,Southampton,Liverpool,0,0,3
2017-11-26,2017/2018,Southampton,Everton,1,4,1
2017-11-29,2017/2018,Southampton,Manchester City,0,1,2
2017-12-03,2017/2018,Southampton,Bournemouth,0,1,1
2017-12-10,2017/2018,Southampton,Arsenal,1,1,1
2017-12-13,2017/2018,Southampton,Leicester City,1,1,4
2017-12-16,2017/2018,Southampton,Chelsea,0,0,1
2017-12-23,2017/2018,Southampton,Huddersfield,1,1,1
2017-12-26,2017/2018,Southampton,Tottenham,0,2,5
2017-12-30,2017/2018,Southampton,Manchester Utd,0,0,0
2018-01-02,2017/2018,Southampton,Crystal Palace,1,1,2
2018-01-13,2017/2018,Southampton,Watford,0,2,2
2018-01-21,2017/2018,Southampton,Tottenham,1,1,1
2018-01-31,2017/2018,Southampton,Brighton,1,1,1
2018-02-03,2017/2018,Southampton,West Brom,0,3,2
2018-02-11,2017/2018,Southampton,Liverpool,1,0,2
2018-02-24,2017/2018,Southampton,Burnley,0,1,1
2018-03-03,2017/2018,Southampton,Stoke City,1,0,0
2018-03-10,2017/2018,Southampton,Newcastle Utd,0,0,3
2018-03-31,2017/2018,Southampton,West Ham,0,0,3
2018-04-08,2017/2018,Southampton,Arsenal,0,2,3
2018-04-14,2017/2018,Southampton,Chelsea,1,2,3
2018-04-19,2017/2018,Southampton,Leicester City,0,0,0
2018-04-28,2017/2018,Southampton,Bournemouth,1,2,1
2018-05-05,2017/2018,Southampton,Everton,0,1,1
2018-05-08,2017/2018,Southampton,Swansea City,0,1,0
2018-05-13,2017/2018,Southampton,Manchester City,1,0,1
2018-08-12,2018/2019,Southampton,Burnley,1,0,0
2018-08-18,2018/2019,Southampton,Everton,0,1,2
2018-08-25,2018/2019,Southampton,Leicester City,1,1,2
2018-09-01,2018/2019,Southampton,Crystal Palace,0,2,0
2018-09-17,2018/2019,Southampton,Brighton,1,2,2
2018-09-22,2018/2019,Southampton,Liverpool,0,0,3
2018-09-29,2018/2019,Southampton,Wolves,0,0,2
2018-10-07,2018/2019,Southampton,Chelsea,1,0,3
2018-10-20,2018/2019,Southampton,Bournemouth,0,0,0
2018-10-27,2018/2019,Southampton,Newcastle Utd,1,0,0
2018-11-04,2018/2019,Southampton,Manchester City,0,1,6
2018-11-10,2018/2019,Southampton,Watford,1,1,1
2018-11-24,2018/2019,Southampton,Fulham,0,2,3
2018-12-01,2018/2019,Southampton,Manchester Utd,1,2,2
2018-12-05,2018/2019,Southampton,Tottenham,0,1,3
2018-12-08,2018/2019,Southampton,Cardiff City,0,0,1
2018-12-16,2018/2019,Southampton,Arsenal,1,3,2
2018-12-22,2018/2019,Southampton,Huddersfield,0,3,1
2018-12-27,2018/2019,Southampton,West Ham,1,1,2
2018-12-30,2018/2019,Southampton,Manchester City,1,1,3
2019-01-02,2018/2019,Southampton,Chelsea,0,0,0
2019-01-12,2018/2019,Southampton,Leicester City,0,2,1
2019-01-19,2018/2019,Southampton,Everton,1,2,1
2019-01-30,2018/2019,Southampton,Crystal Palace,1,1,1
2019-02-02,2018/2019,Southampton,Burnley,0,1,1
2019-02-09,2018/2019,Southampton,Cardiff City,1,1,2
2019-02-24,2018/2019,Southampton,Arsenal,0,0,2
2019-02-27,2018/2019,Southampton,Fulham,1,2,0
2019-03-02,2018/2019,Southampton,Manchester Utd,0,2,3
2019-03-09,2018/2019,Southampton,Tottenham,1,2,1
2019-03-30,2018/2019,Southampton,Brighton,0,1,0
2019-04-05,2018/2019,Southampton,Liverpool,1,1,3
2019-04-13,2018/2019,Southampton,Wolves,1,3,1
2019-04-20,2018/2019,Southampton,Newcastle Utd,0,1,3
2019-04-23,2018/2019,Southampton,Watford,0,1,1
2019-04-27,2018/2019,Southampton,Bournemouth,1,3,3
2019-05-04,2018/2019,Southampton,West Ham,0,0,3
2019-05-12,2018/2019,Southampton,Huddersfield,1,1,1
2019-08-10,2019/2020,Southampton,Burnley,0,0,3
2019-08-17,2019/2020,Southampton,Liverpool,1,1,2
2019-08-24,2019/2020,Southampton,Brighton,0,2,0
2019-08-31,2019/2020,Southampton,Manchester Utd,1,1,1
2019-09-14,2019/2020,Southampton,Sheffield Utd,0,1,0
2019-09-20,2019/2020,Southampton,Bournemouth,1,1,3
2019-09-28,2019/2020,Southampton,Tottenham,0,1,2
2019-10-06,2019/2020,Southampton,Chelsea,1,1,4
2019-10-19,2019/2020,Southampton,Wolves,0,1,1
2019-10-25,2019/2020,Southampton,Leicester City,1,0,9
2019-11-02,2019/2020,Southampton,Manchester City,0,1,2
2019-11-09,2019/2020,Southampton,Everton,1,1,2
2019-11-23,2019/2020,Southampton,Arsenal,0,2,2
2019-11-30,2019/2020,Southampton,Watford,1,2,1
2019-12-04,2019/2020,Southampton,Norwich City,1,2,1
2019-12-08,2019/2020,Southampton,Newcastle Utd,0,1,2
2019-12-14,2019/2020,Southampton,West Ham,1,0,1
2019-12-21,2019/2020,Southampton,Aston Villa,0,3,1
2019-12-26,2019/2020,Southampton,Chelsea,0,2,0
2019-12-28,2019/2020,Southampton,Crystal Palace,1,1,1
2020-01-01,2019/2020,Southampton,Tottenham,1,1,0
2020-01-11,2019/2020,Southampton,Leicester City,0,2,1
2020-01-18,2019/2020,Southampton,Wolves,1,2,3
2020-01-21,2019/2020,Southampton,Crystal Palace,0,2,0
2020-02-01,2019/2020,Southampton,Liverpool,0,0,4
2020-02-15,2019/2020,Southampton,Burnley,1,1,2
2020-02-22,2019/2020,Southampton,Aston Villa,1,2,0
2020-02-29,2019/2020,Southampton,West Ham,0,1,3
2020-03-07,2019/2020,Southampton,Newcastle Utd,1,0,1
2020-06-19,2019/2020,Southampton,Norwich City,0,3,0
2020-06-25,2019/2020,Southampton,Arsenal,1,0,2
2020-06-28,2019/2020,Southampton,Watford,0,3,1
2020-07-05,2019/2020,Southampton,Manchester City,1,1,0
2020-07-09,2019/2020,Southampton,Everton,0,1,1
2020-07-13,2019/2020,Southampton,Manchester Utd,0,2,2
2020-07-16,2019/2020,Southampton,Brighton,1,1,1
2020-07-19,2019/2020,Southampton,Bournemouth,0,2,0
2020-07-26,2019/2020,Southampton,Sheffield Utd,1,3,1
2020-09-12,2020/2021,Southampton,Crystal Palace,0,0,1
2020-09-20,2020/2021,Southampton,Tottenham,1,2,5
2020-09-26,2020/2021,Southampton,Burnley,0,1,0
2020-10-04,2020/2021,Southampton,West Brom,1,2,0
2020-10-17,2020/2021,Southampton,Chelsea,0,3,3
2020-10-25,2020/2021,Southampton,Everton,1,2,0
2020-11-01,2020/2021,Southampton,Aston Villa,0,4,3
2020-11-06,2020/2021,Southampton,Newcastle Utd,1,2,0
2020-11-23,2020/2021,Southampton,Wolves,0,1,1
2020-11-29,2020/2021,Southampton,Manchester Utd,1,2,3
2020-12-07,2020/2021,Southampton,Brighton,0,2,1
2020-12-13,2020/2021,Southampton,Sheffield Utd,1,3,0
2020-12-16,2020/2021,Southampton,Arsenal,0,1,1
2020-12-19,2020/2021,Southampton,Manchester City,1,0,1
2020-12-26,2020/2021,Southampton,Fulham,0,0,0
2020-12-29,2020/2021,Southampton,West Ham,1,0,0
2021-01-04,2020/2021,Southampton,Liverpool,1,1,0
2021-01-16,2020/2021,Southampton,Leicester City,0,0,2
2021-01-26,2020/2021,Southampton,Arsenal,1,1,3
2021-01-30,2020/2021,Southampton,Aston Villa,1,0,1
2021-02-02,2020/2021,Southampton,Manchester Utd,0,0,9
2021-02-06,2020/2021,Southampton,Newcastle Utd,0,2,3
2021-02-14,2020/2021,Southampton,Wolves,1,1,2
2021-02-20,2020/2021,Southampton,Chelsea,1,1,1
2021-02-23,2020/2021,Southampton,Leeds United,0,0,3
2021-03-01,2020/2021,Southampton,Everton,0,0,1
2021-03-06,2020/2021,Southampton,Sheffield Utd,0,2,0
2021-03-10,2020/2021,Southampton,Manchester City,0,2,5
2021-03-14,2020/2021,Southampton,Brighton,1,1,2
2021-04-04,2020/2021,Southampton,Burnley,1,3,2
2021-04-12,2020/2021,Southampton,West Brom,0,0,3
2021-04-21,2020/2021,Southampton,Tottenham,0,1,2
2021-04-30,2020/2021,Southampton,Leicester City,1,1,1
2021-05-08,2020/2021,Southampton,Liverpool,0,0,2
2021-05-11,2020/2021,Southampton,Crystal Palace,1,3,1
2021-05-15,2020/2021,Southampton,Fulham,1,3,1
2021-05-18,2020/2021,Southampton,Leeds United,1,0,2
2021-05-23,2020/2021,Southampton,West Ham,0,0,3
2021-08-14,2021/2022,Southampton,Everton,0,1,3
2021-08-22,2021/2022,Southampton,Manchester Utd,1,1,1
2021-08-28,2021/2022,Southampton,Newcastle Utd,0,2,2
2021-09-11,2021/2022,Southampton,West Ham,1,0,0
2021-09-18,2021/2022,Southampton,Manchester City,0,0,0
2021-09-26,2021/2022,Southampton,Wolves,1,0,1
2021-10-02,2021/2022,Southampton,Chelsea,0,1,3
2021-10-16,2021/2022,Southampton,Leeds United,1,1,0
2021-10-23,2021/2022,Southampton,Burnley,1,2,2
2021-10-30,2021/2022,Southampton,Watford,0,1,0
2021-11-05,2021/2022,Southampton,Aston Villa,1,1,0
2021-11-20,2021/2022,Southampton,Norwich City,0,1,2
2021-11-27,2021/2022,Southampton,Liverpool,0,0,4
2021-12-01,2021/2022,Southampton,Leicester City,1,2,2
2021-12-04,2021/2022,Southampton,Brighton,1,1,1
2021-12-11,2021/2022,Southampton,Arsenal,0,0,3
2021-12-15,2021/2022,Southampton,Crystal Palace,0,2,2
2021-12-26,2021/2022,Southampton,West Ham,0,3,2
2021-12-28,2021/2022,Southampton,Tottenham,1,1,1
2022-01-11,2021/2022,Southampton,Brentford,1,4,1
2022-01-15,2021/2022,Southampton,Wolves,0,1,3
2022-01-22,2021/2022,Southampton,Manchester City,1,1,1
2022-02-09,2021/2022,Southampton,Tottenham,0,3,2
2022-02-12,2021/2022,Southampton,Manchester Utd,0,1,1
2022-02-19,2021/2022,Southampton,Everton,1,2,0
2022-02-25,2021/2022,Southampton,Norwich City,1,2,0
2022-03-05,2021/2022,Southampton,Aston Villa,0,0,4
2022-03-10,2021/2022,Southampton,Newcastle Utd,1,1,2
2022-03-13,2021/2022,Southampton,Watford,1,1,2
2022-04-02,2021/2022,Southampton,Leeds United,0,1,1
2022-04-09,2021/2022,Southampton,Chelsea,1,0,6
2022-04-16,2021/2022,Southampton,Arsenal,1,1,0
2022-04-21,2021/2022,Southampton,Burnley,0,0,2
2022-04-24,2021/2022,Southampton,Brighton,0,2,2
2022-04-30,2021/2022,Southampton,Crystal Palace,1,1,2
2022-05-07,2021/2022,Southampton,Brentford,0,0,3
2022-05-17,2021/2022,Southampton,Liverpool,1,1,2
2022-05-22,2021/2022,Southampton,Leicester City,0,1,4
2022-08-06,2022/2023,Southampton,Tottenham,0,1,4
2022-08-13,2022/2023,Southampton,Leeds United,1,2,2
2022-08-20,2022/2023,Southampton,Leicester City,0,2,1
2022-08-27,2022/2023,Southampton,Manchester Utd,1,0,1
2022-08-30,2022/2023,Southampton,Chelsea,1,2,1
2022-09-03,2022/2023,Southampton,Wolves,0,0,1
2022-09-16,2022/2023,Southampton,Aston Villa,0,0,1
2022-10-01,2022/2023,Southampton,Everton,1,1,2
2022-10-08,2022/2023,Southampton,Manchester City,0,0,4
2022-10-16,2022/2023,Southampton,West Ham,1,1,1
2022-10-19,2022/2023,Southampton,Bournemouth,0,1,0
2022-10-23,2022/2023,Southampton,Arsenal,1,1,1
2022-10-29,2022/2023,Southampton,Crystal Palace,0,0,1
2022-11-06,2022/2023,Southampton,Newcastle Utd,1,1,4
2022-11-12,2022/2023,Southampton,Liverpool,0,1,3
2022-12-26,2022/2023,Southampton,Brighton,1,1,3
2022-12-31,2022/2023,Southampton,Fulham,0,1,2
2023-01-04,2022/2023,Southampton,Nott'ham Forest,1,0,1
2023-01-14,2022/2023,Southampton,Everton,0,2,1
2023-01-21,2022/2023,Southampton,Aston Villa,1,0,1
2023-02-04,2022/2023,Southampton,Brentford,0,0,3
2023-02-11,2022/2023,Southampton,Wolves,1,1,2
2023-02-18,2022/2023,Southampton,Chelsea,0,1,0
2023-02-25,2022/2023,Southampton,Leeds United,0,0,1
2023-03-04,2022/2023,Southampton,Leicester City,1,1,0
2023-03-12,2022/2023,Southampton,Manchester Utd,0,0,0
2023-03-15,2022/2023,Southampton,Brentford,1,0,2
2023-03-18,2022/2023,Southampton,Tottenham,1,3,3
2023-04-02,2022/2023,Southampton,West Ham,0,0,1
2023-04-08,2022/2023,Southampton,Manchester City,1,1,4
2023-04-15,2022/2023,Southampton,Crystal Palace,1,0,2
2023-04-21,2022/2023,Southampton,Arsenal,0,3,3
2023-04-27,2022/2023,Southampton,Bournemouth,1,0,1
2023-04-30,2022/2023,Southampton,Newcastle Utd,0,1,3
2023-05-08,2022/2023,Southampton,Nott'ham Forest,0,3,4
2023-05-13,2022/2023,Southampton,Fulham,1,0,2
2023-05-21,2022/2023,Southampton,Brighton,0,1,3
2023-05-28,2022/2023,Southampton,Liverpool,1,4,4
2014-08-16,2014/2015,Stoke City,Aston Villa,1,0,1
2014-08-24,2014/2015,Stoke City,Hull City,0,1,1
2014-08-30,2014/2015,Stoke City,Manchester City,0,1,0
2014-09-13,2014/2015,Stoke City,Leicester City,1,0,1
2014-09-20,2014/2015,Stoke City,QPR,0,2,2
2014-09-29,2014/2015,Stoke City,Newcastle Utd,1,1,0
2014-10-04,2014/2015,Stoke City,Sunderland,0,1,3
2014-10-19,2014/2015,Stoke City,Swansea City,1,2,1
2014-10-25,2014/2015,Stoke City,Southampton,0,0,1
2014-11-01,2014/2015,Stoke City,West Ham,1,2,2
2014-11-09,2014/2015,Stoke City,Tottenham,0,2,1
2014-11-22,2014/2015,Stoke City,Burnley,1,1,2
2014-11-29,2014/2015,Stoke City,Liverpool,0,0,1
2014-12-02,2014/2015,Stoke City,Manchester Utd,0,1,2
2014-12-06,2014/2015,Stoke City,Arsenal,1,3,2
2014-12-13,2014/2015,Stoke City,Crystal Palace,0,1,1
2014-12-22,2014/2015,Stoke City,Chelsea,1,0,2
2014-12-26,2014/2015,Stoke City,Everton,0,1,0
2014-12-28,2014/2015,Stoke City,West Brom,1,2,0
2015-01-01,2014/2015,Stoke City,Manchester Utd,1,1,1
2015-01-11,2014/2015,Stoke City,Arsenal,0,0,3
2015-01-17,2014/2015,Stoke City,Leicester City,0,1,0
2015-01-31,2014/2015,Stoke City,QPR,1,3,1
2015-02-08,2014/2015,Stoke City,Newcastle Utd,0,1,1
2015-02-11,2014/2015,Stoke City,Manchester City,1,1,4
2015-02-21,2014/2015,Stoke City,Aston Villa,0,2,1
2015-02-28,2014/2015,Stoke City,Hull City,1,1,0
2015-03-04,2014/2015,Stoke City,Everton,1,2,0
2015-03-14,2014/2015,Stoke City,West Brom,0,0,1
2015-03-21,2014/2015,Stoke City,Crystal Palace,1,1,2
2015-04-04,2014/2015,Stoke City,Chelsea,0,1,2
2015-04-11,2014/2015,Stoke City,West Ham,0,1,1
2015-04-18,2014/2015,Stoke City,Southampton,1,2,1
2015-04-25,2014/2015,Stoke City,Sunderland,1,1,1
2015-05-02,2014/2015,Stoke City,Swansea City,0,0,2
2015-05-09,2014/2015,Stoke City,Tottenham,1,3,0
2015-05-16,2014/2015,Stoke City,Burnley,0,0,0
2015-05-24,2014/2015,Stoke City,Liverpool,1,6,1
2015-08-09,2015/2016,Stoke City,Liverpool,1,0,1
2015-08-15,2015/2016,Stoke City,Tottenham,0,2,2
2015-08-22,2015/2016,Stoke City,Norwich City,0,1,1
2015-08-29,2015/2016,Stoke City,West Brom,1,0,1
2015-09-12,2015/2016,Stoke City,Arsenal,0,0,2
2015-09-19,2015/2016,Stoke City,Leicester City,1,2,2
2015-09-26,2015/2016,Stoke City,Bournemouth,1,2,1
2015-10-03,2015/2016,Stoke City,Aston Villa,0,1,0
2015-10-19,2015/2016,Stoke City,Swansea City,0,1,0
2015-10-24,2015/2016,Stoke City,Watford,1,0,2
2015-10-31,2015/2016,Stoke City,Newcastle Utd,0,0,0
2015-11-07,2015/2016,Stoke City,Chelsea,1,1,0
2015-11-21,2015/2016,Stoke City,Southampton,0,1,0
2015-11-28,2015/2016,Stoke City,Sunderland,0,0,2
2015-12-05,2015/2016,Stoke City,Manchester City,1,2,0
2015-12-12,2015/2016,Stoke City,West Ham,0,0,0
2015-12-19,2015/2016,Stoke City,Crystal Palace,1,1,2
2015-12-26,2015/2016,Stoke City,Manchester Utd,1,2,0
2015-12-28,2015/2016,Stoke City,Everton,0,4,3
2016-01-02,2015/2016,Stoke City,West Brom,0,1,2
2016-01-13,2015/2016,Stoke City,Norwich City,1,3,1
2016-01-17,2015/2016,Stoke City,Arsenal,1,0,0
2016-01-23,2015/2016,Stoke City,Leicester City,0,0,3
2016-02-02,2015/2016,Stoke City,Manchester Utd,0,0,3
2016-02-06,2015/2016,Stoke City,Everton,1,0,3
2016-02-13,2015/2016,Stoke City,Bournemouth,0,3,1
2016-02-27,2015/2016,Stoke City,Aston Villa,1,2,1
2016-03-02,2015/2016,Stoke City,Newcastle Utd,1,1,0
2016-03-05,2015/2016,Stoke City,Chelsea,0,1,1
2016-03-12,2015/2016,Stoke City,Southampton,1,1,2
2016-03-19,2015/2016,Stoke City,Watford,0,2,1
2016-04-02,2015/2016,Stoke City,Swansea City,1,2,2
2016-04-10,2015/2016,Stoke City,Liverpool,0,1,4
2016-04-18,2015/2016,Stoke City,Tottenham,1,0,4
2016-04-23,2015/2016,Stoke City,Manchester City,0,0,4
2016-04-30,2015/2016,Stoke City,Sunderland,1,1,1
2016-05-07,2015/2016,Stoke City,Crystal Palace,0,1,2
2016-05-15,2015/2016,Stoke City,West Ham,1,2,1
2016-08-13,2016/2017,Stoke City,Middlesbrough,0,1,1
2016-08-20,2016/2017,Stoke City,Manchester City,1,1,4
2016-08-27,2016/2017,Stoke City,Everton,0,0,1
2016-09-10,2016/2017,Stoke City,Tottenham,1,0,4
2016-09-18,2016/2017,Stoke City,Crystal Palace,0,1,4
2016-09-24,2016/2017,Stoke City,West Brom,1,1,1
2016-10-02,2016/2017,Stoke City,Manchester Utd,0,1,1
2016-10-15,2016/2017,Stoke City,Sunderland,1,2,0
2016-10-22,2016/2017,Stoke City,Hull City,0,2,0
2016-10-31,2016/2017,Stoke City,Swansea City,1,3,1
2016-11-05,2016/2017,Stoke City,West Ham,0,1,1
2016-11-19,2016/2017,Stoke City,Bournemouth,1,0,1
2016-11-27,2016/2017,Stoke City,Watford,0,1,0
2016-12-03,2016/2017,Stoke City,Burnley,1,2,0
2016-12-10,2016/2017,Stoke City,Arsenal,0,1,3
2016-12-14,2016/2017,Stoke City,Southampton,1,0,0
2016-12-17,2016/2017,Stoke City,Leicester City,1,2,2
2016-12-27,2016/2017,Stoke City,Liverpool,0,1,4
2016-12-31,2016/2017,Stoke City,Chelsea,0,2,4
2017-01-03,2016/2017,Stoke City,Watford,1,2,0
2017-01-14,2016/2017,Stoke City,Sunderland,0,3,1
2017-01-21,2016/2017,Stoke City,Manchester Utd,1,1,1
2017-02-01,2016/2017,Stoke City,Everton,1,1,1
2017-02-04,2016/2017,Stoke City,West Brom,0,0,1
2017-02-11,2016/2017,Stoke City,Crystal Palace,1,1,0
2017-02-26,2016/2017,Stoke City,Tottenham,0,0,4
2017-03-04,2016/2017,Stoke City,Middlesbrough,1,2,0
2017-03-08,2016/2017,Stoke City,Manchester City,0,0,0
2017-03-18,2016/2017,Stoke City,Chelsea,1,1,2
2017-04-01,2016/2017,Stoke City,Leicester City,0,0,2
2017-04-04,2016/2017,Stoke City,Burnley,0,0,1
2017-04-08,2016/2017,Stoke City,Liverpool,1,1,2
2017-04-15,2016/2017,Stoke City,Hull City,1,3,1
2017-04-22,2016/2017,Stoke City,Swansea City,0,0,2
2017-04-29,2016/2017,Stoke City,West Ham,1,0,0
2017-05-06,2016/2017,Stoke City,Bournemouth,0,2,2
2017-05-13,2016/2017,Stoke City,Arsenal,1,1,4
2017-05-21,2016/2017,Stoke City,Southampton,0,1,0
2017-08-12,2017/2018,Stoke City,Everton,0,0,1
2017-08-19,2017/2018,Stoke City,Arsenal,1,1,0
2017-08-27,2017/2018,Stoke City,West Brom,0,1,1
2017-09-09,2017/2018,Stoke City,Manchester Utd,1,2,2
2017-09-16,2017/2018,Stoke City,Newcastle Utd,0,1,2
2017-09-23,2017/2018,Stoke City,Chelsea,1,0,4
2017-09-30,2017/2018,Stoke City,Southampton,1,2,1
2017-10-14,2017/2018,Stoke City,Manchester City,0,2,7
2017-10-21,2017/2018,Stoke City,Bournemouth,1,1,2
2017-10-28,2017/2018,Stoke City,Watford,0,1,0
2017-11-04,2017/2018,Stoke City,Leicester City,1,2,2
2017-11-20,2017/2018,Stoke City,Brighton,0,2,2
2017-11-25,2017/2018,Stoke City,Crystal Palace,0,1,2
2017-11-29,2017/2018,Stoke City,Liverpool,1,0,3
2017-12-02,2017/2018,Stoke City,Swansea City,1,2,1
2017-12-09,2017/2018,Stoke City,Tottenham,0,1,5
2017-12-12,2017/2018,Stoke City,Burnley,0,0,1
2017-12-16,2017/2018,Stoke City,West Ham,1,0,3
2017-12-23,2017/2018,Stoke City,West Brom,1,3,1
2017-12-26,2017/2018,Stoke City,Huddersfield,0,1,1
2017-12-30,2017/2018,Stoke City,Chelsea,0,0,5
2018-01-01,2017/2018,Stoke City,Newcastle Utd,1,0,1
2018-01-15,2017/2018,Stoke City,Manchester Utd,0,0,3
2018-01-20,2017/2018,Stoke City,Huddersfield,1,2,0
2018-01-31,2017/2018,Stoke City,Watford,1,0,0
2018-02-03,2017/2018,Stoke City,Bournemouth,0,1,2
2018-02-10,2017/2018,Stoke City,Brighton,1,1,1
2018-02-24,2017/2018,Stoke City,Leicester City,0,1,1
2018-03-03,2017/2018,Stoke City,Southampton,0,0,0
2018-03-12,2017/2018,Stoke City,Manchester City,1,0,2
2018-03-17,2017/2018,Stoke City,Everton,1,1,2
2018-04-01,2017/2018,Stoke City,Arsenal,0,0,3
2018-04-07,2017/2018,Stoke City,Tottenham,1,1,2
2018-04-16,2017/2018,Stoke City,West Ham,0,1,1
2018-04-22,2017/2018,Stoke City,Burnley,1,1,1
2018-04-28,2017/2018,Stoke City,Liverpool,0,0,0
2018-05-05,2017/2018,Stoke City,Crystal Palace,1,1,2
2018-05-13,2017/2018,Stoke City,Swansea City,0,2,1
2014-08-16,2014/2015,Sunderland,West Brom,0,2,2
2014-08-24,2014/2015,Sunderland,Manchester Utd,1,1,1
2014-08-30,2014/2015,Sunderland,QPR,0,0,1
2014-09-13,2014/2015,Sunderland,Tottenham,1,2,2
2014-09-20,2014/2015,Sunderland,Burnley,0,0,0
2014-09-27,2014/2015,Sunderland,Swansea City,1,0,0
2014-10-04,2014/2015,Sunderland,Stoke City,1,3,1
2014-10-18,2014/2015,Sunderland,Southampton,0,0,8
2014-10-25,2014/2015,Sunderland,Arsenal,1,0,2
2014-11-03,2014/2015,Sunderland,Crystal Palace,0,3,1
2014-11-09,2014/2015,Sunderland,Everton,1,1,1
2014-11-22,2014/2015,Sunderland,Leicester City,0,0,0
2014-11-29,2014/2015,Sunderland,Chelsea,1,0,0
2014-12-03,2014/2015,Sunderland,Manchester City,1,1,4
2014-12-06,2014/2015,Sunderland,Liverpool,0,0,0
2014-12-13,2014/2015,Sunderland,West Ham,1,1,1
2014-12-21,2014/2015,Sunderland,Newcastle Utd,0,1,0
2014-12-26,2014/2015,Sunderland,Hull City,1,1,3
2014-12-28,2014/2015,Sunderland,Aston Villa,0,0,0
2015-01-01,2014/2015,Sunderland,Manchester City,0,2,3
2015-01-10,2014/2015,Sunderland,Liverpool,1,0,1
2015-01-17,2014/2015,Sunderland,Tottenham,0,1,2
2015-01-31,2014/2015,Sunderland,Burnley,1,2,0
2015-02-07,2014/2015,Sunderland,Swansea City,0,1,1
2015-02-10,2014/2015,Sunderland,QPR,1,0,2
2015-02-21,2014/2015,Sunderland,West Brom,1,0,0
2015-02-28,2014/2015,Sunderland,Manchester Utd,0,0,2
2015-03-03,2014/2015,Sunderland,Hull City,0,1,1
2015-03-14,2014/2015,Sunderland,Aston Villa,1,0,4
2015-03-21,2014/2015,Sunderland,West Ham,0,0,1
2015-04-05,2014/2015,Sunderland,Newcastle Utd,1,1,0
2015-04-11,2014/2015,Sunderland,Crystal Palace,1,1,4
2015-04-25,2014/2015,Sunderland,Stoke City,0,1,1
2015-05-02,2014/2015,Sunderland,Southampton,1,2,1
2015-05-09,2014/2015,Sunderland,Everton,0,2,0
2015-05-16,2014/2015,Sunderland,Leicester City,1,0,0
2015-05-20,2014/2015,Sunderland,Arsenal,0,0,0
2015-05-24,2014/2015,Sunderland,Chelsea,0,1,3
2015-08-08,2015/2016,Sunderland,Leicester City,0,2,4
2015-08-15,2015/2016,Sunderland,Norwich City,1,1,3
2015-08-22,2015/2016,Sunderland,Swansea City,1,1,1
2015-08-29,2015/2016,Sunderland,Aston Villa,0,2,2
2015-09-13,2015/2016,Sunderland,Tottenham,1,0,1
2015-09-19,2015/2016,Sunderland,Bournemouth,0,0,2
2015-09-26,2015/2016,Sunderland,Manchester Utd,0,0,3
2015-10-03,2015/2016,Sunderland,West Ham,1,2,2
2015-10-17,2015/2016,Sunderland,West Brom,0,0,1
2015-10-25,2015/2016,Sunderland,Newcastle Utd,1,3,0
2015-11-01,2015/2016,Sunderland,Everton,0,2,6
2015-11-07,2015/2016,Sunderland,Southampton,1,0,1
2015-11-23,2015/2016,Sunderland,Crystal Palace,0,1,0
2015-11-28,2015/2016,Sunderland,Stoke City,1,2,0
2015-12-05,2015/2016,Sunderland,Arsenal,0,1,3
2015-12-12,2015/2016,Sunderland,Watford,1,0,1
2015-12-19,2015/2016,Sunderland,Chelsea,0,1,3
2015-12-26,2015/2016,Sunderland,Manchester City,0,1,4
2015-12-30,2015/2016,Sunderland,Liverpool,1,0,1
2016-01-02,2015/2016,Sunderland,Aston Villa,1,3,1
2016-01-13,2015/2016,Sunderland,Swansea City,0,4,2
2016-01-16,2015/2016,Sunderland,Tottenham,0,1,4
2016-01-23,2015/2016,Sunderland,Bournemouth,1,1,1
2016-02-02,2015/2016,Sunderland,Manchester City,1,0,1
2016-02-06,2015/2016,Sunderland,Liverpool,0,2,2
2016-02-13,2015/2016,Sunderland,Manchester Utd,1,2,1
2016-02-27,2015/2016,Sunderland,West Ham,0,0,1
2016-03-01,2015/2016,Sunderland,Crystal Palace,1,2,2
2016-03-05,2015/2016,Sunderland,Southampton,0,1,1
2016-03-20,2015/2016,Sunderland,Newcastle Utd,0,1,1
2016-04-02,2015/2016,Sunderland,West Brom,1,0,0
2016-04-10,2015/2016,Sunderland,Leicester City,1,0,2
2016-04-16,2015/2016,Sunderland,Norwich City,0,3,0
2016-04-24,2015/2016,Sunderland,Arsenal,1,0,0
2016-04-30,2015/2016,Sunderland,Stoke City,0,1,1
2016-05-07,2015/2016,Sunderland,Chelsea,1,3,2
2016-05-11,2015/2016,Sunderland,Everton,1,3,0
2016-05-15,2015/2016,Sunderland,Watford,0,2,2
2016-08-13,2016/2017,Sunderland,Manchester City,0,1,2
2016-08-21,2016/2017,Sunderland,Middlesbrough,1,1,2
2016-08-27,2016/2017,Sunderland,Southampton,0,1,1
2016-09-12,2016/2017,Sunderland,Everton,1,0,3
2016-09-18,2016/2017,Sunderland,Tottenham,0,0,1
2016-09-24,2016/2017,Sunderland,Crystal Palace,1,2,3
2016-10-01,2016/2017,Sunderland,West Brom,1,1,1
2016-10-15,2016/2017,Sunderland,Stoke City,0,0,2
2016-10-22,2016/2017,Sunderland,West Ham,0,0,1
2016-10-29,2016/2017,Sunderland,Arsenal,1,1,4
2016-11-05,2016/2017,Sunderland,Bournemouth,0,2,1
2016-11-19,2016/2017,Sunderland,Hull City,1,3,0
2016-11-26,2016/2017,Sunderland,Liverpool,0,0,2
2016-12-03,2016/2017,Sunderland,Leicester City,1,2,1
2016-12-10,2016/2017,Sunderland,Swansea City,0,0,3
2016-12-14,2016/2017,Sunderland,Chelsea,1,0,1
2016-12-17,2016/2017,Sunderland,Watford,1,1,0
2016-12-26,2016/2017,Sunderland,Manchester Utd,0,1,3
2016-12-31,2016/2017,Sunderland,Burnley,0,1,4
2017-01-02,2016/2017,Sunderland,Liverpool,1,2,2
2017-01-14,2016/2017,Sunderland,Stoke City,1,1,3
2017-01-21,2016/2017,Sunderland,West Brom,0,0,2
2017-01-31,2016/2017,Sunderland,Tottenham,1,0,0
2017-02-04,2016/2017,Sunderland,Crystal Palace,0,4,0
2017-02-11,2016/2017,Sunderland,Southampton,1,0,4
2017-02-25,2016/2017,Sunderland,Everton,0,0,2
2017-03-05,2016/2017,Sunderland,Manchester City,1,0,2
2017-03-18,2016/2017,Sunderland,Burnley,1,0,0
2017-04-01,2016/2017,Sunderland,Watford,0,0,1
2017-04-04,2016/2017,Sunderland,Leicester City,0,0,2
2017-04-09,2016/2017,Sunderland,Manchester Utd,1,0,3
2017-04-15,2016/2017,Sunderland,West Ham,1,2,2
2017-04-26,2016/2017,Sunderland,Middlesbrough,0,0,1
2017-04-29,2016/2017,Sunderland,Bournemouth,1,0,1
2017-05-06,2016/2017,Sunderland,Hull City,0,2,0
2017-05-13,2016/2017,Sunderland,Swansea City,1,0,2
2017-05-16,2016/2017,Sunderland,Arsenal,0,0,2
2017-05-21,2016/2017,Sunderland,Chelsea,0,1,5
2014-08-16,2014/2015,Swansea City,Manchester Utd,0,2,1
2014-08-23,2014/2015,Swansea City,Burnley,1,1,0
2014-08-30,2014/2015,Swansea City,West Brom,1,3,0
2014-09-13,2014/2015,Swansea City,Chelsea,0,2,4
2014-09-20,2014/2015,Swansea City,Southampton,1,0,1
2014-09-27,2014/2015,Swansea City,Sunderland,0,0,0
2014-10-04,2014/2015,Swansea City,Newcastle Utd,1,2,2
2014-10-19,2014/2015,Swansea City,Stoke City,0,1,2
2014-10-25,2014/2015,Swansea City,Leicester City,1,2,0
2014-11-01,2014/2015,Swansea City,Everton,0,0,0
2014-11-09,2014/2015,Swansea City,Arsenal,1,2,1
2014-11-22,2014/2015,Swansea City,Manchester City,0,1,2
2014-11-29,2014/2015,Swansea City,Crystal Palace,1,1,1
2014-12-02,2014/2015,Swansea City,QPR,1,2,0
2014-12-07,2014/2015,Swansea City,West Ham,0,1,3
2014-12-14,2014/2015,Swansea City,Tottenham,1,1,2
2014-12-20,2014/2015,Swansea City,Hull City,0,1,0
2014-12-26,2014/2015,Swansea City,Aston Villa,1,1,0
2014-12-29,2014/2015,Swansea City,Liverpool,0,1,4
2015-01-01,2014/2015,Swansea City,QPR,0,1,1
2015-01-10,2014/2015,Swansea City,West Ham,1,1,1
2015-01-17,2014/2015,Swansea City,Chelsea,1,0,5
2015-02-01,2014/2015,Swansea City,Southampton,0,1,0
2015-02-07,2014/2015,Swansea City,Sunderland,1,1,1
2015-02-11,2014/2015,Swansea City,West Brom,0,0,2
2015-02-21,2014/2015,Swansea City,Manchester Utd,1,2,1
2015-02-28,2014/2015,Swansea City,Burnley,0,1,0
2015-03-04,2014/2015,Swansea City,Tottenham,0,2,3
2015-03-16,2014/2015,Swansea City,Liverpool,1,0,1
2015-03-21,2014/2015,Swansea City,Aston Villa,0,1,0
2015-04-04,2014/2015,Swansea City,Hull City,1,3,1
2015-04-11,2014/2015,Swansea City,Everton,1,1,1
2015-04-18,2014/2015,Swansea City,Leicester City,0,0,2
2015-04-25,2014/2015,Swansea City,Newcastle Utd,0,3,2
2015-05-02,2014/2015,Swansea City,Stoke City,1,2,0
2015-05-11,2014/2015,Swansea City,Arsenal,0,1,0
2015-05-17,2014/2015,Swansea City,Manchester City,1,2,4
2015-05-24,2014/2015,Swansea City,Crystal Palace,0,0,1
2015-08-08,2015/2016,Swansea City,Chelsea,0,2,2
2015-08-15,2015/2016,Swansea City,Newcastle Utd,1,2,0
2015-08-22,2015/2016,Swansea City,Sunderland,0,1,1
2015-08-30,2015/2016,Swansea City,Manchester Utd,1,2,1
2015-09-12,2015/2016,Swansea City,Watford,0,0,1
2015-09-19,2015/2016,Swansea City,Everton,1,0,0
2015-09-26,2015/2016,Swansea City,Southampton,0,1,3
2015-10-04,2015/2016,Swansea City,Tottenham,1,2,2
2015-10-19,2015/2016,Swansea City,Stoke City,1,0,1
2015-10-24,2015/2016,Swansea City,Aston Villa,0,2,1
2015-10-31,2015/2016,Swansea City,Arsenal,1,0,3
2015-11-07,2015/2016,Swansea City,Norwich City,0,0,1
2015-11-21,2015/2016,Swansea City,Bournemouth,1,2,2
2015-11-29,2015/2016,Swansea City,Liverpool,0,0,1
2015-12-05,2015/2016,Swansea City,Leicester City,1,0,3
2015-12-12,2015/2016,Swansea City,Manchester City,0,1,2
2015-12-20,2015/2016,Swansea City,West Ham,1,0,0
2015-12-26,2015/2016,Swansea City,West Brom,1,1,0
2015-12-28,2015/2016,Swansea City,Crystal Palace,0,0,0
2016-01-02,2015/2016,Swansea City,Manchester Utd,0,1,2
2016-01-13,2015/2016,Swansea City,Sunderland,1,2,4
2016-01-18,2015/2016,Swansea City,Watford,1,1,0
2016-01-24,2015/2016,Swansea City,Everton,0,2,1
2016-02-02,2015/2016,Swansea City,West Brom,0,1,1
2016-02-06,2015/2016,Swansea City,Crystal Palace,1,1,1
2016-02-13,2015/2016,Swansea City,Southampton,1,0,1
2016-02-28,2015/2016,Swansea City,Tottenham,0,1,2
2016-03-02,2015/2016,Swansea City,Arsenal,0,2,1
2016-03-05,2015/2016,Swansea City,Norwich City,1,1,0
2016-03-12,2015/2016,Swansea City,Bournemouth,0,2,3
2016-03-19,2015/2016,Swansea City,Aston Villa,1,1,0
2016-04-02,2015/2016,Swansea City,Stoke City,0,2,2
2016-04-09,2015/2016,Swansea City,Chelsea,1,1,0
2016-04-16,2015/2016,Swansea City,Newcastle Utd,0,0,3
2016-04-24,2015/2016,Swansea City,Leicester City,0,0,4
2016-05-01,2015/2016,Swansea City,Liverpool,1,3,1
2016-05-07,2015/2016,Swansea City,West Ham,0,4,1
2016-05-15,2015/2016,Swansea City,Manchester City,1,1,1
2016-08-13,2016/2017,Swansea City,Burnley,0,1,0
2016-08-20,2016/2017,Swansea City,Hull City,1,0,2
2016-08-27,2016/2017,Swansea City,Leicester City,0,1,2
2016-09-11,2016/2017,Swansea City,Chelsea,1,2,2
2016-09-18,2016/2017,Swansea City,Southampton,0,0,1
2016-09-24,2016/2017,Swansea City,Manchester City,1,1,3
2016-10-01,2016/2017,Swansea City,Liverpool,1,1,2
2016-10-15,2016/2017,Swansea City,Arsenal,0,2,3
2016-10-22,2016/2017,Swansea City,Watford,1,0,0
2016-10-31,2016/2017,Swansea City,Stoke City,0,1,3
2016-11-06,2016/2017,Swansea City,Manchester Utd,1,1,3
2016-11-19,2016/2017,Swansea City,Everton,0,1,1
2016-11-26,2016/2017,Swansea City,Crystal Palace,1,5,4
2016-12-03,2016/2017,Swansea City,Tottenham,0,0,5
2016-12-10,2016/2017,Swansea City,Sunderland,1,3,0
2016-12-14,2016/2017,Swansea City,West Brom,0,1,3
2016-12-17,2016/2017,Swansea City,Middlesbrough,0,0,3
2016-12-26,2016/2017,Swansea City,West Ham,1,1,4
2016-12-31,2016/2017,Swansea City,Bournemouth,1,0,3
2017-01-03,2016/2017,Swansea City,Crystal Palace,0,2,1
2017-01-14,2016/2017,Swansea City,Arsenal,1,0,4
2017-01-21,2016/2017,Swansea City,Liverpool,0,3,2
2017-01-31,2016/2017,Swansea City,Southampton,1,2,1
2017-02-05,2016/2017,Swansea City,Manchester City,0,1,2
2017-02-12,2016/2017,Swansea City,Leicester City,1,2,0
2017-02-25,2016/2017,Swansea City,Chelsea,0,1,3
2017-03-04,2016/2017,Swansea City,Burnley,1,3,2
2017-03-11,2016/2017,Swansea City,Hull City,0,1,2
2017-03-18,2016/2017,Swansea City,Bournemouth,0,0,2
2017-04-02,2016/2017,Swansea City,Middlesbrough,1,0,0
2017-04-05,2016/2017,Swansea City,Tottenham,1,1,3
2017-04-08,2016/2017,Swansea City,West Ham,0,0,1
2017-04-15,2016/2017,Swansea City,Watford,0,0,1
2017-04-22,2016/2017,Swansea City,Stoke City,1,2,0
2017-04-30,2016/2017,Swansea City,Manchester Utd,0,1,1
2017-05-06,2016/2017,Swansea City,Everton,1,1,0
2017-05-13,2016/2017,Swansea City,Sunderland,0,2,0
2017-05-21,2016/2017,Swansea City,West Brom,1,2,1
2017-08-12,2017/2018,Swansea City,Southampton,0,0,0
2017-08-19,2017/2018,Swansea City,Manchester Utd,1,0,4
2017-08-26,2017/2018,Swansea City,Crystal Palace,0,2,0
2017-09-10,2017/2018,Swansea City,Newcastle Utd,1,0,1
2017-09-16,2017/2018,Swansea City,Tottenham,0,0,0
2017-09-23,2017/2018,Swansea City,Watford,1,1,2
2017-09-30,2017/2018,Swansea City,West Ham,0,0,1
2017-10-14,2017/2018,Swansea City,Huddersfield,1,2,0
2017-10-21,2017/2018,Swansea City,Leicester City,1,1,2
2017-10-28,2017/2018,Swansea City,Arsenal,0,1,2
2017-11-04,2017/2018,Swansea City,Brighton,1,0,1
2017-11-18,2017/2018,Swansea City,Burnley,0,0,2
2017-11-25,2017/2018,Swansea City,Bournemouth,1,0,0
2017-11-29,2017/2018,Swansea City,Chelsea,0,0,1
2017-12-02,2017/2018,Swansea City,Stoke City,0,1,2
2017-12-09,2017/2018,Swansea City,West Brom,1,1,0
2017-12-13,2017/2018,Swansea City,Manchester City,1,0,4
2017-12-18,2017/2018,Swansea City,Everton,0,1,3
2017-12-23,2017/2018,Swansea City,Crystal Palace,1,1,1
2017-12-26,2017/2018,Swansea City,Liverpool,0,0,5
2017-12-30,2017/2018,Swansea City,Watford,0,2,1
2018-01-02,2017/2018,Swansea City,Tottenham,1,0,2
2018-01-13,2017/2018,Swansea City,Newcastle Utd,0,1,1
2018-01-22,2017/2018,Swansea City,Liverpool,1,1,0
2018-01-30,2017/2018,Swansea City,Arsenal,1,3,1
2018-02-03,2017/2018,Swansea City,Leicester City,0,1,1
2018-02-10,2017/2018,Swansea City,Burnley,1,1,0
2018-02-24,2017/2018,Swansea City,Brighton,0,1,4
2018-03-03,2017/2018,Swansea City,West Ham,1,4,1
2018-03-10,2017/2018,Swansea City,Huddersfield,0,0,0
2018-03-31,2017/2018,Swansea City,Manchester Utd,0,0,2
2018-04-07,2017/2018,Swansea City,West Brom,0,1,1
2018-04-14,2017/2018,Swansea City,Everton,1,1,1
2018-04-22,2017/2018,Swansea City,Manchester City,0,0,5
2018-04-28,2017/2018,Swansea City,Chelsea,1,0,1
2018-05-05,2017/2018,Swansea City,Bournemouth,0,0,1
2018-05-08,2017/2018,Swansea City,Southampton,1,0,1
2018-05-13,2017/2018,Swansea City,Stoke City,1,1,2
2014-08-16,2014/2015,Tottenham,West Ham,0,1,0
2014-08-24,2014/2015,Tottenham,QPR,1,4,0
2014-08-31,2014/2015,Tottenham,Liverpool,1,0,3
2014-09-13,2014/2015,Tottenham,Sunderland,0,2,2
2014-09-21,2014/2015,Tottenham,West Brom,1,0,1
2014-09-27,2014/2015,Tottenham,Arsenal,0,1,1
2014-10-05,2014/2015,Tottenham,Southampton,1,1,0
2014-10-18,2014/2015,Tottenham,Manchester City,0,1,4
2014-10-26,2014/2015,Tottenham,Newcastle Utd,1,1,2
2014-11-02,2014/2015,Tottenham,Aston Villa,0,2,1
2014-11-09,2014/2015,Tottenham,Stoke City,1,1,2
2014-11-23,2014/2015,Tottenham,Hull City,0,2,1
2014-11-30,2014/2015,Tottenham,Everton,1,2,1
2014-12-03,2014/2015,Tottenham,Chelsea,0,0,3
2014-12-06,2014/2015,Tottenham,Crystal Palace,1,0,0
2014-12-14,2014/2015,Tottenham,Swansea City,0,2,1
2014-12-20,2014/2015,Tottenham,Burnley,1,2,1
2014-12-26,2014/2015,Tottenham,Leicester City,0,2,1
2014-12-28,2014/2015,Tottenham,Manchester Utd,1,0,0
2015-01-01,2014/2015,Tottenham,Chelsea,1,5,3
2015-01-10,2014/2015,Tottenham,Crystal Palace,0,1,2
2015-01-17,2014/2015,Tottenham,Sunderland,1,2,1
2015-01-31,2014/2015,Tottenham,West Brom,0,3,0
2015-02-07,2014/2015,Tottenham,Arsenal,1,2,1
2015-02-10,2014/2015,Tottenham,Liverpool,0,2,3
2015-02-22,2014/2015,Tottenham,West Ham,1,2,2
2015-03-04,2014/2015,Tottenham,Swansea City,1,3,2
2015-03-07,2014/2015,Tottenham,QPR,0,2,1
2015-03-15,2014/2015,Tottenham,Manchester Utd,0,0,3
2015-03-21,2014/2015,Tottenham,Leicester City,1,4,3
2015-04-05,2014/2015,Tottenham,Burnley,0,0,0
2015-04-11,2014/2015,Tottenham,Aston Villa,1,0,1
2015-04-19,2014/2015,Tottenham,Newcastle Utd,0,3,1
2015-04-25,2014/2015,Tottenham,Southampton,0,2,2
2015-05-03,2014/2015,Tottenham,Manchester City,1,0,1
2015-05-09,2014/2015,Tottenham,Stoke City,0,0,3
2015-05-16,2014/2015,Tottenham,Hull City,1,2,0
2015-05-24,2014/2015,Tottenham,Everton,0,1,0
2015-08-08,2015/2016,Tottenham,Manchester Utd,0,0,1
2015-08-15,2015/2016,Tottenham,Stoke City,1,2,2
2015-08-22,2015/2016,Tottenham,Leicester City,0,1,1
2015-08-29,2015/2016,Tottenham,Everton,1,0,0
2015-09-13,2015/2016,Tottenham,Sunderland,0,1,0
2015-09-20,2015/2016,Tottenham,Crystal Palace,1,1,0
2015-09-26,2015/2016,Tottenham,Manchester City,1,4,1
2015-10-04,2015/2016,Tottenham,Swansea City,0,2,2
2015-10-17,2015/2016,Tottenham,Liverpool,1,0,0
2015-10-25,2015/2016,Tottenham,Bournemouth,0,5,1
2015-11-02,2015/2016,Tottenham,Aston Villa,1,3,1
2015-11-08,2015/2016,Tottenham,Arsenal,0,1,1
2015-11-22,2015/2016,Tottenham,West Ham,1,4,1
2015-11-29,2015/2016,Tottenham,Chelsea,1,0,0
2015-12-05,2015/2016,Tottenham,West Brom,0,1,1
2015-12-13,2015/2016,Tottenham,Newcastle Utd,1,1,2
2015-12-19,2015/2016,Tottenham,Southampton,0,2,0
2015-12-26,2015/2016,Tottenham,Norwich City,1,3,0
2015-12-28,2015/2016,Tottenham,Watford,0,2,1
2016-01-03,2015/2016,Tottenham,Everton,0,1,1
2016-01-13,2015/2016,Tottenham,Leicester City,1,0,1
2016-01-16,2015/2016,Tottenham,Sunderland,1,4,1
2016-01-23,2015/2016,Tottenham,Crystal Palace,0,3,1
2016-02-02,2015/2016,Tottenham,Norwich City,0,3,0
2016-02-06,2015/2016,Tottenham,Watford,1,1,0
2016-02-14,2015/2016,Tottenham,Manchester City,0,2,1
2016-02-28,2015/2016,Tottenham,Swansea City,1,2,1
2016-03-02,2015/2016,Tottenham,West Ham,0,0,1
2016-03-05,2015/2016,Tottenham,Arsenal,1,2,2
2016-03-13,2015/2016,Tottenham,Aston Villa,0,2,0
2016-03-20,2015/2016,Tottenham,Bournemouth,1,3,0
2016-04-02,2015/2016,Tottenham,Liverpool,0,1,1
2016-04-10,2015/2016,Tottenham,Manchester Utd,1,3,0
2016-04-18,2015/2016,Tottenham,Stoke City,0,4,0
2016-04-25,2015/2016,Tottenham,West Brom,1,1,1
2016-05-02,2015/2016,Tottenham,Chelsea,0,2,2
2016-05-08,2015/2016,Tottenham,Southampton,1,1,2
2016-05-15,2015/2016,Tottenham,Newcastle Utd,0,1,5
2016-08-13,2016/2017,Tottenham,Everton,0,1,1
2016-08-20,2016/2017,Tottenham,Crystal Palace,1,1,0
2016-08-27,2016/2017,Tottenham,Liverpool,1,1,1
2016-09-10,2016/2017,Tottenham,Stoke City,0,4,0
2016-09-18,2016/2017,Tottenham,Sunderland,1,1,0
2016-09-24,2016/2017,Tottenham,Middlesbrough,0,2,1
2016-10-02,2016/2017,Tottenham,Manchester City,1,2,0
2016-10-15,2016/2017,Tottenham,West Brom,0,1,1
2016-10-22,2016/2017,Tottenham,Bournemouth,0,0,0
2016-10-29,2016/2017,Tottenham,Leicester City,1,1,1
2016-11-06,2016/2017,Tottenham,Arsenal,0,1,1
2016-11-19,2016/2017,Tottenham,West Ham,1,3,2
2016-11-26,2016/2017,Tottenham,Chelsea,0,1,2
2016-12-03,2016/2017,Tottenham,Swansea City,1,5,0
2016-12-11,2016/2017,Tottenham,Manchester Utd,0,0,1
2016-12-14,2016/2017,Tottenham,Hull City,1,3,0
2016-12-18,2016/2017,Tottenham,Burnley,1,2,1
2016-12-28,2016/2017,Tottenham,Southampton,0,4,1
2017-01-01,2016/2017,Tottenham,Watford,0,4,1
2017-01-04,2016/2017,Tottenham,Chelsea,1,2,0
2017-01-14,2016/2017,Tottenham,West Brom,1,4,0
2017-01-21,2016/2017,Tottenham,Manchester City,0,2,2
2017-01-31,2016/2017,Tottenham,Sunderland,0,0,0
2017-02-04,2016/2017,Tottenham,Middlesbrough,1,1,0
2017-02-11,2016/2017,Tottenham,Liverpool,0,0,2
2017-02-26,2016/2017,Tottenham,Stoke City,1,4,0
2017-03-05,2016/2017,Tottenham,Everton,1,3,2
2017-03-19,2016/2017,Tottenham,Southampton,1,2,1
2017-04-01,2016/2017,Tottenham,Burnley,0,2,0
2017-04-05,2016/2017,Tottenham,Swansea City,0,3,1
2017-04-08,2016/2017,Tottenham,Watford,1,4,0
2017-04-15,2016/2017,Tottenham,Bournemouth,1,4,0
2017-04-26,2016/2017,Tottenham,Crystal Palace,0,1,0
2017-04-30,2016/2017,Tottenham,Arsenal,1,2,0
2017-05-05,2016/2017,Tottenham,West Ham,0,0,1
2017-05-14,2016/2017,Tottenham,Manchester Utd,1,2,1
2017-05-18,2016/2017,Tottenham,Leicester City,0,6,1
2017-05-21,2016/2017,Tottenham,Hull City,0,7,1
2017-08-13,2017/2018,Tottenham,Newcastle Utd,0,2,0
2017-08-20,2017/2018,Tottenham,Chelsea,1,1,2
2017-08-27,2017/2018,Tottenham,Burnley,1,1,1
2017-09-09,2017/2018,Tottenham,Everton,0,3,0
2017-09-16,2017/2018,Tottenham,Swansea City,1,0,0
2017-09-23,2017/2018,Tottenham,West Ham,0,3,2
2017-09-30,2017/2018,Tottenham,Huddersfield,0,4,0
2017-10-14,2017/2018,Tottenham,Bournemouth,1,1,0
2017-10-22,2017/2018,Tottenham,Liverpool,1,4,1
2017-10-28,2017/2018,Tottenham,Manchester Utd,0,0,1
2017-11-05,2017/2018,Tottenham,Crystal Palace,1,1,0
2017-11-18,2017/2018,Tottenham,Arsenal,0,0,2
2017-11-25,2017/2018,Tottenham,West Brom,1,1,1
2017-11-28,2017/2018,Tottenham,Leicester City,0,1,2
2017-12-02,2017/2018,Tottenham,Watford,0,1,1
2017-12-09,2017/2018,Tottenham,Stoke City,1,5,1
2017-12-13,2017/2018,Tottenham,Brighton,1,2,0
2017-12-16,2017/2018,Tottenham,Manchester City,0,1,4
2017-12-23,2017/2018,Tottenham,Burnley,0,3,0
2017-12-26,2017/2018,Tottenham,Southampton,1,5,2
2018-01-02,2017/2018,Tottenham,Swansea City,0,2,0
2018-01-04,2017/2018,Tottenham,West Ham,1,1,1
2018-01-13,2017/2018,Tottenham,Everton,1,4,0
2018-01-21,2017/2018,Tottenham,Southampton,0,1,1
2018-01-31,2017/2018,Tottenham,Manchester Utd,1,2,0
2018-02-04,2017/2018,Tottenham,Liverpool,0,2,2
2018-02-10,2017/2018,Tottenham,Arsenal,1,1,0
2018-02-25,2017/2018,Tottenham,Crystal Palace,0,1,0
2018-03-03,2017/2018,Tottenham,Huddersfield,1,2,0
2018-03-11,2017/2018,Tottenham,Bournemouth,0,4,1
2018-04-01,2017/2018,Tottenham,Chelsea,0,3,1
2018-04-07,2017/2018,Tottenham,Stoke City,0,2,1
2018-04-14,2017/2018,Tottenham,Manchester City,1,1,3
2018-04-17,2017/2018,Tottenham,Brighton,0,1,1
2018-04-30,2017/2018,Tottenham,Watford,1,2,0
2018-05-05,2017/2018,Tottenham,West Brom,0,0,1
2018-05-09,2017/2018,Tottenham,Newcastle Utd,1,1,0
2018-05-13,2017/2018,Tottenham,Leicester City,1,5,4
2018-08-11,2018/2019,Tottenham,Newcastle Utd,0,2,1
2018-08-18,2018/2019,Tottenham,Fulham,1,3,1
2018-08-27,2018/2019,Tottenham,Manchester Utd,0,3,0
2018-09-02,2018/2019,Tottenham,Watford,0,1,2
2018-09-15,2018/2019,Tottenham,Liverpool,1,1,2
2018-09-22,2018/2019,Tottenham,Brighton,0,2,1
2018-09-29,2018/2019,Tottenham,Huddersfield,0,2,0
2018-10-06,2018/2019,Tottenham,Cardiff City,1,1,0
2018-10-20,2018/2019,Tottenham,West Ham,0,1,0
2018-10-29,2018/2019,Tottenham,Manchester City,1,0,1
2018-11-03,2018/2019,Tottenham,Wolves,0,3,2
2018-11-10,2018/2019,Tottenham,Crystal Palace,0,1,0
2018-11-24,2018/2019,Tottenham,Chelsea,1,3,1
2018-12-02,2018/2019,Tottenham,Arsenal,0,2,4
2018-12-05,2018/2019,Tottenham,Southampton,1,3,1
2018-12-08,2018/2019,Tottenham,Leicester City,0,2,0
2018-12-15,2018/2019,Tottenham,Burnley,1,1,0
2018-12-23,2018/2019,Tottenham,Everton,0,6,2
2018-12-26,2018/2019,Tottenham,Bournemouth,1,5,0
2018-12-29,2018/2019,Tottenham,Wolves,1,1,3
2019-01-01,2018/2019,Tottenham,Cardiff City,0,3,0
2019-01-13,2018/2019,Tottenham,Manchester Utd,1,0,1
2019-01-20,2018/2019,Tottenham,Fulham,0,2,1
2019-01-30,2018/2019,Tottenham,Watford,1,2,1
2019-02-02,2018/2019,Tottenham,Newcastle Utd,1,1,0
2019-02-10,2018/2019,Tottenham,Leicester City,1,3,1
2019-02-23,2018/2019,Tottenham,Burnley,0,1,2
2019-02-27,2018/2019,Tottenham,Chelsea,0,0,2
2019-03-02,2018/2019,Tottenham,Arsenal,1,1,1
2019-03-09,2018/2019,Tottenham,Southampton,0,1,2
2019-03-31,2018/2019,Tottenham,Liverpool,0,1,2
2019-04-03,2018/2019,Tottenham,Crystal Palace,1,2,0
2019-04-13,2018/2019,Tottenham,Huddersfield,1,4,0
2019-04-20,2018/2019,Tottenham,Manchester City,0,0,1
2019-04-23,2018/2019,Tottenham,Brighton,1,1,0
2019-04-27,2018/2019,Tottenham,West Ham,1,0,1
2019-05-04,2018/2019,Tottenham,Bournemouth,0,0,1
2019-05-12,2018/2019,Tottenham,Everton,1,2,2
2019-08-10,2019/2020,Tottenham,Aston Villa,1,3,1
2019-08-17,2019/2020,Tottenham,Manchester City,0,2,2
2019-08-25,2019/2020,Tottenham,Newcastle Utd,1,0,1
2019-09-01,2019/2020,Tottenham,Arsenal,0,2,2
2019-09-14,2019/2020,Tottenham,Crystal Palace,1,4,0
2019-09-21,2019/2020,Tottenham,Leicester City,0,1,2
2019-09-28,2019/2020,Tottenham,Southampton,1,2,1
2019-10-05,2019/2020,Tottenham,Brighton,0,0,3
2019-10-19,2019/2020,Tottenham,Watford,1,1,1
2019-10-27,2019/2020,Tottenham,Liverpool,0,1,2
2019-11-03,2019/2020,Tottenham,Everton,0,1,1
2019-11-09,2019/2020,Tottenham,Sheffield Utd,1,1,1
2019-11-23,2019/2020,Tottenham,West Ham,0,3,2
2019-11-30,2019/2020,Tottenham,Bournemouth,1,3,2
2019-12-04,2019/2020,Tottenham,Manchester Utd,0,1,2
2019-12-07,2019/2020,Tottenham,Burnley,1,5,0
2019-12-15,2019/2020,Tottenham,Wolves,0,2,1
2019-12-22,2019/2020,Tottenham,Chelsea,1,0,2
2019-12-26,2019/2020,Tottenham,Brighton,1,2,1
2019-12-28,2019/2020,Tottenham,Norwich City,0,2,2
2020-01-01,2019/2020,Tottenham,Southampton,0,0,1
2020-01-11,2019/2020,Tottenham,Liverpool,1,0,1
2020-01-18,2019/2020,Tottenham,Watford,0,0,0
2020-01-22,2019/2020,Tottenham,Norwich City,1,2,1
2020-02-02,2019/2020,Tottenham,Manchester City,1,2,0
2020-02-16,2019/2020,Tottenham,Aston Villa,0,3,2
2020-02-22,2019/2020,Tottenham,Chelsea,0,1,2
2020-03-01,2019/2020,Tottenham,Wolves,1,2,3
2020-03-07,2019/2020,Tottenham,Burnley,0,1,1
2020-06-19,2019/2020,Tottenham,Manchester Utd,1,1,1
2020-06-23,2019/2020,Tottenham,West Ham,1,2,0
2020-07-02,2019/2020,Tottenham,Sheffield Utd,0,1,3
2020-07-06,2019/2020,Tottenham,Everton,1,1,0
2020-07-09,2019/2020,Tottenham,Bournemouth,0,0,0
2020-07-12,2019/2020,Tottenham,Arsenal,1,2,1
2020-07-15,2019/2020,Tottenham,Newcastle Utd,0,3,1
2020-07-19,2019/2020,Tottenham,Leicester City,1,3,0
2020-07-26,2019/2020,Tottenham,Crystal Palace,0,1,1
2020-09-13,2020/2021,Tottenham,Everton,1,0,1
2020-09-20,2020/2021,Tottenham,Southampton,0,5,2
2020-09-27,2020/2021,Tottenham,Newcastle Utd,1,1,1
2020-10-04,2020/2021,Tottenham,Manchester Utd,0,6,1
2020-10-18,2020/2021,Tottenham,West Ham,1,3,3
2020-10-26,2020/2021,Tottenham,Burnley,0,1,0
2020-11-01,2020/2021,Tottenham,Brighton,1,2,1
2020-11-08,2020/2021,Tottenham,West Brom,0,1,0
2020-11-21,2020/2021,Tottenham,Manchester City,1,2,0
2020-11-29,2020/2021,Tottenham,Chelsea,0,0,0
2020-12-06,2020/2021,Tottenham,Arsenal,1,2,0
2020-12-13,2020/2021,Tottenham,Crystal Palace,0,1,1
2020-12-16,2020/2021,Tottenham,Liverpool,0,1,2
2020-12-20,2020/2021,Tottenham,Leicester City,1,0,2
2020-12-27,2020/2021,Tottenham,Wolves,0,1,1
2021-01-02,2020/2021,Tottenham,Leeds United,1,3,0
2021-01-13,2020/2021,Tottenham,Fulham,1,1,1
2021-01-17,2020/2021,Tottenham,Sheffield Utd,0,3,1
2021-01-28,2020/2021,Tottenham,Liverpool,1,1,3
2021-01-31,2020/2021,Tottenham,Brighton,0,0,1
2021-02-04,2020/2021,Tottenham,Chelsea,1,0,1
2021-02-07,2020/2021,Tottenham,West Brom,1,2,0
2021-02-13,2020/2021,Tottenham,Manchester City,0,0,3
2021-02-21,2020/2021,Tottenham,West Ham,0,1,2
2021-02-28,2020/2021,Tottenham,Burnley,1,4,0
2021-03-04,2020/2021,Tottenham,Fulham,0,1,0
2021-03-07,2020/2021,Tottenham,Crystal Palace,1,4,1
2021-03-14,2020/2021,Tottenham,Arsenal,0,1,2
2021-03-21,2020/2021,Tottenham,Aston Villa,0,2,0
2021-04-04,2020/2021,Tottenham,Newcastle Utd,0,2,2
2021-04-11,2020/2021,Tottenham,Manchester Utd,1,1,3
2021-04-16,2020/2021,Tottenham,Everton,0,2,2
2021-04-21,2020/2021,Tottenham,Southampton,1,2,1
2021-05-02,2020/2021,Tottenham,Sheffield Utd,1,4,0
2021-05-08,2020/2021,Tottenham,Leeds United,0,1,3
2021-05-16,2020/2021,Tottenham,Wolves,1,2,0
2021-05-19,2020/2021,Tottenham,Aston Villa,1,1,2
2021-05-23,2020/2021,Tottenham,Leicester City,0,4,2
2021-08-15,2021/2022,Tottenham,Manchester City,1,1,0
2021-08-22,2021/2022,Tottenham,Wolves,0,1,0
2021-08-29,2021/2022,Tottenham,Watford,1,1,0
2021-09-11,2021/2022,Tottenham,Crystal Palace,0,0,3
2021-09-19,2021/2022,Tottenham,Chelsea,1,0,3
2021-09-26,2021/2022,Tottenham,Arsenal,0,1,3
2021-10-03,2021/2022,Tottenham,Aston Villa,1,2,1
2021-10-17,2021/2022,Tottenham,Newcastle Utd,0,3,2
2021-10-24,2021/2022,Tottenham,West Ham,0,0,1
2021-10-30,2021/2022,Tottenham,Manchester Utd,1,0,3
2021-11-07,2021/2022,Tottenham,Everton,0,0,0
2021-11-21,2021/2022,Tottenham,Leeds United,1,2,1
2021-12-02,2021/2022,Tottenham,Brentford,1,2,0
2021-12-05,2021/2022,Tottenham,Norwich City,1,3,0
2021-12-19,2021/2022,Tottenham,Liverpool,1,2,2
2021-12-26,2021/2022,Tottenham,Crystal Palace,1,3,0
2021-12-28,2021/2022,Tottenham,Southampton,0,1,1
2022-01-01,2021/2022,Tottenham,Watford,0,1,0
2022-01-19,2021/2022,Tottenham,Leicester City,0,3,2
2022-01-23,2021/2022,Tottenham,Chelsea,0,0,2
2022-02-09,2021/2022,Tottenham,Southampton,1,2,3
2022-02-13,2021/2022,Tottenham,Wolves,1,0,2
2022-02-19,2021/2022,Tottenham,Manchester City,0,3,2
2022-02-23,2021/2022,Tottenham,Burnley,0,0,1
2022-02-26,2021/2022,Tottenham,Leeds United,0,4,0
2022-03-07,2021/2022,Tottenham,Everton,1,5,0
2022-03-12,2021/2022,Tottenham,Manchester Utd,0,2,3
2022-03-16,2021/2022,Tottenham,Brighton,0,2,0
2022-03-20,2021/2022,Tottenham,West Ham,1,3,1
2022-04-03,2021/2022,Tottenham,Newcastle Utd,1,5,1
2022-04-09,2021/2022,Tottenham,Aston Villa,0,4,0
2022-04-16,2021/2022,Tottenham,Brighton,1,0,1
2022-04-23,2021/2022,Tottenham,Brentford,0,0,0
2022-05-01,2021/2022,Tottenham,Leicester City,1,3,1
2022-05-07,2021/2022,Tottenham,Liverpool,0,1,1
2022-05-12,2021/2022,Tottenham,Arsenal,1,3,0
2022-05-15,2021/2022,Tottenham,Burnley,1,1,0
2022-05-22,2021/2022,Tottenham,Norwich City,0,5,0
2022-08-06,2022/2023,Tottenham,Southampton,1,4,1
2022-08-14,2022/2023,Tottenham,Chelsea,0,2,2
2022-08-20,2022/2023,Tottenham,Wolves,1,1,0
2022-08-28,2022/2023,Tottenham,Nott'ham Forest,0,2,0
2022-08-31,2022/2023,Tottenham,West Ham,0,1,1
2022-09-03,2022/2023,Tottenham,Fulham,1,2,1
2022-09-17,2022/2023,Tottenham,Leicester City,1,6,2
2022-10-01,2022/2023,Tottenham,Arsenal,0,1,3
2022-10-08,2022/2023,Tottenham,Brighton,0,1,0
2022-10-15,2022/2023,Tottenham,Everton,1,2,0
2022-10-19,2022/2023,Tottenham,Manchester Utd,0,0,2
2022-10-23,2022/2023,Tottenham,Newcastle Utd,1,1,2
2022-10-29,2022/2023,Tottenham,Bournemouth,0,3,2
2022-11-06,2022/2023,Tottenham,Liverpool,1,1,2
2022-11-12,2022/2023,Tottenham,Leeds United,1,4,3
2022-12-26,2022/2023,Tottenham,Brentford,0,2,2
2023-01-01,2022/2023,Tottenham,Aston Villa,1,0,2
2023-01-04,2022/2023,Tottenham,Crystal Palace,0,4,0
2023-01-15,2022/2023,Tottenham,Arsenal,1,0,2
2023-01-19,2022/2023,Tottenham,Manchester City,0,2,4
2023-01-23,2022/2023,Tottenham,Fulham,0,1,0
2023-02-05,2022/2023,Tottenham,Manchester City,1,1,0
2023-02-11,2022/2023,Tottenham,Leicester City,0,1,4
2023-02-19,2022/2023,Tottenham,West Ham,1,2,0
2023-02-26,2022/2023,Tottenham,Chelsea,1,2,0
2023-03-04,2022/2023,Tottenham,Wolves,0,0,1
2023-03-11,2022/2023,Tottenham,Nott'ham Forest,1,3,1
2023-03-18,2022/2023,Tottenham,Southampton,0,3,3
2023-04-03,2022/2023,Tottenham,Everton,0,1,1
2023-04-08,2022/2023,Tottenham,Brighton,1,2,1
2023-04-15,2022/2023,Tottenham,Bournemouth,1,2,3
2023-04-23,2022/2023,Tottenham,Newcastle Utd,0,1,6
2023-04-27,2022/2023,Tottenham,Manchester Utd,1,2,2
2023-04-30,2022/2023,Tottenham,Liverpool,0,3,4
2023-05-06,2022/2023,Tottenham,Crystal Palace,1,1,0
2023-05-13,2022/2023,Tottenham,Aston Villa,0,1,2
2023-05-20,2022/2023,Tottenham,Brentford,1,1,3
2023-05-28,2022/2023,Tottenham,Leeds United,0,4,1
2023-08-13,2023/2024,Tottenham,Brentford,0,2,2
2023-08-19,2023/2024,Tottenham,Manchester Utd,1,2,0
2023-08-26,2023/2024,Tottenham,Bournemouth,0,2,0
2023-09-02,2023/2024,Tottenham,Burnley,0,5,2
2023-09-16,2023/2024,Tottenham,Sheffield Utd,1,2,1
2023-09-24,2023/2024,Tottenham,Arsenal,0,2,2
2023-09-30,2023/2024,Tottenham,Liverpool,1,2,1
2023-10-07,2023/2024,Tottenham,Luton Town,0,1,0
2023-10-23,2023/2024,Tottenham,Fulham,1,2,0
2023-10-27,2023/2024,Tottenham,Crystal Palace,0,2,1
2023-11-06,2023/2024,Tottenham,Chelsea,1,1,4
2023-11-11,2023/2024,Tottenham,Wolves,0,1,2
2023-11-26,2023/2024,Tottenham,Aston Villa,1,1,2
2023-12-03,2023/2024,Tottenham,Manchester City,0,3,3
2023-12-07,2023/2024,Tottenham,West Ham,1,1,2
2023-12-10,2023/2024,Tottenham,Newcastle Utd,1,4,1
2023-12-15,2023/2024,Tottenham,Nott'ham Forest,0,2,0
2023-12-23,2023/2024,Tottenham,Everton,1,2,1
2023-12-28,2023/2024,Tottenham,Brighton,0,2,4
2023-12-31,2023/2024,Tottenham,Bournemouth,1,3,1
2024-01-14,2023/2024,Tottenham,Manchester Utd,0,2,2
2024-01-31,2023/2024,Tottenham,Brentford,1,3,2
2024-02-03,2023/2024,Tottenham,Everton,0,2,2
2024-02-10,2023/2024,Tottenham,Brighton,1,2,1
2024-02-17,2023/2024,Tottenham,Wolves,1,1,2
2024-03-02,2023/2024,Tottenham,Crystal Palace,1,3,1
2024-03-10,2023/2024,Tottenham,Aston Villa,0,4,0
2024-03-16,2023/2024,Tottenham,Fulham,0,0,3
2024-03-30,2023/2024,Tottenham,Luton Town,1,2,1
2024-04-02,2023/2024,Tottenham,West Ham,0,1,1
2024-04-07,2023/2024,Tottenham,Nott'ham Forest,1,3,1
2024-04-13,2023/2024,Tottenham,Newcastle Utd,0,0,4
2024-04-28,2023/2024,Tottenham,Arsenal,1,2,3
2024-05-02,2023/2024,Tottenham,Chelsea,0,0,2
2024-05-05,2023/2024,Tottenham,Liverpool,0,2,4
2024-05-11,2023/2024,Tottenham,Burnley,1,2,1
2024-05-14,2023/2024,Tottenham,Manchester City,1,0,2
2024-05-19,2023/2024,Tottenham,Sheffield Utd,0,3,0
2015-08-08,2015/2016,Watford,Everton,0,2,2
2015-08-15,2015/2016,Watford,West Brom,1,0,0
2015-08-23,2015/2016,Watford,Southampton,1,0,0
2015-08-29,2015/2016,Watford,Manchester City,0,0,2
2015-09-12,2015/2016,Watford,Swansea City,1,1,0
2015-09-19,2015/2016,Watford,Newcastle Utd,0,2,1
2015-09-27,2015/2016,Watford,Crystal Palace,1,0,1
2015-10-03,2015/2016,Watford,Bournemouth,0,1,1
2015-10-17,2015/2016,Watford,Arsenal,1,0,3
2015-10-24,2015/2016,Watford,Stoke City,0,2,0
2015-10-31,2015/2016,Watford,West Ham,1,2,0
2015-11-07,2015/2016,Watford,Leicester City,0,1,2
2015-11-21,2015/2016,Watford,Manchester Utd,1,1,2
2015-11-28,2015/2016,Watford,Aston Villa,0,3,2
2015-12-05,2015/2016,Watford,Norwich City,1,2,0
2015-12-12,2015/2016,Watford,Sunderland,0,1,0
2015-12-20,2015/2016,Watford,Liverpool,1,3,0
2015-12-26,2015/2016,Watford,Chelsea,0,2,2
2015-12-28,2015/2016,Watford,Tottenham,1,1,2
2016-01-02,2015/2016,Watford,Manchester City,1,1,2
2016-01-13,2015/2016,Watford,Southampton,0,0,2
2016-01-18,2015/2016,Watford,Swansea City,0,0,1
2016-01-23,2015/2016,Watford,Newcastle Utd,1,2,1
2016-02-03,2015/2016,Watford,Chelsea,1,0,0
2016-02-06,2015/2016,Watford,Tottenham,0,0,1
2016-02-13,2015/2016,Watford,Crystal Palace,0,2,1
2016-02-27,2015/2016,Watford,Bournemouth,1,0,0
2016-03-02,2015/2016,Watford,Manchester Utd,0,0,1
2016-03-05,2015/2016,Watford,Leicester City,1,0,1
2016-03-19,2015/2016,Watford,Stoke City,1,1,2
2016-04-02,2015/2016,Watford,Arsenal,0,0,4
2016-04-09,2015/2016,Watford,Everton,1,1,1
2016-04-16,2015/2016,Watford,West Brom,0,1,0
2016-04-20,2015/2016,Watford,West Ham,0,1,3
2016-04-30,2015/2016,Watford,Aston Villa,1,3,2
2016-05-08,2015/2016,Watford,Liverpool,0,0,2
2016-05-11,2015/2016,Watford,Norwich City,0,2,4
2016-05-15,2015/2016,Watford,Sunderland,1,2,2
2016-08-13,2016/2017,Watford,Southampton,0,1,1
2016-08-20,2016/2017,Watford,Chelsea,1,1,2
2016-08-27,2016/2017,Watford,Arsenal,1,1,3
2016-09-10,2016/2017,Watford,West Ham,0,4,2
2016-09-18,2016/2017,Watford,Manchester Utd,1,3,1
2016-09-26,2016/2017,Watford,Burnley,0,0,2
2016-10-01,2016/2017,Watford,Bournemouth,1,2,2
2016-10-16,2016/2017,Watford,Middlesbrough,0,1,0
2016-10-22,2016/2017,Watford,Swansea City,0,0,0
2016-10-29,2016/2017,Watford,Hull City,1,1,0
2016-11-06,2016/2017,Watford,Liverpool,0,1,6
2016-11-19,2016/2017,Watford,Leicester City,1,2,1
2016-11-27,2016/2017,Watford,Stoke City,1,0,1
2016-12-03,2016/2017,Watford,West Brom,0,1,3
2016-12-10,2016/2017,Watford,Everton,1,3,2
2016-12-14,2016/2017,Watford,Manchester City,0,0,2
2016-12-17,2016/2017,Watford,Sunderland,0,0,1
2016-12-26,2016/2017,Watford,Crystal Palace,1,1,1
2017-01-01,2016/2017,Watford,Tottenham,1,1,4
2017-01-03,2016/2017,Watford,Stoke City,0,0,2
2017-01-14,2016/2017,Watford,Middlesbrough,1,0,0
2017-01-21,2016/2017,Watford,Bournemouth,0,2,2
2017-01-31,2016/2017,Watford,Arsenal,0,2,1
2017-02-04,2016/2017,Watford,Burnley,1,2,1
2017-02-11,2016/2017,Watford,Manchester Utd,0,0,2
2017-02-25,2016/2017,Watford,West Ham,1,1,1
2017-03-04,2016/2017,Watford,Southampton,1,3,4
2017-03-18,2016/2017,Watford,Crystal Palace,0,0,1
2017-04-01,2016/2017,Watford,Sunderland,1,1,0
2017-04-04,2016/2017,Watford,West Brom,1,2,0
2017-04-08,2016/2017,Watford,Tottenham,0,0,4
2017-04-15,2016/2017,Watford,Swansea City,1,1,0
2017-04-22,2016/2017,Watford,Hull City,0,0,2
2017-05-01,2016/2017,Watford,Liverpool,1,0,1
2017-05-06,2016/2017,Watford,Leicester City,0,0,3
2017-05-12,2016/2017,Watford,Everton,0,0,1
2017-05-15,2016/2017,Watford,Chelsea,0,3,4
2017-05-21,2016/2017,Watford,Manchester City,1,0,5
2017-08-12,2017/2018,Watford,Liverpool,1,3,3
2017-08-19,2017/2018,Watford,Bournemouth,0,2,0
2017-08-26,2017/2018,Watford,Brighton,1,0,0
2017-09-09,2017/2018,Watford,Southampton,0,2,0
2017-09-16,2017/2018,Watford,Manchester City,1,0,6
2017-09-23,2017/2018,Watford,Swansea City,0,2,1
2017-09-30,2017/2018,Watford,West Brom,0,2,2
2017-10-14,2017/2018,Watford,Arsenal,1,2,1
2017-10-21,2017/2018,Watford,Chelsea,0,2,4
2017-10-28,2017/2018,Watford,Stoke City,1,0,1
2017-11-05,2017/2018,Watford,Everton,0,2,3
2017-11-19,2017/2018,Watford,West Ham,1,2,0
2017-11-25,2017/2018,Watford,Newcastle Utd,0,3,0
2017-11-28,2017/2018,Watford,Manchester Utd,1,2,4
2017-12-02,2017/2018,Watford,Tottenham,1,1,1
2017-12-09,2017/2018,Watford,Burnley,0,0,1
2017-12-12,2017/2018,Watford,Crystal Palace,0,1,2
2017-12-16,2017/2018,Watford,Huddersfield,1,1,4
2017-12-23,2017/2018,Watford,Brighton,0,0,1
2017-12-26,2017/2018,Watford,Leicester City,1,2,1
2017-12-30,2017/2018,Watford,Swansea City,1,1,2
2018-01-02,2017/2018,Watford,Manchester City,0,1,3
2018-01-13,2017/2018,Watford,Southampton,1,2,2
2018-01-20,2017/2018,Watford,Leicester City,0,0,2
2018-01-31,2017/2018,Watford,Stoke City,0,0,0
2018-02-05,2017/2018,Watford,Chelsea,1,4,1
2018-02-10,2017/2018,Watford,West Ham,0,0,2
2018-02-24,2017/2018,Watford,Everton,1,1,0
2018-03-03,2017/2018,Watford,West Brom,1,1,0
2018-03-11,2017/2018,Watford,Arsenal,0,0,3
2018-03-17,2017/2018,Watford,Liverpool,0,0,5
2018-03-31,2017/2018,Watford,Bournemouth,1,2,2
2018-04-07,2017/2018,Watford,Burnley,1,1,2
2018-04-14,2017/2018,Watford,Huddersfield,0,0,1
2018-04-21,2017/2018,Watford,Crystal Palace,1,0,0
2018-04-30,2017/2018,Watford,Tottenham,0,0,2
2018-05-05,2017/2018,Watford,Newcastle Utd,1,2,1
2018-05-13,2017/2018,Watford,Manchester Utd,0,0,1
2018-08-11,2018/2019,Watford,Brighton,1,2,0
2018-08-19,2018/2019,Watford,Burnley,0,3,1
2018-08-26,2018/2019,Watford,Crystal Palace,1,2,1
2018-09-02,2018/2019,Watford,Tottenham,1,2,1
2018-09-15,2018/2019,Watford,Manchester Utd,1,1,2
2018-09-22,2018/2019,Watford,Fulham,0,1,1
2018-09-29,2018/2019,Watford,Arsenal,0,0,2
2018-10-06,2018/2019,Watford,Bournemouth,1,0,4
2018-10-20,2018/2019,Watford,Wolves,0,2,0
2018-10-27,2018/2019,Watford,Huddersfield,1,3,0
2018-11-03,2018/2019,Watford,Newcastle Utd,0,0,1
2018-11-10,2018/2019,Watford,Southampton,0,1,1
2018-11-24,2018/2019,Watford,Liverpool,1,0,3
2018-12-01,2018/2019,Watford,Leicester City,0,0,2
2018-12-04,2018/2019,Watford,Manchester City,1,1,2
2018-12-10,2018/2019,Watford,Everton,0,2,2
2018-12-15,2018/2019,Watford,Cardiff City,1,3,2
2018-12-22,2018/2019,Watford,West Ham,0,2,0
2018-12-26,2018/2019,Watford,Chelsea,1,1,2
2018-12-29,2018/2019,Watford,Newcastle Utd,1,1,1
2019-01-02,2018/2019,Watford,Bournemouth,0,3,3
2019-01-12,2018/2019,Watford,Crystal Palace,0,2,1
2019-01-19,2018/2019,Watford,Burnley,1,0,0
2019-01-30,2018/2019,Watford,Tottenham,0,1,2
2019-02-02,2018/2019,Watford,Brighton,0,0,0
2019-02-09,2018/2019,Watford,Everton,1,1,0
2019-02-22,2018/2019,Watford,Cardiff City,0,5,1
2019-02-27,2018/2019,Watford,Liverpool,0,0,5
2019-03-03,2018/2019,Watford,Leicester City,1,2,1
2019-03-09,2018/2019,Watford,Manchester City,0,1,3
2019-03-30,2018/2019,Watford,Manchester Utd,0,1,2
2019-04-02,2018/2019,Watford,Fulham,1,4,1
2019-04-15,2018/2019,Watford,Arsenal,1,0,1
2019-04-20,2018/2019,Watford,Huddersfield,0,2,1
2019-04-23,2018/2019,Watford,Southampton,1,1,1
2019-04-27,2018/2019,Watford,Wolves,1,1,2
2019-05-05,2018/2019,Watford,Chelsea,0,0,3
2019-05-12,2018/2019,Watford,West Ham,1,1,4
2019-08-10,2019/2020,Watford,Brighton,1,0,3
2019-08-17,2019/2020,Watford,Everton,0,0,1
2019-08-24,2019/2020,Watford,West Ham,1,1,3
2019-08-31,2019/2020,Watford,Newcastle Utd,0,1,1
2019-09-15,2019/2020,Watford,Arsenal,1,2,2
2019-09-21,2019/2020,Watford,Manchester City,0,0,8
2019-09-28,2019/2020,Watford,Wolves,0,0,2
2019-10-05,2019/2020,Watford,Sheffield Utd,1,0,0
2019-10-19,2019/2020,Watford,Tottenham,0,1,1
2019-10-26,2019/2020,Watford,Bournemouth,1,0,0
2019-11-02,2019/2020,Watford,Chelsea,1,1,2
2019-11-08,2019/2020,Watford,Norwich City,0,2,0
2019-11-23,2019/2020,Watford,Burnley,1,0,3
2019-11-30,2019/2020,Watford,Southampton,0,1,2
2019-12-04,2019/2020,Watford,Leicester City,0,0,2
2019-12-07,2019/2020,Watford,Crystal Palace,1,0,0
2019-12-14,2019/2020,Watford,Liverpool,0,0,2
2019-12-22,2019/2020,Watford,Manchester Utd,1,2,0
2019-12-26,2019/2020,Watford,Sheffield Utd,0,1,1
2019-12-28,2019/2020,Watford,Aston Villa,1,3,0
2020-01-01,2019/2020,Watford,Wolves,1,2,1
2020-01-12,2019/2020,Watford,Bournemouth,0,3,0
2020-01-18,2019/2020,Watford,Tottenham,1,0,0
2020-01-21,2019/2020,Watford,Aston Villa,0,1,2
2020-02-01,2019/2020,Watford,Everton,1,2,3
2020-02-08,2019/2020,Watford,Brighton,0,1,1
2020-02-23,2019/2020,Watford,Manchester Utd,0,0,3
2020-02-29,2019/2020,Watford,Liverpool,1,3,0
2020-03-07,2019/2020,Watford,Crystal Palace,0,0,1
2020-06-20,2019/2020,Watford,Leicester City,1,1,1
2020-06-25,2019/2020,Watford,Burnley,0,0,1
2020-06-28,2019/2020,Watford,Southampton,1,1,3
2020-07-04,2019/2020,Watford,Chelsea,0,0,3
2020-07-07,2019/2020,Watford,Norwich City,1,2,1
2020-07-11,2019/2020,Watford,Newcastle Utd,1,2,1
2020-07-17,2019/2020,Watford,West Ham,0,1,3
2020-07-21,2019/2020,Watford,Manchester City,1,0,4
2020-07-26,2019/2020,Watford,Arsenal,0,2,3
2021-08-14,2021/2022,Watford,Aston Villa,1,3,2
2021-08-21,2021/2022,Watford,Brighton,0,0,2
2021-08-29,2021/2022,Watford,Tottenham,0,0,1
2021-09-11,2021/2022,Watford,Wolves,1,0,2
2021-09-18,2021/2022,Watford,Norwich City,0,3,1
2021-09-25,2021/2022,Watford,Newcastle Utd,1,1,1
2021-10-02,2021/2022,Watford,Leeds United,0,0,1
2021-10-16,2021/2022,Watford,Liverpool,1,0,5
2021-10-23,2021/2022,Watford,Everton,0,5,2
2021-10-30,2021/2022,Watford,Southampton,1,0,1
2021-11-07,2021/2022,Watford,Arsenal,0,0,1
2021-11-20,2021/2022,Watford,Manchester Utd,1,4,1
2021-11-28,2021/2022,Watford,Leicester City,0,2,4
2021-12-01,2021/2022,Watford,Chelsea,1,1,2
2021-12-04,2021/2022,Watford,Manchester City,1,1,3
2021-12-10,2021/2022,Watford,Brentford,0,1,2
2021-12-28,2021/2022,Watford,West Ham,1,1,4
2022-01-01,2021/2022,Watford,Tottenham,1,0,1
2022-01-15,2021/2022,Watford,Newcastle Utd,0,1,1
2022-01-21,2021/2022,Watford,Norwich City,1,0,3
2022-02-05,2021/2022,Watford,Burnley,0,0,0
2022-02-08,2021/2022,Watford,West Ham,0,0,1
2022-02-12,2021/2022,Watford,Brighton,1,0,2
2022-02-19,2021/2022,Watford,Aston Villa,0,1,0
2022-02-23,2021/2022,Watford,Crystal Palace,1,1,4
2022-02-26,2021/2022,Watford,Manchester Utd,0,0,0
2022-03-06,2021/2022,Watford,Arsenal,1,2,3
2022-03-10,2021/2022,Watford,Wolves,0,0,4
2022-03-13,2021/2022,Watford,Southampton,0,2,1
2022-04-02,2021/2022,Watford,Liverpool,0,0,2
2022-04-09,2021/2022,Watford,Leeds United,1,0,3
2022-04-16,2021/2022,Watford,Brentford,1,1,2
2022-04-23,2021/2022,Watford,Manchester City,0,1,5
2022-04-30,2021/2022,Watford,Burnley,1,1,2
2022-05-07,2021/2022,Watford,Crystal Palace,0,0,1
2022-05-11,2021/2022,Watford,Everton,1,0,0
2022-05-15,2021/2022,Watford,Leicester City,1,1,5
2022-05-22,2021/2022,Watford,Chelsea,0,1,2
2014-08-16,2014/2015,West Brom,Sunderland,1,2,2
2014-08-23,2014/2015,West Brom,Southampton,0,0,0
2014-08-30,2014/2015,West Brom,Swansea City,0,0,3
2014-09-13,2014/2015,West Brom,Everton,1,0,2
2014-09-21,2014/2015,West Brom,Tottenham,0,1,0
2014-09-28,2014/2015,West Brom,Burnley,1,4,0
2014-10-04,2014/2015,West Brom,Liverpool,0,1,2
2014-10-20,2014/2015,West Brom,Manchester Utd,1,2,2
2014-10-25,2014/2015,West Brom,Crystal Palace,1,2,2
2014-11-01,2014/2015,West Brom,Leicester City,0,1,0
2014-11-09,2014/2015,West Brom,Newcastle Utd,1,0,2
2014-11-22,2014/2015,West Brom,Chelsea,0,0,2
2014-11-29,2014/2015,West Brom,Arsenal,1,0,1
2014-12-02,2014/2015,West Brom,West Ham,1,1,2
2014-12-06,2014/2015,West Brom,Hull City,0,0,0
2014-12-13,2014/2015,West Brom,Aston Villa,1,1,0
2014-12-20,2014/2015,West Brom,QPR,0,2,3
2014-12-26,2014/2015,West Brom,Manchester City,1,1,3
2014-12-28,2014/2015,West Brom,Stoke City,0,0,2
2015-01-01,2014/2015,West Brom,West Ham,0,1,1
2015-01-10,2014/2015,West Brom,Hull City,1,1,0
2015-01-19,2014/2015,West Brom,Everton,0,0,0
2015-01-31,2014/2015,West Brom,Tottenham,1,0,3
2015-02-08,2014/2015,West Brom,Burnley,0,2,2
2015-02-11,2014/2015,West Brom,Swansea City,1,2,0
2015-02-21,2014/2015,West Brom,Sunderland,0,0,0
2015-02-28,2014/2015,West Brom,Southampton,1,1,0
2015-03-03,2014/2015,West Brom,Aston Villa,0,1,2
2015-03-14,2014/2015,West Brom,Stoke City,1,1,0
2015-03-21,2014/2015,West Brom,Manchester City,0,0,3
2015-04-04,2014/2015,West Brom,QPR,1,1,4
2015-04-11,2014/2015,West Brom,Leicester City,1,2,3
2015-04-18,2014/2015,West Brom,Crystal Palace,0,2,0
2015-04-25,2014/2015,West Brom,Liverpool,1,0,0
2015-05-02,2014/2015,West Brom,Manchester Utd,0,1,0
2015-05-09,2014/2015,West Brom,Newcastle Utd,0,1,1
2015-05-18,2014/2015,West Brom,Chelsea,1,3,0
2015-05-24,2014/2015,West Brom,Arsenal,0,1,4
2015-08-10,2015/2016,West Brom,Manchester City,1,0,3
2015-08-15,2015/2016,West Brom,Watford,0,0,0
2015-08-23,2015/2016,West Brom,Chelsea,1,2,3
2015-08-29,2015/2016,West Brom,Stoke City,0,1,0
2015-09-12,2015/2016,West Brom,Southampton,1,0,0
2015-09-19,2015/2016,West Brom,Aston Villa,0,1,0
2015-09-28,2015/2016,West Brom,Everton,1,2,3
2015-10-03,2015/2016,West Brom,Crystal Palace,0,0,2
2015-10-17,2015/2016,West Brom,Sunderland,1,1,0
2015-10-24,2015/2016,West Brom,Norwich City,0,1,0
2015-10-31,2015/2016,West Brom,Leicester City,1,2,3
2015-11-07,2015/2016,West Brom,Manchester Utd,0,0,2
2015-11-21,2015/2016,West Brom,Arsenal,1,2,1
2015-11-29,2015/2016,West Brom,West Ham,0,1,1
2015-12-05,2015/2016,West Brom,Tottenham,1,1,1
2015-12-13,2015/2016,West Brom,Liverpool,0,2,2
2015-12-19,2015/2016,West Brom,Bournemouth,1,1,2
2015-12-26,2015/2016,West Brom,Swansea City,0,0,1
2015-12-28,2015/2016,West Brom,Newcastle Utd,1,1,0
2016-01-02,2015/2016,West Brom,Stoke City,1,2,1
2016-01-13,2015/2016,West Brom,Chelsea,0,2,2
2016-01-16,2015/2016,West Brom,Southampton,0,0,3
2016-01-23,2015/2016,West Brom,Aston Villa,1,0,0
2016-02-02,2015/2016,West Brom,Swansea City,1,1,1
2016-02-06,2015/2016,West Brom,Newcastle Utd,0,0,1
2016-02-13,2015/2016,West Brom,Everton,0,1,0
2016-02-27,2015/2016,West Brom,Crystal Palace,1,3,2
2016-03-01,2015/2016,West Brom,Leicester City,0,2,2
2016-03-06,2015/2016,West Brom,Manchester Utd,1,1,0
2016-03-19,2015/2016,West Brom,Norwich City,1,0,1
2016-04-02,2015/2016,West Brom,Sunderland,0,0,0
2016-04-09,2015/2016,West Brom,Manchester City,0,1,2
2016-04-16,2015/2016,West Brom,Watford,1,0,1
2016-04-21,2015/2016,West Brom,Arsenal,0,0,2
2016-04-25,2015/2016,West Brom,Tottenham,0,1,1
2016-04-30,2015/2016,West Brom,West Ham,1,0,3
2016-05-07,2015/2016,West Brom,Bournemouth,0,1,1
2016-05-15,2015/2016,West Brom,Liverpool,1,1,1
2016-08-13,2016/2017,West Brom,Crystal Palace,0,1,0
2016-08-20,2016/2017,West Brom,Everton,1,1,2
2016-08-28,2016/2017,West Brom,Middlesbrough,1,0,0
2016-09-10,2016/2017,West Brom,Bournemouth,0,0,1
2016-09-17,2016/2017,West Brom,West Ham,1,4,2
2016-09-24,2016/2017,West Brom,Stoke City,0,1,1
2016-10-01,2016/2017,West Brom,Sunderland,0,1,1
2016-10-15,2016/2017,West Brom,Tottenham,1,1,1
2016-10-22,2016/2017,West Brom,Liverpool,0,1,2
2016-10-29,2016/2017,West Brom,Manchester City,1,0,4
2016-11-06,2016/2017,West Brom,Leicester City,0,2,1
2016-11-21,2016/2017,West Brom,Burnley,1,4,0
2016-11-26,2016/2017,West Brom,Hull City,0,1,1
2016-12-03,2016/2017,West Brom,Watford,1,3,1
2016-12-11,2016/2017,West Brom,Chelsea,0,0,1
2016-12-14,2016/2017,West Brom,Swansea City,1,3,1
2016-12-17,2016/2017,West Brom,Manchester Utd,1,0,2
2016-12-26,2016/2017,West Brom,Arsenal,0,0,1
2016-12-31,2016/2017,West Brom,Southampton,0,2,1
2017-01-02,2016/2017,West Brom,Hull City,1,3,1
2017-01-14,2016/2017,West Brom,Tottenham,0,0,4
2017-01-21,2016/2017,West Brom,Sunderland,1,2,0
2017-01-31,2016/2017,West Brom,Middlesbrough,0,1,1
2017-02-04,2016/2017,West Brom,Stoke City,1,1,0
2017-02-11,2016/2017,West Brom,West Ham,0,2,2
2017-02-25,2016/2017,West Brom,Bournemouth,1,2,1
2017-03-04,2016/2017,West Brom,Crystal Palace,1,0,2
2017-03-11,2016/2017,West Brom,Everton,0,0,3
2017-03-18,2016/2017,West Brom,Arsenal,1,3,1
2017-04-01,2016/2017,West Brom,Manchester Utd,0,0,0
2017-04-04,2016/2017,West Brom,Watford,0,0,2
2017-04-08,2016/2017,West Brom,Southampton,1,0,1
2017-04-16,2016/2017,West Brom,Liverpool,1,0,1
2017-04-29,2016/2017,West Brom,Leicester City,1,0,1
2017-05-06,2016/2017,West Brom,Burnley,0,2,2
2017-05-12,2016/2017,West Brom,Chelsea,1,0,1
2017-05-16,2016/2017,West Brom,Manchester City,0,1,3
2017-05-21,2016/2017,West Brom,Swansea City,0,1,2
2017-08-12,2017/2018,West Brom,Bournemouth,1,1,0
2017-08-19,2017/2018,West Brom,Burnley,0,1,0
2017-08-27,2017/2018,West Brom,Stoke City,1,1,1
2017-09-09,2017/2018,West Brom,Brighton,0,1,3
2017-09-16,2017/2018,West Brom,West Ham,1,0,0
2017-09-25,2017/2018,West Brom,Arsenal,0,0,2
2017-09-30,2017/2018,West Brom,Watford,1,2,2
2017-10-16,2017/2018,West Brom,Leicester City,0,1,1
2017-10-21,2017/2018,West Brom,Southampton,0,0,1
2017-10-28,2017/2018,West Brom,Manchester City,1,2,3
2017-11-04,2017/2018,West Brom,Huddersfield,0,0,1
2017-11-18,2017/2018,West Brom,Chelsea,1,0,4
2017-11-25,2017/2018,West Brom,Tottenham,0,1,1
2017-11-28,2017/2018,West Brom,Newcastle Utd,1,2,2
2017-12-02,2017/2018,West Brom,Crystal Palace,1,0,0
2017-12-09,2017/2018,West Brom,Swansea City,0,0,1
2017-12-13,2017/2018,West Brom,Liverpool,0,0,0
2017-12-17,2017/2018,West Brom,Manchester Utd,1,1,2
2017-12-23,2017/2018,West Brom,Stoke City,0,1,3
2017-12-26,2017/2018,West Brom,Everton,1,0,0
2017-12-31,2017/2018,West Brom,Arsenal,1,1,1
2018-01-02,2017/2018,West Brom,West Ham,0,1,2
2018-01-13,2017/2018,West Brom,Brighton,1,2,0
2018-01-20,2017/2018,West Brom,Everton,0,1,1
2018-01-31,2017/2018,West Brom,Manchester City,0,0,3
2018-02-03,2017/2018,West Brom,Southampton,1,2,3
2018-02-12,2017/2018,West Brom,Chelsea,0,0,3
2018-02-24,2017/2018,West Brom,Huddersfield,1,1,2
2018-03-03,2017/2018,West Brom,Watford,0,0,1
2018-03-10,2017/2018,West Brom,Leicester City,1,1,4
2018-03-17,2017/2018,West Brom,Bournemouth,0,1,2
2018-03-31,2017/2018,West Brom,Burnley,1,1,2
2018-04-07,2017/2018,West Brom,Swansea City,1,1,1
2018-04-15,2017/2018,West Brom,Manchester Utd,0,1,0
2018-04-21,2017/2018,West Brom,Liverpool,1,2,2
2018-04-28,2017/2018,West Brom,Newcastle Utd,0,1,0
2018-05-05,2017/2018,West Brom,Tottenham,1,1,0
2018-05-13,2017/2018,West Brom,Crystal Palace,0,0,2
2020-09-13,2020/2021,West Brom,Leicester City,1,0,3
2020-09-19,2020/2021,West Brom,Everton,0,2,5
2020-09-26,2020/2021,West Brom,Chelsea,1,3,3
2020-10-04,2020/2021,West Brom,Southampton,0,0,2
2020-10-19,2020/2021,West Brom,Burnley,1,0,0
2020-10-26,2020/2021,West Brom,Brighton,0,1,1
2020-11-02,2020/2021,West Brom,Fulham,0,0,2
2020-11-08,2020/2021,West Brom,Tottenham,1,0,1
2020-11-21,2020/2021,West Brom,Manchester Utd,0,0,1
2020-11-28,2020/2021,West Brom,Sheffield Utd,1,1,0
2020-12-06,2020/2021,West Brom,Crystal Palace,1,1,5
2020-12-12,2020/2021,West Brom,Newcastle Utd,0,1,2
2020-12-15,2020/2021,West Brom,Manchester City,0,1,1
2020-12-20,2020/2021,West Brom,Aston Villa,1,0,3
2020-12-27,2020/2021,West Brom,Liverpool,0,1,1
2020-12-29,2020/2021,West Brom,Leeds United,1,0,5
2021-01-02,2020/2021,West Brom,Arsenal,1,0,4
2021-01-16,2020/2021,West Brom,Wolves,0,3,2
2021-01-19,2020/2021,West Brom,West Ham,0,1,2
2021-01-26,2020/2021,West Brom,Manchester City,1,0,5
2021-01-30,2020/2021,West Brom,Fulham,1,2,2
2021-02-02,2020/2021,West Brom,Sheffield Utd,0,1,2
2021-02-07,2020/2021,West Brom,Tottenham,0,0,2
2021-02-14,2020/2021,West Brom,Manchester Utd,1,1,1
2021-02-20,2020/2021,West Brom,Burnley,0,0,0
2021-02-27,2020/2021,West Brom,Brighton,1,1,0
2021-03-04,2020/2021,West Brom,Everton,1,0,1
2021-03-07,2020/2021,West Brom,Newcastle Utd,1,0,0
2021-03-13,2020/2021,West Brom,Crystal Palace,0,0,1
2021-04-03,2020/2021,West Brom,Chelsea,0,5,2
2021-04-12,2020/2021,West Brom,Southampton,1,3,0
2021-04-22,2020/2021,West Brom,Leicester City,0,0,3
2021-04-25,2020/2021,West Brom,Aston Villa,0,2,2
2021-05-03,2020/2021,West Brom,Wolves,1,1,1
2021-05-09,2020/2021,West Brom,Arsenal,0,1,3
2021-05-16,2020/2021,West Brom,Liverpool,1,1,2
2021-05-19,2020/2021,West Brom,West Ham,1,1,3
2021-05-23,2020/2021,West Brom,Leeds United,0,1,3
2014-08-16,2014/2015,West Ham,Tottenham,1,0,1
2014-08-23,2014/2015,West Ham,Crystal Palace,0,3,1
2014-08-30,2014/2015,West Ham,Southampton,1,1,3
2014-09-15,2014/2015,West Ham,Hull City,0,2,2
2014-09-20,2014/2015,West Ham,Liverpool,1,3,1
2014-09-27,2014/2015,West Ham,Manchester Utd,0,1,2
2014-10-05,2014/2015,West Ham,QPR,1,2,0
2014-10-18,2014/2015,West Ham,Burnley,0,3,1
2014-10-25,2014/2015,West Ham,Manchester City,1,2,1
2014-11-01,2014/2015,West Ham,Stoke City,0,2,2
2014-11-08,2014/2015,West Ham,Aston Villa,1,0,0
2014-11-22,2014/2015,West Ham,Everton,0,1,2
2014-11-29,2014/2015,West Ham,Newcastle Utd,1,1,0
2014-12-02,2014/2015,West Ham,West Brom,0,2,1
2014-12-07,2014/2015,West Ham,Swansea City,1,3,1
2014-12-13,2014/2015,West Ham,Sunderland,0,1,1
2014-12-20,2014/2015,West Ham,Leicester City,1,2,0
2014-12-26,2014/2015,West Ham,Chelsea,0,0,2
2014-12-28,2014/2015,West Ham,Arsenal,1,1,2
2015-01-01,2014/2015,West Ham,West Brom,1,1,1
2015-01-10,2014/2015,West Ham,Swansea City,0,1,1
2015-01-18,2014/2015,West Ham,Hull City,1,3,0
2015-01-31,2014/2015,West Ham,Liverpool,0,0,2
2015-02-08,2014/2015,West Ham,Manchester Utd,1,1,1
2015-02-11,2014/2015,West Ham,Southampton,0,0,0
2015-02-22,2014/2015,West Ham,Tottenham,0,2,2
2015-02-28,2014/2015,West Ham,Crystal Palace,1,1,3
2015-03-04,2014/2015,West Ham,Chelsea,1,0,1
2015-03-14,2014/2015,West Ham,Arsenal,0,0,3
2015-03-21,2014/2015,West Ham,Sunderland,1,1,0
2015-04-04,2014/2015,West Ham,Leicester City,0,1,2
2015-04-11,2014/2015,West Ham,Stoke City,1,1,1
2015-04-19,2014/2015,West Ham,Manchester City,0,0,2
2015-04-25,2014/2015,West Ham,QPR,0,0,0
2015-05-02,2014/2015,West Ham,Burnley,1,1,0
2015-05-09,2014/2015,West Ham,Aston Villa,0,0,1
2015-05-16,2014/2015,West Ham,Everton,1,1,2
2015-05-24,2014/2015,West Ham,Newcastle Utd,0,0,2
2015-08-09,2015/2016,West Ham,Arsenal,0,2,0
2015-08-15,2015/2016,West Ham,Leicester City,1,1,2
2015-08-22,2015/2016,West Ham,Bournemouth,1,3,4
2015-08-29,2015/2016,West Ham,Liverpool,0,3,0
2015-09-14,2015/2016,West Ham,Newcastle Utd,1,2,0
2015-09-19,2015/2016,West Ham,Manchester City,0,2,1
2015-09-26,2015/2016,West Ham,Norwich City,1,2,2
2015-10-03,2015/2016,West Ham,Sunderland,0,2,2
2015-10-17,2015/2016,West Ham,Crystal Palace,0,3,1
2015-10-24,2015/2016,West Ham,Chelsea,1,2,1
2015-10-31,2015/2016,West Ham,Watford,0,0,2
2015-11-07,2015/2016,West Ham,Everton,1,1,1
2015-11-22,2015/2016,West Ham,Tottenham,0,1,4
2015-11-29,2015/2016,West Ham,West Brom,1,1,1
2015-12-05,2015/2016,West Ham,Manchester Utd,0,0,0
2015-12-12,2015/2016,West Ham,Stoke City,1,0,0
2015-12-20,2015/2016,West Ham,Swansea City,0,0,0
2015-12-26,2015/2016,West Ham,Aston Villa,0,1,1
2015-12-28,2015/2016,West Ham,Southampton,1,2,1
2016-01-02,2015/2016,West Ham,Liverpool,1,2,0
2016-01-12,2015/2016,West Ham,Bournemouth,0,3,1
2016-01-16,2015/2016,West Ham,Newcastle Utd,0,1,2
2016-01-23,2015/2016,West Ham,Manchester City,1,2,2
2016-02-02,2015/2016,West Ham,Aston Villa,1,2,0
2016-02-06,2015/2016,West Ham,Southampton,0,0,1
2016-02-13,2015/2016,West Ham,Norwich City,0,2,2
2016-02-27,2015/2016,West Ham,Sunderland,1,1,0
2016-03-02,2015/2016,West Ham,Tottenham,1,1,0
2016-03-05,2015/2016,West Ham,Everton,0,3,2
2016-03-19,2015/2016,West Ham,Chelsea,0,2,2
2016-04-02,2015/2016,West Ham,Crystal Palace,1,2,2
2016-04-09,2015/2016,West Ham,Arsenal,1,3,3
2016-04-17,2015/2016,West Ham,Leicester City,0,2,2
2016-04-20,2015/2016,West Ham,Watford,1,3,1
2016-04-30,2015/2016,West Ham,West Brom,0,3,0
2016-05-07,2015/2016,West Ham,Swansea City,1,1,4
2016-05-10,2015/2016,West Ham,Manchester Utd,1,3,2
2016-05-15,2015/2016,West Ham,Stoke City,0,1,2
2016-08-15,2016/2017,West Ham,Chelsea,0,1,2
2016-08-21,2016/2017,West Ham,Bournemouth,1,1,0
2016-08-28,2016/2017,West Ham,Manchester City,0,1,3
2016-09-10,2016/2017,West Ham,Watford,1,2,4
2016-09-17,2016/2017,West Ham,West Brom,0,2,4
2016-09-25,2016/2017,West Ham,Southampton,1,0,3
2016-10-01,2016/2017,West Ham,Middlesbrough,1,1,1
2016-10-15,2016/2017,West Ham,Crystal Palace,0,1,0
2016-10-22,2016/2017,West Ham,Sunderland,1,1,0
2016-10-30,2016/2017,West Ham,Everton,0,0,2
2016-11-05,2016/2017,West Ham,Stoke City,1,1,1
2016-11-19,2016/2017,West Ham,Tottenham,0,2,3
2016-11-27,2016/2017,West Ham,Manchester Utd,0,1,1
2016-12-03,2016/2017,West Ham,Arsenal,1,1,5
2016-12-11,2016/2017,West Ham,Liverpool,0,2,2
2016-12-14,2016/2017,West Ham,Burnley,1,1,0
2016-12-17,2016/2017,West Ham,Hull City,1,1,0
2016-12-26,2016/2017,West Ham,Swansea City,0,4,1
2016-12-31,2016/2017,West Ham,Leicester City,0,0,1
2017-01-02,2016/2017,West Ham,Manchester Utd,1,0,2
2017-01-14,2016/2017,West Ham,Crystal Palace,1,3,0
2017-01-21,2016/2017,West Ham,Middlesbrough,0,3,1
2017-02-01,2016/2017,West Ham,Manchester City,1,0,4
2017-02-04,2016/2017,West Ham,Southampton,0,3,1
2017-02-11,2016/2017,West Ham,West Brom,1,2,2
2017-02-25,2016/2017,West Ham,Watford,0,1,1
2017-03-06,2016/2017,West Ham,Chelsea,1,1,2
2017-03-11,2016/2017,West Ham,Bournemouth,0,2,3
2017-03-18,2016/2017,West Ham,Leicester City,1,2,3
2017-04-01,2016/2017,West Ham,Hull City,0,1,2
2017-04-05,2016/2017,West Ham,Arsenal,0,0,3
2017-04-08,2016/2017,West Ham,Swansea City,1,1,0
2017-04-15,2016/2017,West Ham,Sunderland,0,2,2
2017-04-22,2016/2017,West Ham,Everton,1,0,0
2017-04-29,2016/2017,West Ham,Stoke City,0,0,0
2017-05-05,2016/2017,West Ham,Tottenham,1,1,0
2017-05-14,2016/2017,West Ham,Liverpool,1,0,4
2017-05-21,2016/2017,West Ham,Burnley,0,2,1
2017-08-13,2017/2018,West Ham,Manchester Utd,0,0,4
2017-08-19,2017/2018,West Ham,Southampton,0,2,3
2017-08-26,2017/2018,West Ham,Newcastle Utd,0,0,3
2017-09-11,2017/2018,West Ham,Huddersfield,1,2,0
2017-09-16,2017/2018,West Ham,West Brom,0,0,0
2017-09-23,2017/2018,West Ham,Tottenham,1,2,3
2017-09-30,2017/2018,West Ham,Swansea City,1,1,0
2017-10-14,2017/2018,West Ham,Burnley,0,1,1
2017-10-20,2017/2018,West Ham,Brighton,1,0,3
2017-10-28,2017/2018,West Ham,Crystal Palace,0,2,2
2017-11-04,2017/2018,West Ham,Liverpool,1,1,4
2017-11-19,2017/2018,West Ham,Watford,0,0,2
2017-11-24,2017/2018,West Ham,Leicester City,1,1,1
2017-11-29,2017/2018,West Ham,Everton,0,0,4
2017-12-03,2017/2018,West Ham,Manchester City,0,1,2
2017-12-09,2017/2018,West Ham,Chelsea,1,1,0
2017-12-13,2017/2018,West Ham,Arsenal,1,0,0
2017-12-16,2017/2018,West Ham,Stoke City,0,3,0
2017-12-23,2017/2018,West Ham,Newcastle Utd,1,2,3
2017-12-26,2017/2018,West Ham,Bournemouth,0,3,3
2018-01-02,2017/2018,West Ham,West Brom,1,2,1
2018-01-04,2017/2018,West Ham,Tottenham,0,1,1
2018-01-13,2017/2018,West Ham,Huddersfield,0,4,1
2018-01-20,2017/2018,West Ham,Bournemouth,1,1,1
2018-01-30,2017/2018,West Ham,Crystal Palace,1,1,1
2018-02-03,2017/2018,West Ham,Brighton,0,1,3
2018-02-10,2017/2018,West Ham,Watford,1,2,0
2018-02-24,2017/2018,West Ham,Liverpool,0,1,4
2018-03-03,2017/2018,West Ham,Swansea City,0,1,4
2018-03-10,2017/2018,West Ham,Burnley,1,0,3
2018-03-31,2017/2018,West Ham,Southampton,1,3,0
2018-04-08,2017/2018,West Ham,Chelsea,0,1,1
2018-04-16,2017/2018,West Ham,Stoke City,1,1,1
2018-04-22,2017/2018,West Ham,Arsenal,0,1,4
2018-04-29,2017/2018,West Ham,Manchester City,1,1,4
2018-05-05,2017/2018,West Ham,Leicester City,0,2,0
2018-05-10,2017/2018,West Ham,Manchester Utd,1,0,0
2018-05-13,2017/2018,West Ham,Everton,1,3,1
2018-08-12,2018/2019,West Ham,Liverpool,0,0,4
2018-08-18,2018/2019,West Ham,Bournemouth,1,1,2
2018-08-25,2018/2019,West Ham,Arsenal,0,1,3
2018-09-01,2018/2019,West Ham,Wolves,1,0,1
2018-09-16,2018/2019,West Ham,Everton,0,3,1
2018-09-23,2018/2019,West Ham,Chelsea,1,0,0
2018-09-29,2018/2019,West Ham,Manchester Utd,1,3,1
2018-10-05,2018/2019,West Ham,Brighton,0,0,1
2018-10-20,2018/2019,West Ham,Tottenham,1,0,1
2018-10-27,2018/2019,West Ham,Leicester City,0,1,1
2018-11-03,2018/2019,West Ham,Burnley,1,4,2
2018-11-10,2018/2019,West Ham,Huddersfield,0,1,1
2018-11-24,2018/2019,West Ham,Manchester City,1,0,4
2018-12-01,2018/2019,West Ham,Newcastle Utd,0,3,0
2018-12-04,2018/2019,West Ham,Cardiff City,1,3,1
2018-12-08,2018/2019,West Ham,Crystal Palace,1,3,2
2018-12-15,2018/2019,West Ham,Fulham,0,2,0
2018-12-22,2018/2019,West Ham,Watford,1,0,2
2018-12-27,2018/2019,West Ham,Southampton,0,2,1
2018-12-30,2018/2019,West Ham,Burnley,0,0,2
2019-01-02,2018/2019,West Ham,Brighton,1,2,2
2019-01-12,2018/2019,West Ham,Arsenal,1,1,0
2019-01-19,2018/2019,West Ham,Bournemouth,0,0,2
2019-01-29,2018/2019,West Ham,Wolves,0,0,3
2019-02-04,2018/2019,West Ham,Liverpool,1,1,1
2019-02-09,2018/2019,West Ham,Crystal Palace,0,1,1
2019-02-22,2018/2019,West Ham,Fulham,1,3,1
2019-02-27,2018/2019,West Ham,Manchester City,0,0,1
2019-03-02,2018/2019,West Ham,Newcastle Utd,1,2,0
2019-03-09,2018/2019,West Ham,Cardiff City,0,0,2
2019-03-16,2018/2019,West Ham,Huddersfield,1,4,3
2019-03-30,2018/2019,West Ham,Everton,1,0,2
2019-04-08,2018/2019,West Ham,Chelsea,0,0,2
2019-04-13,2018/2019,West Ham,Manchester Utd,0,1,2
2019-04-20,2018/2019,West Ham,Leicester City,1,2,2
2019-04-27,2018/2019,West Ham,Tottenham,0,1,0
2019-05-04,2018/2019,West Ham,Southampton,1,3,0
2019-05-12,2018/2019,West Ham,Watford,0,4,1
2019-08-10,2019/2020,West Ham,Manchester City,1,0,5
2019-08-17,2019/2020,West Ham,Brighton,0,1,1
2019-08-24,2019/2020,West Ham,Watford,0,3,1
2019-08-31,2019/2020,West Ham,Norwich City,1,2,0
2019-09-16,2019/2020,West Ham,Aston Villa,0,0,0
2019-09-22,2019/2020,West Ham,Manchester Utd,1,2,0
2019-09-28,2019/2020,West Ham,Bournemouth,0,2,2
2019-10-05,2019/2020,West Ham,Crystal Palace,1,1,2
2019-10-19,2019/2020,West Ham,Everton,0,0,2
2019-10-26,2019/2020,West Ham,Sheffield Utd,1,1,1
2019-11-02,2019/2020,West Ham,Newcastle Utd,1,2,3
2019-11-09,2019/2020,West Ham,Burnley,0,0,3
2019-11-23,2019/2020,West Ham,Tottenham,1,2,3
2019-11-30,2019/2020,West Ham,Chelsea,0,1,0
2019-12-04,2019/2020,West Ham,Wolves,0,0,2
2019-12-09,2019/2020,West Ham,Arsenal,1,1,3
2019-12-14,2019/2020,West Ham,Southampton,0,1,0
2019-12-26,2019/2020,West Ham,Crystal Palace,0,1,2
2019-12-28,2019/2020,West Ham,Leicester City,1,1,2
2020-01-01,2019/2020,West Ham,Bournemouth,1,4,0
2020-01-10,2019/2020,West Ham,Sheffield Utd,0,0,1
2020-01-18,2019/2020,West Ham,Everton,1,1,1
2020-01-22,2019/2020,West Ham,Leicester City,0,1,4
2020-01-29,2019/2020,West Ham,Liverpool,1,0,2
2020-02-01,2019/2020,West Ham,Brighton,1,3,3
2020-02-19,2019/2020,West Ham,Manchester City,0,0,2
2020-02-24,2019/2020,West Ham,Liverpool,0,2,3
2020-02-29,2019/2020,West Ham,Southampton,1,3,1
2020-03-07,2019/2020,West Ham,Arsenal,0,0,1
2020-06-20,2019/2020,West Ham,Wolves,1,0,2
2020-06-23,2019/2020,West Ham,Tottenham,0,0,2
2020-07-01,2019/2020,West Ham,Chelsea,1,3,2
2020-07-05,2019/2020,West Ham,Newcastle Utd,0,2,2
2020-07-08,2019/2020,West Ham,Burnley,1,0,1
2020-07-11,2019/2020,West Ham,Norwich City,0,4,0
2020-07-17,2019/2020,West Ham,Watford,1,3,1
2020-07-22,2019/2020,West Ham,Manchester Utd,0,1,1
2020-07-26,2019/2020,West Ham,Aston Villa,1,1,1
2020-09-12,2020/2021,West Ham,Newcastle Utd,1,0,2
2020-09-19,2020/2021,West Ham,Arsenal,0,1,2
2020-09-27,2020/2021,West Ham,Wolves,1,4,0
2020-10-04,2020/2021,West Ham,Leicester City,0,3,0
2020-10-18,2020/2021,West Ham,Tottenham,0,3,3
2020-10-24,2020/2021,West Ham,Manchester City,1,1,1
2020-10-31,2020/2021,West Ham,Liverpool,0,1,2
2020-11-07,2020/2021,West Ham,Fulham,1,1,0
2020-11-22,2020/2021,West Ham,Sheffield Utd,0,1,0
2020-11-30,2020/2021,West Ham,Aston Villa,1,2,1
2020-12-05,2020/2021,West Ham,Manchester Utd,1,1,3
2020-12-11,2020/2021,West Ham,Leeds United,0,2,1
2020-12-16,2020/2021,West Ham,Crystal Palace,1,1,1
2020-12-21,2020/2021,West Ham,Chelsea,0,0,3
2020-12-27,2020/2021,West Ham,Brighton,1,2,2
2020-12-29,2020/2021,West Ham,Southampton,0,0,0
2021-01-01,2020/2021,West Ham,Everton,0,1,0
2021-01-16,2020/2021,West Ham,Burnley,1,1,0
2021-01-19,2020/2021,West Ham,West Brom,1,2,1
2021-01-26,2020/2021,West Ham,Crystal Palace,0,3,2
2021-01-31,2020/2021,West Ham,Liverpool,1,1,3
2021-02-03,2020/2021,West Ham,Aston Villa,0,3,1
2021-02-06,2020/2021,West Ham,Fulham,0,0,0
2021-02-15,2020/2021,West Ham,Sheffield Utd,1,3,0
2021-02-21,2020/2021,West Ham,Tottenham,1,2,1
2021-02-27,2020/2021,West Ham,Manchester City,0,1,2
2021-03-08,2020/2021,West Ham,Leeds United,1,2,0
2021-03-14,2020/2021,West Ham,Manchester Utd,0,0,1
2021-03-21,2020/2021,West Ham,Arsenal,1,3,3
2021-04-05,2020/2021,West Ham,Wolves,0,3,2
2021-04-11,2020/2021,West Ham,Leicester City,1,3,2
2021-04-17,2020/2021,West Ham,Newcastle Utd,0,2,3
2021-04-24,2020/2021,West Ham,Chelsea,1,0,1
2021-05-03,2020/2021,West Ham,Burnley,0,2,1
2021-05-09,2020/2021,West Ham,Everton,1,0,1
2021-05-15,2020/2021,West Ham,Brighton,0,1,1
2021-05-19,2020/2021,West Ham,West Brom,0,3,1
2021-05-23,2020/2021,West Ham,Southampton,1,3,0
2021-08-15,2021/2022,West Ham,Newcastle Utd,0,4,2
2021-08-23,2021/2022,West Ham,Leicester City,1,4,1
2021-08-28,2021/2022,West Ham,Crystal Palace,1,2,2
2021-09-11,2021/2022,West Ham,Southampton,0,0,0
2021-09-19,2021/2022,West Ham,Manchester Utd,1,1,2
2021-09-25,2021/2022,West Ham,Leeds United,0,2,1
2021-10-03,2021/2022,West Ham,Brentford,1,1,2
2021-10-17,2021/2022,West Ham,Everton,0,1,0
2021-10-24,2021/2022,West Ham,Tottenham,1,1,0
2021-10-31,2021/2022,West Ham,Aston Villa,0,4,1
2021-11-07,2021/2022,West Ham,Liverpool,1,3,2
2021-11-20,2021/2022,West Ham,Wolves,0,0,1
2021-11-28,2021/2022,West Ham,Manchester City,0,1,2
2021-12-01,2021/2022,West Ham,Brighton,1,1,1
2021-12-04,2021/2022,West Ham,Chelsea,1,3,2
2021-12-12,2021/2022,West Ham,Burnley,0,0,0
2021-12-15,2021/2022,West Ham,Arsenal,0,0,2
2021-12-26,2021/2022,West Ham,Southampton,1,2,3
2021-12-28,2021/2022,West Ham,Watford,0,4,1
2022-01-01,2021/2022,West Ham,Crystal Palace,0,3,2
2022-01-12,2021/2022,West Ham,Norwich City,1,2,0
2022-01-16,2021/2022,West Ham,Leeds United,1,2,3
2022-01-22,2021/2022,West Ham,Manchester Utd,0,0,1
2022-02-08,2021/2022,West Ham,Watford,1,1,0
2022-02-13,2021/2022,West Ham,Leicester City,0,2,2
2022-02-19,2021/2022,West Ham,Newcastle Utd,1,1,1
2022-02-27,2021/2022,West Ham,Wolves,1,1,0
2022-03-05,2021/2022,West Ham,Liverpool,0,0,1
2022-03-13,2021/2022,West Ham,Aston Villa,1,2,1
2022-03-20,2021/2022,West Ham,Tottenham,0,1,3
2022-04-03,2021/2022,West Ham,Everton,1,2,1
2022-04-10,2021/2022,West Ham,Brentford,0,0,2
2022-04-17,2021/2022,West Ham,Burnley,1,1,1
2022-04-24,2021/2022,West Ham,Chelsea,0,0,1
2022-05-01,2021/2022,West Ham,Arsenal,1,1,2
2022-05-08,2021/2022,West Ham,Norwich City,0,4,0
2022-05-15,2021/2022,West Ham,Manchester City,1,2,2
2022-05-22,2021/2022,West Ham,Brighton,0,1,3
2022-08-07,2022/2023,West Ham,Manchester City,1,0,2
2022-08-14,2022/2023,West Ham,Nott'ham Forest,0,0,1
2022-08-21,2022/2023,West Ham,Brighton,1,0,2
2022-08-28,2022/2023,West Ham,Aston Villa,0,1,0
2022-08-31,2022/2023,West Ham,Tottenham,1,1,1
2022-09-03,2022/2023,West Ham,Chelsea,0,1,2
2022-09-18,2022/2023,West Ham,Everton,0,0,1
2022-10-01,2022/2023,West Ham,Wolves,1,2,0
2022-10-09,2022/2023,West Ham,Fulham,1,3,1
2022-10-16,2022/2023,West Ham,Southampton,0,1,1
2022-10-19,2022/2023,West Ham,Liverpool,0,0,1
2022-10-24,2022/2023,West Ham,Bournemouth,1,2,0
2022-10-30,2022/2023,West Ham,Manchester Utd,0,0,1
2022-11-06,2022/2023,West Ham,Crystal Palace,1,1,2
2022-11-12,2022/2023,West Ham,Leicester City,1,0,2
2022-12-26,2022/2023,West Ham,Arsenal,0,1,3
2022-12-30,2022/2023,West Ham,Brentford,1,0,2
2023-01-04,2022/2023,West Ham,Leeds United,0,2,2
2023-01-14,2022/2023,West Ham,Wolves,0,0,1
2023-01-21,2022/2023,West Ham,Everton,1,2,0
2023-02-04,2022/2023,West Ham,Newcastle Utd,0,1,1
2023-02-11,2022/2023,West Ham,Chelsea,1,1,1
2023-02-19,2022/2023,West Ham,Tottenham,0,0,2
2023-02-25,2022/2023,West Ham,Nott'ham Forest,1,4,0
2023-03-04,2022/2023,West Ham,Brighton,0,0,4
2023-03-12,2022/2023,West Ham,Aston Villa,1,1,1
2023-04-02,2022/2023,West Ham,Southampton,1,1,0
2023-04-05,2022/2023,West Ham,Newcastle Utd,1,1,5
2023-04-08,2022/2023,West Ham,Fulham,0,1,0
2023-04-16,2022/2023,West Ham,Arsenal,1,2,2
2023-04-23,2022/2023,West Ham,Bournemouth,0,4,0
2023-04-26,2022/2023,West Ham,Liverpool,1,1,2
2023-04-29,2022/2023,West Ham,Crystal Palace,0,3,4
2023-05-03,2022/2023,West Ham,Manchester City,0,0,3
2023-05-07,2022/2023,West Ham,Manchester Utd,1,1,0
2023-05-14,2022/2023,West Ham,Brentford,0,0,2
2023-05-21,2022/2023,West Ham,Leeds United,1,3,1
2023-05-28,2022/2023,West Ham,Leicester City,0,1,2
2023-08-12,2023/2024,West Ham,Bournemouth,0,1,1
2023-08-20,2023/2024,West Ham,Chelsea,1,3,1
2023-08-26,2023/2024,West Ham,Brighton,0,3,1
2023-09-01,2023/2024,West Ham,Luton Town,0,2,1
2023-09-16,2023/2024,West Ham,Manchester City,1,1,3
2023-09-24,2023/2024,West Ham,Liverpool,0,1,3
2023-09-30,2023/2024,West Ham,Sheffield Utd,1,2,0
2023-10-08,2023/2024,West Ham,Newcastle Utd,1,2,2
2023-10-22,2023/2024,West Ham,Aston Villa,0,1,4
2023-10-29,2023/2024,West Ham,Everton,1,0,1
2023-11-04,2023/2024,West Ham,Brentford,0,2,3
2023-11-12,2023/2024,West Ham,Nott'ham Forest,1,3,2
2023-11-25,2023/2024,West Ham,Burnley,0,2,1
2023-12-03,2023/2024,West Ham,Crystal Palace,1,1,1
2023-12-07,2023/2024,West Ham,Tottenham,0,2,1
2023-12-10,2023/2024,West Ham,Fulham,0,0,5
2023-12-17,2023/2024,West Ham,Wolves,1,3,0
2023-12-23,2023/2024,West Ham,Manchester Utd,1,2,0
2023-12-28,2023/2024,West Ham,Arsenal,0,2,0
2024-01-02,2023/2024,West Ham,Brighton,1,0,0
2024-01-21,2023/2024,West Ham,Sheffield Utd,0,2,2
2024-02-01,2023/2024,West Ham,Bournemouth,1,1,1
2024-02-04,2023/2024,West Ham,Manchester Utd,0,0,3
2024-02-11,2023/2024,West Ham,Arsenal,1,0,6
2024-02-17,2023/2024,West Ham,Nott'ham Forest,0,0,2
2024-02-26,2023/2024,West Ham,Brentford,1,4,2
2024-03-02,2023/2024,West Ham,Everton,0,3,1
2024-03-10,2023/2024,West Ham,Burnley,1,2,2
2024-03-17,2023/2024,West Ham,Aston Villa,1,1,1
2024-03-30,2023/2024,West Ham,Newcastle Utd,0,3,4
2024-04-02,2023/2024,West Ham,Tottenham,1,1,1
2024-04-06,2023/2024,West Ham,Wolves,0,2,1
2024-04-14,2023/2024,West Ham,Fulham,1,0,2
2024-04-21,2023/2024,West Ham,Crystal Palace,0,2,5
2024-04-27,2023/2024,West Ham,Liverpool,1,2,2
2024-05-05,2023/2024,West Ham,Chelsea,0,0,5
2024-05-11,2023/2024,West Ham,Luton Town,1,3,1
2024-05-19,2023/2024,West Ham,Manchester City,0,1,3
2018-08-11,2018/2019,Wolves,Everton,1,2,2
2018-08-18,2018/2019,Wolves,Leicester City,0,0,2
2018-08-25,2018/2019,Wolves,Manchester City,1,1,1
2018-09-01,2018/2019,Wolves,West Ham,0,1,0
2018-09-16,2018/2019,Wolves,Burnley,1,1,0
2018-09-22,2018/2019,Wolves,Manchester Utd,0,1,1
2018-09-29,2018/2019,Wolves,Southampton,1,2,0
2018-10-06,2018/2019,Wolves,Crystal Palace,0,1,0
2018-10-20,2018/2019,Wolves,Watford,1,0,2
2018-10-27,2018/2019,Wolves,Brighton,0,0,1
2018-11-03,2018/2019,Wolves,Tottenham,1,2,3
2018-11-11,2018/2019,Wolves,Arsenal,0,1,1
2018-11-25,2018/2019,Wolves,Huddersfield,1,0,2
2018-11-30,2018/2019,Wolves,Cardiff City,0,1,2
2018-12-05,2018/2019,Wolves,Chelsea,1,2,1
2018-12-09,2018/2019,Wolves,Newcastle Utd,0,2,1
2018-12-15,2018/2019,Wolves,Bournemouth,1,2,0
2018-12-21,2018/2019,Wolves,Liverpool,1,0,2
2018-12-26,2018/2019,Wolves,Fulham,0,1,1
2018-12-29,2018/2019,Wolves,Tottenham,0,3,1
2019-01-02,2018/2019,Wolves,Crystal Palace,1,0,2
2019-01-14,2018/2019,Wolves,Manchester City,0,0,3
2019-01-19,2018/2019,Wolves,Leicester City,1,4,3
2019-01-29,2018/2019,Wolves,West Ham,1,3,0
2019-02-02,2018/2019,Wolves,Everton,0,3,1
2019-02-11,2018/2019,Wolves,Newcastle Utd,1,1,1
2019-02-23,2018/2019,Wolves,Bournemouth,0,1,1
2019-02-26,2018/2019,Wolves,Huddersfield,0,0,1
2019-03-02,2018/2019,Wolves,Cardiff City,1,2,0
2019-03-10,2018/2019,Wolves,Chelsea,0,1,1
2019-03-30,2018/2019,Wolves,Burnley,0,0,2
2019-04-02,2018/2019,Wolves,Manchester Utd,1,2,1
2019-04-13,2018/2019,Wolves,Southampton,0,1,3
2019-04-20,2018/2019,Wolves,Brighton,1,0,0
2019-04-24,2018/2019,Wolves,Arsenal,1,3,1
2019-04-27,2018/2019,Wolves,Watford,0,2,1
2019-05-04,2018/2019,Wolves,Fulham,1,1,0
2019-05-12,2018/2019,Wolves,Liverpool,0,0,2
2019-08-11,2019/2020,Wolves,Leicester City,0,0,0
2019-08-19,2019/2020,Wolves,Manchester Utd,1,1,1
2019-08-25,2019/2020,Wolves,Burnley,1,1,1
2019-09-01,2019/2020,Wolves,Everton,0,2,3
2019-09-14,2019/2020,Wolves,Chelsea,1,2,5
2019-09-22,2019/2020,Wolves,Crystal Palace,0,1,1
2019-09-28,2019/2020,Wolves,Watford,1,2,0
2019-10-06,2019/2020,Wolves,Manchester City,0,2,0
2019-10-19,2019/2020,Wolves,Southampton,1,1,1
2019-10-27,2019/2020,Wolves,Newcastle Utd,0,1,1
2019-11-02,2019/2020,Wolves,Arsenal,0,1,1
2019-11-10,2019/2020,Wolves,Aston Villa,1,2,1
2019-11-23,2019/2020,Wolves,Bournemouth,0,2,1
2019-12-01,2019/2020,Wolves,Sheffield Utd,1,1,1
2019-12-04,2019/2020,Wolves,West Ham,1,2,0
2019-12-08,2019/2020,Wolves,Brighton,0,2,2
2019-12-15,2019/2020,Wolves,Tottenham,1,1,2
2019-12-21,2019/2020,Wolves,Norwich City,0,2,1
2019-12-27,2019/2020,Wolves,Manchester City,1,3,2
2019-12-29,2019/2020,Wolves,Liverpool,0,0,1
2020-01-01,2019/2020,Wolves,Watford,0,1,2
2020-01-11,2019/2020,Wolves,Newcastle Utd,1,1,1
2020-01-18,2019/2020,Wolves,Southampton,0,3,2
2020-01-23,2019/2020,Wolves,Liverpool,1,1,2
2020-02-01,2019/2020,Wolves,Manchester Utd,0,0,0
2020-02-14,2019/2020,Wolves,Leicester City,1,0,0
2020-02-23,2019/2020,Wolves,Norwich City,1,3,0
2020-03-01,2019/2020,Wolves,Tottenham,0,3,2
2020-03-07,2019/2020,Wolves,Brighton,1,0,0
2020-06-20,2019/2020,Wolves,West Ham,0,2,0
2020-06-24,2019/2020,Wolves,Bournemouth,1,1,0
2020-06-27,2019/2020,Wolves,Aston Villa,0,1,0
2020-07-04,2019/2020,Wolves,Arsenal,1,0,2
2020-07-08,2019/2020,Wolves,Sheffield Utd,0,0,1
2020-07-12,2019/2020,Wolves,Everton,1,3,0
2020-07-15,2019/2020,Wolves,Burnley,0,1,1
2020-07-20,2019/2020,Wolves,Crystal Palace,1,2,0
2020-07-26,2019/2020,Wolves,Chelsea,0,0,2
2020-09-14,2020/2021,Wolves,Sheffield Utd,0,2,0
2020-09-21,2020/2021,Wolves,Manchester City,1,1,3
2020-09-27,2020/2021,Wolves,West Ham,0,0,4
2020-10-04,2020/2021,Wolves,Fulham,1,1,0
2020-10-19,2020/2021,Wolves,Leeds United,0,1,0
2020-10-25,2020/2021,Wolves,Newcastle Utd,1,1,1
2020-10-30,2020/2021,Wolves,Crystal Palace,1,2,0
2020-11-08,2020/2021,Wolves,Leicester City,0,0,1
2020-11-23,2020/2021,Wolves,Southampton,1,1,1
2020-11-29,2020/2021,Wolves,Arsenal,0,2,1
2020-12-06,2020/2021,Wolves,Liverpool,0,0,4
2020-12-12,2020/2021,Wolves,Aston Villa,1,0,1
2020-12-15,2020/2021,Wolves,Chelsea,1,2,1
2020-12-21,2020/2021,Wolves,Burnley,0,1,2
2020-12-27,2020/2021,Wolves,Tottenham,1,1,1
2020-12-29,2020/2021,Wolves,Manchester Utd,0,0,1
2021-01-02,2020/2021,Wolves,Brighton,0,3,3
2021-01-12,2020/2021,Wolves,Everton,1,1,2
2021-01-16,2020/2021,Wolves,West Brom,1,2,3
2021-01-27,2020/2021,Wolves,Chelsea,0,0,0
2021-01-30,2020/2021,Wolves,Crystal Palace,0,0,1
2021-02-02,2020/2021,Wolves,Arsenal,1,2,1
2021-02-07,2020/2021,Wolves,Leicester City,1,0,0
2021-02-14,2020/2021,Wolves,Southampton,0,2,1
2021-02-19,2020/2021,Wolves,Leeds United,1,1,0
2021-02-27,2020/2021,Wolves,Newcastle Utd,0,1,1
2021-03-02,2020/2021,Wolves,Manchester City,0,1,4
2021-03-06,2020/2021,Wolves,Aston Villa,0,0,0
2021-03-15,2020/2021,Wolves,Liverpool,1,0,1
2021-04-05,2020/2021,Wolves,West Ham,1,2,3
2021-04-09,2020/2021,Wolves,Fulham,0,1,0
2021-04-17,2020/2021,Wolves,Sheffield Utd,1,1,0
2021-04-25,2020/2021,Wolves,Burnley,1,0,4
2021-05-03,2020/2021,Wolves,West Brom,0,1,1
2021-05-09,2020/2021,Wolves,Brighton,1,2,1
2021-05-16,2020/2021,Wolves,Tottenham,0,0,2
2021-05-19,2020/2021,Wolves,Everton,0,0,1
2021-05-23,2020/2021,Wolves,Manchester Utd,1,1,2
2021-08-14,2021/2022,Wolves,Leicester City,0,0,1
2021-08-22,2021/2022,Wolves,Tottenham,1,0,1
2021-08-29,2021/2022,Wolves,Manchester Utd,1,0,1
2021-09-11,2021/2022,Wolves,Watford,0,2,0
2021-09-18,2021/2022,Wolves,Brentford,1,0,2
2021-09-26,2021/2022,Wolves,Southampton,0,1,0
2021-10-02,2021/2022,Wolves,Newcastle Utd,1,2,1
2021-10-16,2021/2022,Wolves,Aston Villa,0,3,2
2021-10-23,2021/2022,Wolves,Leeds United,0,1,1
2021-11-01,2021/2022,Wolves,Everton,1,2,1
2021-11-06,2021/2022,Wolves,Crystal Palace,0,0,2
2021-11-20,2021/2022,Wolves,West Ham,1,1,0
2021-11-27,2021/2022,Wolves,Norwich City,0,0,0
2021-12-01,2021/2022,Wolves,Burnley,1,0,0
2021-12-04,2021/2022,Wolves,Liverpool,1,0,1
2021-12-11,2021/2022,Wolves,Manchester City,0,0,1
2021-12-15,2021/2022,Wolves,Brighton,0,1,0
2021-12-19,2021/2022,Wolves,Chelsea,1,0,0
2022-01-03,2021/2022,Wolves,Manchester Utd,0,1,0
2022-01-15,2021/2022,Wolves,Southampton,1,3,1
2022-01-22,2021/2022,Wolves,Brentford,0,2,1
2022-02-10,2021/2022,Wolves,Arsenal,1,0,1
2022-02-13,2021/2022,Wolves,Tottenham,0,2,0
2022-02-20,2021/2022,Wolves,Leicester City,1,2,1
2022-02-24,2021/2022,Wolves,Arsenal,0,1,2
2022-02-27,2021/2022,Wolves,West Ham,0,0,1
2022-03-05,2021/2022,Wolves,Crystal Palace,1,0,2
2022-03-10,2021/2022,Wolves,Watford,1,4,0
2022-03-13,2021/2022,Wolves,Everton,0,1,0
2022-03-18,2021/2022,Wolves,Leeds United,1,2,3
2022-04-02,2021/2022,Wolves,Aston Villa,1,2,1
2022-04-08,2021/2022,Wolves,Newcastle Utd,0,0,1
2022-04-24,2021/2022,Wolves,Burnley,0,0,1
2022-04-30,2021/2022,Wolves,Brighton,1,0,3
2022-05-07,2021/2022,Wolves,Chelsea,0,2,2
2022-05-11,2021/2022,Wolves,Manchester City,1,1,5
2022-05-15,2021/2022,Wolves,Norwich City,1,1,1
2022-05-22,2021/2022,Wolves,Liverpool,0,1,3
2022-08-06,2022/2023,Wolves,Leeds United,0,1,2
2022-08-13,2022/2023,Wolves,Fulham,1,0,0
2022-08-20,2022/2023,Wolves,Tottenham,0,0,1
2022-08-28,2022/2023,Wolves,Newcastle Utd,1,1,1
2022-08-31,2022/2023,Wolves,Bournemouth,0,0,0
2022-09-03,2022/2023,Wolves,Southampton,1,1,0
2022-09-17,2022/2023,Wolves,Manchester City,1,0,3
2022-10-01,2022/2023,Wolves,West Ham,0,0,2
2022-10-08,2022/2023,Wolves,Chelsea,0,0,3
2022-10-15,2022/2023,Wolves,Nott'ham Forest,1,1,0
2022-10-18,2022/2023,Wolves,Crystal Palace,0,1,2
2022-10-23,2022/2023,Wolves,Leicester City,1,0,4
2022-10-29,2022/2023,Wolves,Brentford,0,1,1
2022-11-05,2022/2023,Wolves,Brighton,1,2,3
2022-11-12,2022/2023,Wolves,Arsenal,1,0,2
2022-12-26,2022/2023,Wolves,Everton,0,2,1
2022-12-31,2022/2023,Wolves,Manchester Utd,1,0,1
2023-01-04,2022/2023,Wolves,Aston Villa,0,1,1
2023-01-14,2022/2023,Wolves,West Ham,1,1,0
2023-01-22,2022/2023,Wolves,Manchester City,0,0,3
2023-02-04,2022/2023,Wolves,Liverpool,1,3,0
2023-02-11,2022/2023,Wolves,Southampton,0,2,1
2023-02-18,2022/2023,Wolves,Bournemouth,1,0,1
2023-02-24,2022/2023,Wolves,Fulham,0,1,1
2023-03-01,2022/2023,Wolves,Liverpool,0,0,2
2023-03-04,2022/2023,Wolves,Tottenham,1,1,0
2023-03-12,2022/2023,Wolves,Newcastle Utd,0,1,2
2023-03-18,2022/2023,Wolves,Leeds United,1,2,4
2023-04-01,2022/2023,Wolves,Nott'ham Forest,0,1,1
2023-04-08,2022/2023,Wolves,Chelsea,1,1,0
2023-04-15,2022/2023,Wolves,Brentford,1,2,0
2023-04-22,2022/2023,Wolves,Leicester City,0,1,2
2023-04-25,2022/2023,Wolves,Crystal Palace,1,2,0
2023-04-29,2022/2023,Wolves,Brighton,0,0,6
2023-05-06,2022/2023,Wolves,Aston Villa,1,1,0
2023-05-13,2022/2023,Wolves,Manchester Utd,0,0,2
2023-05-20,2022/2023,Wolves,Everton,1,1,1
2023-05-28,2022/2023,Wolves,Arsenal,0,0,5
2023-08-14,2023/2024,Wolves,Manchester Utd,0,0,1
2023-08-19,2023/2024,Wolves,Brighton,1,1,4
2023-08-26,2023/2024,Wolves,Everton,0,1,0
2023-09-03,2023/2024,Wolves,Crystal Palace,0,2,3
2023-09-16,2023/2024,Wolves,Liverpool,1,1,3
2023-09-23,2023/2024,Wolves,Luton Town,0,1,1
2023-09-30,2023/2024,Wolves,Manchester City,1,2,1
2023-10-08,2023/2024,Wolves,Aston Villa,1,1,1
2023-10-21,2023/2024,Wolves,Bournemouth,0,2,1
2023-10-28,2023/2024,Wolves,Newcastle Utd,1,2,2
2023-11-04,2023/2024,Wolves,Sheffield Utd,0,1,2
2023-11-11,2023/2024,Wolves,Tottenham,1,2,1
2023-11-27,2023/2024,Wolves,Fulham,0,2,3
2023-12-02,2023/2024,Wolves,Arsenal,0,1,2
2023-12-05,2023/2024,Wolves,Burnley,1,1,0
2023-12-09,2023/2024,Wolves,Nott'ham Forest,1,1,1
2023-12-17,2023/2024,Wolves,West Ham,0,0,3
2023-12-24,2023/2024,Wolves,Chelsea,1,2,1
2023-12-27,2023/2024,Wolves,Brentford,0,4,1
2023-12-30,2023/2024,Wolves,Everton,1,3,0
2024-01-22,2023/2024,Wolves,Brighton,0,0,0
2024-02-01,2023/2024,Wolves,Manchester Utd,1,3,4
2024-02-04,2023/2024,Wolves,Chelsea,0,4,2
2024-02-10,2023/2024,Wolves,Brentford,1,0,2
2024-02-17,2023/2024,Wolves,Tottenham,0,2,1
2024-02-25,2023/2024,Wolves,Sheffield Utd,1,1,0
2024-03-02,2023/2024,Wolves,Newcastle Utd,0,0,3
2024-03-09,2023/2024,Wolves,Fulham,1,2,1
2024-03-30,2023/2024,Wolves,Aston Villa,0,0,2
2024-04-02,2023/2024,Wolves,Burnley,0,1,1
2024-04-06,2023/2024,Wolves,West Ham,1,1,2
2024-04-13,2023/2024,Wolves,Nott'ham Forest,0,2,2
2024-04-20,2023/2024,Wolves,Arsenal,1,0,2
2024-04-24,2023/2024,Wolves,Bournemouth,1,0,1
2024-04-27,2023/2024,Wolves,Luton Town,1,2,1
2024-05-04,2023/2024,Wolves,Manchester City,0,1,5
2024-05-11,2023/2024,Wolves,Crystal Palace,1,1,3
2024-05-19,2023/2024,Wolves,Liverpool,0,0,2
