Date,Season,Team,Opponent,HomeFlag,GF,GA,Manager,ManagerStart,ManagerEnd,MatchNumMgr,Window1,Window2,Window3
2014-08-16,2014/2015,Arsenal,Crystal Palace,1,2,1,ARSENE WENGER,1996-01-10,2018-05-13,101,0,0,0
2014-08-23,2014/2015,Arsenal,Everton,0,2,2,ARSENE WENGER,1996-01-10,2018-05-13,102,0,0,0
2014-08-31,2014/2015,Arsenal,Leicester City,0,1,1,ARSENE WENGER,1996-01-10,2018-05-13,103,0,0,0
2014-09-13,2014/2015,Arsenal,Manchester City,1,2,2,ARSENE WENGER,1996-01-10,2018-05-13,104,0,0,0
2014-09-20,2014/2015,Arsenal,Aston Villa,0,3,0,ARSENE WENGER,1996-01-10,2018-05-13,105,0,0,0
2014-09-27,2014/2015,Arsenal,Tottenham,1,1,1,ARSENE WENGER,1996-01-10,2018-05-13,106,0,0,0
2014-10-05,2014/2015,Arsenal,Chelsea,0,0,2,ARSENE WENGER,1996-01-10,2018-05-13,107,0,0,0
2014-10-18,2014/2015,Arsenal,Hull City,1,2,2,ARSENE WENGER,1996-01-10,2018-05-13,108,0,0,0
2014-10-25,2014/2015,Arsenal,Sunderland,0,2,0,ARSENE WENGER,1996-01-10,2018-05-13,109,0,0,0
2014-11-01,2014/2015,Arsenal,Burnley,1,3,0,ARSENE WENGER,1996-01-10,2018-05-13,110,0,0,0
2014-11-09,2014/2015,Arsenal,Swansea City,0,1,2,ARSENE WENGER,1996-01-10,2018-05-13,111,0,0,0
2014-11-22,2014/2015,Arsenal,Manchester Utd,1,1,2,ARSENE WENGER,1996-01-10,2018-05-13,112,0,0,0
2014-11-29,2014/2015,Arsenal,West Brom,0,1,0,ARSENE WENGER,1996-01-10,2018-05-13,113,0,0,0
2014-12-03,2014/2015,Arsenal,Southampton,1,1,0,ARSENE WENGER,1996-01-10,2018-05-13,114,0,0,0
2014-12-06,2014/2015,Arsenal,Stoke City,0,2,3,ARSENE WENGER,1996-01-10,2018-05-13,115,0,0,0
2014-12-13,2014/2015,Arsenal,Newcastle Utd,1,4,1,ARSENE WENGER,1996-01-10,2018-05-13,116,0,0,0
2014-12-21,2014/2015,Arsenal,Liverpool,0,2,2,ARSENE WENGER,1996-01-10,2018-05-13,117,0,0,0
2014-12-26,2014/2015,Arsenal,QPR,1,2,1,ARSENE WENGER,1996-01-10,2018-05-13,118,0,0,0
2014-12-28,2014/2015,Arsenal,West Ham,0,2,1,ARSENE WENGER,1996-01-10,2018-05-13,119,0,0,0
2015-01-01,2014/2015,Arsenal,Southampton,0,0,2,ARSENE WENGER,1996-01-10,2018-05-13,120,0,0,0
2015-01-11,2014/2015,Arsenal,Stoke City,1,3,0,ARSENE WENGER,1996-01-10,2018-05-13,121,0,0,0
2015-01-18,2014/2015,Arsenal,Manchester City,0,2,0,ARSENE WENGER,1996-01-10,2018-05-13,122,0,0,0
2015-02-01,2014/2015,Arsenal,Aston Villa,1,5,0,ARSENE WENGER,1996-01-10,2018-05-13,123,0,0,0
2015-02-07,2014/2015,Arsenal,Tottenham,0,1,2,ARSENE WENGER,1996-01-10,2018-05-13,124,0,0,0
2015-02-10,2014/2015,Arsenal,Leicester City,1,2,1,ARSENE WENGER,1996-01-10,2018-05-13,125,0,0,0
2015-02-21,2014/2015,Arsenal,Crystal Palace,0,2,1,ARSENE WENGER,1996-01-10,2018-05-13,126,0,0,0
2015-03-01,2014/2015,Arsenal,Everton,1,2,0,ARSENE WENGER,1996-01-10,2018-05-13,127,0,0,0
2015-03-04,2014/2015,Arsenal,QPR,0,2,1,ARSENE WENGER,1996-01-10,2018-05-13,128,0,0,0
2015-03-14,2014/2015,Arsenal,West Ham,1,3,0,ARSENE WENGER,1996-01-10,2018-05-13,129,0,0,0
2015-03-21,2014/2015,Arsenal,Newcastle Utd,0,2,1,ARSENE WENGER,1996-01-10,2018-05-13,130,0,0,0
2015-04-04,2014/2015,Arsenal,Liverpool,1,4,1,ARSENE WENGER,1996-01-10,2018-05-13,131,0,0,0
2015-04-11,2014/2015,Arsenal,Burnley,0,1,0,ARSENE WENGER,1996-01-10,2018-05-13,132,0,0,0
2015-04-26,2014/2015,Arsenal,Chelsea,1,0,0,ARSENE WENGER,1996-01-10,2018-05-13,133,0,0,0
2015-05-04,2014/2015,Arsenal,Hull City,0,3,1,ARSENE WENGER,1996-01-10,2018-05-13,134,0,0,0
2015-05-11,2014/2015,Arsenal,Swansea City,1,0,1,ARSENE WENGER,1996-01-10,2018-05-13,135,0,0,0
2015-05-17,2014/2015,Arsenal,Manchester Utd,0,1,1,ARSENE WENGER,1996-01-10,2018-05-13,136,0,0,0
2015-05-20,2014/2015,Arsenal,Sunderland,1,0,0,ARSENE WENGER,1996-01-10,2018-05-13,137,0,0,0
2015-05-24,2014/2015,Arsenal,West Brom,1,4,1,ARSENE WENGER,1996-01-10,2018-05-13,138,0,0,0
2015-08-09,2015/2016,Arsenal,West Ham,1,0,2,ARSENE WENGER,1996-01-10,2018-05-13,139,0,0,0
2015-08-16,2015/2016,Arsenal,Crystal Palace,0,2,1,ARSENE WENGER,1996-01-10,2018-05-13,140,0,0,0
2015-08-24,2015/2016,Arsenal,Liverpool,1,0,0,ARSENE WENGER,1996-01-10,2018-05-13,141,0,0,0
2015-08-29,2015/2016,Arsenal,Newcastle Utd,0,1,0,ARSENE WENGER,1996-01-10,2018-05-13,142,0,0,0
2015-09-12,2015/2016,Arsenal,Stoke City,1,2,0,ARSENE WENGER,1996-01-10,2018-05-13,143,0,0,0
2015-09-19,2015/2016,Arsenal,Chelsea,0,0,2,ARSENE WENGER,1996-01-10,2018-05-13,144,0,0,0
2015-09-26,2015/2016,Arsenal,Leicester City,0,5,2,ARSENE WENGER,1996-01-10,2018-05-13,145,0,0,0
2015-10-04,2015/2016,Arsenal,Manchester Utd,1,3,0,ARSENE WENGER,1996-01-10,2018-05-13,146,0,0,0
2015-10-17,2015/2016,Arsenal,Watford,0,3,0,ARSENE WENGER,1996-01-10,2018-05-13,147,0,0,0
2015-10-24,2015/2016,Arsenal,Everton,1,2,1,ARSENE WENGER,1996-01-10,2018-05-13,148,0,0,0
2015-10-31,2015/2016,Arsenal,Swansea City,0,3,0,ARSENE WENGER,1996-01-10,2018-05-13,149,0,0,0
2015-11-08,2015/2016,Arsenal,Tottenham,1,1,1,ARSENE WENGER,1996-01-10,2018-05-13,150,0,0,0
2015-11-21,2015/2016,Arsenal,West Brom,0,1,2,ARSENE WENGER,1996-01-10,2018-05-13,151,0,0,0
2015-11-29,2015/2016,Arsenal,Norwich City,0,1,1,ARSENE WENGER,1996-01-10,2018-05-13,152,0,0,0
2015-12-05,2015/2016,Arsenal,Sunderland,1,3,1,ARSENE WENGER,1996-01-10,2018-05-13,153,0,0,0
2015-12-13,2015/2016,Arsenal,Aston Villa,0,2,0,ARSENE WENGER,1996-01-10,2018-05-13,154,0,0,0
2015-12-21,2015/2016,Arsenal,Manchester City,1,2,1,ARSENE WENGER,1996-01-10,2018-05-13,155,0,0,0
2015-12-26,2015/2016,Arsenal,Southampton,0,0,4,ARSENE WENGER,1996-01-10,2018-05-13,156,0,0,0
2015-12-28,2015/2016,Arsenal,Bournemouth,1,2,0,ARSENE WENGER,1996-01-10,2018-05-13,157,0,0,0
2016-01-02,2015/2016,Arsenal,Newcastle Utd,1,1,0,ARSENE WENGER,1996-01-10,2018-05-13,158,0,0,0
2016-01-13,2015/2016,Arsenal,Liverpool,0,3,3,ARSENE WENGER,1996-01-10,2018-05-13,159,0,0,0
2016-01-17,2015/2016,Arsenal,Stoke City,0,0,0,ARSENE WENGER,1996-01-10,2018-05-13,160,0,0,0
2016-01-24,2015/2016,Arsenal,Chelsea,1,0,1,ARSENE WENGER,1996-01-10,2018-05-13,161,0,0,0
2016-02-02,2015/2016,Arsenal,Southampton,1,0,0,ARSENE WENGER,1996-01-10,2018-05-13,162,0,0,0
2016-02-07,2015/2016,Arsenal,Bournemouth,0,2,0,ARSENE WENGER,1996-01-10,2018-05-13,163,0,0,0
2016-02-14,2015/2016,Arsenal,Leicester City,1,2,1,ARSENE WENGER,1996-01-10,2018-05-13,164,0,0,0
2016-02-28,2015/2016,Arsenal,Manchester Utd,0,2,3,ARSENE WENGER,1996-01-10,2018-05-13,165,0,0,0
2016-03-02,2015/2016,Arsenal,Swansea City,1,1,2,ARSENE WENGER,1996-01-10,2018-05-13,166,0,0,0
2016-03-05,2015/2016,Arsenal,Tottenham,0,2,2,ARSENE WENGER,1996-01-10,2018-05-13,167,0,0,0
2016-03-19,2015/2016,Arsenal,Everton,0,2,0,ARSENE WENGER,1996-01-10,2018-05-13,168,0,0,0
2016-04-02,2015/2016,Arsenal,Watford,1,4,0,ARSENE WENGER,1996-01-10,2018-05-13,169,0,0,0
2016-04-09,2015/2016,Arsenal,West Ham,0,3,3,ARSENE WENGER,1996-01-10,2018-05-13,170,0,0,0
2016-04-17,2015/2016,Arsenal,Crystal Palace,1,1,1,ARSENE WENGER,1996-01-10,2018-05-13,171,0,0,0
2016-04-21,2015/2016,Arsenal,West Brom,1,2,0,ARSENE WENGER,1996-01-10,2018-05-13,172,0,0,0
2016-04-24,2015/2016,Arsenal,Sunderland,0,0,0,ARSENE WENGER,1996-01-10,2018-05-13,173,0,0,0
2016-04-30,2015/2016,Arsenal,Norwich City,1,1,0,ARSENE WENGER,1996-01-10,2018-05-13,174,0,0,0
2016-05-08,2015/2016,Arsenal,Manchester City,0,2,2,ARSENE WENGER,1996-01-10,2018-05-13,175,0,0,0
2016-05-15,2015/2016,Arsenal,Aston Villa,1,4,0,ARSENE WENGER,1996-01-10,2018-05-13,176,0,0,0
2016-08-14,2016/2017,Arsenal,Liverpool,1,3,4,ARSENE WENGER,1996-01-10,2018-05-13,177,0,0,0
2016-08-20,2016/2017,Arsenal,Leicester City,0,0,0,ARSENE WENGER,1996-01-10,2018-05-13,178,0,0,0
2016-08-27,2016/2017,Arsenal,Watford,0,3,1,ARSENE WENGER,1996-01-10,2018-05-13,179,0,0,0
2016-09-10,2016/2017,Arsenal,Southampton,1,2,1,ARSENE WENGER,1996-01-10,2018-05-13,180,0,0,0
2016-09-17,2016/2017,Arsenal,Hull City,0,4,1,ARSENE WENGER,1996-01-10,2018-05-13,181,0,0,0
2016-09-24,2016/2017,Arsenal,Chelsea,1,3,0,ARSENE WENGER,1996-01-10,2018-05-13,182,0,0,0
2016-10-02,2016/2017,Arsenal,Burnley,0,1,0,ARSENE WENGER,1996-01-10,2018-05-13,183,0,0,0
2016-10-15,2016/2017,Arsenal,Swansea City,1,3,2,ARSENE WENGER,1996-01-10,2018-05-13,184,0,0,0
2016-10-22,2016/2017,Arsenal,Middlesbrough,1,0,0,ARSENE WENGER,1996-01-10,2018-05-13,185,0,0,0
2016-10-29,2016/2017,Arsenal,Sunderland,0,4,1,ARSENE WENGER,1996-01-10,2018-05-13,186,0,0,0
2016-11-06,2016/2017,Arsenal,Tottenham,1,1,1,ARSENE WENGER,1996-01-10,2018-05-13,187,0,0,0
2016-11-19,2016/2017,Arsenal,Manchester Utd,0,1,1,ARSENE WENGER,1996-01-10,2018-05-13,188,0,0,0
2016-11-27,2016/2017,Arsenal,Bournemouth,1,3,1,ARSENE WENGER,1996-01-10,2018-05-13,189,0,0,0
2016-12-03,2016/2017,Arsenal,West Ham,0,5,1,ARSENE WENGER,1996-01-10,2018-05-13,190,0,0,0
2016-12-10,2016/2017,Arsenal,Stoke City,1,3,1,ARSENE WENGER,1996-01-10,2018-05-13,191,0,0,0
2016-12-13,2016/2017,Arsenal,Everton,0,1,2,ARSENE WENGER,1996-01-10,2018-05-13,192,0,0,0
2016-12-18,2016/2017,Arsenal,Manchester City,0,1,2,ARSENE WENGER,1996-01-10,2018-05-13,193,0,0,0
2016-12-26,2016/2017,Arsenal,West Brom,1,1,0,ARSENE WENGER,1996-01-10,2018-05-13,194,0,0,0
2017-01-01,2016/2017,Arsenal,Crystal Palace,1,2,0,ARSENE WENGER,1996-01-10,2018-05-13,195,0,0,0
2017-01-03,2016/2017,Arsenal,Bournemouth,0,3,3,ARSENE WENGER,1996-01-10,2018-05-13,196,0,0,0
2017-01-14,2016/2017,Arsenal,Swansea City,0,4,0,ARSENE WENGER,1996-01-10,2018-05-13,197,0,0,0
2017-01-22,2016/2017,Arsenal,Burnley,1,2,1,ARSENE WENGER,1996-01-10,2018-05-13,198,0,0,0
2017-01-31,2016/2017,Arsenal,Watford,1,1,2,ARSENE WENGER,1996-01-10,2018-05-13,199,0,0,0
2017-02-04,2016/2017,Arsenal,Chelsea,0,1,3,ARSENE WENGER,1996-01-10,2018-05-13,200,0,0,0
2017-02-11,2016/2017,Arsenal,Hull City,1,2,0,ARSENE WENGER,1996-01-10,2018-05-13,201,0,0,0
2017-03-04,2016/2017,Arsenal,Liverpool,0,1,3,ARSENE WENGER,1996-01-10,2018-05-13,202,0,0,0
2017-03-18,2016/2017,Arsenal,West Brom,0,1,3,ARSENE WENGER,1996-01-10,2018-05-13,203,0,0,0
2017-04-02,2016/2017,Arsenal,Manchester City,1,2,2,ARSENE WENGER,1996-01-10,2018-05-13,204,0,0,0
2017-04-05,2016/2017,Arsenal,West Ham,1,3,0,ARSENE WENGER,1996-01-10,2018-05-13,205,0,0,0
2017-04-10,2016/2017,Arsenal,Crystal Palace,0,0,3,ARSENE WENGER,1996-01-10,2018-05-13,206,0,0,0
2017-04-17,2016/2017,Arsenal,Middlesbrough,0,2,1,ARSENE WENGER,1996-01-10,2018-05-13,207,0,0,0
2017-04-26,2016/2017,Arsenal,Leicester City,1,1,0,ARSENE WENGER,1996-01-10,2018-05-13,208,0,0,0
2017-04-30,2016/2017,Arsenal,Tottenham,0,0,2,ARSENE WENGER,1996-01-10,2018-05-13,209,0,0,0
2017-05-07,2016/2017,Arsenal,Manchester Utd,1,2,0,ARSENE WENGER,1996-01-10,2018-05-13,210,0,0,0
2017-05-10,2016/2017,Arsenal,Southampton,0,2,0,ARSENE WENGER,1996-01-10,2018-05-13,211,0,0,0
2017-05-13,2016/2017,Arsenal,Stoke City,0,4,1,ARSENE WENGER,1996-01-10,2018-05-13,212,0,0,0
2017-05-16,2016/2017,Arsenal,Sunderland,1,2,0,ARSENE WENGER,1996-01-10,2018-05-13,213,0,0,0
2017-05-21,2016/2017,Arsenal,Everton,1,3,1,ARSENE WENGER,1996-01-10,2018-05-13,214,0,0,0
2017-08-11,2017/2018,Arsenal,Leicester City,1,4,3,ARSENE WENGER,1996-01-10,2018-05-13,215,0,0,0
2017-08-19,2017/2018,Arsenal,Stoke City,0,0,1,ARSENE WENGER,1996-01-10,2018-05-13,216,0,0,0
2017-08-27,2017/2018,Arsenal,Liverpool,0,0,4,ARSENE WENGER,1996-01-10,2018-05-13,217,0,0,0
2017-09-09,2017/2018,Arsenal,Bournemouth,1,3,0,ARSENE WENGER,1996-01-10,2018-05-13,218,0,0,0
2017-09-17,2017/2018,Arsenal,Chelsea,0,0,0,ARSENE WENGER,1996-01-10,2018-05-13,219,0,0,0
2017-09-25,2017/2018,Arsenal,West Brom,1,2,0,ARSENE WENGER,1996-01-10,2018-05-13,220,0,0,0
2017-10-01,2017/2018,Arsenal,Brighton,1,2,0,ARSENE WENGER,1996-01-10,2018-05-13,221,0,0,0
2017-10-14,2017/2018,Arsenal,Watford,0,1,2,ARSENE WENGER,1996-01-10,2018-05-13,222,0,0,0
2017-10-22,2017/2018,Arsenal,Everton,0,5,2,ARSENE WENGER,1996-01-10,2018-05-13,223,0,0,0
2017-10-28,2017/2018,Arsenal,Swansea City,1,2,1,ARSENE WENGER,1996-01-10,2018-05-13,224,0,0,0
2017-11-05,2017/2018,Arsenal,Manchester City,0,1,3,ARSENE WENGER,1996-01-10,2018-05-13,225,0,0,0
2017-11-18,2017/2018,Arsenal,Tottenham,1,2,0,ARSENE WENGER,1996-01-10,2018-05-13,226,0,0,0
2017-11-26,2017/2018,Arsenal,Burnley,0,1,0,ARSENE WENGER,1996-01-10,2018-05-13,227,0,0,0
2017-11-29,2017/2018,Arsenal,Huddersfield,1,5,0,ARSENE WENGER,1996-01-10,2018-05-13,228,0,0,0
2017-12-02,2017/2018,Arsenal,Manchester Utd,1,1,3,ARSENE WENGER,1996-01-10,2018-05-13,229,0,0,0
2017-12-10,2017/2018,Arsenal,Southampton,0,1,1,ARSENE WENGER,1996-01-10,2018-05-13,230,0,0,0
2017-12-13,2017/2018,Arsenal,West Ham,0,0,0,ARSENE WENGER,1996-01-10,2018-05-13,231,0,0,0
2017-12-16,2017/2018,Arsenal,Newcastle Utd,1,1,0,ARSENE WENGER,1996-01-10,2018-05-13,232,0,0,0
2017-12-22,2017/2018,Arsenal,Liverpool,1,3,3,ARSENE WENGER,1996-01-10,2018-05-13,233,0,0,0
2017-12-28,2017/2018,Arsenal,Crystal Palace,0,3,2,ARSENE WENGER,1996-01-10,2018-05-13,234,0,0,0
2017-12-31,2017/2018,Arsenal,West Brom,0,1,1,ARSENE WENGER,1996-01-10,2018-05-13,235,0,0,0
2018-01-03,2017/2018,Arsenal,Chelsea,1,2,2,ARSENE WENGER,1996-01-10,2018-05-13,236,0,0,0
2018-01-14,2017/2018,Arsenal,Bournemouth,0,1,2,ARSENE WENGER,1996-01-10,2018-05-13,237,0,0,0
2018-01-20,2017/2018,Arsenal,Crystal Palace,1,4,1,ARSENE WENGER,1996-01-10,2018-05-13,238,0,0,0
2018-01-30,2017/2018,Arsenal,Swansea City,0,1,3,ARSENE WENGER,1996-01-10,2018-05-13,239,0,0,0
2018-02-03,2017/2018,Arsenal,Everton,1,5,1,ARSENE WENGER,1996-01-10,2018-05-13,240,0,0,0
2018-02-10,2017/2018,Arsenal,Tottenham,0,0,1,ARSENE WENGER,1996-01-10,2018-05-13,241,0,0,0
2018-03-01,2017/2018,Arsenal,Manchester City,1,0,3,ARSENE WENGER,1996-01-10,2018-05-13,242,0,0,0
2018-03-04,2017/2018,Arsenal,Brighton,0,1,2,ARSENE WENGER,1996-01-10,2018-05-13,243,0,0,0
2018-03-11,2017/2018,Arsenal,Watford,1,3,0,ARSENE WENGER,1996-01-10,2018-05-13,244,0,0,0
2018-04-01,2017/2018,Arsenal,Stoke City,1,3,0,ARSENE WENGER,1996-01-10,2018-05-13,245,0,0,0
2018-04-08,2017/2018,Arsenal,Southampton,1,3,2,ARSENE WENGER,1996-01-10,2018-05-13,246,0,0,0
2018-04-15,2017/2018,Arsenal,Newcastle Utd,0,1,2,ARSENE WENGER,1996-01-10,2018-05-13,247,0,0,0
2018-04-22,2017/2018,Arsenal,West Ham,1,4,1,ARSENE WENGER,1996-01-10,2018-05-13,248,0,0,0
2018-04-29,2017/2018,Arsenal,Manchester Utd,0,1,2,ARSENE WENGER,1996-01-10,2018-05-13,249,0,0,0
2018-05-06,2017/2018,Arsenal,Burnley,1,5,0,ARSENE WENGER,1996-01-10,2018-05-13,250,0,0,0
2018-05-09,2017/2018,Arsenal,Leicester City,0,1,3,ARSENE WENGER,1996-01-10,2018-05-13,251,0,0,0
2018-05-13,2017/2018,Arsenal,Huddersfield,0,1,0,ARSENE WENGER,1996-01-10,2018-05-13,252,0,0,0
2019-12-01,2019/2020,Arsenal,Norwich City,0,2,2,FREDDIE LJUNGBERG,2019-11-29,2019-12-19,1,1,0,0
2019-12-05,2019/2020,Arsenal,Brighton,1,1,2,FREDDIE LJUNGBERG,2019-11-29,2019-12-19,2,1,0,0
2019-12-09,2019/2020,Arsenal,West Ham,0,3,1,FREDDIE LJUNGBERG,2019-11-29,2019-12-19,3,1,0,0
2019-12-15,2019/2020,Arsenal,Manchester City,1,0,3,FREDDIE LJUNGBERG,2019-11-29,2019-12-19,4,0,1,0
2019-12-21,2019/2020,Arsenal,Everton,0,0,0,MIKEL ARTETA,2019-12-20,2100-01-01,1,1,0,0
2019-12-26,2019/2020,Arsenal,Bournemouth,0,1,1,MIKEL ARTETA,2019-12-20,2100-01-01,2,1,0,0
2019-12-29,2019/2020,Arsenal,Chelsea,1,1,2,MIKEL ARTETA,2019-12-20,2100-01-01,3,1,0,0
2020-01-01,2019/2020,Arsenal,Manchester Utd,1,2,0,MIKEL ARTETA,2019-12-20,2100-01-01,4,0,1,0
2020-01-11,2019/2020,Arsenal,Crystal Palace,0,1,1,MIKEL ARTETA,2019-12-20,2100-01-01,5,0,1,0
2020-01-18,2019/2020,Arsenal,Sheffield Utd,1,1,1,MIKEL ARTETA,2019-12-20,2100-01-01,6,0,1,0
2020-01-21,2019/2020,Arsenal,Chelsea,0,2,2,MIKEL ARTETA,2019-12-20,2100-01-01,7,0,0,1
2020-02-02,2019/2020,Arsenal,Burnley,0,0,0,MIKEL ARTETA,2019-12-20,2100-01-01,8,0,0,1
2020-02-16,2019/2020,Arsenal,Newcastle Utd,1,4,0,MIKEL ARTETA,2019-12-20,2100-01-01,9,0,0,1
2020-02-23,2019/2020,Arsenal,Everton,1,3,2,MIKEL ARTETA,2019-12-20,2100-01-01,10,0,0,1
2020-03-07,2019/2020,Arsenal,West Ham,1,1,0,MIKEL ARTETA,2019-12-20,2100-01-01,11,0,0,0
2020-06-17,2019/2020,Arsenal,Manchester City,0,0,3,MIKEL ARTETA,2019-12-20,2100-01-01,12,0,0,0
2020-06-20,2019/2020,Arsenal,Brighton,0,1,2,MIKEL ARTETA,2019-12-20,2100-01-01,13,0,0,0
2020-06-25,2019/2020,Arsenal,Southampton,0,2,0,MIKEL ARTETA,2019-12-20,2100-01-01,14,0,0,0
2020-07-01,2019/2020,Arsenal,Norwich City,1,4,0,MIKEL ARTETA,2019-12-20,2100-01-01,15,0,0,0
2020-07-04,2019/2020,Arsenal,Wolves,0,2,0,MIKEL ARTETA,2019-12-20,2100-01-01,16,0,0,0
2020-07-07,2019/2020,Arsenal,Leicester City,1,1,1,MIKEL ARTETA,2019-12-20,2100-01-01,17,0,0,0
2020-07-12,2019/2020,Arsenal,Tottenham,0,1,2,MIKEL ARTETA,2019-12-20,2100-01-01,18,0,0,0
2020-07-15,2019/2020,Arsenal,Liverpool,1,2,1,MIKEL ARTETA,2019-12-20,2100-01-01,19,0,0,0
2020-07-21,2019/2020,Arsenal,Aston Villa,0,0,1,MIKEL ARTETA,2019-12-20,2100-01-01,20,0,0,0
2020-07-26,2019/2020,Arsenal,Watford,1,3,2,MIKEL ARTETA,2019-12-20,2100-01-01,21,0,0,0
2020-09-12,2020/2021,Arsenal,Fulham,0,3,0,MIKEL ARTETA,2019-12-20,2100-01-01,22,0,0,0
2020-09-19,2020/2021,Arsenal,West Ham,1,2,1,MIKEL ARTETA,2019-12-20,2100-01-01,23,0,0,0
2020-09-28,2020/2021,Arsenal,Liverpool,0,1,3,MIKEL ARTETA,2019-12-20,2100-01-01,24,0,0,0
2020-10-04,2020/2021,Arsenal,Sheffield Utd,1,2,1,MIKEL ARTETA,2019-12-20,2100-01-01,25,0,0,0
2020-10-17,2020/2021,Arsenal,Manchester City,0,0,1,MIKEL ARTETA,2019-12-20,2100-01-01,26,0,0,0
2020-10-25,2020/2021,Arsenal,Leicester City,1,0,1,MIKEL ARTETA,2019-12-20,2100-01-01,27,0,0,0
2020-11-01,2020/2021,Arsenal,Manchester Utd,0,1,0,MIKEL ARTETA,2019-12-20,2100-01-01,28,0,0,0
2020-11-08,2020/2021,Arsenal,Aston Villa,1,0,3,MIKEL ARTETA,2019-12-20,2100-01-01,29,0,0,0
2020-11-22,2020/2021,Arsenal,Leeds United,0,0,0,MIKEL ARTETA,2019-12-20,2100-01-01,30,0,0,0
2020-11-29,2020/2021,Arsenal,Wolves,1,1,2,MIKEL ARTETA,2019-12-20,2100-01-01,31,0,0,0
2020-12-06,2020/2021,Arsenal,Tottenham,0,0,2,MIKEL ARTETA,2019-12-20,2100-01-01,32,0,0,0
2020-12-13,2020/2021,Arsenal,Burnley,1,0,1,MIKEL ARTETA,2019-12-20,2100-01-01,33,0,0,0
2020-12-16,2020/2021,Arsenal,Southampton,1,1,1,MIKEL ARTETA,2019-12-20,2100-01-01,34,0,0,0
2020-12-19,2020/2021,Arsenal,Everton,0,1,2,MIKEL ARTETA,2019-12-20,2100-01-01,35,0,0,0
2020-12-26,2020/2021,Arsenal,Chelsea,1,3,1,MIKEL ARTETA,2019-12-20,2100-01-01,36,0,0,0
2020-12-29,2020/2021,Arsenal,Brighton,0,1,0,MIKEL ARTETA,2019-12-20,2100-01-01,37,0,0,0
2021-01-02,2020/2021,Arsenal,West Brom,0,4,0,MIKEL ARTETA,2019-12-20,2100-01-01,38,0,0,0
2021-01-14,2020/2021,Arsenal,Crystal Palace,1,0,0,MIKEL ARTETA,2019-12-20,2100-01-01,39,0,0,0
2021-01-18,2020/2021,Arsenal,Newcastle Utd,1,3,0,MIKEL ARTETA,2019-12-20,2100-01-01,40,0,0,0
2021-01-26,2020/2021,Arsenal,Southampton,0,3,1,MIKEL ARTETA,2019-12-20,2100-01-01,41,0,0,0
2021-01-30,2020/2021,Arsenal,Manchester Utd,1,0,0,MIKEL ARTETA,2019-12-20,2100-01-01,42,0,0,0
2021-02-02,2020/2021,Arsenal,Wolves,0,1,2,MIKEL ARTETA,2019-12-20,2100-01-01,43,0,0,0
2021-02-06,2020/2021,Arsenal,Aston Villa,0,0,1,MIKEL ARTETA,2019-12-20,2100-01-01,44,0,0,0
2021-02-14,2020/2021,Arsenal,Leeds United,1,4,2,MIKEL ARTETA,2019-12-20,2100-01-01,45,0,0,0
2021-02-21,2020/2021,Arsenal,Manchester City,1,0,1,MIKEL ARTETA,2019-12-20,2100-01-01,46,0,0,0
2021-02-28,2020/2021,Arsenal,Leicester City,0,3,1,MIKEL ARTETA,2019-12-20,2100-01-01,47,0,0,0
2021-03-06,2020/2021,Arsenal,Burnley,0,1,1,MIKEL ARTETA,2019-12-20,2100-01-01,48,0,0,0
2021-03-14,2020/2021,Arsenal,Tottenham,1,2,1,MIKEL ARTETA,2019-12-20,2100-01-01,49,0,0,0
2021-03-21,2020/2021,Arsenal,West Ham,0,3,3,MIKEL ARTETA,2019-12-20,2100-01-01,50,0,0,0
2021-04-03,2020/2021,Arsenal,Liverpool,1,0,3,MIKEL ARTETA,2019-12-20,2100-01-01,51,0,0,0
2021-04-11,2020/2021,Arsenal,Sheffield Utd,0,3,0,MIKEL ARTETA,2019-12-20,2100-01-01,52,0,0,0
2021-04-18,2020/2021,Arsenal,Fulham,1,1,1,MIKEL ARTETA,2019-12-20,2100-01-01,53,0,0,0
2021-04-23,2020/2021,Arsenal,Everton,1,0,1,MIKEL ARTETA,2019-12-20,2100-01-01,54,0,0,0
2021-05-02,2020/2021,Arsenal,Newcastle Utd,0,2,0,MIKEL ARTETA,2019-12-20,2100-01-01,55,0,0,0
2021-05-09,2020/2021,Arsenal,West Brom,1,3,1,MIKEL ARTETA,2019-12-20,2100-01-01,56,0,0,0
2021-05-12,2020/2021,Arsenal,Chelsea,0,1,0,MIKEL ARTETA,2019-12-20,2100-01-01,57,0,0,0
2021-05-19,2020/2021,Arsenal,Crystal Palace,0,3,1,MIKEL ARTETA,2019-12-20,2100-01-01,58,0,0,0
2021-05-23,2020/2021,Arsenal,Brighton,1,2,0,MIKEL ARTETA,2019-12-20,2100-01-01,59,0,0,0
2021-08-13,2021/2022,Arsenal,Brentford,0,0,2,MIKEL ARTETA,2019-12-20,2100-01-01,60,0,0,0
2021-08-22,2021/2022,Arsenal,Chelsea,1,0,2,MIKEL ARTETA,2019-12-20,2100-01-01,61,0,0,0
2021-08-28,2021/2022,Arsenal,Manchester City,0,0,5,MIKEL ARTETA,2019-12-20,2100-01-01,62,0,0,0
2021-09-11,2021/2022,Arsenal,Norwich City,1,1,0,MIKEL ARTETA,2019-12-20,2100-01-01,63,0,0,0
2021-09-18,2021/2022,Arsenal,Burnley,0,1,0,MIKEL ARTETA,2019-12-20,2100-01-01,64,0,0,0
2021-09-26,2021/2022,Arsenal,Tottenham,1,3,1,MIKEL ARTETA,2019-12-20,2100-01-01,65,0,0,0
2021-10-02,2021/2022,Arsenal,Brighton,0,0,0,MIKEL ARTETA,2019-12-20,2100-01-01,66,0,0,0
2021-10-18,2021/2022,Arsenal,Crystal Palace,1,2,2,MIKEL ARTETA,2019-12-20,2100-01-01,67,0,0,0
2021-10-22,2021/2022,Arsenal,Aston Villa,1,3,1,MIKEL ARTETA,2019-12-20,2100-01-01,68,0,0,0
2021-10-30,2021/2022,Arsenal,Leicester City,0,2,0,MIKEL ARTETA,2019-12-20,2100-01-01,69,0,0,0
2021-11-07,2021/2022,Arsenal,Watford,1,1,0,MIKEL ARTETA,2019-12-20,2100-01-01,70,0,0,0
2021-11-20,2021/2022,Arsenal,Liverpool,0,0,4,MIKEL ARTETA,2019-12-20,2100-01-01,71,0,0,0
2021-11-27,2021/2022,Arsenal,Newcastle Utd,1,2,0,MIKEL ARTETA,2019-12-20,2100-01-01,72,0,0,0
2021-12-02,2021/2022,Arsenal,Manchester Utd,0,2,3,MIKEL ARTETA,2019-12-20,2100-01-01,73,0,0,0
2021-12-06,2021/2022,Arsenal,Everton,0,1,2,MIKEL ARTETA,2019-12-20,2100-01-01,74,0,0,0
2021-12-11,2021/2022,Arsenal,Southampton,1,3,0,MIKEL ARTETA,2019-12-20,2100-01-01,75,0,0,0
2021-12-15,2021/2022,Arsenal,West Ham,1,2,0,MIKEL ARTETA,2019-12-20,2100-01-01,76,0,0,0
2021-12-18,2021/2022,Arsenal,Leeds United,0,4,1,MIKEL ARTETA,2019-12-20,2100-01-01,77,0,0,0
2021-12-26,2021/2022,Arsenal,Norwich City,0,5,0,MIKEL ARTETA,2019-12-20,2100-01-01,78,0,0,0
2022-01-01,2021/2022,Arsenal,Manchester City,1,1,2,MIKEL ARTETA,2019-12-20,2100-01-01,79,0,0,0
2022-01-23,2021/2022,Arsenal,Burnley,1,0,0,MIKEL ARTETA,2019-12-20,2100-01-01,80,0,0,0
2022-02-10,2021/2022,Arsenal,Wolves,0,1,0,MIKEL ARTETA,2019-12-20,2100-01-01,81,0,0,0
2022-02-19,2021/2022,Arsenal,Brentford,1,2,1,MIKEL ARTETA,2019-12-20,2100-01-01,82,0,0,0
2022-02-24,2021/2022,Arsenal,Wolves,1,2,1,MIKEL ARTETA,2019-12-20,2100-01-01,83,0,0,0
2022-03-06,2021/2022,Arsenal,Watford,0,3,2,MIKEL ARTETA,2019-12-20,2100-01-01,84,0,0,0
2022-03-13,2021/2022,Arsenal,Leicester City,1,2,0,MIKEL ARTETA,2019-12-20,2100-01-01,85,0,0,0
2022-03-16,2021/2022,Arsenal,Liverpool,1,0,2,MIKEL ARTETA,2019-12-20,2100-01-01,86,0,0,0
2022-03-19,2021/2022,Arsenal,Aston Villa,0,1,0,MIKEL ARTETA,2019-12-20,2100-01-01,87,0,0,0
2022-04-04,2021/2022,Arsenal,Crystal Palace,0,0,3,MIKEL ARTETA,2019-12-20,2100-01-01,88,0,0,0
2022-04-09,2021/2022,Arsenal,Brighton,1,1,2,MIKEL ARTETA,2019-12-20,2100-01-01,89,0,0,0
2022-04-16,2021/2022,Arsenal,Southampton,0,0,1,MIKEL ARTETA,2019-12-20,2100-01-01,90,0,0,0
2022-04-20,2021/2022,Arsenal,Chelsea,0,4,2,MIKEL ARTETA,2019-12-20,2100-01-01,91,0,0,0
2022-04-23,2021/2022,Arsenal,Manchester Utd,1,3,1,MIKEL ARTETA,2019-12-20,2100-01-01,92,0,0,0
2022-05-01,2021/2022,Arsenal,West Ham,0,2,1,MIKEL ARTETA,2019-12-20,2100-01-01,93,0,0,0
2022-05-08,2021/2022,Arsenal,Leeds United,1,2,1,MIKEL ARTETA,2019-12-20,2100-01-01,94,0,0,0
2022-05-12,2021/2022,Arsenal,Tottenham,0,0,3,MIKEL ARTETA,2019-12-20,2100-01-01,95,0,0,0
2022-05-16,2021/2022,Arsenal,Newcastle Utd,0,0,2,MIKEL ARTETA,2019-12-20,2100-01-01,96,0,0,0
2022-05-22,2021/2022,Arsenal,Everton,1,5,1,MIKEL ARTETA,2019-12-20,2100-01-01,97,0,0,0
2022-08-05,2022/2023,Arsenal,Crystal Palace,0,2,0,MIKEL ARTETA,2019-12-20,2100-01-01,98,0,0,0
2022-08-13,2022/2023,Arsenal,Leicester City,1,4,2,MIKEL ARTETA,2019-12-20,2100-01-01,99,0,0,0
2022-08-20,2022/2023,Arsenal,Bournemouth,0,3,0,MIKEL ARTETA,2019-12-20,2100-01-01,100,0,0,0
2022-08-27,2022/2023,Arsenal,Fulham,1,2,1,MIKEL ARTETA,2019-12-20,2100-01-01,101,0,0,0
2022-08-31,2022/2023,Arsenal,Aston Villa,1,2,1,MIKEL ARTETA,2019-12-20,2100-01-01,102,0,0,0
2022-09-04,2022/2023,Arsenal,Manchester Utd,0,1,3,MIKEL ARTETA,2019-12-20,2100-01-01,103,0,0,0
2022-09-18,2022/2023,Arsenal,Brentford,0,3,0,MIKEL ARTETA,2019-12-20,2100-01-01,104,0,0,0
2022-10-01,2022/2023,Arsenal,Tottenham,1,3,1,MIKEL ARTETA,2019-12-20,2100-01-01,105,0,0,0
2022-10-09,2022/2023,Arsenal,Liverpool,1,3,2,MIKEL ARTETA,2019-12-20,2100-01-01,106,0,0,0
2022-10-16,2022/2023,Arsenal,Leeds United,0,1,0,MIKEL ARTETA,2019-12-20,2100-01-01,107,0,0,0
2022-10-23,2022/2023,Arsenal,Southampton,0,1,1,MIKEL ARTETA,2019-12-20,2100-01-01,108,0,0,0
2022-10-30,2022/2023,Arsenal,Nott'ham Forest,1,5,0,MIKEL ARTETA,2019-12-20,2100-01-01,109,0,0,0
2022-11-06,2022/2023,Arsenal,Chelsea,0,1,0,MIKEL ARTETA,2019-12-20,2100-01-01,110,0,0,0
2022-11-12,2022/2023,Arsenal,Wolves,0,2,0,MIKEL ARTETA,2019-12-20,2100-01-01,111,0,0,0
2022-12-26,2022/2023,Arsenal,West Ham,1,3,1,MIKEL ARTETA,2019-12-20,2100-01-01,112,0,0,0
2022-12-31,2022/2023,Arsenal,Brighton,0,4,2,MIKEL ARTETA,2019-12-20,2100-01-01,113,0,0,0
2023-01-03,2022/2023,Arsenal,Newcastle Utd,1,0,0,MIKEL ARTETA,2019-12-20,2100-01-01,114,0,0,0
2023-01-15,2022/2023,Arsenal,Tottenham,0,2,0,MIKEL ARTETA,2019-12-20,2100-01-01,115,0,0,0
2023-01-22,2022/2023,Arsenal,Manchester Utd,1,3,2,MIKEL ARTETA,2019-12-20,2100-01-01,116,0,0,0
2023-02-04,2022/2023,Arsenal,Everton,0,0,1,MIKEL ARTETA,2019-12-20,2100-01-01,117,0,0,0
2023-02-11,2022/2023,Arsenal,Brentford,1,1,1,MIKEL ARTETA,2019-12-20,2100-01-01,118,0,0,0
2023-02-15,2022/2023,Arsenal,Manchester City,1,1,3,MIKEL ARTETA,2019-12-20,2100-01-01,119,0,0,0
2023-02-18,2022/2023,Arsenal,Aston Villa,0,4,2,MIKEL ARTETA,2019-12-20,2100-01-01,120,0,0,0
2023-02-25,2022/2023,Arsenal,Leicester City,0,1,0,MIKEL ARTETA,2019-12-20,2100-01-01,121,0,0,0
2023-03-01,2022/2023,Arsenal,Everton,1,4,0,MIKEL ARTETA,2019-12-20,2100-01-01,122,0,0,0
2023-03-04,2022/2023,Arsenal,Bournemouth,1,3,2,MIKEL ARTETA,2019-12-20,2100-01-01,123,0,0,0
2023-03-12,2022/2023,Arsenal,Fulham,0,3,0,MIKEL ARTETA,2019-12-20,2100-01-01,124,0,0,0
2023-03-19,2022/2023,Arsenal,Crystal Palace,1,4,1,MIKEL ARTETA,2019-12-20,2100-01-01,125,0,0,0
2023-04-01,2022/2023,Arsenal,Leeds United,1,4,1,MIKEL ARTETA,2019-12-20,2100-01-01,126,0,0,0
2023-04-09,2022/2023,Arsenal,Liverpool,0,2,2,MIKEL ARTETA,2019-12-20,2100-01-01,127,0,0,0
2023-04-16,2022/2023,Arsenal,West Ham,0,2,2,MIKEL ARTETA,2019-12-20,2100-01-01,128,0,0,0
2023-04-21,2022/2023,Arsenal,Southampton,1,3,3,MIKEL ARTETA,2019-12-20,2100-01-01,129,0,0,0
2023-04-26,2022/2023,Arsenal,Manchester City,0,1,4,MIKEL ARTETA,2019-12-20,2100-01-01,130,0,0,0
2023-05-02,2022/2023,Arsenal,Chelsea,1,3,1,MIKEL ARTETA,2019-12-20,2100-01-01,131,0,0,0
2023-05-07,2022/2023,Arsenal,Newcastle Utd,0,2,0,MIKEL ARTETA,2019-12-20,2100-01-01,132,0,0,0
2023-05-14,2022/2023,Arsenal,Brighton,1,0,3,MIKEL ARTETA,2019-12-20,2100-01-01,133,0,0,0
2023-05-20,2022/2023,Arsenal,Nott'ham Forest,0,0,1,MIKEL ARTETA,2019-12-20,2100-01-01,134,0,0,0
2023-05-28,2022/2023,Arsenal,Wolves,1,5,0,MIKEL ARTETA,2019-12-20,2100-01-01,135,0,0,0
2023-08-12,2023/2024,Arsenal,Nott'ham Forest,1,2,1,MIKEL ARTETA,2019-12-20,2100-01-01,136,0,0,0
2023-08-21,2023/2024,Arsenal,Crystal Palace,0,1,0,MIKEL ARTETA,2019-12-20,2100-01-01,137,0,0,0
2023-08-26,2023/2024,Arsenal,Fulham,1,2,2,MIKEL ARTETA,2019-12-20,2100-01-01,138,0,0,0
2023-09-03,2023/2024,Arsenal,Manchester Utd,1,3,1,MIKEL ARTETA,2019-12-20,2100-01-01,139,0,0,0
2023-09-17,2023/2024,Arsenal,Everton,0,1,0,MIKEL ARTETA,2019-12-20,2100-01-01,140,0,0,0
2023-09-24,2023/2024,Arsenal,Tottenham,1,2,2,MIKEL ARTETA,2019-12-20,2100-01-01,141,0,0,0
2023-09-30,2023/2024,Arsenal,Bournemouth,0,4,0,MIKEL ARTETA,2019-12-20,2100-01-01,142,0,0,0
2023-10-08,2023/2024,Arsenal,Manchester City,1,1,0,MIKEL ARTETA,2019-12-20,2100-01-01,143,0,0,0
2023-10-21,2023/2024,Arsenal,Chelsea,0,2,2,MIKEL ARTETA,2019-12-20,2100-01-01,144,0,0,0
2023-10-28,2023/2024,Arsenal,Sheffield Utd,1,5,0,MIKEL ARTETA,2019-12-20,2100-01-01,145,0,0,0
2023-11-04,2023/2024,Arsenal,Newcastle Utd,0,0,1,MIKEL ARTETA,2019-12-20,2100-01-01,146,0,0,0
2023-11-11,2023/2024,Arsenal,Burnley,1,3,1,MIKEL ARTETA,2019-12-20,2100-01-01,147,0,0,0
2023-11-25,2023/2024,Arsenal,Brentford,0,1,0,MIKEL ARTETA,2019-12-20,2100-01-01,148,0,0,0
2023-12-02,2023/2024,Arsenal,Wolves,1,2,1,MIKEL ARTETA,2019-12-20,2100-01-01,149,0,0,0
2023-12-05,2023/2024,Arsenal,Luton Town,0,4,3,MIKEL ARTETA,2019-12-20,2100-01-01,150,0,0,0
2023-12-09,2023/2024,Arsenal,Aston Villa,0,0,1,MIKEL ARTETA,2019-12-20,2100-01-01,151,0,0,0
2023-12-17,2023/2024,Arsenal,Brighton,1,2,0,MIKEL ARTETA,2019-12-20,2100-01-01,152,0,0,0
2023-12-23,2023/2024,Arsenal,Liverpool,0,1,1,MIKEL ARTETA,2019-12-20,2100-01-01,153,0,0,0
2023-12-28,2023/2024,Arsenal,West Ham,1,0,2,MIKEL ARTETA,2019-12-20,2100-01-01,154,0,0,0
2023-12-31,2023/2024,Arsenal,Fulham,0,1,2,MIKEL ARTETA,2019-12-20,2100-01-01,155,0,0,0
2024-01-20,2023/2024,Arsenal,Crystal Palace,1,5,0,MIKEL ARTETA,2019-12-20,2100-01-01,156,0,0,0
2024-01-30,2023/2024,Arsenal,Nott'ham Forest,0,2,1,MIKEL ARTETA,2019-12-20,2100-01-01,157,0,0,0
2024-02-04,2023/2024,Arsenal,Liverpool,1,3,1,MIKEL ARTETA,2019-12-20,2100-01-01,158,0,0,0
2024-02-11,2023/2024,Arsenal,West Ham,0,6,0,MIKEL ARTETA,2019-12-20,2100-01-01,159,0,0,0
2024-02-17,2023/2024,Arsenal,Burnley,0,5,0,MIKEL ARTETA,2019-12-20,2100-01-01,160,0,0,0
2024-02-24,2023/2024,Arsenal,Newcastle Utd,1,4,1,MIKEL ARTETA,2019-12-20,2100-01-01,161,0,0,0
2024-03-04,2023/2024,Arsenal,Sheffield Utd,0,6,0,MIKEL ARTETA,2019-12-20,2100-01-01,162,0,0,0
2024-03-09,2023/2024,Arsenal,Brentford,1,2,1,MIKEL ARTETA,2019-12-20,2100-01-01,163,0,0,0
2024-03-31,2023/2024,Arsenal,Manchester City,0,0,0,MIKEL ARTETA,2019-12-20,2100-01-01,164,0,0,0
2024-04-03,2023/2024,Arsenal,Luton Town,1,2,0,MIKEL ARTETA,2019-12-20,2100-01-01,165,0,0,0
2024-04-06,2023/2024,Arsenal,Brighton,0,3,0,MIKEL ARTETA,2019-12-20,2100-01-01,166,0,0,0
2024-04-14,2023/2024,Arsenal,Aston Villa,1,0,2,MIKEL ARTETA,2019-12-20,2100-01-01,167,0,0,0
2024-04-20,2023/2024,Arsenal,Wolves,0,2,0,MIKEL ARTETA,2019-12-20,2100-01-01,168,0,0,0
2024-04-23,2023/2024,Arsenal,Chelsea,1,5,0,MIKEL ARTETA,2019-12-20,2100-01-01,169,0,0,0
2024-04-28,2023/2024,Arsenal,Tottenham,0,3,2,MIKEL ARTETA,2019-12-20,2100-01-01,170,0,0,0
2024-05-04,2023/2024,Arsenal,Bournemouth,1,3,0,MIKEL ARTETA,2019-12-20,2100-01-01,171,0,0,0
2024-05-12,2023/2024,Arsenal,Manchester Utd,0,1,0,MIKEL ARTETA,2019-12-20,2100-01-01,172,0,0,0
2024-05-19,2023/2024,Arsenal,Everton,1,2,1,MIKEL ARTETA,2019-12-20,2100-01-01,173,0,0,0
2018-08-12,2018/2019,Arsenal,Manchester City,1,0,2,UNAI EMERY,2018-05-23,2019-11-29,1,1,0,0
2018-08-18,2018/2019,Arsenal,Chelsea,0,2,3,UNAI EMERY,2018-05-23,2019-11-29,2,1,0,0
2018-08-25,2018/2019,Arsenal,West Ham,1,3,1,UNAI EMERY,2018-05-23,2019-11-29,3,1,0,0
2018-09-02,2018/2019,Arsenal,Cardiff City,0,3,2,UNAI EMERY,2018-05-23,2019-11-29,4,0,1,0
2018-09-15,2018/2019,Arsenal,Newcastle Utd,0,2,1,UNAI EMERY,2018-05-23,2019-11-29,5,0,1,0
2018-09-23,2018/2019,Arsenal,Everton,1,2,0,UNAI EMERY,2018-05-23,2019-11-29,6,0,1,0
2018-09-29,2018/2019,Arsenal,Watford,1,2,0,UNAI EMERY,2018-05-23,2019-11-29,7,0,0,1
2018-10-07,2018/2019,Arsenal,Fulham,0,5,1,UNAI EMERY,2018-05-23,2019-11-29,8,0,0,1
2018-10-22,2018/2019,Arsenal,Leicester City,1,3,1,UNAI EMERY,2018-05-23,2019-11-29,9,0,0,1
2018-10-28,2018/2019,Arsenal,Crystal Palace,0,2,2,UNAI EMERY,2018-05-23,2019-11-29,10,0,0,1
2018-11-03,2018/2019,Arsenal,Liverpool,1,1,1,UNAI EMERY,2018-05-23,2019-11-29,11,0,0,0
2018-11-11,2018/2019,Arsenal,Wolves,1,1,1,UNAI EMERY,2018-05-23,2019-11-29,12,0,0,0
2018-11-25,2018/2019,Arsenal,Bournemouth,0,2,1,UNAI EMERY,2018-05-23,2019-11-29,13,0,0,0
2018-12-02,2018/2019,Arsenal,Tottenham,1,4,2,UNAI EMERY,2018-05-23,2019-11-29,14,0,0,0
2018-12-05,2018/2019,Arsenal,Manchester Utd,0,2,2,UNAI EMERY,2018-05-23,2019-11-29,15,0,0,0
2018-12-08,2018/2019,Arsenal,Huddersfield,1,1,0,UNAI EMERY,2018-05-23,2019-11-29,16,0,0,0
2018-12-16,2018/2019,Arsenal,Southampton,0,2,3,UNAI EMERY,2018-05-23,2019-11-29,17,0,0,0
2018-12-22,2018/2019,Arsenal,Burnley,1,3,1,UNAI EMERY,2018-05-23,2019-11-29,18,0,0,0
2018-12-26,2018/2019,Arsenal,Brighton,0,1,1,UNAI EMERY,2018-05-23,2019-11-29,19,0,0,0
2018-12-29,2018/2019,Arsenal,Liverpool,0,1,5,UNAI EMERY,2018-05-23,2019-11-29,20,0,0,0
2019-01-01,2018/2019,Arsenal,Fulham,1,4,1,UNAI EMERY,2018-05-23,2019-11-29,21,0,0,0
2019-01-12,2018/2019,Arsenal,West Ham,0,0,1,UNAI EMERY,2018-05-23,2019-11-29,22,0,0,0
2019-01-19,2018/2019,Arsenal,Chelsea,1,2,0,UNAI EMERY,2018-05-23,2019-11-29,23,0,0,0
2019-01-29,2018/2019,Arsenal,Cardiff City,1,2,1,UNAI EMERY,2018-05-23,2019-11-29,24,0,0,0
2019-02-03,2018/2019,Arsenal,Manchester City,0,1,3,UNAI EMERY,2018-05-23,2019-11-29,25,0,0,0
2019-02-09,2018/2019,Arsenal,Huddersfield,0,2,1,UNAI EMERY,2018-05-23,2019-11-29,26,0,0,0
2019-02-24,2018/2019,Arsenal,Southampton,1,2,0,UNAI EMERY,2018-05-23,2019-11-29,27,0,0,0
2019-02-27,2018/2019,Arsenal,Bournemouth,1,5,1,UNAI EMERY,2018-05-23,2019-11-29,28,0,0,0
2019-03-02,2018/2019,Arsenal,Tottenham,0,1,1,UNAI EMERY,2018-05-23,2019-11-29,29,0,0,0
2019-03-10,2018/2019,Arsenal,Manchester Utd,1,2,0,UNAI EMERY,2018-05-23,2019-11-29,30,0,0,0
2019-04-01,2018/2019,Arsenal,Newcastle Utd,1,2,0,UNAI EMERY,2018-05-23,2019-11-29,31,0,0,0
2019-04-07,2018/2019,Arsenal,Everton,0,0,1,UNAI EMERY,2018-05-23,2019-11-29,32,0,0,0
2019-04-15,2018/2019,Arsenal,Watford,0,1,0,UNAI EMERY,2018-05-23,2019-11-29,33,0,0,0
2019-04-21,2018/2019,Arsenal,Crystal Palace,1,2,3,UNAI EMERY,2018-05-23,2019-11-29,34,0,0,0
2019-04-24,2018/2019,Arsenal,Wolves,0,1,3,UNAI EMERY,2018-05-23,2019-11-29,35,0,0,0
2019-04-28,2018/2019,Arsenal,Leicester City,0,0,3,UNAI EMERY,2018-05-23,2019-11-29,36,0,0,0
2019-05-05,2018/2019,Arsenal,Brighton,1,1,1,UNAI EMERY,2018-05-23,2019-11-29,37,0,0,0
2019-05-12,2018/2019,Arsenal,Burnley,0,3,1,UNAI EMERY,2018-05-23,2019-11-29,38,0,0,0
2019-08-11,2019/2020,Arsenal,Newcastle Utd,0,1,0,UNAI EMERY,2018-05-23,2019-11-29,39,0,0,0
2019-08-17,2019/2020,Arsenal,Burnley,1,2,1,UNAI EMERY,2018-05-23,2019-11-29,40,0,0,0
2019-08-24,2019/2020,Arsenal,Liverpool,0,1,3,UNAI EMERY,2018-05-23,2019-11-29,41,0,0,0
2019-09-01,2019/2020,Arsenal,Tottenham,1,2,2,UNAI EMERY,2018-05-23,2019-11-29,42,0,0,0
2019-09-15,2019/2020,Arsenal,Watford,0,2,2,UNAI EMERY,2018-05-23,2019-11-29,43,0,0,0
2019-09-22,2019/2020,Arsenal,Aston Villa,1,3,2,UNAI EMERY,2018-05-23,2019-11-29,44,0,0,0
2019-09-30,2019/2020,Arsenal,Manchester Utd,0,1,1,UNAI EMERY,2018-05-23,2019-11-29,45,0,0,0
2019-10-06,2019/2020,Arsenal,Bournemouth,1,1,0,UNAI EMERY,2018-05-23,2019-11-29,46,0,0,0
2019-10-21,2019/2020,Arsenal,Sheffield Utd,0,0,1,UNAI EMERY,2018-05-23,2019-11-29,47,0,0,0
2019-10-27,2019/2020,Arsenal,Crystal Palace,1,2,2,UNAI EMERY,2018-05-23,2019-11-29,48,0,0,0
2019-11-02,2019/2020,Arsenal,Wolves,1,1,1,UNAI EMERY,2018-05-23,2019-11-29,49,0,0,0
2019-11-09,2019/2020,Arsenal,Leicester City,0,0,2,UNAI EMERY,2018-05-23,2019-11-29,50,0,0,0
2019-11-23,2019/2020,Arsenal,Southampton,1,2,2,UNAI EMERY,2018-05-23,2019-11-29,51,0,0,0
2022-10-23,2022/2023,Aston Villa,Brentford,1,4,0,AARON DANKS,2022-10-21,2022-10-31,1,1,0,0
2022-10-29,2022/2023,Aston Villa,Newcastle Utd,0,0,4,AARON DANKS,2022-10-21,2022-10-31,2,1,0,0
2019-08-10,2019/2020,Aston Villa,Tottenham,0,1,3,DEAN SMITH,2018-10-10,2021-11-07,1,1,0,0
2019-08-17,2019/2020,Aston Villa,Bournemouth,1,1,2,DEAN SMITH,2018-10-10,2021-11-07,2,1,0,0
2019-08-23,2019/2020,Aston Villa,Everton,1,2,0,DEAN SMITH,2018-10-10,2021-11-07,3,1,0,0
2019-08-31,2019/2020,Aston Villa,Crystal Palace,0,0,1,DEAN SMITH,2018-10-10,2021-11-07,4,0,1,0
2019-09-16,2019/2020,Aston Villa,West Ham,1,0,0,DEAN SMITH,2018-10-10,2021-11-07,5,0,1,0
2019-09-22,2019/2020,Aston Villa,Arsenal,0,2,3,DEAN SMITH,2018-10-10,2021-11-07,6,0,1,0
2019-09-28,2019/2020,Aston Villa,Burnley,1,2,2,DEAN SMITH,2018-10-10,2021-11-07,7,0,0,1
2019-10-05,2019/2020,Aston Villa,Norwich City,0,5,1,DEAN SMITH,2018-10-10,2021-11-07,8,0,0,1
2019-10-19,2019/2020,Aston Villa,Brighton,1,2,1,DEAN SMITH,2018-10-10,2021-11-07,9,0,0,1
2019-10-26,2019/2020,Aston Villa,Manchester City,0,0,3,DEAN SMITH,2018-10-10,2021-11-07,10,0,0,1
2019-11-02,2019/2020,Aston Villa,Liverpool,1,1,2,DEAN SMITH,2018-10-10,2021-11-07,11,0,0,0
2019-11-10,2019/2020,Aston Villa,Wolves,0,1,2,DEAN SMITH,2018-10-10,2021-11-07,12,0,0,0
2019-11-25,2019/2020,Aston Villa,Newcastle Utd,1,2,0,DEAN SMITH,2018-10-10,2021-11-07,13,0,0,0
2019-12-01,2019/2020,Aston Villa,Manchester Utd,0,2,2,DEAN SMITH,2018-10-10,2021-11-07,14,0,0,0
2019-12-04,2019/2020,Aston Villa,Chelsea,0,1,2,DEAN SMITH,2018-10-10,2021-11-07,15,0,0,0
2019-12-08,2019/2020,Aston Villa,Leicester City,1,1,4,DEAN SMITH,2018-10-10,2021-11-07,16,0,0,0
2019-12-14,2019/2020,Aston Villa,Sheffield Utd,0,0,2,DEAN SMITH,2018-10-10,2021-11-07,17,0,0,0
2019-12-21,2019/2020,Aston Villa,Southampton,1,1,3,DEAN SMITH,2018-10-10,2021-11-07,18,0,0,0
2019-12-26,2019/2020,Aston Villa,Norwich City,1,1,0,DEAN SMITH,2018-10-10,2021-11-07,19,0,0,0
2019-12-28,2019/2020,Aston Villa,Watford,0,0,3,DEAN SMITH,2018-10-10,2021-11-07,20,0,0,0
2020-01-01,2019/2020,Aston Villa,Burnley,0,2,1,DEAN SMITH,2018-10-10,2021-11-07,21,0,0,0
2020-01-12,2019/2020,Aston Villa,Manchester City,1,1,6,DEAN SMITH,2018-10-10,2021-11-07,22,0,0,0
2020-01-18,2019/2020,Aston Villa,Brighton,0,1,1,DEAN SMITH,2018-10-10,2021-11-07,23,0,0,0
2020-01-21,2019/2020,Aston Villa,Watford,1,2,1,DEAN SMITH,2018-10-10,2021-11-07,24,0,0,0
2020-02-01,2019/2020,Aston Villa,Bournemouth,0,1,2,DEAN SMITH,2018-10-10,2021-11-07,25,0,0,0
2020-02-16,2019/2020,Aston Villa,Tottenham,1,2,3,DEAN SMITH,2018-10-10,2021-11-07,26,0,0,0
2020-02-22,2019/2020,Aston Villa,Southampton,0,0,2,DEAN SMITH,2018-10-10,2021-11-07,27,0,0,0
2020-03-09,2019/2020,Aston Villa,Leicester City,0,0,4,DEAN SMITH,2018-10-10,2021-11-07,28,0,0,0
2020-06-17,2019/2020,Aston Villa,Sheffield Utd,1,0,0,DEAN SMITH,2018-10-10,2021-11-07,29,0,0,0
2020-06-21,2019/2020,Aston Villa,Chelsea,1,1,2,DEAN SMITH,2018-10-10,2021-11-07,30,0,0,0
2020-06-24,2019/2020,Aston Villa,Newcastle Utd,0,1,1,DEAN SMITH,2018-10-10,2021-11-07,31,0,0,0
2020-06-27,2019/2020,Aston Villa,Wolves,1,0,1,DEAN SMITH,2018-10-10,2021-11-07,32,0,0,0
2020-07-05,2019/2020,Aston Villa,Liverpool,0,0,2,DEAN SMITH,2018-10-10,2021-11-07,33,0,0,0
2020-07-09,2019/2020,Aston Villa,Manchester Utd,1,0,3,DEAN SMITH,2018-10-10,2021-11-07,34,0,0,0
2020-07-12,2019/2020,Aston Villa,Crystal Palace,1,2,0,DEAN SMITH,2018-10-10,2021-11-07,35,0,0,0
2020-07-16,2019/2020,Aston Villa,Everton,0,1,1,DEAN SMITH,2018-10-10,2021-11-07,36,0,0,0
2020-07-21,2019/2020,Aston Villa,Arsenal,1,1,0,DEAN SMITH,2018-10-10,2021-11-07,37,0,0,0
2020-07-26,2019/2020,Aston Villa,West Ham,0,1,1,DEAN SMITH,2018-10-10,2021-11-07,38,0,0,0
2020-09-21,2020/2021,Aston Villa,Sheffield Utd,1,1,0,DEAN SMITH,2018-10-10,2021-11-07,39,0,0,0
2020-09-28,2020/2021,Aston Villa,Fulham,0,3,0,DEAN SMITH,2018-10-10,2021-11-07,40,0,0,0
2020-10-04,2020/2021,Aston Villa,Liverpool,1,7,2,DEAN SMITH,2018-10-10,2021-11-07,41,0,0,0
2020-10-18,2020/2021,Aston Villa,Leicester City,0,1,0,DEAN SMITH,2018-10-10,2021-11-07,42,0,0,0
2020-10-23,2020/2021,Aston Villa,Leeds United,1,0,3,DEAN SMITH,2018-10-10,2021-11-07,43,0,0,0
2020-11-01,2020/2021,Aston Villa,Southampton,1,3,4,DEAN SMITH,2018-10-10,2021-11-07,44,0,0,0
2020-11-08,2020/2021,Aston Villa,Arsenal,0,3,0,DEAN SMITH,2018-10-10,2021-11-07,45,0,0,0
2020-11-21,2020/2021,Aston Villa,Brighton,1,1,2,DEAN SMITH,2018-10-10,2021-11-07,46,0,0,0
2020-11-30,2020/2021,Aston Villa,West Ham,0,1,2,DEAN SMITH,2018-10-10,2021-11-07,47,0,0,0
2020-12-12,2020/2021,Aston Villa,Wolves,0,1,0,DEAN SMITH,2018-10-10,2021-11-07,48,0,0,0
2020-12-17,2020/2021,Aston Villa,Burnley,1,0,0,DEAN SMITH,2018-10-10,2021-11-07,49,0,0,0
2020-12-20,2020/2021,Aston Villa,West Brom,0,3,0,DEAN SMITH,2018-10-10,2021-11-07,50,0,0,0
2020-12-26,2020/2021,Aston Villa,Crystal Palace,1,3,0,DEAN SMITH,2018-10-10,2021-11-07,51,0,0,0
2020-12-28,2020/2021,Aston Villa,Chelsea,0,1,1,DEAN SMITH,2018-10-10,2021-11-07,52,0,0,0
2021-01-01,2020/2021,Aston Villa,Manchester Utd,0,1,2,DEAN SMITH,2018-10-10,2021-11-07,53,0,0,0
2021-01-20,2020/2021,Aston Villa,Manchester City,0,0,2,DEAN SMITH,2018-10-10,2021-11-07,54,0,0,0
2021-01-23,2020/2021,Aston Villa,Newcastle Utd,1,2,0,DEAN SMITH,2018-10-10,2021-11-07,55,0,0,0
2021-01-27,2020/2021,Aston Villa,Burnley,0,2,3,DEAN SMITH,2018-10-10,2021-11-07,56,0,0,0
2021-01-30,2020/2021,Aston Villa,Southampton,0,1,0,DEAN SMITH,2018-10-10,2021-11-07,57,0,0,0
2021-02-03,2020/2021,Aston Villa,West Ham,1,1,3,DEAN SMITH,2018-10-10,2021-11-07,58,0,0,0
2021-02-06,2020/2021,Aston Villa,Arsenal,1,1,0,DEAN SMITH,2018-10-10,2021-11-07,59,0,0,0
2021-02-13,2020/2021,Aston Villa,Brighton,0,0,0,DEAN SMITH,2018-10-10,2021-11-07,60,0,0,0
2021-02-21,2020/2021,Aston Villa,Leicester City,1,1,2,DEAN SMITH,2018-10-10,2021-11-07,61,0,0,0
2021-02-27,2020/2021,Aston Villa,Leeds United,0,1,0,DEAN SMITH,2018-10-10,2021-11-07,62,0,0,0
2021-03-03,2020/2021,Aston Villa,Sheffield Utd,0,0,1,DEAN SMITH,2018-10-10,2021-11-07,63,0,0,0
2021-03-06,2020/2021,Aston Villa,Wolves,1,0,0,DEAN SMITH,2018-10-10,2021-11-07,64,0,0,0
2021-03-12,2020/2021,Aston Villa,Newcastle Utd,0,1,1,DEAN SMITH,2018-10-10,2021-11-07,65,0,0,0
2021-03-21,2020/2021,Aston Villa,Tottenham,1,0,2,DEAN SMITH,2018-10-10,2021-11-07,66,0,0,0
2021-04-04,2020/2021,Aston Villa,Fulham,1,3,1,DEAN SMITH,2018-10-10,2021-11-07,67,0,0,0
2021-04-10,2020/2021,Aston Villa,Liverpool,0,1,2,DEAN SMITH,2018-10-10,2021-11-07,68,0,0,0
2021-04-21,2020/2021,Aston Villa,Manchester City,1,1,2,DEAN SMITH,2018-10-10,2021-11-07,69,0,0,0
2021-04-25,2020/2021,Aston Villa,West Brom,1,2,2,DEAN SMITH,2018-10-10,2021-11-07,70,0,0,0
2021-05-01,2020/2021,Aston Villa,Everton,0,2,1,DEAN SMITH,2018-10-10,2021-11-07,71,0,0,0
2021-05-09,2020/2021,Aston Villa,Manchester Utd,1,1,3,DEAN SMITH,2018-10-10,2021-11-07,72,0,0,0
2021-05-13,2020/2021,Aston Villa,Everton,1,0,0,DEAN SMITH,2018-10-10,2021-11-07,73,0,0,0
2021-05-16,2020/2021,Aston Villa,Crystal Palace,0,2,3,DEAN SMITH,2018-10-10,2021-11-07,74,0,0,0
2021-05-19,2020/2021,Aston Villa,Tottenham,0,2,1,DEAN SMITH,2018-10-10,2021-11-07,75,0,0,0
2021-05-23,2020/2021,Aston Villa,Chelsea,1,2,1,DEAN SMITH,2018-10-10,2021-11-07,76,0,0,0
2021-08-14,2021/2022,Aston Villa,Watford,0,2,3,DEAN SMITH,2018-10-10,2021-11-07,77,0,0,0
2021-08-21,2021/2022,Aston Villa,Newcastle Utd,1,2,0,DEAN SMITH,2018-10-10,2021-11-07,78,0,0,0
2021-08-28,2021/2022,Aston Villa,Brentford,1,1,1,DEAN SMITH,2018-10-10,2021-11-07,79,0,0,0
2021-09-11,2021/2022,Aston Villa,Chelsea,0,0,3,DEAN SMITH,2018-10-10,2021-11-07,80,0,0,0
2021-09-18,2021/2022,Aston Villa,Everton,1,3,0,DEAN SMITH,2018-10-10,2021-11-07,81,0,0,0
2021-09-25,2021/2022,Aston Villa,Manchester Utd,0,1,0,DEAN SMITH,2018-10-10,2021-11-07,82,0,0,0
2021-10-03,2021/2022,Aston Villa,Tottenham,0,1,2,DEAN SMITH,2018-10-10,2021-11-07,83,0,0,0
2021-10-16,2021/2022,Aston Villa,Wolves,1,2,3,DEAN SMITH,2018-10-10,2021-11-07,84,0,0,0
2021-10-22,2021/2022,Aston Villa,Arsenal,0,1,3,DEAN SMITH,2018-10-10,2021-11-07,85,0,0,0
2021-10-31,2021/2022,Aston Villa,West Ham,1,1,4,DEAN SMITH,2018-10-10,2021-11-07,86,0,0,0
2021-11-05,2021/2022,Aston Villa,Southampton,0,0,1,DEAN SMITH,2018-10-10,2021-11-07,87,0,0,0
2016-03-13,2015/2016,Aston Villa,Tottenham,1,0,2,ERIC BLACK,2016-03-06,2016-03-30,1,1,0,0
2016-03-19,2015/2016,Aston Villa,Swansea City,0,0,1,ERIC BLACK,2016-03-06,2016-03-30,2,1,0,0
2016-04-02,2015/2016,Aston Villa,Chelsea,1,0,4,ERIC BLACK,2016-03-30,2016-06-03,1,1,0,0
2016-04-09,2015/2016,Aston Villa,Bournemouth,1,1,2,ERIC BLACK,2016-03-30,2016-06-03,2,1,0,0
2016-04-16,2015/2016,Aston Villa,Manchester Utd,0,0,1,ERIC BLACK,2016-03-30,2016-06-03,3,1,0,0
2016-04-23,2015/2016,Aston Villa,Southampton,1,2,4,ERIC BLACK,2016-03-30,2016-06-03,4,0,1,0
2016-04-30,2015/2016,Aston Villa,Watford,0,2,3,ERIC BLACK,2016-03-30,2016-06-03,5,0,1,0
2016-05-07,2015/2016,Aston Villa,Newcastle Utd,1,0,0,ERIC BLACK,2016-03-30,2016-06-03,6,0,1,0
2016-05-15,2015/2016,Aston Villa,Arsenal,0,0,4,ERIC BLACK,2016-03-30,2016-06-03,7,0,0,1
2014-08-16,2014/2015,Aston Villa,Stoke City,0,1,0,PAUL LAMBERT,2012-02-06,2015-11-02,101,0,0,0
2014-08-23,2014/2015,Aston Villa,Newcastle Utd,1,0,0,PAUL LAMBERT,2012-02-06,2015-11-02,102,0,0,0
2014-08-31,2014/2015,Aston Villa,Hull City,1,2,1,PAUL LAMBERT,2012-02-06,2015-11-02,103,0,0,0
2014-09-13,2014/2015,Aston Villa,Liverpool,0,1,0,PAUL LAMBERT,2012-02-06,2015-11-02,104,0,0,0
2014-09-20,2014/2015,Aston Villa,Arsenal,1,0,3,PAUL LAMBERT,2012-02-06,2015-11-02,105,0,0,0
2014-09-27,2014/2015,Aston Villa,Chelsea,0,0,3,PAUL LAMBERT,2012-02-06,2015-11-02,106,0,0,0
2014-10-04,2014/2015,Aston Villa,Manchester City,1,0,2,PAUL LAMBERT,2012-02-06,2015-11-02,107,0,0,0
2014-10-18,2014/2015,Aston Villa,Everton,0,0,3,PAUL LAMBERT,2012-02-06,2015-11-02,108,0,0,0
2014-10-27,2014/2015,Aston Villa,QPR,0,0,2,PAUL LAMBERT,2012-02-06,2015-11-02,109,0,0,0
2014-11-02,2014/2015,Aston Villa,Tottenham,1,1,2,PAUL LAMBERT,2012-02-06,2015-11-02,110,0,0,0
2014-11-08,2014/2015,Aston Villa,West Ham,0,0,0,PAUL LAMBERT,2012-02-06,2015-11-02,111,0,0,0
2014-11-24,2014/2015,Aston Villa,Southampton,1,1,1,PAUL LAMBERT,2012-02-06,2015-11-02,112,0,0,0
2014-11-29,2014/2015,Aston Villa,Burnley,0,1,1,PAUL LAMBERT,2012-02-06,2015-11-02,113,0,0,0
2014-12-02,2014/2015,Aston Villa,Crystal Palace,0,1,0,PAUL LAMBERT,2012-02-06,2015-11-02,114,0,0,0
2014-12-07,2014/2015,Aston Villa,Leicester City,1,2,1,PAUL LAMBERT,2012-02-06,2015-11-02,115,0,0,0
2014-12-13,2014/2015,Aston Villa,West Brom,0,0,1,PAUL LAMBERT,2012-02-06,2015-11-02,116,0,0,0
2014-12-20,2014/2015,Aston Villa,Manchester Utd,1,1,1,PAUL LAMBERT,2012-02-06,2015-11-02,117,0,0,0
2014-12-26,2014/2015,Aston Villa,Swansea City,0,0,1,PAUL LAMBERT,2012-02-06,2015-11-02,118,0,0,0
2014-12-28,2014/2015,Aston Villa,Sunderland,1,0,0,PAUL LAMBERT,2012-02-06,2015-11-02,119,0,0,0
2015-01-01,2014/2015,Aston Villa,Crystal Palace,1,0,0,PAUL LAMBERT,2012-02-06,2015-11-02,120,0,0,0
2015-01-10,2014/2015,Aston Villa,Leicester City,0,0,1,PAUL LAMBERT,2012-02-06,2015-11-02,121,0,0,0
2015-01-17,2014/2015,Aston Villa,Liverpool,1,0,2,PAUL LAMBERT,2012-02-06,2015-11-02,122,0,0,0
2015-02-01,2014/2015,Aston Villa,Arsenal,0,0,5,PAUL LAMBERT,2012-02-06,2015-11-02,123,0,0,0
2015-02-07,2014/2015,Aston Villa,Chelsea,1,1,2,PAUL LAMBERT,2012-02-06,2015-11-02,124,0,0,0
2015-02-10,2014/2015,Aston Villa,Hull City,0,0,2,PAUL LAMBERT,2012-02-06,2015-11-02,125,0,0,0
2015-03-14,2014/2015,Aston Villa,Sunderland,0,4,0,REMI GARDE,2015-03-11,2016-03-29,1,1,0,0
2015-03-21,2014/2015,Aston Villa,Swansea City,1,0,1,REMI GARDE,2015-03-11,2016-03-29,2,1,0,0
2015-04-04,2014/2015,Aston Villa,Manchester Utd,0,1,3,REMI GARDE,2015-03-11,2016-03-29,3,1,0,0
2015-04-07,2014/2015,Aston Villa,QPR,1,3,3,REMI GARDE,2015-03-11,2016-03-29,4,0,1,0
2015-04-11,2014/2015,Aston Villa,Tottenham,0,1,0,REMI GARDE,2015-03-11,2016-03-29,5,0,1,0
2015-04-25,2014/2015,Aston Villa,Manchester City,0,2,3,REMI GARDE,2015-03-11,2016-03-29,6,0,1,0
2015-05-02,2014/2015,Aston Villa,Everton,1,3,2,REMI GARDE,2015-03-11,2016-03-29,7,0,0,1
2015-05-09,2014/2015,Aston Villa,West Ham,1,1,0,REMI GARDE,2015-03-11,2016-03-29,8,0,0,1
2015-05-16,2014/2015,Aston Villa,Southampton,0,1,6,REMI GARDE,2015-03-11,2016-03-29,9,0,0,1
2015-05-24,2014/2015,Aston Villa,Burnley,1,0,1,REMI GARDE,2015-03-11,2016-03-29,10,0,0,1
2015-08-08,2015/2016,Aston Villa,Bournemouth,0,1,0,REMI GARDE,2015-03-11,2016-03-29,11,0,0,0
2015-08-14,2015/2016,Aston Villa,Manchester Utd,1,0,1,REMI GARDE,2015-03-11,2016-03-29,12,0,0,0
2015-08-22,2015/2016,Aston Villa,Crystal Palace,0,1,2,REMI GARDE,2015-03-11,2016-03-29,13,0,0,0
2015-08-29,2015/2016,Aston Villa,Sunderland,1,2,2,REMI GARDE,2015-03-11,2016-03-29,14,0,0,0
2015-09-13,2015/2016,Aston Villa,Leicester City,0,2,3,REMI GARDE,2015-03-11,2016-03-29,15,0,0,0
2015-09-19,2015/2016,Aston Villa,West Brom,1,0,1,REMI GARDE,2015-03-11,2016-03-29,16,0,0,0
2015-09-26,2015/2016,Aston Villa,Liverpool,0,2,3,REMI GARDE,2015-03-11,2016-03-29,17,0,0,0
2015-10-03,2015/2016,Aston Villa,Stoke City,1,0,1,REMI GARDE,2015-03-11,2016-03-29,18,0,0,0
2015-10-17,2015/2016,Aston Villa,Chelsea,0,0,2,REMI GARDE,2015-03-11,2016-03-29,19,0,0,0
2015-10-24,2015/2016,Aston Villa,Swansea City,1,1,2,REMI GARDE,2015-03-11,2016-03-29,20,0,0,0
2015-11-02,2015/2016,Aston Villa,Tottenham,0,1,3,REMI GARDE,2015-03-11,2016-03-29,21,0,0,0
2015-11-08,2015/2016,Aston Villa,Manchester City,1,0,0,REMI GARDE,2015-03-11,2016-03-29,22,0,0,0
2015-11-21,2015/2016,Aston Villa,Everton,0,0,4,REMI GARDE,2015-03-11,2016-03-29,23,0,0,0
2015-11-28,2015/2016,Aston Villa,Watford,1,2,3,REMI GARDE,2015-03-11,2016-03-29,24,0,0,0
2015-12-05,2015/2016,Aston Villa,Southampton,0,1,1,REMI GARDE,2015-03-11,2016-03-29,25,0,0,0
2015-12-13,2015/2016,Aston Villa,Arsenal,1,0,2,REMI GARDE,2015-03-11,2016-03-29,26,0,0,0
2015-12-19,2015/2016,Aston Villa,Newcastle Utd,0,1,1,REMI GARDE,2015-03-11,2016-03-29,27,0,0,0
2015-12-26,2015/2016,Aston Villa,West Ham,1,1,1,REMI GARDE,2015-03-11,2016-03-29,28,0,0,0
2015-12-28,2015/2016,Aston Villa,Norwich City,0,0,2,REMI GARDE,2015-03-11,2016-03-29,29,0,0,0
2016-01-02,2015/2016,Aston Villa,Sunderland,0,1,3,REMI GARDE,2015-03-11,2016-03-29,30,0,0,0
2016-01-12,2015/2016,Aston Villa,Crystal Palace,1,1,0,ROBERTO DI MATTEO,2016-01-07,2016-03-10,1,1,0,0
2016-01-16,2015/2016,Aston Villa,Leicester City,1,1,1,ROBERTO DI MATTEO,2016-01-07,2016-03-10,2,1,0,0
2016-01-23,2015/2016,Aston Villa,West Brom,0,0,0,ROBERTO DI MATTEO,2016-01-07,2016-03-10,3,1,0,0
2016-02-02,2015/2016,Aston Villa,West Ham,0,0,2,ROBERTO DI MATTEO,2016-01-07,2016-03-10,4,0,1,0
2016-02-06,2015/2016,Aston Villa,Norwich City,1,2,0,ROBERTO DI MATTEO,2016-01-07,2016-03-10,5,0,1,0
2016-02-14,2015/2016,Aston Villa,Liverpool,1,0,6,ROBERTO DI MATTEO,2016-01-07,2016-03-10,6,0,1,0
2016-02-27,2015/2016,Aston Villa,Stoke City,0,1,2,ROBERTO DI MATTEO,2016-01-07,2016-03-10,7,0,0,1
2016-03-01,2015/2016,Aston Villa,Everton,1,1,3,ROBERTO DI MATTEO,2016-01-07,2016-03-10,8,0,0,1
2016-03-05,2015/2016,Aston Villa,Manchester City,0,0,4,ROBERTO DI MATTEO,2016-01-07,2016-03-10,9,0,0,1
2021-11-20,2021/2022,Aston Villa,Brighton,1,2,0,STEVEN GERRARD,2021-11-11,2022-10-20,1,1,0,0
2021-11-27,2021/2022,Aston Villa,Crystal Palace,0,2,1,STEVEN GERRARD,2021-11-11,2022-10-20,2,1,0,0
2021-12-01,2021/2022,Aston Villa,Manchester City,1,1,2,STEVEN GERRARD,2021-11-11,2022-10-20,3,1,0,0
2021-12-05,2021/2022,Aston Villa,Leicester City,1,2,1,STEVEN GERRARD,2021-11-11,2022-10-20,4,0,1,0
2021-12-11,2021/2022,Aston Villa,Liverpool,0,0,1,STEVEN GERRARD,2021-11-11,2022-10-20,5,0,1,0
2021-12-14,2021/2022,Aston Villa,Norwich City,0,2,0,STEVEN GERRARD,2021-11-11,2022-10-20,6,0,1,0
2021-12-26,2021/2022,Aston Villa,Chelsea,1,1,3,STEVEN GERRARD,2021-11-11,2022-10-20,7,0,0,1
2022-01-02,2021/2022,Aston Villa,Brentford,0,1,2,STEVEN GERRARD,2021-11-11,2022-10-20,8,0,0,1
2015-02-21,2014/2015,Aston Villa,Stoke City,1,1,2,TIM SHERWOOD,2015-02-16,2015-10-25,1,1,0,0
2015-02-28,2014/2015,Aston Villa,Newcastle Utd,0,0,1,TIM SHERWOOD,2015-02-16,2015-10-25,2,1,0,0
2015-03-03,2014/2015,Aston Villa,West Brom,1,2,1,TIM SHERWOOD,2015-02-16,2015-10-25,3,1,0,0
2022-01-15,2021/2022,Aston Villa,Manchester Utd,1,2,2,UNAI EMERY,2022-01-11,2100-01-01,1,1,0,0
2022-01-22,2021/2022,Aston Villa,Everton,0,1,0,UNAI EMERY,2022-01-11,2100-01-01,2,1,0,0
2022-02-09,2021/2022,Aston Villa,Leeds United,1,3,3,UNAI EMERY,2022-01-11,2100-01-01,3,1,0,0
2022-02-13,2021/2022,Aston Villa,Newcastle Utd,0,0,1,UNAI EMERY,2022-01-11,2100-01-01,4,0,1,0
2022-02-19,2021/2022,Aston Villa,Watford,1,0,1,UNAI EMERY,2022-01-11,2100-01-01,5,0,1,0
2022-02-26,2021/2022,Aston Villa,Brighton,0,2,0,UNAI EMERY,2022-01-11,2100-01-01,6,0,1,0
2022-03-05,2021/2022,Aston Villa,Southampton,1,4,0,UNAI EMERY,2022-01-11,2100-01-01,7,0,0,1
2022-03-10,2021/2022,Aston Villa,Leeds United,0,3,0,UNAI EMERY,2022-01-11,2100-01-01,8,0,0,1
2022-03-13,2021/2022,Aston Villa,West Ham,0,1,2,UNAI EMERY,2022-01-11,2100-01-01,9,0,0,1
2022-03-19,2021/2022,Aston Villa,Arsenal,1,0,1,UNAI EMERY,2022-01-11,2100-01-01,10,0,0,1
2022-04-02,2021/2022,Aston Villa,Wolves,0,1,2,UNAI EMERY,2022-01-11,2100-01-01,11,0,0,0
2022-04-09,2021/2022,Aston Villa,Tottenham,1,0,4,UNAI EMERY,2022-01-11,2100-01-01,12,0,0,0
2022-04-23,2021/2022,Aston Villa,Leicester City,0,0,0,UNAI EMERY,2022-01-11,2100-01-01,13,0,0,0
2022-04-30,2021/2022,Aston Villa,Norwich City,1,2,0,UNAI EMERY,2022-01-11,2100-01-01,14,0,0,0
2022-05-07,2021/2022,Aston Villa,Burnley,0,3,1,UNAI EMERY,2022-01-11,2100-01-01,15,0,0,0
2022-05-10,2021/2022,Aston Villa,Liverpool,1,1,2,UNAI EMERY,2022-01-11,2100-01-01,16,0,0,0
2022-05-15,2021/2022,Aston Villa,Crystal Palace,1,1,1,UNAI EMERY,2022-01-11,2100-01-01,17,0,0,0
2022-05-19,2021/2022,Aston Villa,Burnley,1,1,1,UNAI EMERY,2022-01-11,2100-01-01,18,0,0,0
2022-05-22,2021/2022,Aston Villa,Manchester City,0,2,3,UNAI EMERY,2022-01-11,2100-01-01,19,0,0,0
2022-08-06,2022/2023,Aston Villa,Bournemouth,0,0,2,UNAI EMERY,2022-01-11,2100-01-01,20,0,0,0
2022-08-13,2022/2023,Aston Villa,Everton,1,2,1,UNAI EMERY,2022-01-11,2100-01-01,21,0,0,0
2022-08-20,2022/2023,Aston Villa,Crystal Palace,0,1,3,UNAI EMERY,2022-01-11,2100-01-01,22,0,0,0
2022-08-28,2022/2023,Aston Villa,West Ham,1,0,1,UNAI EMERY,2022-01-11,2100-01-01,23,0,0,0
2022-08-31,2022/2023,Aston Villa,Arsenal,0,1,2,UNAI EMERY,2022-01-11,2100-01-01,24,0,0,0
2022-09-03,2022/2023,Aston Villa,Manchester City,1,1,1,UNAI EMERY,2022-01-11,2100-01-01,25,0,0,0
2022-09-16,2022/2023,Aston Villa,Southampton,1,1,0,UNAI EMERY,2022-01-11,2100-01-01,26,0,0,0
2022-10-02,2022/2023,Aston Villa,Leeds United,0,0,0,UNAI EMERY,2022-01-11,2100-01-01,27,0,0,0
2022-10-10,2022/2023,Aston Villa,Nott'ham Forest,0,1,1,UNAI EMERY,2022-01-11,2100-01-01,28,0,0,0
2022-10-16,2022/2023,Aston Villa,Chelsea,1,0,2,UNAI EMERY,2022-01-11,2100-01-01,29,0,0,0
2022-10-20,2022/2023,Aston Villa,Fulham,0,0,3,UNAI EMERY,2022-01-11,2100-01-01,30,0,0,0
2022-11-06,2022/2023,Aston Villa,Manchester Utd,1,3,1,UNAI EMERY,2022-01-11,2100-01-01,31,0,0,0
2022-11-13,2022/2023,Aston Villa,Brighton,0,2,1,UNAI EMERY,2022-01-11,2100-01-01,32,0,0,0
2022-12-26,2022/2023,Aston Villa,Liverpool,1,1,3,UNAI EMERY,2022-01-11,2100-01-01,33,0,0,0
2023-01-01,2022/2023,Aston Villa,Tottenham,0,2,0,UNAI EMERY,2022-01-11,2100-01-01,34,0,0,0
2023-01-04,2022/2023,Aston Villa,Wolves,1,1,1,UNAI EMERY,2022-01-11,2100-01-01,35,0,0,0
2023-01-13,2022/2023,Aston Villa,Leeds United,1,2,1,UNAI EMERY,2022-01-11,2100-01-01,36,0,0,0
2023-01-21,2022/2023,Aston Villa,Southampton,0,1,0,UNAI EMERY,2022-01-11,2100-01-01,37,0,0,0
2023-02-04,2022/2023,Aston Villa,Leicester City,1,2,4,UNAI EMERY,2022-01-11,2100-01-01,38,0,0,0
2023-02-12,2022/2023,Aston Villa,Manchester City,0,1,3,UNAI EMERY,2022-01-11,2100-01-01,39,0,0,0
2023-02-18,2022/2023,Aston Villa,Arsenal,1,2,4,UNAI EMERY,2022-01-11,2100-01-01,40,0,0,0
2023-02-25,2022/2023,Aston Villa,Everton,0,2,0,UNAI EMERY,2022-01-11,2100-01-01,41,0,0,0
2023-03-04,2022/2023,Aston Villa,Crystal Palace,1,1,0,UNAI EMERY,2022-01-11,2100-01-01,42,0,0,0
2023-03-12,2022/2023,Aston Villa,West Ham,0,1,1,UNAI EMERY,2022-01-11,2100-01-01,43,0,0,0
2023-03-18,2022/2023,Aston Villa,Bournemouth,1,3,0,UNAI EMERY,2022-01-11,2100-01-01,44,0,0,0
2023-04-01,2022/2023,Aston Villa,Chelsea,0,2,0,UNAI EMERY,2022-01-11,2100-01-01,45,0,0,0
2023-04-04,2022/2023,Aston Villa,Leicester City,0,2,1,UNAI EMERY,2022-01-11,2100-01-01,46,0,0,0
2023-04-08,2022/2023,Aston Villa,Nott'ham Forest,1,2,0,UNAI EMERY,2022-01-11,2100-01-01,47,0,0,0
2023-04-15,2022/2023,Aston Villa,Newcastle Utd,1,3,0,UNAI EMERY,2022-01-11,2100-01-01,48,0,0,0
2023-04-22,2022/2023,Aston Villa,Brentford,0,1,1,UNAI EMERY,2022-01-11,2100-01-01,49,0,0,0
2023-04-25,2022/2023,Aston Villa,Fulham,1,1,0,UNAI EMERY,2022-01-11,2100-01-01,50,0,0,0
2023-04-30,2022/2023,Aston Villa,Manchester Utd,0,0,1,UNAI EMERY,2022-01-11,2100-01-01,51,0,0,0
2023-05-06,2022/2023,Aston Villa,Wolves,0,0,1,UNAI EMERY,2022-01-11,2100-01-01,52,0,0,0
2023-05-13,2022/2023,Aston Villa,Tottenham,1,2,1,UNAI EMERY,2022-01-11,2100-01-01,53,0,0,0
2023-05-20,2022/2023,Aston Villa,Liverpool,0,1,1,UNAI EMERY,2022-01-11,2100-01-01,54,0,0,0
2023-05-28,2022/2023,Aston Villa,Brighton,1,2,1,UNAI EMERY,2022-01-11,2100-01-01,55,0,0,0
2023-08-12,2023/2024,Aston Villa,Newcastle Utd,0,1,5,UNAI EMERY,2022-01-11,2100-01-01,56,0,0,0
2023-08-20,2023/2024,Aston Villa,Everton,1,4,0,UNAI EMERY,2022-01-11,2100-01-01,57,0,0,0
2023-08-27,2023/2024,Aston Villa,Burnley,0,3,1,UNAI EMERY,2022-01-11,2100-01-01,58,0,0,0
2023-09-03,2023/2024,Aston Villa,Liverpool,0,0,3,UNAI EMERY,2022-01-11,2100-01-01,59,0,0,0
2023-09-16,2023/2024,Aston Villa,Crystal Palace,1,3,1,UNAI EMERY,2022-01-11,2100-01-01,60,0,0,0
2023-09-24,2023/2024,Aston Villa,Chelsea,0,1,0,UNAI EMERY,2022-01-11,2100-01-01,61,0,0,0
2023-09-30,2023/2024,Aston Villa,Brighton,1,6,1,UNAI EMERY,2022-01-11,2100-01-01,62,0,0,0
2023-10-08,2023/2024,Aston Villa,Wolves,0,1,1,UNAI EMERY,2022-01-11,2100-01-01,63,0,0,0
2023-10-22,2023/2024,Aston Villa,West Ham,1,4,1,UNAI EMERY,2022-01-11,2100-01-01,64,0,0,0
2023-10-29,2023/2024,Aston Villa,Luton Town,1,3,1,UNAI EMERY,2022-01-11,2100-01-01,65,0,0,0
2023-11-05,2023/2024,Aston Villa,Nott'ham Forest,0,0,2,UNAI EMERY,2022-01-11,2100-01-01,66,0,0,0
2023-11-12,2023/2024,Aston Villa,Fulham,1,3,1,UNAI EMERY,2022-01-11,2100-01-01,67,0,0,0
2023-11-26,2023/2024,Aston Villa,Tottenham,0,2,1,UNAI EMERY,2022-01-11,2100-01-01,68,0,0,0
2023-12-03,2023/2024,Aston Villa,Bournemouth,0,2,2,UNAI EMERY,2022-01-11,2100-01-01,69,0,0,0
2023-12-06,2023/2024,Aston Villa,Manchester City,1,1,0,UNAI EMERY,2022-01-11,2100-01-01,70,0,0,0
2023-12-09,2023/2024,Aston Villa,Arsenal,1,1,0,UNAI EMERY,2022-01-11,2100-01-01,71,0,0,0
2023-12-17,2023/2024,Aston Villa,Brentford,0,2,1,UNAI EMERY,2022-01-11,2100-01-01,72,0,0,0
2023-12-22,2023/2024,Aston Villa,Sheffield Utd,1,1,1,UNAI EMERY,2022-01-11,2100-01-01,73,0,0,0
2023-12-26,2023/2024,Aston Villa,Manchester Utd,0,2,3,UNAI EMERY,2022-01-11,2100-01-01,74,0,0,0
2023-12-30,2023/2024,Aston Villa,Burnley,1,3,2,UNAI EMERY,2022-01-11,2100-01-01,75,0,0,0
2024-01-14,2023/2024,Aston Villa,Everton,0,0,0,UNAI EMERY,2022-01-11,2100-01-01,76,0,0,0
2024-01-30,2023/2024,Aston Villa,Newcastle Utd,1,1,3,UNAI EMERY,2022-01-11,2100-01-01,77,0,0,0
2024-02-03,2023/2024,Aston Villa,Sheffield Utd,0,5,0,UNAI EMERY,2022-01-11,2100-01-01,78,0,0,0
2024-02-11,2023/2024,Aston Villa,Manchester Utd,1,1,2,UNAI EMERY,2022-01-11,2100-01-01,79,0,0,0
2024-02-17,2023/2024,Aston Villa,Fulham,0,2,1,UNAI EMERY,2022-01-11,2100-01-01,80,0,0,0
2024-02-24,2023/2024,Aston Villa,Nott'ham Forest,1,4,2,UNAI EMERY,2022-01-11,2100-01-01,81,0,0,0
2024-03-02,2023/2024,Aston Villa,Luton Town,0,3,2,UNAI EMERY,2022-01-11,2100-01-01,82,0,0,0
2024-03-10,2023/2024,Aston Villa,Tottenham,1,0,4,UNAI EMERY,2022-01-11,2100-01-01,83,0,0,0
2024-03-17,2023/2024,Aston Villa,West Ham,0,1,1,UNAI EMERY,2022-01-11,2100-01-01,84,0,0,0
2024-03-30,2023/2024,Aston Villa,Wolves,1,2,0,UNAI EMERY,2022-01-11,2100-01-01,85,0,0,0
2024-04-03,2023/2024,Aston Villa,Manchester City,0,1,4,UNAI EMERY,2022-01-11,2100-01-01,86,0,0,0
2024-04-06,2023/2024,Aston Villa,Brentford,1,3,3,UNAI EMERY,2022-01-11,2100-01-01,87,0,0,0
2024-04-14,2023/2024,Aston Villa,Arsenal,0,2,0,UNAI EMERY,2022-01-11,2100-01-01,88,0,0,0
2024-04-21,2023/2024,Aston Villa,Bournemouth,1,3,1,UNAI EMERY,2022-01-11,2100-01-01,89,0,0,0
2024-04-27,2023/2024,Aston Villa,Chelsea,1,2,2,UNAI EMERY,2022-01-11,2100-01-01,90,0,0,0
2024-05-05,2023/2024,Aston Villa,Brighton,0,0,1,UNAI EMERY,2022-01-11,2100-01-01,91,0,0,0
2024-05-13,2023/2024,Aston Villa,Liverpool,1,3,3,UNAI EMERY,2022-01-11,2100-01-01,92,0,0,0
2024-05-19,2023/2024,Aston Villa,Crystal Palace,0,0,5,UNAI EMERY,2022-01-11,2100-01-01,93,0,0,0
2023-01-14,2022/2023,Bournemouth,Brentford,0,0,2,ANDONI IRAOLA,2023-01-07,2100-01-01,1,1,0,0
2023-01-21,2022/2023,Bournemouth,Nott'ham Forest,1,1,1,ANDONI IRAOLA,2023-01-07,2100-01-01,2,1,0,0
2023-02-04,2022/2023,Bournemouth,Brighton,0,0,1,ANDONI IRAOLA,2023-01-07,2100-01-01,3,1,0,0
2023-02-11,2022/2023,Bournemouth,Newcastle Utd,1,1,1,ANDONI IRAOLA,2023-01-07,2100-01-01,4,0,1,0
2023-02-18,2022/2023,Bournemouth,Wolves,0,1,0,ANDONI IRAOLA,2023-01-07,2100-01-01,5,0,1,0
2023-02-25,2022/2023,Bournemouth,Manchester City,1,1,4,ANDONI IRAOLA,2023-01-07,2100-01-01,6,0,1,0
2023-03-04,2022/2023,Bournemouth,Arsenal,0,2,3,ANDONI IRAOLA,2023-01-07,2100-01-01,7,0,0,1
2023-03-11,2022/2023,Bournemouth,Liverpool,1,1,0,ANDONI IRAOLA,2023-01-07,2100-01-01,8,0,0,1
2023-03-18,2022/2023,Bournemouth,Aston Villa,0,0,3,ANDONI IRAOLA,2023-01-07,2100-01-01,9,0,0,1
2023-04-01,2022/2023,Bournemouth,Fulham,1,2,1,ANDONI IRAOLA,2023-01-07,2100-01-01,10,0,0,1
2023-04-04,2022/2023,Bournemouth,Brighton,1,0,2,ANDONI IRAOLA,2023-01-07,2100-01-01,11,0,0,0
2023-04-08,2022/2023,Bournemouth,Leicester City,0,1,0,ANDONI IRAOLA,2023-01-07,2100-01-01,12,0,0,0
2023-04-15,2022/2023,Bournemouth,Tottenham,0,3,2,ANDONI IRAOLA,2023-01-07,2100-01-01,13,0,0,0
2023-04-23,2022/2023,Bournemouth,West Ham,1,0,4,ANDONI IRAOLA,2023-01-07,2100-01-01,14,0,0,0
2023-04-27,2022/2023,Bournemouth,Southampton,0,1,0,ANDONI IRAOLA,2023-01-07,2100-01-01,15,0,0,0
2023-04-30,2022/2023,Bournemouth,Leeds United,1,4,1,ANDONI IRAOLA,2023-01-07,2100-01-01,16,0,0,0
2023-05-06,2022/2023,Bournemouth,Chelsea,1,1,3,ANDONI IRAOLA,2023-01-07,2100-01-01,17,0,0,0
2023-05-13,2022/2023,Bournemouth,Crystal Palace,0,0,2,ANDONI IRAOLA,2023-01-07,2100-01-01,18,0,0,0
2023-05-20,2022/2023,Bournemouth,Manchester Utd,1,0,1,ANDONI IRAOLA,2023-01-07,2100-01-01,19,0,0,0
2023-05-28,2022/2023,Bournemouth,Everton,0,0,1,ANDONI IRAOLA,2023-01-07,2100-01-01,20,0,0,0
2023-08-12,2023/2024,Bournemouth,West Ham,1,1,1,ANDONI IRAOLA,2023-01-07,2100-01-01,21,0,0,0
2023-08-19,2023/2024,Bournemouth,Liverpool,0,1,3,ANDONI IRAOLA,2023-01-07,2100-01-01,22,0,0,0
2023-08-26,2023/2024,Bournemouth,Tottenham,1,0,2,ANDONI IRAOLA,2023-01-07,2100-01-01,23,0,0,0
2023-09-02,2023/2024,Bournemouth,Brentford,0,2,2,ANDONI IRAOLA,2023-01-07,2100-01-01,24,0,0,0
2023-09-17,2023/2024,Bournemouth,Chelsea,1,0,0,ANDONI IRAOLA,2023-01-07,2100-01-01,25,0,0,0
2023-09-24,2023/2024,Bournemouth,Brighton,0,1,3,ANDONI IRAOLA,2023-01-07,2100-01-01,26,0,0,0
2023-09-30,2023/2024,Bournemouth,Arsenal,1,0,4,ANDONI IRAOLA,2023-01-07,2100-01-01,27,0,0,0
2023-10-07,2023/2024,Bournemouth,Everton,0,0,3,ANDONI IRAOLA,2023-01-07,2100-01-01,28,0,0,0
2023-10-21,2023/2024,Bournemouth,Wolves,1,1,2,ANDONI IRAOLA,2023-01-07,2100-01-01,29,0,0,0
2023-10-28,2023/2024,Bournemouth,Burnley,1,2,1,ANDONI IRAOLA,2023-01-07,2100-01-01,30,0,0,0
2023-11-04,2023/2024,Bournemouth,Manchester City,0,1,6,ANDONI IRAOLA,2023-01-07,2100-01-01,31,0,0,0
2023-11-11,2023/2024,Bournemouth,Newcastle Utd,1,2,0,ANDONI IRAOLA,2023-01-07,2100-01-01,32,0,0,0
2023-11-25,2023/2024,Bournemouth,Sheffield Utd,0,3,1,ANDONI IRAOLA,2023-01-07,2100-01-01,33,0,0,0
2023-12-03,2023/2024,Bournemouth,Aston Villa,1,2,2,ANDONI IRAOLA,2023-01-07,2100-01-01,34,0,0,0
2023-12-06,2023/2024,Bournemouth,Crystal Palace,0,2,0,ANDONI IRAOLA,2023-01-07,2100-01-01,35,0,0,0
2023-12-09,2023/2024,Bournemouth,Manchester Utd,0,3,0,ANDONI IRAOLA,2023-01-07,2100-01-01,36,0,0,0
2023-12-23,2023/2024,Bournemouth,Nott'ham Forest,0,3,2,ANDONI IRAOLA,2023-01-07,2100-01-01,37,0,0,0
2023-12-26,2023/2024,Bournemouth,Fulham,1,3,0,ANDONI IRAOLA,2023-01-07,2100-01-01,38,0,0,0
2023-12-31,2023/2024,Bournemouth,Tottenham,0,1,3,ANDONI IRAOLA,2023-01-07,2100-01-01,39,0,0,0
2024-01-21,2023/2024,Bournemouth,Liverpool,1,0,4,ANDONI IRAOLA,2023-01-07,2100-01-01,40,0,0,0
2024-02-01,2023/2024,Bournemouth,West Ham,0,1,1,ANDONI IRAOLA,2023-01-07,2100-01-01,41,0,0,0
2024-02-04,2023/2024,Bournemouth,Nott'ham Forest,1,1,1,ANDONI IRAOLA,2023-01-07,2100-01-01,42,0,0,0
2024-02-10,2023/2024,Bournemouth,Fulham,0,1,3,ANDONI IRAOLA,2023-01-07,2100-01-01,43,0,0,0
2024-02-17,2023/2024,Bournemouth,Newcastle Utd,0,2,2,ANDONI IRAOLA,2023-01-07,2100-01-01,44,0,0,0
2024-02-24,2023/2024,Bournemouth,Manchester City,1,0,1,ANDONI IRAOLA,2023-01-07,2100-01-01,45,0,0,0
2024-03-03,2023/2024,Bournemouth,Burnley,0,2,0,ANDONI IRAOLA,2023-01-07,2100-01-01,46,0,0,0
2024-03-09,2023/2024,Bournemouth,Sheffield Utd,1,2,2,ANDONI IRAOLA,2023-01-07,2100-01-01,47,0,0,0
2024-03-13,2023/2024,Bournemouth,Luton Town,1,4,3,ANDONI IRAOLA,2023-01-07,2100-01-01,48,0,0,0
2024-03-30,2023/2024,Bournemouth,Everton,1,2,1,ANDONI IRAOLA,2023-01-07,2100-01-01,49,0,0,0
2024-04-02,2023/2024,Bournemouth,Crystal Palace,1,1,0,ANDONI IRAOLA,2023-01-07,2100-01-01,50,0,0,0
2024-04-06,2023/2024,Bournemouth,Luton Town,0,1,2,ANDONI IRAOLA,2023-01-07,2100-01-01,51,0,0,0
2024-04-13,2023/2024,Bournemouth,Manchester Utd,1,2,2,ANDONI IRAOLA,2023-01-07,2100-01-01,52,0,0,0
2024-04-21,2023/2024,Bournemouth,Aston Villa,0,1,3,ANDONI IRAOLA,2023-01-07,2100-01-01,53,0,0,0
2024-04-24,2023/2024,Bournemouth,Wolves,0,1,0,ANDONI IRAOLA,2023-01-07,2100-01-01,54,0,0,0
2024-04-28,2023/2024,Bournemouth,Brighton,1,3,0,ANDONI IRAOLA,2023-01-07,2100-01-01,55,0,0,0
2024-05-04,2023/2024,Bournemouth,Arsenal,0,0,3,ANDONI IRAOLA,2023-01-07,2100-01-01,56,0,0,0
2024-05-11,2023/2024,Bournemouth,Brentford,1,1,2,ANDONI IRAOLA,2023-01-07,2100-01-01,57,0,0,0
2024-05-19,2023/2024,Bournemouth,Chelsea,0,1,2,ANDONI IRAOLA,2023-01-07,2100-01-01,58,0,0,0
2015-08-08,2015/2016,Bournemouth,Aston Villa,1,0,1,EDDIE HOWE,2012-10-14,2020-08-01,101,0,0,0
2015-08-17,2015/2016,Bournemouth,Liverpool,0,0,1,EDDIE HOWE,2012-10-14,2020-08-01,102,0,0,0
2015-08-22,2015/2016,Bournemouth,West Ham,0,4,3,EDDIE HOWE,2012-10-14,2020-08-01,103,0,0,0
2015-08-29,2015/2016,Bournemouth,Leicester City,1,1,1,EDDIE HOWE,2012-10-14,2020-08-01,104,0,0,0
2015-09-12,2015/2016,Bournemouth,Norwich City,0,1,3,EDDIE HOWE,2012-10-14,2020-08-01,105,0,0,0
2015-09-19,2015/2016,Bournemouth,Sunderland,1,2,0,EDDIE HOWE,2012-10-14,2020-08-01,106,0,0,0
2015-09-26,2015/2016,Bournemouth,Stoke City,0,1,2,EDDIE HOWE,2012-10-14,2020-08-01,107,0,0,0
2015-10-03,2015/2016,Bournemouth,Watford,1,1,1,EDDIE HOWE,2012-10-14,2020-08-01,108,0,0,0
2015-10-17,2015/2016,Bournemouth,Manchester City,0,1,5,EDDIE HOWE,2012-10-14,2020-08-01,109,0,0,0
2015-10-25,2015/2016,Bournemouth,Tottenham,1,1,5,EDDIE HOWE,2012-10-14,2020-08-01,110,0,0,0
2015-11-01,2015/2016,Bournemouth,Southampton,0,0,2,EDDIE HOWE,2012-10-14,2020-08-01,111,0,0,0
2015-11-07,2015/2016,Bournemouth,Newcastle Utd,1,0,1,EDDIE HOWE,2012-10-14,2020-08-01,112,0,0,0
2015-11-21,2015/2016,Bournemouth,Swansea City,0,2,2,EDDIE HOWE,2012-10-14,2020-08-01,113,0,0,0
2015-11-28,2015/2016,Bournemouth,Everton,1,3,3,EDDIE HOWE,2012-10-14,2020-08-01,114,0,0,0
2015-12-05,2015/2016,Bournemouth,Chelsea,0,1,0,EDDIE HOWE,2012-10-14,2020-08-01,115,0,0,0
2015-12-12,2015/2016,Bournemouth,Manchester Utd,1,2,1,EDDIE HOWE,2012-10-14,2020-08-01,116,0,0,0
2015-12-19,2015/2016,Bournemouth,West Brom,0,2,1,EDDIE HOWE,2012-10-14,2020-08-01,117,0,0,0
2015-12-26,2015/2016,Bournemouth,Crystal Palace,1,0,0,EDDIE HOWE,2012-10-14,2020-08-01,118,0,0,0
2015-12-28,2015/2016,Bournemouth,Arsenal,0,0,2,EDDIE HOWE,2012-10-14,2020-08-01,119,0,0,0
2016-01-02,2015/2016,Bournemouth,Leicester City,0,0,0,EDDIE HOWE,2012-10-14,2020-08-01,120,0,0,0
2016-01-12,2015/2016,Bournemouth,West Ham,1,1,3,EDDIE HOWE,2012-10-14,2020-08-01,121,0,0,0
2016-01-16,2015/2016,Bournemouth,Norwich City,1,3,0,EDDIE HOWE,2012-10-14,2020-08-01,122,0,0,0
2016-01-23,2015/2016,Bournemouth,Sunderland,0,1,1,EDDIE HOWE,2012-10-14,2020-08-01,123,0,0,0
2016-02-02,2015/2016,Bournemouth,Crystal Palace,0,2,1,EDDIE HOWE,2012-10-14,2020-08-01,124,0,0,0
2016-02-07,2015/2016,Bournemouth,Arsenal,1,0,2,EDDIE HOWE,2012-10-14,2020-08-01,125,0,0,0
2016-02-13,2015/2016,Bournemouth,Stoke City,1,1,3,EDDIE HOWE,2012-10-14,2020-08-01,126,0,0,0
2016-02-27,2015/2016,Bournemouth,Watford,0,0,0,EDDIE HOWE,2012-10-14,2020-08-01,127,0,0,0
2016-03-01,2015/2016,Bournemouth,Southampton,1,2,0,EDDIE HOWE,2012-10-14,2020-08-01,128,0,0,0
2016-03-05,2015/2016,Bournemouth,Newcastle Utd,0,3,1,EDDIE HOWE,2012-10-14,2020-08-01,129,0,0,0
2016-03-12,2015/2016,Bournemouth,Swansea City,1,3,2,EDDIE HOWE,2012-10-14,2020-08-01,130,0,0,0
2016-03-20,2015/2016,Bournemouth,Tottenham,0,0,3,EDDIE HOWE,2012-10-14,2020-08-01,131,0,0,0
2016-04-02,2015/2016,Bournemouth,Manchester City,1,0,4,EDDIE HOWE,2012-10-14,2020-08-01,132,0,0,0
2016-04-09,2015/2016,Bournemouth,Aston Villa,0,2,1,EDDIE HOWE,2012-10-14,2020-08-01,133,0,0,0
2016-04-17,2015/2016,Bournemouth,Liverpool,1,1,2,EDDIE HOWE,2012-10-14,2020-08-01,134,0,0,0
2016-04-23,2015/2016,Bournemouth,Chelsea,1,1,4,EDDIE HOWE,2012-10-14,2020-08-01,135,0,0,0
2016-04-30,2015/2016,Bournemouth,Everton,0,1,2,EDDIE HOWE,2012-10-14,2020-08-01,136,0,0,0
2016-05-07,2015/2016,Bournemouth,West Brom,1,1,1,EDDIE HOWE,2012-10-14,2020-08-01,137,0,0,0
2016-05-17,2015/2016,Bournemouth,Manchester Utd,0,1,3,EDDIE HOWE,2012-10-14,2020-08-01,138,0,0,0
2016-08-14,2016/2017,Bournemouth,Manchester Utd,1,1,3,EDDIE HOWE,2012-10-14,2020-08-01,139,0,0,0
2016-08-21,2016/2017,Bournemouth,West Ham,0,0,1,EDDIE HOWE,2012-10-14,2020-08-01,140,0,0,0
2016-08-27,2016/2017,Bournemouth,Crystal Palace,0,1,1,EDDIE HOWE,2012-10-14,2020-08-01,141,0,0,0
2016-09-10,2016/2017,Bournemouth,West Brom,1,1,0,EDDIE HOWE,2012-10-14,2020-08-01,142,0,0,0
2016-09-17,2016/2017,Bournemouth,Manchester City,0,0,4,EDDIE HOWE,2012-10-14,2020-08-01,143,0,0,0
2016-09-24,2016/2017,Bournemouth,Everton,1,1,0,EDDIE HOWE,2012-10-14,2020-08-01,144,0,0,0
2016-10-01,2016/2017,Bournemouth,Watford,0,2,2,EDDIE HOWE,2012-10-14,2020-08-01,145,0,0,0
2016-10-15,2016/2017,Bournemouth,Hull City,1,6,1,EDDIE HOWE,2012-10-14,2020-08-01,146,0,0,0
2016-10-22,2016/2017,Bournemouth,Tottenham,1,0,0,EDDIE HOWE,2012-10-14,2020-08-01,147,0,0,0
2016-10-29,2016/2017,Bournemouth,Middlesbrough,0,0,2,EDDIE HOWE,2012-10-14,2020-08-01,148,0,0,0
2016-11-05,2016/2017,Bournemouth,Sunderland,1,1,2,EDDIE HOWE,2012-10-14,2020-08-01,149,0,0,0
2016-11-19,2016/2017,Bournemouth,Stoke City,0,1,0,EDDIE HOWE,2012-10-14,2020-08-01,150,0,0,0
2016-11-27,2016/2017,Bournemouth,Arsenal,0,1,3,EDDIE HOWE,2012-10-14,2020-08-01,151,0,0,0
2016-12-04,2016/2017,Bournemouth,Liverpool,1,4,3,EDDIE HOWE,2012-10-14,2020-08-01,152,0,0,0
2016-12-10,2016/2017,Bournemouth,Burnley,0,2,3,EDDIE HOWE,2012-10-14,2020-08-01,153,0,0,0
2016-12-13,2016/2017,Bournemouth,Leicester City,1,1,0,EDDIE HOWE,2012-10-14,2020-08-01,154,0,0,0
2016-12-18,2016/2017,Bournemouth,Southampton,1,1,3,EDDIE HOWE,2012-10-14,2020-08-01,155,0,0,0
2016-12-26,2016/2017,Bournemouth,Chelsea,0,0,3,EDDIE HOWE,2012-10-14,2020-08-01,156,0,0,0
2016-12-31,2016/2017,Bournemouth,Swansea City,0,3,0,EDDIE HOWE,2012-10-14,2020-08-01,157,0,0,0
2017-01-03,2016/2017,Bournemouth,Arsenal,1,3,3,EDDIE HOWE,2012-10-14,2020-08-01,158,0,0,0
2017-01-14,2016/2017,Bournemouth,Hull City,0,1,3,EDDIE HOWE,2012-10-14,2020-08-01,159,0,0,0
2017-01-21,2016/2017,Bournemouth,Watford,1,2,2,EDDIE HOWE,2012-10-14,2020-08-01,160,0,0,0
2017-01-31,2016/2017,Bournemouth,Crystal Palace,1,0,2,EDDIE HOWE,2012-10-14,2020-08-01,161,0,0,0
2017-02-04,2016/2017,Bournemouth,Everton,0,3,6,EDDIE HOWE,2012-10-14,2020-08-01,162,0,0,0
2017-02-13,2016/2017,Bournemouth,Manchester City,1,0,2,EDDIE HOWE,2012-10-14,2020-08-01,163,0,0,0
2017-02-25,2016/2017,Bournemouth,West Brom,0,1,2,EDDIE HOWE,2012-10-14,2020-08-01,164,0,0,0
2017-03-04,2016/2017,Bournemouth,Manchester Utd,0,1,1,EDDIE HOWE,2012-10-14,2020-08-01,165,0,0,0
2017-03-11,2016/2017,Bournemouth,West Ham,1,3,2,EDDIE HOWE,2012-10-14,2020-08-01,166,0,0,0
2017-03-18,2016/2017,Bournemouth,Swansea City,1,2,0,EDDIE HOWE,2012-10-14,2020-08-01,167,0,0,0
2017-04-01,2016/2017,Bournemouth,Southampton,0,0,0,EDDIE HOWE,2012-10-14,2020-08-01,168,0,0,0
2017-04-05,2016/2017,Bournemouth,Liverpool,0,2,2,EDDIE HOWE,2012-10-14,2020-08-01,169,0,0,0
2017-04-08,2016/2017,Bournemouth,Chelsea,1,1,3,EDDIE HOWE,2012-10-14,2020-08-01,170,0,0,0
2017-04-15,2016/2017,Bournemouth,Tottenham,0,0,4,EDDIE HOWE,2012-10-14,2020-08-01,171,0,0,0
2017-04-22,2016/2017,Bournemouth,Middlesbrough,1,4,0,EDDIE HOWE,2012-10-14,2020-08-01,172,0,0,0
2017-04-29,2016/2017,Bournemouth,Sunderland,0,1,0,EDDIE HOWE,2012-10-14,2020-08-01,173,0,0,0
2017-05-06,2016/2017,Bournemouth,Stoke City,1,2,2,EDDIE HOWE,2012-10-14,2020-08-01,174,0,0,0
2017-05-13,2016/2017,Bournemouth,Burnley,1,2,1,EDDIE HOWE,2012-10-14,2020-08-01,175,0,0,0
2017-05-21,2016/2017,Bournemouth,Leicester City,0,1,1,EDDIE HOWE,2012-10-14,2020-08-01,176,0,0,0
2017-08-12,2017/2018,Bournemouth,West Brom,0,0,1,EDDIE HOWE,2012-10-14,2020-08-01,177,0,0,0
2017-08-19,2017/2018,Bournemouth,Watford,1,0,2,EDDIE HOWE,2012-10-14,2020-08-01,178,0,0,0
2017-08-26,2017/2018,Bournemouth,Manchester City,1,1,2,EDDIE HOWE,2012-10-14,2020-08-01,179,0,0,0
2017-09-09,2017/2018,Bournemouth,Arsenal,0,0,3,EDDIE HOWE,2012-10-14,2020-08-01,180,0,0,0
2017-09-15,2017/2018,Bournemouth,Brighton,1,2,1,EDDIE HOWE,2012-10-14,2020-08-01,181,0,0,0
2017-09-23,2017/2018,Bournemouth,Everton,0,1,2,EDDIE HOWE,2012-10-14,2020-08-01,182,0,0,0
2017-09-30,2017/2018,Bournemouth,Leicester City,1,0,0,EDDIE HOWE,2012-10-14,2020-08-01,183,0,0,0
2017-10-14,2017/2018,Bournemouth,Tottenham,0,0,1,EDDIE HOWE,2012-10-14,2020-08-01,184,0,0,0
2017-10-21,2017/2018,Bournemouth,Stoke City,0,2,1,EDDIE HOWE,2012-10-14,2020-08-01,185,0,0,0
2017-10-28,2017/2018,Bournemouth,Chelsea,1,0,1,EDDIE HOWE,2012-10-14,2020-08-01,186,0,0,0
2017-11-04,2017/2018,Bournemouth,Newcastle Utd,0,1,0,EDDIE HOWE,2012-10-14,2020-08-01,187,0,0,0
2017-11-18,2017/2018,Bournemouth,Huddersfield,1,4,0,EDDIE HOWE,2012-10-14,2020-08-01,188,0,0,0
2017-11-25,2017/2018,Bournemouth,Swansea City,0,0,0,EDDIE HOWE,2012-10-14,2020-08-01,189,0,0,0
2017-11-29,2017/2018,Bournemouth,Burnley,1,1,2,EDDIE HOWE,2012-10-14,2020-08-01,190,0,0,0
2017-12-03,2017/2018,Bournemouth,Southampton,1,1,1,EDDIE HOWE,2012-10-14,2020-08-01,191,0,0,0
2017-12-09,2017/2018,Bournemouth,Crystal Palace,0,2,2,EDDIE HOWE,2012-10-14,2020-08-01,192,0,0,0
2017-12-13,2017/2018,Bournemouth,Manchester Utd,0,0,1,EDDIE HOWE,2012-10-14,2020-08-01,193,0,0,0
2017-12-17,2017/2018,Bournemouth,Liverpool,1,0,4,EDDIE HOWE,2012-10-14,2020-08-01,194,0,0,0
2017-12-23,2017/2018,Bournemouth,Manchester City,0,0,4,EDDIE HOWE,2012-10-14,2020-08-01,195,0,0,0
2017-12-26,2017/2018,Bournemouth,West Ham,1,3,3,EDDIE HOWE,2012-10-14,2020-08-01,196,0,0,0
2017-12-30,2017/2018,Bournemouth,Everton,1,2,1,EDDIE HOWE,2012-10-14,2020-08-01,197,0,0,0
2018-01-01,2017/2018,Bournemouth,Brighton,0,2,2,EDDIE HOWE,2012-10-14,2020-08-01,198,0,0,0
2018-01-14,2017/2018,Bournemouth,Arsenal,1,2,1,EDDIE HOWE,2012-10-14,2020-08-01,199,0,0,0
2018-01-20,2017/2018,Bournemouth,West Ham,0,1,1,EDDIE HOWE,2012-10-14,2020-08-01,200,0,0,0
2018-01-31,2017/2018,Bournemouth,Chelsea,0,3,0,EDDIE HOWE,2012-10-14,2020-08-01,201,0,0,0
2018-02-03,2017/2018,Bournemouth,Stoke City,1,2,1,EDDIE HOWE,2012-10-14,2020-08-01,202,0,0,0
2018-02-11,2017/2018,Bournemouth,Huddersfield,0,1,4,EDDIE HOWE,2012-10-14,2020-08-01,203,0,0,0
2018-02-24,2017/2018,Bournemouth,Newcastle Utd,1,2,2,EDDIE HOWE,2012-10-14,2020-08-01,204,0,0,0
2018-03-03,2017/2018,Bournemouth,Leicester City,0,1,1,EDDIE HOWE,2012-10-14,2020-08-01,205,0,0,0
2018-03-11,2017/2018,Bournemouth,Tottenham,1,1,4,EDDIE HOWE,2012-10-14,2020-08-01,206,0,0,0
2018-03-17,2017/2018,Bournemouth,West Brom,1,2,1,EDDIE HOWE,2012-10-14,2020-08-01,207,0,0,0
2018-03-31,2017/2018,Bournemouth,Watford,0,2,2,EDDIE HOWE,2012-10-14,2020-08-01,208,0,0,0
2018-04-07,2017/2018,Bournemouth,Crystal Palace,1,2,2,EDDIE HOWE,2012-10-14,2020-08-01,209,0,0,0
2018-04-14,2017/2018,Bournemouth,Liverpool,0,0,3,EDDIE HOWE,2012-10-14,2020-08-01,210,0,0,0
2018-04-18,2017/2018,Bournemouth,Manchester Utd,1,0,2,EDDIE HOWE,2012-10-14,2020-08-01,211,0,0,0
2018-04-28,2017/2018,Bournemouth,Southampton,0,1,2,EDDIE HOWE,2012-10-14,2020-08-01,212,0,0,0
2018-05-05,2017/2018,Bournemouth,Swansea City,1,1,0,EDDIE HOWE,2012-10-14,2020-08-01,213,0,0,0
2018-05-13,2017/2018,Bournemouth,Burnley,0,2,1,EDDIE HOWE,2012-10-14,2020-08-01,214,0,0,0
2018-08-11,2018/2019,Bournemouth,Cardiff City,1,2,0,EDDIE HOWE,2012-10-14,2020-08-01,215,0,0,0
2018-08-18,2018/2019,Bournemouth,West Ham,0,2,1,EDDIE HOWE,2012-10-14,2020-08-01,216,0,0,0
2018-08-25,2018/2019,Bournemouth,Everton,1,2,2,EDDIE HOWE,2012-10-14,2020-08-01,217,0,0,0
2018-09-01,2018/2019,Bournemouth,Chelsea,0,0,2,EDDIE HOWE,2012-10-14,2020-08-01,218,0,0,0
2018-09-15,2018/2019,Bournemouth,Leicester City,1,4,2,EDDIE HOWE,2012-10-14,2020-08-01,219,0,0,0
2018-09-22,2018/2019,Bournemouth,Burnley,0,0,4,EDDIE HOWE,2012-10-14,2020-08-01,220,0,0,0
2018-10-01,2018/2019,Bournemouth,Crystal Palace,1,2,1,EDDIE HOWE,2012-10-14,2020-08-01,221,0,0,0
2018-10-06,2018/2019,Bournemouth,Watford,0,4,0,EDDIE HOWE,2012-10-14,2020-08-01,222,0,0,0
2018-10-20,2018/2019,Bournemouth,Southampton,1,0,0,EDDIE HOWE,2012-10-14,2020-08-01,223,0,0,0
2018-10-27,2018/2019,Bournemouth,Fulham,0,3,0,EDDIE HOWE,2012-10-14,2020-08-01,224,0,0,0
2018-11-03,2018/2019,Bournemouth,Manchester Utd,1,1,2,EDDIE HOWE,2012-10-14,2020-08-01,225,0,0,0
2018-11-10,2018/2019,Bournemouth,Newcastle Utd,0,1,2,EDDIE HOWE,2012-10-14,2020-08-01,226,0,0,0
2018-11-25,2018/2019,Bournemouth,Arsenal,1,1,2,EDDIE HOWE,2012-10-14,2020-08-01,227,0,0,0
2018-12-01,2018/2019,Bournemouth,Manchester City,0,1,3,EDDIE HOWE,2012-10-14,2020-08-01,228,0,0,0
2018-12-04,2018/2019,Bournemouth,Huddersfield,1,2,1,EDDIE HOWE,2012-10-14,2020-08-01,229,0,0,0
2018-12-08,2018/2019,Bournemouth,Liverpool,1,0,4,EDDIE HOWE,2012-10-14,2020-08-01,230,0,0,0
2018-12-15,2018/2019,Bournemouth,Wolves,0,0,2,EDDIE HOWE,2012-10-14,2020-08-01,231,0,0,0
2018-12-22,2018/2019,Bournemouth,Brighton,1,2,0,EDDIE HOWE,2012-10-14,2020-08-01,232,0,0,0
2018-12-26,2018/2019,Bournemouth,Tottenham,0,0,5,EDDIE HOWE,2012-10-14,2020-08-01,233,0,0,0
2018-12-30,2018/2019,Bournemouth,Manchester Utd,0,1,4,EDDIE HOWE,2012-10-14,2020-08-01,234,0,0,0
2019-01-02,2018/2019,Bournemouth,Watford,1,3,3,EDDIE HOWE,2012-10-14,2020-08-01,235,0,0,0
2019-01-13,2018/2019,Bournemouth,Everton,0,0,2,EDDIE HOWE,2012-10-14,2020-08-01,236,0,0,0
2019-01-19,2018/2019,Bournemouth,West Ham,1,2,0,EDDIE HOWE,2012-10-14,2020-08-01,237,0,0,0
2019-01-30,2018/2019,Bournemouth,Chelsea,1,4,0,EDDIE HOWE,2012-10-14,2020-08-01,238,0,0,0
2019-02-02,2018/2019,Bournemouth,Cardiff City,0,0,2,EDDIE HOWE,2012-10-14,2020-08-01,239,0,0,0
2019-02-09,2018/2019,Bournemouth,Liverpool,0,0,3,EDDIE HOWE,2012-10-14,2020-08-01,240,0,0,0
2019-02-23,2018/2019,Bournemouth,Wolves,1,1,1,EDDIE HOWE,2012-10-14,2020-08-01,241,0,0,0
2019-02-27,2018/2019,Bournemouth,Arsenal,0,1,5,EDDIE HOWE,2012-10-14,2020-08-01,242,0,0,0
2019-03-02,2018/2019,Bournemouth,Manchester City,1,0,1,EDDIE HOWE,2012-10-14,2020-08-01,243,0,0,0
2019-03-09,2018/2019,Bournemouth,Huddersfield,0,2,0,EDDIE HOWE,2012-10-14,2020-08-01,244,0,0,0
2019-03-16,2018/2019,Bournemouth,Newcastle Utd,1,2,2,EDDIE HOWE,2012-10-14,2020-08-01,245,0,0,0
2019-03-30,2018/2019,Bournemouth,Leicester City,0,0,2,EDDIE HOWE,2012-10-14,2020-08-01,246,0,0,0
2019-04-06,2018/2019,Bournemouth,Burnley,1,1,3,EDDIE HOWE,2012-10-14,2020-08-01,247,0,0,0
2019-04-13,2018/2019,Bournemouth,Brighton,0,5,0,EDDIE HOWE,2012-10-14,2020-08-01,248,0,0,0
2019-04-20,2018/2019,Bournemouth,Fulham,1,0,1,EDDIE HOWE,2012-10-14,2020-08-01,249,0,0,0
2019-04-27,2018/2019,Bournemouth,Southampton,0,3,3,EDDIE HOWE,2012-10-14,2020-08-01,250,0,0,0
2019-05-04,2018/2019,Bournemouth,Tottenham,1,1,0,EDDIE HOWE,2012-10-14,2020-08-01,251,0,0,0
2019-05-12,2018/2019,Bournemouth,Crystal Palace,0,3,5,EDDIE HOWE,2012-10-14,2020-08-01,252,0,0,0
2019-08-10,2019/2020,Bournemouth,Sheffield Utd,1,1,1,EDDIE HOWE,2012-10-14,2020-08-01,253,0,0,0
2019-08-17,2019/2020,Bournemouth,Aston Villa,0,2,1,EDDIE HOWE,2012-10-14,2020-08-01,254,0,0,0
2019-08-25,2019/2020,Bournemouth,Manchester City,1,1,3,EDDIE HOWE,2012-10-14,2020-08-01,255,0,0,0
2019-08-31,2019/2020,Bournemouth,Leicester City,0,1,3,EDDIE HOWE,2012-10-14,2020-08-01,256,0,0,0
2019-09-15,2019/2020,Bournemouth,Everton,1,3,1,EDDIE HOWE,2012-10-14,2020-08-01,257,0,0,0
2019-09-20,2019/2020,Bournemouth,Southampton,0,3,1,EDDIE HOWE,2012-10-14,2020-08-01,258,0,0,0
2019-09-28,2019/2020,Bournemouth,West Ham,1,2,2,EDDIE HOWE,2012-10-14,2020-08-01,259,0,0,0
2019-10-06,2019/2020,Bournemouth,Arsenal,0,0,1,EDDIE HOWE,2012-10-14,2020-08-01,260,0,0,0
2019-10-19,2019/2020,Bournemouth,Norwich City,1,0,0,EDDIE HOWE,2012-10-14,2020-08-01,261,0,0,0
2019-10-26,2019/2020,Bournemouth,Watford,0,0,0,EDDIE HOWE,2012-10-14,2020-08-01,262,0,0,0
2019-11-02,2019/2020,Bournemouth,Manchester Utd,1,1,0,EDDIE HOWE,2012-10-14,2020-08-01,263,0,0,0
2019-11-09,2019/2020,Bournemouth,Newcastle Utd,0,1,2,EDDIE HOWE,2012-10-14,2020-08-01,264,0,0,0
2019-11-23,2019/2020,Bournemouth,Wolves,1,1,2,EDDIE HOWE,2012-10-14,2020-08-01,265,0,0,0
2019-11-30,2019/2020,Bournemouth,Tottenham,0,2,3,EDDIE HOWE,2012-10-14,2020-08-01,266,0,0,0
2019-12-03,2019/2020,Bournemouth,Crystal Palace,0,0,1,EDDIE HOWE,2012-10-14,2020-08-01,267,0,0,0
2019-12-07,2019/2020,Bournemouth,Liverpool,1,0,3,EDDIE HOWE,2012-10-14,2020-08-01,268,0,0,0
2019-12-14,2019/2020,Bournemouth,Chelsea,0,1,0,EDDIE HOWE,2012-10-14,2020-08-01,269,0,0,0
2019-12-21,2019/2020,Bournemouth,Burnley,1,0,1,EDDIE HOWE,2012-10-14,2020-08-01,270,0,0,0
2019-12-26,2019/2020,Bournemouth,Arsenal,1,1,1,EDDIE HOWE,2012-10-14,2020-08-01,271,0,0,0
2019-12-28,2019/2020,Bournemouth,Brighton,0,0,2,EDDIE HOWE,2012-10-14,2020-08-01,272,0,0,0
2020-01-01,2019/2020,Bournemouth,West Ham,0,0,4,EDDIE HOWE,2012-10-14,2020-08-01,273,0,0,0
2020-01-12,2019/2020,Bournemouth,Watford,1,0,3,EDDIE HOWE,2012-10-14,2020-08-01,274,0,0,0
2020-01-18,2019/2020,Bournemouth,Norwich City,0,0,1,EDDIE HOWE,2012-10-14,2020-08-01,275,0,0,0
2020-01-21,2019/2020,Bournemouth,Brighton,1,3,1,EDDIE HOWE,2012-10-14,2020-08-01,276,0,0,0
2020-02-01,2019/2020,Bournemouth,Aston Villa,1,2,1,EDDIE HOWE,2012-10-14,2020-08-01,277,0,0,0
2020-02-09,2019/2020,Bournemouth,Sheffield Utd,0,1,2,EDDIE HOWE,2012-10-14,2020-08-01,278,0,0,0
2020-02-22,2019/2020,Bournemouth,Burnley,0,0,3,EDDIE HOWE,2012-10-14,2020-08-01,279,0,0,0
2020-02-29,2019/2020,Bournemouth,Chelsea,1,2,2,EDDIE HOWE,2012-10-14,2020-08-01,280,0,0,0
2020-03-07,2019/2020,Bournemouth,Liverpool,0,1,2,EDDIE HOWE,2012-10-14,2020-08-01,281,0,0,0
2020-06-20,2019/2020,Bournemouth,Crystal Palace,1,0,2,EDDIE HOWE,2012-10-14,2020-08-01,282,0,0,0
2020-06-24,2019/2020,Bournemouth,Wolves,0,0,1,EDDIE HOWE,2012-10-14,2020-08-01,283,0,0,0
2020-07-01,2019/2020,Bournemouth,Newcastle Utd,1,1,4,EDDIE HOWE,2012-10-14,2020-08-01,284,0,0,0
2020-07-04,2019/2020,Bournemouth,Manchester Utd,0,2,5,EDDIE HOWE,2012-10-14,2020-08-01,285,0,0,0
2020-07-09,2019/2020,Bournemouth,Tottenham,1,0,0,EDDIE HOWE,2012-10-14,2020-08-01,286,0,0,0
2020-07-12,2019/2020,Bournemouth,Leicester City,1,4,1,EDDIE HOWE,2012-10-14,2020-08-01,287,0,0,0
2020-07-15,2019/2020,Bournemouth,Manchester City,0,1,2,EDDIE HOWE,2012-10-14,2020-08-01,288,0,0,0
2020-07-19,2019/2020,Bournemouth,Southampton,1,0,2,EDDIE HOWE,2012-10-14,2020-08-01,289,0,0,0
2020-07-26,2019/2020,Bournemouth,Everton,0,3,1,EDDIE HOWE,2012-10-14,2020-08-01,290,0,0,0
2022-08-31,2022/2023,Bournemouth,Wolves,1,0,0,GARY O'NEIL,2022-08-30,2023-06-19,1,1,0,0
2022-09-03,2022/2023,Bournemouth,Nott'ham Forest,0,3,2,GARY O'NEIL,2022-08-30,2023-06-19,2,1,0,0
2022-09-17,2022/2023,Bournemouth,Newcastle Utd,0,1,1,GARY O'NEIL,2022-08-30,2023-06-19,3,1,0,0
2022-10-01,2022/2023,Bournemouth,Brentford,1,0,0,GARY O'NEIL,2022-08-30,2023-06-19,4,0,1,0
2022-10-08,2022/2023,Bournemouth,Leicester City,1,2,1,GARY O'NEIL,2022-08-30,2023-06-19,5,0,1,0
2022-10-15,2022/2023,Bournemouth,Fulham,0,2,2,GARY O'NEIL,2022-08-30,2023-06-19,6,0,1,0
2022-10-19,2022/2023,Bournemouth,Southampton,1,0,1,GARY O'NEIL,2022-08-30,2023-06-19,7,0,0,1
2022-10-24,2022/2023,Bournemouth,West Ham,0,0,2,GARY O'NEIL,2022-08-30,2023-06-19,8,0,0,1
2022-10-29,2022/2023,Bournemouth,Tottenham,1,2,3,GARY O'NEIL,2022-08-30,2023-06-19,9,0,0,1
2022-11-05,2022/2023,Bournemouth,Leeds United,0,3,4,GARY O'NEIL,2022-08-30,2023-06-19,10,0,0,1
2022-11-12,2022/2023,Bournemouth,Everton,1,3,0,GARY O'NEIL,2022-08-30,2023-06-19,11,0,0,0
2022-12-27,2022/2023,Bournemouth,Chelsea,0,0,2,GARY O'NEIL,2022-08-30,2023-06-19,12,0,0,0
2022-12-31,2022/2023,Bournemouth,Crystal Palace,1,0,2,GARY O'NEIL,2022-08-30,2023-06-19,13,0,0,0
2023-01-03,2022/2023,Bournemouth,Manchester Utd,0,0,3,GARY O'NEIL,2022-08-30,2023-06-19,14,0,0,0
2022-08-06,2022/2023,Bournemouth,Aston Villa,1,2,0,SCOTT PARKER,2021-01-07,2022-08-30,1,1,0,0
2022-08-13,2022/2023,Bournemouth,Manchester City,0,0,4,SCOTT PARKER,2021-01-07,2022-08-30,2,1,0,0
2022-08-20,2022/2023,Bournemouth,Arsenal,1,0,3,SCOTT PARKER,2021-01-07,2022-08-30,3,1,0,0
2022-08-27,2022/2023,Bournemouth,Liverpool,0,0,9,SCOTT PARKER,2021-01-07,2022-08-30,4,0,1,0
2021-08-13,2021/2022,Brentford,Arsenal,1,2,0,THOMAS FRANK,2018-10-16,2025-06-30,1,1,0,0
2021-08-21,2021/2022,Brentford,Crystal Palace,0,0,0,THOMAS FRANK,2018-10-16,2025-06-30,2,1,0,0
2021-08-28,2021/2022,Brentford,Aston Villa,0,1,1,THOMAS FRANK,2018-10-16,2025-06-30,3,1,0,0
2021-09-11,2021/2022,Brentford,Brighton,1,0,1,THOMAS FRANK,2018-10-16,2025-06-30,4,0,1,0
2021-09-18,2021/2022,Brentford,Wolves,0,2,0,THOMAS FRANK,2018-10-16,2025-06-30,5,0,1,0
2021-09-25,2021/2022,Brentford,Liverpool,1,3,3,THOMAS FRANK,2018-10-16,2025-06-30,6,0,1,0
2021-10-03,2021/2022,Brentford,West Ham,0,2,1,THOMAS FRANK,2018-10-16,2025-06-30,7,0,0,1
2021-10-16,2021/2022,Brentford,Chelsea,1,0,1,THOMAS FRANK,2018-10-16,2025-06-30,8,0,0,1
2021-10-24,2021/2022,Brentford,Leicester City,1,1,2,THOMAS FRANK,2018-10-16,2025-06-30,9,0,0,1
2021-10-30,2021/2022,Brentford,Burnley,0,1,3,THOMAS FRANK,2018-10-16,2025-06-30,10,0,0,1
2021-11-06,2021/2022,Brentford,Norwich City,1,1,2,THOMAS FRANK,2018-10-16,2025-06-30,11,0,0,0
2021-11-20,2021/2022,Brentford,Newcastle Utd,0,3,3,THOMAS FRANK,2018-10-16,2025-06-30,12,0,0,0
2021-11-28,2021/2022,Brentford,Everton,1,1,0,THOMAS FRANK,2018-10-16,2025-06-30,13,0,0,0
2021-12-02,2021/2022,Brentford,Tottenham,0,0,2,THOMAS FRANK,2018-10-16,2025-06-30,14,0,0,0
2021-12-05,2021/2022,Brentford,Leeds United,0,2,2,THOMAS FRANK,2018-10-16,2025-06-30,15,0,0,0
2021-12-10,2021/2022,Brentford,Watford,1,2,1,THOMAS FRANK,2018-10-16,2025-06-30,16,0,0,0
2021-12-26,2021/2022,Brentford,Brighton,0,0,2,THOMAS FRANK,2018-10-16,2025-06-30,17,0,0,0
2021-12-29,2021/2022,Brentford,Manchester City,1,0,1,THOMAS FRANK,2018-10-16,2025-06-30,18,0,0,0
2022-01-02,2021/2022,Brentford,Aston Villa,1,2,1,THOMAS FRANK,2018-10-16,2025-06-30,19,0,0,0
2022-01-11,2021/2022,Brentford,Southampton,0,1,4,THOMAS FRANK,2018-10-16,2025-06-30,20,0,0,0
2022-01-16,2021/2022,Brentford,Liverpool,0,0,3,THOMAS FRANK,2018-10-16,2025-06-30,21,0,0,0
2022-01-19,2021/2022,Brentford,Manchester Utd,1,1,3,THOMAS FRANK,2018-10-16,2025-06-30,22,0,0,0
2022-01-22,2021/2022,Brentford,Wolves,1,1,2,THOMAS FRANK,2018-10-16,2025-06-30,23,0,0,0
2022-02-09,2021/2022,Brentford,Manchester City,0,0,2,THOMAS FRANK,2018-10-16,2025-06-30,24,0,0,0
2022-02-12,2021/2022,Brentford,Crystal Palace,1,0,0,THOMAS FRANK,2018-10-16,2025-06-30,25,0,0,0
2022-02-19,2021/2022,Brentford,Arsenal,0,1,2,THOMAS FRANK,2018-10-16,2025-06-30,26,0,0,0
2022-02-26,2021/2022,Brentford,Newcastle Utd,1,0,2,THOMAS FRANK,2018-10-16,2025-06-30,27,0,0,0
2022-03-05,2021/2022,Brentford,Norwich City,0,3,1,THOMAS FRANK,2018-10-16,2025-06-30,28,0,0,0
2022-03-12,2021/2022,Brentford,Burnley,1,2,0,THOMAS FRANK,2018-10-16,2025-06-30,29,0,0,0
2022-03-20,2021/2022,Brentford,Leicester City,0,1,2,THOMAS FRANK,2018-10-16,2025-06-30,30,0,0,0
2022-04-02,2021/2022,Brentford,Chelsea,0,4,1,THOMAS FRANK,2018-10-16,2025-06-30,31,0,0,0
2022-04-10,2021/2022,Brentford,West Ham,1,2,0,THOMAS FRANK,2018-10-16,2025-06-30,32,0,0,0
2022-04-16,2021/2022,Brentford,Watford,0,2,1,THOMAS FRANK,2018-10-16,2025-06-30,33,0,0,0
2022-04-23,2021/2022,Brentford,Tottenham,1,0,0,THOMAS FRANK,2018-10-16,2025-06-30,34,0,0,0
2022-05-02,2021/2022,Brentford,Manchester Utd,0,0,3,THOMAS FRANK,2018-10-16,2025-06-30,35,0,0,0
2022-05-07,2021/2022,Brentford,Southampton,1,3,0,THOMAS FRANK,2018-10-16,2025-06-30,36,0,0,0
2022-05-15,2021/2022,Brentford,Everton,0,3,2,THOMAS FRANK,2018-10-16,2025-06-30,37,0,0,0
2022-05-22,2021/2022,Brentford,Leeds United,1,1,2,THOMAS FRANK,2018-10-16,2025-06-30,38,0,0,0
2022-08-07,2022/2023,Brentford,Leicester City,0,2,2,THOMAS FRANK,2018-10-16,2025-06-30,39,0,0,0
2022-08-13,2022/2023,Brentford,Manchester Utd,1,4,0,THOMAS FRANK,2018-10-16,2025-06-30,40,0,0,0
2022-08-20,2022/2023,Brentford,Fulham,0,2,3,THOMAS FRANK,2018-10-16,2025-06-30,41,0,0,0
2022-08-27,2022/2023,Brentford,Everton,1,1,1,THOMAS FRANK,2018-10-16,2025-06-30,42,0,0,0
2022-08-30,2022/2023,Brentford,Crystal Palace,0,1,1,THOMAS FRANK,2018-10-16,2025-06-30,43,0,0,0
2022-09-03,2022/2023,Brentford,Leeds United,1,5,2,THOMAS FRANK,2018-10-16,2025-06-30,44,0,0,0
2022-09-18,2022/2023,Brentford,Arsenal,1,0,3,THOMAS FRANK,2018-10-16,2025-06-30,45,0,0,0
2022-10-01,2022/2023,Brentford,Bournemouth,0,0,0,THOMAS FRANK,2018-10-16,2025-06-30,46,0,0,0
2022-10-08,2022/2023,Brentford,Newcastle Utd,0,1,5,THOMAS FRANK,2018-10-16,2025-06-30,47,0,0,0
2022-10-14,2022/2023,Brentford,Brighton,1,2,0,THOMAS FRANK,2018-10-16,2025-06-30,48,0,0,0
2022-10-19,2022/2023,Brentford,Chelsea,1,0,0,THOMAS FRANK,2018-10-16,2025-06-30,49,0,0,0
2022-10-23,2022/2023,Brentford,Aston Villa,0,0,4,THOMAS FRANK,2018-10-16,2025-06-30,50,0,0,0
2022-10-29,2022/2023,Brentford,Wolves,1,1,1,THOMAS FRANK,2018-10-16,2025-06-30,51,0,0,0
2022-11-05,2022/2023,Brentford,Nott'ham Forest,0,2,2,THOMAS FRANK,2018-10-16,2025-06-30,52,0,0,0
2022-11-12,2022/2023,Brentford,Manchester City,0,2,1,THOMAS FRANK,2018-10-16,2025-06-30,53,0,0,0
2022-12-26,2022/2023,Brentford,Tottenham,1,2,2,THOMAS FRANK,2018-10-16,2025-06-30,54,0,0,0
2022-12-30,2022/2023,Brentford,West Ham,0,2,0,THOMAS FRANK,2018-10-16,2025-06-30,55,0,0,0
2023-01-02,2022/2023,Brentford,Liverpool,1,3,1,THOMAS FRANK,2018-10-16,2025-06-30,56,0,0,0
2023-01-14,2022/2023,Brentford,Bournemouth,1,2,0,THOMAS FRANK,2018-10-16,2025-06-30,57,0,0,0
2023-01-22,2022/2023,Brentford,Leeds United,0,0,0,THOMAS FRANK,2018-10-16,2025-06-30,58,0,0,0
2023-02-04,2022/2023,Brentford,Southampton,1,3,0,THOMAS FRANK,2018-10-16,2025-06-30,59,0,0,0
2023-02-11,2022/2023,Brentford,Arsenal,0,1,1,THOMAS FRANK,2018-10-16,2025-06-30,60,0,0,0
2023-02-18,2022/2023,Brentford,Crystal Palace,1,1,1,THOMAS FRANK,2018-10-16,2025-06-30,61,0,0,0
2023-03-06,2022/2023,Brentford,Fulham,1,3,2,THOMAS FRANK,2018-10-16,2025-06-30,62,0,0,0
2023-03-11,2022/2023,Brentford,Everton,0,0,1,THOMAS FRANK,2018-10-16,2025-06-30,63,0,0,0
2023-03-15,2022/2023,Brentford,Southampton,0,2,0,THOMAS FRANK,2018-10-16,2025-06-30,64,0,0,0
2023-03-18,2022/2023,Brentford,Leicester City,1,1,1,THOMAS FRANK,2018-10-16,2025-06-30,65,0,0,0
2023-04-01,2022/2023,Brentford,Brighton,0,3,3,THOMAS FRANK,2018-10-16,2025-06-30,66,0,0,0
2023-04-05,2022/2023,Brentford,Manchester Utd,0,0,1,THOMAS FRANK,2018-10-16,2025-06-30,67,0,0,0
2023-04-08,2022/2023,Brentford,Newcastle Utd,1,1,2,THOMAS FRANK,2018-10-16,2025-06-30,68,0,0,0
2023-04-15,2022/2023,Brentford,Wolves,0,0,2,THOMAS FRANK,2018-10-16,2025-06-30,69,0,0,0
2023-04-22,2022/2023,Brentford,Aston Villa,1,1,1,THOMAS FRANK,2018-10-16,2025-06-30,70,0,0,0
2023-04-26,2022/2023,Brentford,Chelsea,0,2,0,THOMAS FRANK,2018-10-16,2025-06-30,71,0,0,0
2023-04-29,2022/2023,Brentford,Nott'ham Forest,1,2,1,THOMAS FRANK,2018-10-16,2025-06-30,72,0,0,0
2023-05-06,2022/2023,Brentford,Liverpool,0,0,1,THOMAS FRANK,2018-10-16,2025-06-30,73,0,0,0
2023-05-14,2022/2023,Brentford,West Ham,1,2,0,THOMAS FRANK,2018-10-16,2025-06-30,74,0,0,0
2023-05-20,2022/2023,Brentford,Tottenham,0,3,1,THOMAS FRANK,2018-10-16,2025-06-30,75,0,0,0
2023-05-28,2022/2023,Brentford,Manchester City,1,1,0,THOMAS FRANK,2018-10-16,2025-06-30,76,0,0,0
2023-08-13,2023/2024,Brentford,Tottenham,1,2,2,THOMAS FRANK,2018-10-16,2025-06-30,77,0,0,0
2023-08-19,2023/2024,Brentford,Fulham,0,3,0,THOMAS FRANK,2018-10-16,2025-06-30,78,0,0,0
2023-08-26,2023/2024,Brentford,Crystal Palace,1,1,1,THOMAS FRANK,2018-10-16,2025-06-30,79,0,0,0
2023-09-02,2023/2024,Brentford,Bournemouth,1,2,2,THOMAS FRANK,2018-10-16,2025-06-30,80,0,0,0
2023-09-16,2023/2024,Brentford,Newcastle Utd,0,0,1,THOMAS FRANK,2018-10-16,2025-06-30,81,0,0,0
2023-09-23,2023/2024,Brentford,Everton,1,1,3,THOMAS FRANK,2018-10-16,2025-06-30,82,0,0,0
2023-10-01,2023/2024,Brentford,Nott'ham Forest,0,1,1,THOMAS FRANK,2018-10-16,2025-06-30,83,0,0,0
2023-10-07,2023/2024,Brentford,Manchester Utd,0,1,2,THOMAS FRANK,2018-10-16,2025-06-30,84,0,0,0
2023-10-21,2023/2024,Brentford,Burnley,1,3,0,THOMAS FRANK,2018-10-16,2025-06-30,85,0,0,0
2023-10-28,2023/2024,Brentford,Chelsea,0,2,0,THOMAS FRANK,2018-10-16,2025-06-30,86,0,0,0
2023-11-04,2023/2024,Brentford,West Ham,1,3,2,THOMAS FRANK,2018-10-16,2025-06-30,87,0,0,0
2023-11-12,2023/2024,Brentford,Liverpool,0,0,3,THOMAS FRANK,2018-10-16,2025-06-30,88,0,0,0
2023-11-25,2023/2024,Brentford,Arsenal,1,0,1,THOMAS FRANK,2018-10-16,2025-06-30,89,0,0,0
2023-12-02,2023/2024,Brentford,Luton Town,1,3,1,THOMAS FRANK,2018-10-16,2025-06-30,90,0,0,0
2023-12-06,2023/2024,Brentford,Brighton,0,1,2,THOMAS FRANK,2018-10-16,2025-06-30,91,0,0,0
2023-12-09,2023/2024,Brentford,Sheffield Utd,0,0,1,THOMAS FRANK,2018-10-16,2025-06-30,92,0,0,0
2023-12-17,2023/2024,Brentford,Aston Villa,1,1,2,THOMAS FRANK,2018-10-16,2025-06-30,93,0,0,0
2023-12-27,2023/2024,Brentford,Wolves,1,1,4,THOMAS FRANK,2018-10-16,2025-06-30,94,0,0,0
2023-12-30,2023/2024,Brentford,Crystal Palace,0,1,3,THOMAS FRANK,2018-10-16,2025-06-30,95,0,0,0
2024-01-20,2023/2024,Brentford,Nott'ham Forest,1,3,2,THOMAS FRANK,2018-10-16,2025-06-30,96,0,0,0
2024-01-31,2023/2024,Brentford,Tottenham,0,2,3,THOMAS FRANK,2018-10-16,2025-06-30,97,0,0,0
2024-02-05,2023/2024,Brentford,Manchester City,1,1,3,THOMAS FRANK,2018-10-16,2025-06-30,98,0,0,0
2024-02-10,2023/2024,Brentford,Wolves,0,2,0,THOMAS FRANK,2018-10-16,2025-06-30,99,0,0,0
2024-02-17,2023/2024,Brentford,Liverpool,1,1,4,THOMAS FRANK,2018-10-16,2025-06-30,100,0,0,0
2024-02-20,2023/2024,Brentford,Manchester City,0,0,1,THOMAS FRANK,2018-10-16,2025-06-30,101,0,0,0
2024-02-26,2023/2024,Brentford,West Ham,0,2,4,THOMAS FRANK,2018-10-16,2025-06-30,102,0,0,0
2024-03-02,2023/2024,Brentford,Chelsea,1,2,2,THOMAS FRANK,2018-10-16,2025-06-30,103,0,0,0
2024-03-09,2023/2024,Brentford,Arsenal,0,1,2,THOMAS FRANK,2018-10-16,2025-06-30,104,0,0,0
2024-03-16,2023/2024,Brentford,Burnley,0,1,2,THOMAS FRANK,2018-10-16,2025-06-30,105,0,0,0
2024-03-30,2023/2024,Brentford,Manchester Utd,1,1,1,THOMAS FRANK,2018-10-16,2025-06-30,106,0,0,0
2024-04-03,2023/2024,Brentford,Brighton,1,0,0,THOMAS FRANK,2018-10-16,2025-06-30,107,0,0,0
2024-04-06,2023/2024,Brentford,Aston Villa,0,3,3,THOMAS FRANK,2018-10-16,2025-06-30,108,0,0,0
2024-04-13,2023/2024,Brentford,Sheffield Utd,1,2,0,THOMAS FRANK,2018-10-16,2025-06-30,109,0,0,0
2024-04-20,2023/2024,Brentford,Luton Town,0,5,1,THOMAS FRANK,2018-10-16,2025-06-30,110,0,0,0
2024-04-27,2023/2024,Brentford,Everton,0,0,1,THOMAS FRANK,2018-10-16,2025-06-30,111,0,0,0
2024-05-04,2023/2024,Brentford,Fulham,1,0,0,THOMAS FRANK,2018-10-16,2025-06-30,112,0,0,0
2024-05-11,2023/2024,Brentford,Bournemouth,0,2,1,THOMAS FRANK,2018-10-16,2025-06-30,113,0,0,0
2024-05-19,2023/2024,Brentford,Newcastle Utd,1,2,4,THOMAS FRANK,2018-10-16,2025-06-30,114,0,0,0
2017-08-12,2017/2018,Brighton,Manchester City,1,0,2,CHRIS HUGHTON,2014-12-31,2019-05-13,1,1,0,0
2017-08-19,2017/2018,Brighton,Leicester City,0,0,2,CHRIS HUGHTON,2014-12-31,2019-05-13,2,1,0,0
2017-08-26,2017/2018,Brighton,Watford,0,0,0,CHRIS HUGHTON,2014-12-31,2019-05-13,3,1,0,0
2017-09-09,2017/2018,Brighton,West Brom,1,3,1,CHRIS HUGHTON,2014-12-31,2019-05-13,4,0,1,0
2017-09-15,2017/2018,Brighton,Bournemouth,0,1,2,CHRIS HUGHTON,2014-12-31,2019-05-13,5,0,1,0
2017-09-24,2017/2018,Brighton,Newcastle Utd,1,1,0,CHRIS HUGHTON,2014-12-31,2019-05-13,6,0,1,0
2017-10-01,2017/2018,Brighton,Arsenal,0,0,2,CHRIS HUGHTON,2014-12-31,2019-05-13,7,0,0,1
2017-10-15,2017/2018,Brighton,Everton,1,1,1,CHRIS HUGHTON,2014-12-31,2019-05-13,8,0,0,1
2017-10-20,2017/2018,Brighton,West Ham,0,3,0,CHRIS HUGHTON,2014-12-31,2019-05-13,9,0,0,1
2017-10-29,2017/2018,Brighton,Southampton,1,1,1,CHRIS HUGHTON,2014-12-31,2019-05-13,10,0,0,1
2017-11-04,2017/2018,Brighton,Swansea City,0,1,0,CHRIS HUGHTON,2014-12-31,2019-05-13,11,0,0,0
2017-11-20,2017/2018,Brighton,Stoke City,1,2,2,CHRIS HUGHTON,2014-12-31,2019-05-13,12,0,0,0
2017-11-25,2017/2018,Brighton,Manchester Utd,0,0,1,CHRIS HUGHTON,2014-12-31,2019-05-13,13,0,0,0
2017-11-28,2017/2018,Brighton,Crystal Palace,1,0,0,CHRIS HUGHTON,2014-12-31,2019-05-13,14,0,0,0
2017-12-02,2017/2018,Brighton,Liverpool,1,1,5,CHRIS HUGHTON,2014-12-31,2019-05-13,15,0,0,0
2017-12-09,2017/2018,Brighton,Huddersfield,0,0,2,CHRIS HUGHTON,2014-12-31,2019-05-13,16,0,0,0
2017-12-13,2017/2018,Brighton,Tottenham,0,0,2,CHRIS HUGHTON,2014-12-31,2019-05-13,17,0,0,0
2017-12-16,2017/2018,Brighton,Burnley,1,0,0,CHRIS HUGHTON,2014-12-31,2019-05-13,18,0,0,0
2017-12-23,2017/2018,Brighton,Watford,1,1,0,CHRIS HUGHTON,2014-12-31,2019-05-13,19,0,0,0
2017-12-26,2017/2018,Brighton,Chelsea,0,0,2,CHRIS HUGHTON,2014-12-31,2019-05-13,20,0,0,0
2017-12-30,2017/2018,Brighton,Newcastle Utd,0,0,0,CHRIS HUGHTON,2014-12-31,2019-05-13,21,0,0,0
2018-01-01,2017/2018,Brighton,Bournemouth,1,2,2,CHRIS HUGHTON,2014-12-31,2019-05-13,22,0,0,0
2018-01-13,2017/2018,Brighton,West Brom,0,0,2,CHRIS HUGHTON,2014-12-31,2019-05-13,23,0,0,0
2018-01-20,2017/2018,Brighton,Chelsea,1,0,4,CHRIS HUGHTON,2014-12-31,2019-05-13,24,0,0,0
2018-01-31,2017/2018,Brighton,Southampton,0,1,1,CHRIS HUGHTON,2014-12-31,2019-05-13,25,0,0,0
2018-02-03,2017/2018,Brighton,West Ham,1,3,1,CHRIS HUGHTON,2014-12-31,2019-05-13,26,0,0,0
2018-02-10,2017/2018,Brighton,Stoke City,0,1,1,CHRIS HUGHTON,2014-12-31,2019-05-13,27,0,0,0
2018-02-24,2017/2018,Brighton,Swansea City,1,4,1,CHRIS HUGHTON,2014-12-31,2019-05-13,28,0,0,0
2018-03-04,2017/2018,Brighton,Arsenal,1,2,1,CHRIS HUGHTON,2014-12-31,2019-05-13,29,0,0,0
2018-03-10,2017/2018,Brighton,Everton,0,0,2,CHRIS HUGHTON,2014-12-31,2019-05-13,30,0,0,0
2018-03-31,2017/2018,Brighton,Leicester City,1,0,2,CHRIS HUGHTON,2014-12-31,2019-05-13,31,0,0,0
2018-04-07,2017/2018,Brighton,Huddersfield,1,1,1,CHRIS HUGHTON,2014-12-31,2019-05-13,32,0,0,0
2018-04-14,2017/2018,Brighton,Crystal Palace,0,2,3,CHRIS HUGHTON,2014-12-31,2019-05-13,33,0,0,0
2018-04-17,2017/2018,Brighton,Tottenham,1,1,1,CHRIS HUGHTON,2014-12-31,2019-05-13,34,0,0,0
2018-04-28,2017/2018,Brighton,Burnley,0,0,0,CHRIS HUGHTON,2014-12-31,2019-05-13,35,0,0,0
2018-05-04,2017/2018,Brighton,Manchester Utd,1,1,0,CHRIS HUGHTON,2014-12-31,2019-05-13,36,0,0,0
2018-05-09,2017/2018,Brighton,Manchester City,0,1,3,CHRIS HUGHTON,2014-12-31,2019-05-13,37,0,0,0
2018-05-13,2017/2018,Brighton,Liverpool,0,0,4,CHRIS HUGHTON,2014-12-31,2019-05-13,38,0,0,0
2018-08-11,2018/2019,Brighton,Watford,0,0,2,CHRIS HUGHTON,2014-12-31,2019-05-13,39,0,0,0
2018-08-19,2018/2019,Brighton,Manchester Utd,1,3,2,CHRIS HUGHTON,2014-12-31,2019-05-13,40,0,0,0
2018-08-25,2018/2019,Brighton,Liverpool,0,0,1,CHRIS HUGHTON,2014-12-31,2019-05-13,41,0,0,0
2018-09-01,2018/2019,Brighton,Fulham,1,2,2,CHRIS HUGHTON,2014-12-31,2019-05-13,42,0,0,0
2018-09-17,2018/2019,Brighton,Southampton,0,2,2,CHRIS HUGHTON,2014-12-31,2019-05-13,43,0,0,0
2018-09-22,2018/2019,Brighton,Tottenham,1,1,2,CHRIS HUGHTON,2014-12-31,2019-05-13,44,0,0,0
2018-09-29,2018/2019,Brighton,Manchester City,0,0,2,CHRIS HUGHTON,2014-12-31,2019-05-13,45,0,0,0
2018-10-05,2018/2019,Brighton,West Ham,1,1,0,CHRIS HUGHTON,2014-12-31,2019-05-13,46,0,0,0
2018-10-20,2018/2019,Brighton,Newcastle Utd,0,1,0,CHRIS HUGHTON,2014-12-31,2019-05-13,47,0,0,0
2018-10-27,2018/2019,Brighton,Wolves,1,1,0,CHRIS HUGHTON,2014-12-31,2019-05-13,48,0,0,0
2018-11-03,2018/2019,Brighton,Everton,0,1,3,CHRIS HUGHTON,2014-12-31,2019-05-13,49,0,0,0
2018-11-10,2018/2019,Brighton,Cardiff City,0,1,2,CHRIS HUGHTON,2014-12-31,2019-05-13,50,0,0,0
2018-11-24,2018/2019,Brighton,Leicester City,1,1,1,CHRIS HUGHTON,2014-12-31,2019-05-13,51,0,0,0
2018-12-01,2018/2019,Brighton,Huddersfield,0,2,1,CHRIS HUGHTON,2014-12-31,2019-05-13,52,0,0,0
2018-12-04,2018/2019,Brighton,Crystal Palace,1,3,1,CHRIS HUGHTON,2014-12-31,2019-05-13,53,0,0,0
2018-12-08,2018/2019,Brighton,Burnley,0,0,1,CHRIS HUGHTON,2014-12-31,2019-05-13,54,0,0,0
2018-12-16,2018/2019,Brighton,Chelsea,1,1,2,CHRIS HUGHTON,2014-12-31,2019-05-13,55,0,0,0
2018-12-22,2018/2019,Brighton,Bournemouth,0,0,2,CHRIS HUGHTON,2014-12-31,2019-05-13,56,0,0,0
2018-12-26,2018/2019,Brighton,Arsenal,1,1,1,CHRIS HUGHTON,2014-12-31,2019-05-13,57,0,0,0
2018-12-29,2018/2019,Brighton,Everton,1,1,0,CHRIS HUGHTON,2014-12-31,2019-05-13,58,0,0,0
2019-01-02,2018/2019,Brighton,West Ham,0,2,2,CHRIS HUGHTON,2014-12-31,2019-05-13,59,0,0,0
2019-01-12,2018/2019,Brighton,Liverpool,1,0,1,CHRIS HUGHTON,2014-12-31,2019-05-13,60,0,0,0
2019-01-19,2018/2019,Brighton,Manchester Utd,0,1,2,CHRIS HUGHTON,2014-12-31,2019-05-13,61,0,0,0
2019-01-29,2018/2019,Brighton,Fulham,0,2,4,CHRIS HUGHTON,2014-12-31,2019-05-13,62,0,0,0
2019-02-02,2018/2019,Brighton,Watford,1,0,0,CHRIS HUGHTON,2014-12-31,2019-05-13,63,0,0,0
2019-02-09,2018/2019,Brighton,Burnley,1,1,3,CHRIS HUGHTON,2014-12-31,2019-05-13,64,0,0,0
2019-02-26,2018/2019,Brighton,Leicester City,0,1,2,CHRIS HUGHTON,2014-12-31,2019-05-13,65,0,0,0
2019-03-02,2018/2019,Brighton,Huddersfield,1,1,0,CHRIS HUGHTON,2014-12-31,2019-05-13,66,0,0,0
2019-03-09,2018/2019,Brighton,Crystal Palace,0,2,1,CHRIS HUGHTON,2014-12-31,2019-05-13,67,0,0,0
2019-03-30,2018/2019,Brighton,Southampton,1,0,1,CHRIS HUGHTON,2014-12-31,2019-05-13,68,0,0,0
2019-04-03,2018/2019,Brighton,Chelsea,0,0,3,CHRIS HUGHTON,2014-12-31,2019-05-13,69,0,0,0
2019-04-13,2018/2019,Brighton,Bournemouth,1,0,5,CHRIS HUGHTON,2014-12-31,2019-05-13,70,0,0,0
2019-04-16,2018/2019,Brighton,Cardiff City,1,0,2,CHRIS HUGHTON,2014-12-31,2019-05-13,71,0,0,0
2019-04-20,2018/2019,Brighton,Wolves,0,0,0,CHRIS HUGHTON,2014-12-31,2019-05-13,72,0,0,0
2019-04-23,2018/2019,Brighton,Tottenham,0,0,1,CHRIS HUGHTON,2014-12-31,2019-05-13,73,0,0,0
2019-04-27,2018/2019,Brighton,Newcastle Utd,1,1,1,CHRIS HUGHTON,2014-12-31,2019-05-13,74,0,0,0
2019-05-05,2018/2019,Brighton,Arsenal,0,1,1,CHRIS HUGHTON,2014-12-31,2019-05-13,75,0,0,0
2019-05-12,2018/2019,Brighton,Manchester City,1,1,4,CHRIS HUGHTON,2014-12-31,2019-05-13,76,0,0,0
2024-01-22,2023/2024,Brighton,Wolves,1,0,0,FABIAN HURZELER,2024-01-07,2100-01-01,1,1,0,0
2024-01-30,2023/2024,Brighton,Luton Town,0,0,4,FABIAN HURZELER,2024-01-07,2100-01-01,2,1,0,0
2024-02-03,2023/2024,Brighton,Crystal Palace,1,4,1,FABIAN HURZELER,2024-01-07,2100-01-01,3,1,0,0
2024-02-10,2023/2024,Brighton,Tottenham,0,1,2,FABIAN HURZELER,2024-01-07,2100-01-01,4,0,1,0
2024-02-18,2023/2024,Brighton,Sheffield Utd,0,5,0,FABIAN HURZELER,2024-01-07,2100-01-01,5,0,1,0
2024-02-24,2023/2024,Brighton,Everton,1,1,1,FABIAN HURZELER,2024-01-07,2100-01-01,6,0,1,0
2024-03-02,2023/2024,Brighton,Fulham,0,0,3,FABIAN HURZELER,2024-01-07,2100-01-01,7,0,0,1
2024-03-10,2023/2024,Brighton,Nott'ham Forest,1,1,0,FABIAN HURZELER,2024-01-07,2100-01-01,8,0,0,1
2024-03-31,2023/2024,Brighton,Liverpool,0,1,2,FABIAN HURZELER,2024-01-07,2100-01-01,9,0,0,1
2024-04-03,2023/2024,Brighton,Brentford,0,0,0,FABIAN HURZELER,2024-01-07,2100-01-01,10,0,0,1
2024-04-06,2023/2024,Brighton,Arsenal,1,0,3,FABIAN HURZELER,2024-01-07,2100-01-01,11,0,0,0
2024-04-13,2023/2024,Brighton,Burnley,0,1,1,FABIAN HURZELER,2024-01-07,2100-01-01,12,0,0,0
2024-04-25,2023/2024,Brighton,Manchester City,1,0,4,FABIAN HURZELER,2024-01-07,2100-01-01,13,0,0,0
2024-04-28,2023/2024,Brighton,Bournemouth,0,0,3,FABIAN HURZELER,2024-01-07,2100-01-01,14,0,0,0
2024-05-05,2023/2024,Brighton,Aston Villa,1,1,0,FABIAN HURZELER,2024-01-07,2100-01-01,15,0,0,0
2024-05-11,2023/2024,Brighton,Newcastle Utd,0,1,1,FABIAN HURZELER,2024-01-07,2100-01-01,16,0,0,0
2024-05-15,2023/2024,Brighton,Chelsea,1,1,2,FABIAN HURZELER,2024-01-07,2100-01-01,17,0,0,0
2024-05-19,2023/2024,Brighton,Manchester Utd,1,0,2,FABIAN HURZELER,2024-01-07,2100-01-01,18,0,0,0
2019-08-10,2019/2020,Brighton,Watford,0,3,0,GRAHAM POTTER,2019-05-20,2022-09-07,1,1,0,0
2019-08-17,2019/2020,Brighton,West Ham,1,1,1,GRAHAM POTTER,2019-05-20,2022-09-07,2,1,0,0
2019-08-24,2019/2020,Brighton,Southampton,1,0,2,GRAHAM POTTER,2019-05-20,2022-09-07,3,1,0,0
2019-08-31,2019/2020,Brighton,Manchester City,0,0,4,GRAHAM POTTER,2019-05-20,2022-09-07,4,0,1,0
2019-09-14,2019/2020,Brighton,Burnley,1,1,1,GRAHAM POTTER,2019-05-20,2022-09-07,5,0,1,0
2019-09-21,2019/2020,Brighton,Newcastle Utd,0,0,0,GRAHAM POTTER,2019-05-20,2022-09-07,6,0,1,0
2019-09-28,2019/2020,Brighton,Chelsea,0,0,2,GRAHAM POTTER,2019-05-20,2022-09-07,7,0,0,1
2019-10-05,2019/2020,Brighton,Tottenham,1,3,0,GRAHAM POTTER,2019-05-20,2022-09-07,8,0,0,1
2019-10-19,2019/2020,Brighton,Aston Villa,0,1,2,GRAHAM POTTER,2019-05-20,2022-09-07,9,0,0,1
2019-10-26,2019/2020,Brighton,Everton,1,3,2,GRAHAM POTTER,2019-05-20,2022-09-07,10,0,0,1
2019-11-02,2019/2020,Brighton,Norwich City,1,2,0,GRAHAM POTTER,2019-05-20,2022-09-07,11,0,0,0
2019-11-10,2019/2020,Brighton,Manchester Utd,0,1,3,GRAHAM POTTER,2019-05-20,2022-09-07,12,0,0,0
2019-11-23,2019/2020,Brighton,Leicester City,1,0,2,GRAHAM POTTER,2019-05-20,2022-09-07,13,0,0,0
2019-11-30,2019/2020,Brighton,Liverpool,0,1,2,GRAHAM POTTER,2019-05-20,2022-09-07,14,0,0,0
2019-12-05,2019/2020,Brighton,Arsenal,0,2,1,GRAHAM POTTER,2019-05-20,2022-09-07,15,0,0,0
2019-12-08,2019/2020,Brighton,Wolves,1,2,2,GRAHAM POTTER,2019-05-20,2022-09-07,16,0,0,0
2019-12-16,2019/2020,Brighton,Crystal Palace,0,1,1,GRAHAM POTTER,2019-05-20,2022-09-07,17,0,0,0
2019-12-21,2019/2020,Brighton,Sheffield Utd,1,0,1,GRAHAM POTTER,2019-05-20,2022-09-07,18,0,0,0
2019-12-26,2019/2020,Brighton,Tottenham,0,1,2,GRAHAM POTTER,2019-05-20,2022-09-07,19,0,0,0
2019-12-28,2019/2020,Brighton,Bournemouth,1,2,0,GRAHAM POTTER,2019-05-20,2022-09-07,20,0,0,0
2020-01-01,2019/2020,Brighton,Chelsea,1,1,1,GRAHAM POTTER,2019-05-20,2022-09-07,21,0,0,0
2020-01-11,2019/2020,Brighton,Everton,0,0,1,GRAHAM POTTER,2019-05-20,2022-09-07,22,0,0,0
2020-01-18,2019/2020,Brighton,Aston Villa,1,1,1,GRAHAM POTTER,2019-05-20,2022-09-07,23,0,0,0
2020-01-21,2019/2020,Brighton,Bournemouth,0,1,3,GRAHAM POTTER,2019-05-20,2022-09-07,24,0,0,0
2020-02-01,2019/2020,Brighton,West Ham,0,3,3,GRAHAM POTTER,2019-05-20,2022-09-07,25,0,0,0
2020-02-08,2019/2020,Brighton,Watford,1,1,1,GRAHAM POTTER,2019-05-20,2022-09-07,26,0,0,0
2020-02-22,2019/2020,Brighton,Sheffield Utd,0,1,1,GRAHAM POTTER,2019-05-20,2022-09-07,27,0,0,0
2020-02-29,2019/2020,Brighton,Crystal Palace,1,0,1,GRAHAM POTTER,2019-05-20,2022-09-07,28,0,0,0
2020-03-07,2019/2020,Brighton,Wolves,0,0,0,GRAHAM POTTER,2019-05-20,2022-09-07,29,0,0,0
2020-06-20,2019/2020,Brighton,Arsenal,1,2,1,GRAHAM POTTER,2019-05-20,2022-09-07,30,0,0,0
2020-06-23,2019/2020,Brighton,Leicester City,0,0,0,GRAHAM POTTER,2019-05-20,2022-09-07,31,0,0,0
2020-06-30,2019/2020,Brighton,Manchester Utd,1,0,3,GRAHAM POTTER,2019-05-20,2022-09-07,32,0,0,0
2020-07-04,2019/2020,Brighton,Norwich City,0,1,0,GRAHAM POTTER,2019-05-20,2022-09-07,33,0,0,0
2020-07-08,2019/2020,Brighton,Liverpool,1,1,3,GRAHAM POTTER,2019-05-20,2022-09-07,34,0,0,0
2020-07-11,2019/2020,Brighton,Manchester City,1,0,5,GRAHAM POTTER,2019-05-20,2022-09-07,35,0,0,0
2020-07-16,2019/2020,Brighton,Southampton,0,1,1,GRAHAM POTTER,2019-05-20,2022-09-07,36,0,0,0
2020-07-20,2019/2020,Brighton,Newcastle Utd,1,0,0,GRAHAM POTTER,2019-05-20,2022-09-07,37,0,0,0
2020-07-26,2019/2020,Brighton,Burnley,0,2,1,GRAHAM POTTER,2019-05-20,2022-09-07,38,0,0,0
2020-09-14,2020/2021,Brighton,Chelsea,1,1,3,GRAHAM POTTER,2019-05-20,2022-09-07,39,0,0,0
2020-09-20,2020/2021,Brighton,Newcastle Utd,0,3,0,GRAHAM POTTER,2019-05-20,2022-09-07,40,0,0,0
2020-09-26,2020/2021,Brighton,Manchester Utd,1,2,3,GRAHAM POTTER,2019-05-20,2022-09-07,41,0,0,0
2020-10-03,2020/2021,Brighton,Everton,0,2,4,GRAHAM POTTER,2019-05-20,2022-09-07,42,0,0,0
2020-10-18,2020/2021,Brighton,Crystal Palace,0,1,1,GRAHAM POTTER,2019-05-20,2022-09-07,43,0,0,0
2020-10-26,2020/2021,Brighton,West Brom,1,1,1,GRAHAM POTTER,2019-05-20,2022-09-07,44,0,0,0
2020-11-01,2020/2021,Brighton,Tottenham,0,1,2,GRAHAM POTTER,2019-05-20,2022-09-07,45,0,0,0
2020-11-06,2020/2021,Brighton,Burnley,1,0,0,GRAHAM POTTER,2019-05-20,2022-09-07,46,0,0,0
2020-11-21,2020/2021,Brighton,Aston Villa,0,2,1,GRAHAM POTTER,2019-05-20,2022-09-07,47,0,0,0
2020-11-28,2020/2021,Brighton,Liverpool,1,1,1,GRAHAM POTTER,2019-05-20,2022-09-07,48,0,0,0
2020-12-07,2020/2021,Brighton,Southampton,1,1,2,GRAHAM POTTER,2019-05-20,2022-09-07,49,0,0,0
2020-12-13,2020/2021,Brighton,Leicester City,0,0,3,GRAHAM POTTER,2019-05-20,2022-09-07,50,0,0,0
2020-12-16,2020/2021,Brighton,Fulham,0,0,0,GRAHAM POTTER,2019-05-20,2022-09-07,51,0,0,0
2020-12-20,2020/2021,Brighton,Sheffield Utd,1,1,1,GRAHAM POTTER,2019-05-20,2022-09-07,52,0,0,0
2020-12-27,2020/2021,Brighton,West Ham,0,2,2,GRAHAM POTTER,2019-05-20,2022-09-07,53,0,0,0
2020-12-29,2020/2021,Brighton,Arsenal,1,0,1,GRAHAM POTTER,2019-05-20,2022-09-07,54,0,0,0
2021-01-02,2020/2021,Brighton,Wolves,1,3,3,GRAHAM POTTER,2019-05-20,2022-09-07,55,0,0,0
2021-01-13,2020/2021,Brighton,Manchester City,0,0,1,GRAHAM POTTER,2019-05-20,2022-09-07,56,0,0,0
2021-01-16,2020/2021,Brighton,Leeds United,0,1,0,GRAHAM POTTER,2019-05-20,2022-09-07,57,0,0,0
2021-01-27,2020/2021,Brighton,Fulham,1,0,0,GRAHAM POTTER,2019-05-20,2022-09-07,58,0,0,0
2021-01-31,2020/2021,Brighton,Tottenham,1,1,0,GRAHAM POTTER,2019-05-20,2022-09-07,59,0,0,0
2021-02-03,2020/2021,Brighton,Liverpool,0,1,0,GRAHAM POTTER,2019-05-20,2022-09-07,60,0,0,0
2021-02-06,2020/2021,Brighton,Burnley,0,1,1,GRAHAM POTTER,2019-05-20,2022-09-07,61,0,0,0
2021-02-13,2020/2021,Brighton,Aston Villa,1,0,0,GRAHAM POTTER,2019-05-20,2022-09-07,62,0,0,0
2021-02-22,2020/2021,Brighton,Crystal Palace,1,1,2,GRAHAM POTTER,2019-05-20,2022-09-07,63,0,0,0
2021-02-27,2020/2021,Brighton,West Brom,0,0,1,GRAHAM POTTER,2019-05-20,2022-09-07,64,0,0,0
2021-03-06,2020/2021,Brighton,Leicester City,1,1,2,GRAHAM POTTER,2019-05-20,2022-09-07,65,0,0,0
2021-03-14,2020/2021,Brighton,Southampton,0,2,1,GRAHAM POTTER,2019-05-20,2022-09-07,66,0,0,0
2021-03-20,2020/2021,Brighton,Newcastle Utd,1,3,0,GRAHAM POTTER,2019-05-20,2022-09-07,67,0,0,0
2021-04-04,2020/2021,Brighton,Manchester Utd,0,1,2,GRAHAM POTTER,2019-05-20,2022-09-07,68,0,0,0
2021-04-12,2020/2021,Brighton,Everton,1,0,0,GRAHAM POTTER,2019-05-20,2022-09-07,69,0,0,0
2021-04-20,2020/2021,Brighton,Chelsea,0,0,0,GRAHAM POTTER,2019-05-20,2022-09-07,70,0,0,0
2021-04-24,2020/2021,Brighton,Sheffield Utd,0,0,1,GRAHAM POTTER,2019-05-20,2022-09-07,71,0,0,0
2021-05-01,2020/2021,Brighton,Leeds United,1,2,0,GRAHAM POTTER,2019-05-20,2022-09-07,72,0,0,0
2021-05-09,2020/2021,Brighton,Wolves,0,1,2,GRAHAM POTTER,2019-05-20,2022-09-07,73,0,0,0
2021-05-15,2020/2021,Brighton,West Ham,1,1,1,GRAHAM POTTER,2019-05-20,2022-09-07,74,0,0,0
2021-05-18,2020/2021,Brighton,Manchester City,1,3,2,GRAHAM POTTER,2019-05-20,2022-09-07,75,0,0,0
2021-05-23,2020/2021,Brighton,Arsenal,0,0,2,GRAHAM POTTER,2019-05-20,2022-09-07,76,0,0,0
2021-08-14,2021/2022,Brighton,Burnley,0,2,1,GRAHAM POTTER,2019-05-20,2022-09-07,77,0,0,0
2021-08-21,2021/2022,Brighton,Watford,1,2,0,GRAHAM POTTER,2019-05-20,2022-09-07,78,0,0,0
2021-08-28,2021/2022,Brighton,Everton,1,0,2,GRAHAM POTTER,2019-05-20,2022-09-07,79,0,0,0
2021-09-11,2021/2022,Brighton,Brentford,0,1,0,GRAHAM POTTER,2019-05-20,2022-09-07,80,0,0,0
2021-09-19,2021/2022,Brighton,Leicester City,1,2,1,GRAHAM POTTER,2019-05-20,2022-09-07,81,0,0,0
2021-09-27,2021/2022,Brighton,Crystal Palace,0,1,1,GRAHAM POTTER,2019-05-20,2022-09-07,82,0,0,0
2021-10-02,2021/2022,Brighton,Arsenal,1,0,0,GRAHAM POTTER,2019-05-20,2022-09-07,83,0,0,0
2021-10-16,2021/2022,Brighton,Norwich City,0,0,0,GRAHAM POTTER,2019-05-20,2022-09-07,84,0,0,0
2021-10-23,2021/2022,Brighton,Manchester City,1,1,4,GRAHAM POTTER,2019-05-20,2022-09-07,85,0,0,0
2021-10-30,2021/2022,Brighton,Liverpool,0,2,2,GRAHAM POTTER,2019-05-20,2022-09-07,86,0,0,0
2021-11-06,2021/2022,Brighton,Newcastle Utd,1,1,1,GRAHAM POTTER,2019-05-20,2022-09-07,87,0,0,0
2021-11-20,2021/2022,Brighton,Aston Villa,0,0,2,GRAHAM POTTER,2019-05-20,2022-09-07,88,0,0,0
2021-11-27,2021/2022,Brighton,Leeds United,1,0,0,GRAHAM POTTER,2019-05-20,2022-09-07,89,0,0,0
2021-12-01,2021/2022,Brighton,West Ham,0,1,1,GRAHAM POTTER,2019-05-20,2022-09-07,90,0,0,0
2021-12-04,2021/2022,Brighton,Southampton,0,1,1,GRAHAM POTTER,2019-05-20,2022-09-07,91,0,0,0
2021-12-15,2021/2022,Brighton,Wolves,1,0,1,GRAHAM POTTER,2019-05-20,2022-09-07,92,0,0,0
2021-12-26,2021/2022,Brighton,Brentford,1,2,0,GRAHAM POTTER,2019-05-20,2022-09-07,93,0,0,0
2021-12-29,2021/2022,Brighton,Chelsea,0,1,1,GRAHAM POTTER,2019-05-20,2022-09-07,94,0,0,0
2022-01-02,2021/2022,Brighton,Everton,0,3,2,GRAHAM POTTER,2019-05-20,2022-09-07,95,0,0,0
2022-01-14,2021/2022,Brighton,Crystal Palace,1,1,1,GRAHAM POTTER,2019-05-20,2022-09-07,96,0,0,0
2022-01-18,2021/2022,Brighton,Chelsea,1,1,1,GRAHAM POTTER,2019-05-20,2022-09-07,97,0,0,0
2022-01-23,2021/2022,Brighton,Leicester City,0,1,1,GRAHAM POTTER,2019-05-20,2022-09-07,98,0,0,0
2022-02-12,2021/2022,Brighton,Watford,0,2,0,GRAHAM POTTER,2019-05-20,2022-09-07,99,0,0,0
2022-02-15,2021/2022,Brighton,Manchester Utd,0,0,2,GRAHAM POTTER,2019-05-20,2022-09-07,100,0,0,0
2022-02-19,2021/2022,Brighton,Burnley,1,0,3,GRAHAM POTTER,2019-05-20,2022-09-07,101,0,0,0
2022-02-26,2021/2022,Brighton,Aston Villa,1,0,2,GRAHAM POTTER,2019-05-20,2022-09-07,102,0,0,0
2022-03-05,2021/2022,Brighton,Newcastle Utd,0,1,2,GRAHAM POTTER,2019-05-20,2022-09-07,103,0,0,0
2022-03-12,2021/2022,Brighton,Liverpool,1,0,2,GRAHAM POTTER,2019-05-20,2022-09-07,104,0,0,0
2022-03-16,2021/2022,Brighton,Tottenham,1,0,2,GRAHAM POTTER,2019-05-20,2022-09-07,105,0,0,0
2022-04-02,2021/2022,Brighton,Norwich City,1,0,0,GRAHAM POTTER,2019-05-20,2022-09-07,106,0,0,0
2022-04-09,2021/2022,Brighton,Arsenal,0,2,1,GRAHAM POTTER,2019-05-20,2022-09-07,107,0,0,0
2022-04-16,2021/2022,Brighton,Tottenham,0,1,0,GRAHAM POTTER,2019-05-20,2022-09-07,108,0,0,0
2022-04-20,2021/2022,Brighton,Manchester City,0,0,3,GRAHAM POTTER,2019-05-20,2022-09-07,109,0,0,0
2022-04-24,2021/2022,Brighton,Southampton,1,2,2,GRAHAM POTTER,2019-05-20,2022-09-07,110,0,0,0
2022-04-30,2021/2022,Brighton,Wolves,0,3,0,GRAHAM POTTER,2019-05-20,2022-09-07,111,0,0,0
2022-05-07,2021/2022,Brighton,Manchester Utd,1,4,0,GRAHAM POTTER,2019-05-20,2022-09-07,112,0,0,0
2022-05-15,2021/2022,Brighton,Leeds United,0,1,1,GRAHAM POTTER,2019-05-20,2022-09-07,113,0,0,0
2022-05-22,2021/2022,Brighton,West Ham,1,3,1,GRAHAM POTTER,2019-05-20,2022-09-07,114,0,0,0
2022-08-07,2022/2023,Brighton,Manchester Utd,0,2,1,GRAHAM POTTER,2019-05-20,2022-09-07,115,0,0,0
2022-08-13,2022/2023,Brighton,Newcastle Utd,1,0,0,GRAHAM POTTER,2019-05-20,2022-09-07,116,0,0,0
2022-08-21,2022/2023,Brighton,West Ham,0,2,0,GRAHAM POTTER,2019-05-20,2022-09-07,117,0,0,0
2022-08-27,2022/2023,Brighton,Leeds United,1,1,0,GRAHAM POTTER,2019-05-20,2022-09-07,118,0,0,0
2022-08-30,2022/2023,Brighton,Fulham,0,1,2,GRAHAM POTTER,2019-05-20,2022-09-07,119,0,0,0
2022-09-04,2022/2023,Brighton,Leicester City,1,5,2,GRAHAM POTTER,2019-05-20,2022-09-07,120,0,0,0
2022-10-01,2022/2023,Brighton,Liverpool,0,3,3,ROBERTO DE ZERBI,2022-09-18,2024-06-30,1,1,0,0
2022-10-08,2022/2023,Brighton,Tottenham,1,0,1,ROBERTO DE ZERBI,2022-09-18,2024-06-30,2,1,0,0
2022-10-14,2022/2023,Brighton,Brentford,0,0,2,ROBERTO DE ZERBI,2022-09-18,2024-06-30,3,1,0,0
2022-10-18,2022/2023,Brighton,Nott'ham Forest,1,0,0,ROBERTO DE ZERBI,2022-09-18,2024-06-30,4,0,1,0
2022-10-22,2022/2023,Brighton,Manchester City,0,1,3,ROBERTO DE ZERBI,2022-09-18,2024-06-30,5,0,1,0
2022-10-29,2022/2023,Brighton,Chelsea,1,4,1,ROBERTO DE ZERBI,2022-09-18,2024-06-30,6,0,1,0
2022-11-05,2022/2023,Brighton,Wolves,0,3,2,ROBERTO DE ZERBI,2022-09-18,2024-06-30,7,0,0,1
2022-11-13,2022/2023,Brighton,Aston Villa,1,1,2,ROBERTO DE ZERBI,2022-09-18,2024-06-30,8,0,0,1
2022-12-26,2022/2023,Brighton,Southampton,0,3,1,ROBERTO DE ZERBI,2022-09-18,2024-06-30,9,0,0,1
2022-12-31,2022/2023,Brighton,Arsenal,1,2,4,ROBERTO DE ZERBI,2022-09-18,2024-06-30,10,0,0,1
2023-01-03,2022/2023,Brighton,Everton,0,4,1,ROBERTO DE ZERBI,2022-09-18,2024-06-30,11,0,0,0
2023-01-14,2022/2023,Brighton,Liverpool,1,3,0,ROBERTO DE ZERBI,2022-09-18,2024-06-30,12,0,0,0
2023-01-21,2022/2023,Brighton,Leicester City,0,2,2,ROBERTO DE ZERBI,2022-09-18,2024-06-30,13,0,0,0
2023-02-04,2022/2023,Brighton,Bournemouth,1,1,0,ROBERTO DE ZERBI,2022-09-18,2024-06-30,14,0,0,0
2023-02-11,2022/2023,Brighton,Crystal Palace,0,1,1,ROBERTO DE ZERBI,2022-09-18,2024-06-30,15,0,0,0
2023-02-18,2022/2023,Brighton,Fulham,1,0,1,ROBERTO DE ZERBI,2022-09-18,2024-06-30,16,0,0,0
2023-03-04,2022/2023,Brighton,West Ham,1,4,0,ROBERTO DE ZERBI,2022-09-18,2024-06-30,17,0,0,0
2023-03-11,2022/2023,Brighton,Leeds United,0,2,2,ROBERTO DE ZERBI,2022-09-18,2024-06-30,18,0,0,0
2023-03-15,2022/2023,Brighton,Crystal Palace,1,1,0,ROBERTO DE ZERBI,2022-09-18,2024-06-30,19,0,0,0
2023-04-01,2022/2023,Brighton,Brentford,1,3,3,ROBERTO DE ZERBI,2022-09-18,2024-06-30,20,0,0,0
2023-04-04,2022/2023,Brighton,Bournemouth,0,2,0,ROBERTO DE ZERBI,2022-09-18,2024-06-30,21,0,0,0
2023-04-08,2022/2023,Brighton,Tottenham,0,1,2,ROBERTO DE ZERBI,2022-09-18,2024-06-30,22,0,0,0
2023-04-15,2022/2023,Brighton,Chelsea,0,2,1,ROBERTO DE ZERBI,2022-09-18,2024-06-30,23,0,0,0
2023-04-26,2022/2023,Brighton,Nott'ham Forest,0,1,3,ROBERTO DE ZERBI,2022-09-18,2024-06-30,24,0,0,0
2023-04-29,2022/2023,Brighton,Wolves,1,6,0,ROBERTO DE ZERBI,2022-09-18,2024-06-30,25,0,0,0
2023-05-04,2022/2023,Brighton,Manchester Utd,1,1,0,ROBERTO DE ZERBI,2022-09-18,2024-06-30,26,0,0,0
2023-05-08,2022/2023,Brighton,Everton,1,1,5,ROBERTO DE ZERBI,2022-09-18,2024-06-30,27,0,0,0
2023-05-14,2022/2023,Brighton,Arsenal,0,3,0,ROBERTO DE ZERBI,2022-09-18,2024-06-30,28,0,0,0
2023-05-18,2022/2023,Brighton,Newcastle Utd,0,1,4,ROBERTO DE ZERBI,2022-09-18,2024-06-30,29,0,0,0
2023-05-21,2022/2023,Brighton,Southampton,1,3,1,ROBERTO DE ZERBI,2022-09-18,2024-06-30,30,0,0,0
2023-05-24,2022/2023,Brighton,Manchester City,1,1,1,ROBERTO DE ZERBI,2022-09-18,2024-06-30,31,0,0,0
2023-05-28,2022/2023,Brighton,Aston Villa,0,1,2,ROBERTO DE ZERBI,2022-09-18,2024-06-30,32,0,0,0
2023-08-12,2023/2024,Brighton,Luton Town,1,4,1,ROBERTO DE ZERBI,2022-09-18,2024-06-30,33,0,0,0
2023-08-19,2023/2024,Brighton,Wolves,0,4,1,ROBERTO DE ZERBI,2022-09-18,2024-06-30,34,0,0,0
2023-08-26,2023/2024,Brighton,West Ham,1,1,3,ROBERTO DE ZERBI,2022-09-18,2024-06-30,35,0,0,0
2023-09-02,2023/2024,Brighton,Newcastle Utd,1,3,1,ROBERTO DE ZERBI,2022-09-18,2024-06-30,36,0,0,0
2023-09-16,2023/2024,Brighton,Manchester Utd,0,3,1,ROBERTO DE ZERBI,2022-09-18,2024-06-30,37,0,0,0
2023-09-24,2023/2024,Brighton,Bournemouth,1,3,1,ROBERTO DE ZERBI,2022-09-18,2024-06-30,38,0,0,0
2023-09-30,2023/2024,Brighton,Aston Villa,0,1,6,ROBERTO DE ZERBI,2022-09-18,2024-06-30,39,0,0,0
2023-10-08,2023/2024,Brighton,Liverpool,1,2,2,ROBERTO DE ZERBI,2022-09-18,2024-06-30,40,0,0,0
2023-10-21,2023/2024,Brighton,Manchester City,0,1,2,ROBERTO DE ZERBI,2022-09-18,2024-06-30,41,0,0,0
2023-10-29,2023/2024,Brighton,Fulham,1,1,1,ROBERTO DE ZERBI,2022-09-18,2024-06-30,42,0,0,0
2023-11-04,2023/2024,Brighton,Everton,0,1,1,ROBERTO DE ZERBI,2022-09-18,2024-06-30,43,0,0,0
2023-11-12,2023/2024,Brighton,Sheffield Utd,1,1,1,ROBERTO DE ZERBI,2022-09-18,2024-06-30,44,0,0,0
2023-11-25,2023/2024,Brighton,Nott'ham Forest,0,3,2,ROBERTO DE ZERBI,2022-09-18,2024-06-30,45,0,0,0
2023-12-03,2023/2024,Brighton,Chelsea,0,2,3,ROBERTO DE ZERBI,2022-09-18,2024-06-30,46,0,0,0
2023-12-06,2023/2024,Brighton,Brentford,1,2,1,ROBERTO DE ZERBI,2022-09-18,2024-06-30,47,0,0,0
2023-12-09,2023/2024,Brighton,Burnley,1,1,1,ROBERTO DE ZERBI,2022-09-18,2024-06-30,48,0,0,0
2023-12-17,2023/2024,Brighton,Arsenal,0,0,2,ROBERTO DE ZERBI,2022-09-18,2024-06-30,49,0,0,0
2023-12-21,2023/2024,Brighton,Crystal Palace,0,1,1,ROBERTO DE ZERBI,2022-09-18,2024-06-30,50,0,0,0
2023-12-28,2023/2024,Brighton,Tottenham,1,4,2,ROBERTO DE ZERBI,2022-09-18,2024-06-30,51,0,0,0
2024-01-02,2023/2024,Brighton,West Ham,0,0,0,ROBERTO DE ZERBI,2022-09-18,2024-06-30,52,0,0,0
2022-04-17,2021/2022,Burnley,West Ham,0,1,1,MIKE JACKSON,2022-04-15,2022-06-30,1,1,0,0
2022-04-21,2021/2022,Burnley,Southampton,1,2,0,MIKE JACKSON,2022-04-15,2022-06-30,2,1,0,0
2022-04-24,2021/2022,Burnley,Wolves,1,1,0,MIKE JACKSON,2022-04-15,2022-06-30,3,1,0,0
2022-04-30,2021/2022,Burnley,Watford,0,2,1,MIKE JACKSON,2022-04-15,2022-06-30,4,0,1,0
2022-05-07,2021/2022,Burnley,Aston Villa,1,1,3,MIKE JACKSON,2022-04-15,2022-06-30,5,0,1,0
2022-05-15,2021/2022,Burnley,Tottenham,0,0,1,MIKE JACKSON,2022-04-15,2022-06-30,6,0,1,0
2022-05-19,2021/2022,Burnley,Aston Villa,0,1,1,MIKE JACKSON,2022-04-15,2022-06-30,7,0,0,1
2022-05-22,2021/2022,Burnley,Newcastle Utd,1,1,2,MIKE JACKSON,2022-04-15,2022-06-30,8,0,0,1
2024-05-11,2023/2024,Burnley,Tottenham,0,1,2,SCOTT PARKER,2024-05-07,2100-01-01,1,1,0,0
2024-05-19,2023/2024,Burnley,Nott'ham Forest,1,1,2,SCOTT PARKER,2024-05-07,2100-01-01,2,1,0,0
2014-08-18,2014/2015,Burnley,Chelsea,1,1,3,SEAN DYCHE,2012-10-30,2022-04-15,101,0,0,0
2014-08-23,2014/2015,Burnley,Swansea City,0,0,1,SEAN DYCHE,2012-10-30,2022-04-15,102,0,0,0
2014-08-30,2014/2015,Burnley,Manchester Utd,1,0,0,SEAN DYCHE,2012-10-30,2022-04-15,103,0,0,0
2014-09-13,2014/2015,Burnley,Crystal Palace,0,0,0,SEAN DYCHE,2012-10-30,2022-04-15,104,0,0,0
2014-09-20,2014/2015,Burnley,Sunderland,1,0,0,SEAN DYCHE,2012-10-30,2022-04-15,105,0,0,0
2014-09-28,2014/2015,Burnley,West Brom,0,0,4,SEAN DYCHE,2012-10-30,2022-04-15,106,0,0,0
2014-10-04,2014/2015,Burnley,Leicester City,0,2,2,SEAN DYCHE,2012-10-30,2022-04-15,107,0,0,0
2014-10-18,2014/2015,Burnley,West Ham,1,1,3,SEAN DYCHE,2012-10-30,2022-04-15,108,0,0,0
2014-10-26,2014/2015,Burnley,Everton,1,1,3,SEAN DYCHE,2012-10-30,2022-04-15,109,0,0,0
2014-11-01,2014/2015,Burnley,Arsenal,0,0,3,SEAN DYCHE,2012-10-30,2022-04-15,110,0,0,0
2014-11-08,2014/2015,Burnley,Hull City,1,1,0,SEAN DYCHE,2012-10-30,2022-04-15,111,0,0,0
2014-11-22,2014/2015,Burnley,Stoke City,0,2,1,SEAN DYCHE,2012-10-30,2022-04-15,112,0,0,0
2014-11-29,2014/2015,Burnley,Aston Villa,1,1,1,SEAN DYCHE,2012-10-30,2022-04-15,113,0,0,0
2014-12-02,2014/2015,Burnley,Newcastle Utd,1,1,1,SEAN DYCHE,2012-10-30,2022-04-15,114,0,0,0
2014-12-06,2014/2015,Burnley,QPR,0,0,2,SEAN DYCHE,2012-10-30,2022-04-15,115,0,0,0
2014-12-13,2014/2015,Burnley,Southampton,1,1,0,SEAN DYCHE,2012-10-30,2022-04-15,116,0,0,0
2014-12-20,2014/2015,Burnley,Tottenham,0,1,2,SEAN DYCHE,2012-10-30,2022-04-15,117,0,0,0
2014-12-26,2014/2015,Burnley,Liverpool,1,0,1,SEAN DYCHE,2012-10-30,2022-04-15,118,0,0,0
2014-12-28,2014/2015,Burnley,Manchester City,0,2,2,SEAN DYCHE,2012-10-30,2022-04-15,119,0,0,0
2015-01-01,2014/2015,Burnley,Newcastle Utd,0,3,3,SEAN DYCHE,2012-10-30,2022-04-15,120,0,0,0
2015-01-10,2014/2015,Burnley,QPR,1,2,1,SEAN DYCHE,2012-10-30,2022-04-15,121,0,0,0
2015-01-17,2014/2015,Burnley,Crystal Palace,1,2,3,SEAN DYCHE,2012-10-30,2022-04-15,122,0,0,0
2015-01-31,2014/2015,Burnley,Sunderland,0,0,2,SEAN DYCHE,2012-10-30,2022-04-15,123,0,0,0
2015-02-08,2014/2015,Burnley,West Brom,1,2,2,SEAN DYCHE,2012-10-30,2022-04-15,124,0,0,0
2015-02-11,2014/2015,Burnley,Manchester Utd,0,1,3,SEAN DYCHE,2012-10-30,2022-04-15,125,0,0,0
2015-02-21,2014/2015,Burnley,Chelsea,0,1,1,SEAN DYCHE,2012-10-30,2022-04-15,126,0,0,0
2015-02-28,2014/2015,Burnley,Swansea City,1,0,1,SEAN DYCHE,2012-10-30,2022-04-15,127,0,0,0
2015-03-04,2014/2015,Burnley,Liverpool,0,0,2,SEAN DYCHE,2012-10-30,2022-04-15,128,0,0,0
2015-03-14,2014/2015,Burnley,Manchester City,1,1,0,SEAN DYCHE,2012-10-30,2022-04-15,129,0,0,0
2015-03-21,2014/2015,Burnley,Southampton,0,0,2,SEAN DYCHE,2012-10-30,2022-04-15,130,0,0,0
2015-04-05,2014/2015,Burnley,Tottenham,1,0,0,SEAN DYCHE,2012-10-30,2022-04-15,131,0,0,0
2015-04-11,2014/2015,Burnley,Arsenal,1,0,1,SEAN DYCHE,2012-10-30,2022-04-15,132,0,0,0
2015-04-18,2014/2015,Burnley,Everton,0,0,1,SEAN DYCHE,2012-10-30,2022-04-15,133,0,0,0
2015-04-25,2014/2015,Burnley,Leicester City,1,0,1,SEAN DYCHE,2012-10-30,2022-04-15,134,0,0,0
2015-05-02,2014/2015,Burnley,West Ham,0,0,1,SEAN DYCHE,2012-10-30,2022-04-15,135,0,0,0
2015-05-09,2014/2015,Burnley,Hull City,0,1,0,SEAN DYCHE,2012-10-30,2022-04-15,136,0,0,0
2015-05-16,2014/2015,Burnley,Stoke City,1,0,0,SEAN DYCHE,2012-10-30,2022-04-15,137,0,0,0
2015-05-24,2014/2015,Burnley,Aston Villa,0,1,0,SEAN DYCHE,2012-10-30,2022-04-15,138,0,0,0
2016-08-13,2016/2017,Burnley,Swansea City,1,0,1,SEAN DYCHE,2012-10-30,2022-04-15,139,0,0,0
2016-08-20,2016/2017,Burnley,Liverpool,1,2,0,SEAN DYCHE,2012-10-30,2022-04-15,140,0,0,0
2016-08-27,2016/2017,Burnley,Chelsea,0,0,3,SEAN DYCHE,2012-10-30,2022-04-15,141,0,0,0
2016-09-10,2016/2017,Burnley,Hull City,1,1,1,SEAN DYCHE,2012-10-30,2022-04-15,142,0,0,0
2016-09-17,2016/2017,Burnley,Leicester City,0,0,3,SEAN DYCHE,2012-10-30,2022-04-15,143,0,0,0
2016-09-26,2016/2017,Burnley,Watford,1,2,0,SEAN DYCHE,2012-10-30,2022-04-15,144,0,0,0
2016-10-02,2016/2017,Burnley,Arsenal,1,0,1,SEAN DYCHE,2012-10-30,2022-04-15,145,0,0,0
2016-10-16,2016/2017,Burnley,Southampton,0,1,3,SEAN DYCHE,2012-10-30,2022-04-15,146,0,0,0
2016-10-22,2016/2017,Burnley,Everton,1,2,1,SEAN DYCHE,2012-10-30,2022-04-15,147,0,0,0
2016-10-29,2016/2017,Burnley,Manchester Utd,0,0,0,SEAN DYCHE,2012-10-30,2022-04-15,148,0,0,0
2016-11-05,2016/2017,Burnley,Crystal Palace,1,3,2,SEAN DYCHE,2012-10-30,2022-04-15,149,0,0,0
2016-11-21,2016/2017,Burnley,West Brom,0,0,4,SEAN DYCHE,2012-10-30,2022-04-15,150,0,0,0
2016-11-26,2016/2017,Burnley,Manchester City,1,1,2,SEAN DYCHE,2012-10-30,2022-04-15,151,0,0,0
2016-12-03,2016/2017,Burnley,Stoke City,0,0,2,SEAN DYCHE,2012-10-30,2022-04-15,152,0,0,0
2016-12-10,2016/2017,Burnley,Bournemouth,1,3,2,SEAN DYCHE,2012-10-30,2022-04-15,153,0,0,0
2016-12-14,2016/2017,Burnley,West Ham,0,0,1,SEAN DYCHE,2012-10-30,2022-04-15,154,0,0,0
2016-12-18,2016/2017,Burnley,Tottenham,0,1,2,SEAN DYCHE,2012-10-30,2022-04-15,155,0,0,0
2016-12-26,2016/2017,Burnley,Middlesbrough,1,1,0,SEAN DYCHE,2012-10-30,2022-04-15,156,0,0,0
2016-12-31,2016/2017,Burnley,Sunderland,1,4,1,SEAN DYCHE,2012-10-30,2022-04-15,157,0,0,0
2017-01-02,2016/2017,Burnley,Manchester City,0,1,2,SEAN DYCHE,2012-10-30,2022-04-15,158,0,0,0
2017-01-14,2016/2017,Burnley,Southampton,1,1,0,SEAN DYCHE,2012-10-30,2022-04-15,159,0,0,0
2017-01-22,2016/2017,Burnley,Arsenal,0,1,2,SEAN DYCHE,2012-10-30,2022-04-15,160,0,0,0
2017-01-31,2016/2017,Burnley,Leicester City,1,1,0,SEAN DYCHE,2012-10-30,2022-04-15,161,0,0,0
2017-02-04,2016/2017,Burnley,Watford,0,1,2,SEAN DYCHE,2012-10-30,2022-04-15,162,0,0,0
2017-02-12,2016/2017,Burnley,Chelsea,1,1,1,SEAN DYCHE,2012-10-30,2022-04-15,163,0,0,0
2017-02-25,2016/2017,Burnley,Hull City,0,1,1,SEAN DYCHE,2012-10-30,2022-04-15,164,0,0,0
2017-03-04,2016/2017,Burnley,Swansea City,0,2,3,SEAN DYCHE,2012-10-30,2022-04-15,165,0,0,0
2017-03-12,2016/2017,Burnley,Liverpool,0,1,2,SEAN DYCHE,2012-10-30,2022-04-15,166,0,0,0
2017-03-18,2016/2017,Burnley,Sunderland,0,0,0,SEAN DYCHE,2012-10-30,2022-04-15,167,0,0,0
2017-04-01,2016/2017,Burnley,Tottenham,1,0,2,SEAN DYCHE,2012-10-30,2022-04-15,168,0,0,0
2017-04-04,2016/2017,Burnley,Stoke City,1,1,0,SEAN DYCHE,2012-10-30,2022-04-15,169,0,0,0
2017-04-08,2016/2017,Burnley,Middlesbrough,0,0,0,SEAN DYCHE,2012-10-30,2022-04-15,170,0,0,0
2017-04-15,2016/2017,Burnley,Everton,0,1,3,SEAN DYCHE,2012-10-30,2022-04-15,171,0,0,0
2017-04-23,2016/2017,Burnley,Manchester Utd,1,0,2,SEAN DYCHE,2012-10-30,2022-04-15,172,0,0,0
2017-04-29,2016/2017,Burnley,Crystal Palace,0,2,0,SEAN DYCHE,2012-10-30,2022-04-15,173,0,0,0
2017-05-06,2016/2017,Burnley,West Brom,1,2,2,SEAN DYCHE,2012-10-30,2022-04-15,174,0,0,0
2017-05-13,2016/2017,Burnley,Bournemouth,0,1,2,SEAN DYCHE,2012-10-30,2022-04-15,175,0,0,0
2017-05-21,2016/2017,Burnley,West Ham,1,1,2,SEAN DYCHE,2012-10-30,2022-04-15,176,0,0,0
2017-08-12,2017/2018,Burnley,Chelsea,0,3,2,SEAN DYCHE,2012-10-30,2022-04-15,177,0,0,0
2017-08-19,2017/2018,Burnley,West Brom,1,0,1,SEAN DYCHE,2012-10-30,2022-04-15,178,0,0,0
2017-08-27,2017/2018,Burnley,Tottenham,0,1,1,SEAN DYCHE,2012-10-30,2022-04-15,179,0,0,0
2017-09-10,2017/2018,Burnley,Crystal Palace,1,1,0,SEAN DYCHE,2012-10-30,2022-04-15,180,0,0,0
2017-09-16,2017/2018,Burnley,Liverpool,0,1,1,SEAN DYCHE,2012-10-30,2022-04-15,181,0,0,0
2017-09-23,2017/2018,Burnley,Huddersfield,1,0,0,SEAN DYCHE,2012-10-30,2022-04-15,182,0,0,0
2017-10-01,2017/2018,Burnley,Everton,0,1,0,SEAN DYCHE,2012-10-30,2022-04-15,183,0,0,0
2017-10-14,2017/2018,Burnley,West Ham,1,1,1,SEAN DYCHE,2012-10-30,2022-04-15,184,0,0,0
2017-10-21,2017/2018,Burnley,Manchester City,0,0,3,SEAN DYCHE,2012-10-30,2022-04-15,185,0,0,0
2017-10-30,2017/2018,Burnley,Newcastle Utd,1,1,0,SEAN DYCHE,2012-10-30,2022-04-15,186,0,0,0
2017-11-04,2017/2018,Burnley,Southampton,0,1,0,SEAN DYCHE,2012-10-30,2022-04-15,187,0,0,0
2017-11-18,2017/2018,Burnley,Swansea City,1,2,0,SEAN DYCHE,2012-10-30,2022-04-15,188,0,0,0
2017-11-26,2017/2018,Burnley,Arsenal,1,0,1,SEAN DYCHE,2012-10-30,2022-04-15,189,0,0,0
2017-11-29,2017/2018,Burnley,Bournemouth,0,2,1,SEAN DYCHE,2012-10-30,2022-04-15,190,0,0,0
2017-12-02,2017/2018,Burnley,Leicester City,0,0,1,SEAN DYCHE,2012-10-30,2022-04-15,191,0,0,0
2017-12-09,2017/2018,Burnley,Watford,1,1,0,SEAN DYCHE,2012-10-30,2022-04-15,192,0,0,0
2017-12-12,2017/2018,Burnley,Stoke City,1,1,0,SEAN DYCHE,2012-10-30,2022-04-15,193,0,0,0
2017-12-16,2017/2018,Burnley,Brighton,0,0,0,SEAN DYCHE,2012-10-30,2022-04-15,194,0,0,0
2017-12-23,2017/2018,Burnley,Tottenham,1,0,3,SEAN DYCHE,2012-10-30,2022-04-15,195,0,0,0
2017-12-26,2017/2018,Burnley,Manchester Utd,0,2,2,SEAN DYCHE,2012-10-30,2022-04-15,196,0,0,0
2017-12-30,2017/2018,Burnley,Huddersfield,0,0,0,SEAN DYCHE,2012-10-30,2022-04-15,197,0,0,0
2018-01-01,2017/2018,Burnley,Liverpool,1,1,2,SEAN DYCHE,2012-10-30,2022-04-15,198,0,0,0
2018-01-13,2017/2018,Burnley,Crystal Palace,0,0,1,SEAN DYCHE,2012-10-30,2022-04-15,199,0,0,0
2018-01-20,2017/2018,Burnley,Manchester Utd,1,0,1,SEAN DYCHE,2012-10-30,2022-04-15,200,0,0,0
2018-01-31,2017/2018,Burnley,Newcastle Utd,0,1,1,SEAN DYCHE,2012-10-30,2022-04-15,201,0,0,0
2018-02-03,2017/2018,Burnley,Manchester City,1,1,1,SEAN DYCHE,2012-10-30,2022-04-15,202,0,0,0
2018-02-10,2017/2018,Burnley,Swansea City,0,0,1,SEAN DYCHE,2012-10-30,2022-04-15,203,0,0,0
2018-02-24,2017/2018,Burnley,Southampton,1,1,1,SEAN DYCHE,2012-10-30,2022-04-15,204,0,0,0
2018-03-03,2017/2018,Burnley,Everton,1,2,1,SEAN DYCHE,2012-10-30,2022-04-15,205,0,0,0
2018-03-10,2017/2018,Burnley,West Ham,0,3,0,SEAN DYCHE,2012-10-30,2022-04-15,206,0,0,0
2018-03-31,2017/2018,Burnley,West Brom,0,2,1,SEAN DYCHE,2012-10-30,2022-04-15,207,0,0,0
2018-04-07,2017/2018,Burnley,Watford,0,2,1,SEAN DYCHE,2012-10-30,2022-04-15,208,0,0,0
2018-04-14,2017/2018,Burnley,Leicester City,1,2,1,SEAN DYCHE,2012-10-30,2022-04-15,209,0,0,0
2018-04-19,2017/2018,Burnley,Chelsea,1,1,2,SEAN DYCHE,2012-10-30,2022-04-15,210,0,0,0
2018-04-22,2017/2018,Burnley,Stoke City,0,1,1,SEAN DYCHE,2012-10-30,2022-04-15,211,0,0,0
2018-04-28,2017/2018,Burnley,Brighton,1,0,0,SEAN DYCHE,2012-10-30,2022-04-15,212,0,0,0
2018-05-06,2017/2018,Burnley,Arsenal,0,0,5,SEAN DYCHE,2012-10-30,2022-04-15,213,0,0,0
2018-05-13,2017/2018,Burnley,Bournemouth,1,1,2,SEAN DYCHE,2012-10-30,2022-04-15,214,0,0,0
2018-08-12,2018/2019,Burnley,Southampton,0,0,0,SEAN DYCHE,2012-10-30,2022-04-15,215,0,0,0
2018-08-19,2018/2019,Burnley,Watford,1,1,3,SEAN DYCHE,2012-10-30,2022-04-15,216,0,0,0
2018-08-26,2018/2019,Burnley,Fulham,0,2,4,SEAN DYCHE,2012-10-30,2022-04-15,217,0,0,0
2018-09-02,2018/2019,Burnley,Manchester Utd,1,0,2,SEAN DYCHE,2012-10-30,2022-04-15,218,0,0,0
2018-09-16,2018/2019,Burnley,Wolves,0,0,1,SEAN DYCHE,2012-10-30,2022-04-15,219,0,0,0
2018-09-22,2018/2019,Burnley,Bournemouth,1,4,0,SEAN DYCHE,2012-10-30,2022-04-15,220,0,0,0
2018-09-30,2018/2019,Burnley,Cardiff City,0,2,1,SEAN DYCHE,2012-10-30,2022-04-15,221,0,0,0
2018-10-06,2018/2019,Burnley,Huddersfield,1,1,1,SEAN DYCHE,2012-10-30,2022-04-15,222,0,0,0
2018-10-20,2018/2019,Burnley,Manchester City,0,0,5,SEAN DYCHE,2012-10-30,2022-04-15,223,0,0,0
2018-10-28,2018/2019,Burnley,Chelsea,1,0,4,SEAN DYCHE,2012-10-30,2022-04-15,224,0,0,0
2018-11-03,2018/2019,Burnley,West Ham,0,2,4,SEAN DYCHE,2012-10-30,2022-04-15,225,0,0,0
2018-11-10,2018/2019,Burnley,Leicester City,0,0,0,SEAN DYCHE,2012-10-30,2022-04-15,226,0,0,0
2018-11-26,2018/2019,Burnley,Newcastle Utd,1,1,2,SEAN DYCHE,2012-10-30,2022-04-15,227,0,0,0
2018-12-01,2018/2019,Burnley,Crystal Palace,0,0,2,SEAN DYCHE,2012-10-30,2022-04-15,228,0,0,0
2018-12-05,2018/2019,Burnley,Liverpool,1,1,3,SEAN DYCHE,2012-10-30,2022-04-15,229,0,0,0
2018-12-08,2018/2019,Burnley,Brighton,1,1,0,SEAN DYCHE,2012-10-30,2022-04-15,230,0,0,0
2018-12-15,2018/2019,Burnley,Tottenham,0,0,1,SEAN DYCHE,2012-10-30,2022-04-15,231,0,0,0
2018-12-22,2018/2019,Burnley,Arsenal,0,1,3,SEAN DYCHE,2012-10-30,2022-04-15,232,0,0,0
2018-12-26,2018/2019,Burnley,Everton,1,1,5,SEAN DYCHE,2012-10-30,2022-04-15,233,0,0,0
2018-12-30,2018/2019,Burnley,West Ham,1,2,0,SEAN DYCHE,2012-10-30,2022-04-15,234,0,0,0
2019-01-02,2018/2019,Burnley,Huddersfield,0,2,1,SEAN DYCHE,2012-10-30,2022-04-15,235,0,0,0
2019-01-12,2018/2019,Burnley,Fulham,1,2,1,SEAN DYCHE,2012-10-30,2022-04-15,236,0,0,0
2019-01-19,2018/2019,Burnley,Watford,0,0,0,SEAN DYCHE,2012-10-30,2022-04-15,237,0,0,0
2019-01-29,2018/2019,Burnley,Manchester Utd,0,2,2,SEAN DYCHE,2012-10-30,2022-04-15,238,0,0,0
2019-02-02,2018/2019,Burnley,Southampton,1,1,1,SEAN DYCHE,2012-10-30,2022-04-15,239,0,0,0
2019-02-09,2018/2019,Burnley,Brighton,0,3,1,SEAN DYCHE,2012-10-30,2022-04-15,240,0,0,0
2019-02-23,2018/2019,Burnley,Tottenham,1,2,1,SEAN DYCHE,2012-10-30,2022-04-15,241,0,0,0
2019-02-26,2018/2019,Burnley,Newcastle Utd,0,0,2,SEAN DYCHE,2012-10-30,2022-04-15,242,0,0,0
2019-03-02,2018/2019,Burnley,Crystal Palace,1,1,3,SEAN DYCHE,2012-10-30,2022-04-15,243,0,0,0
2019-03-10,2018/2019,Burnley,Liverpool,0,2,4,SEAN DYCHE,2012-10-30,2022-04-15,244,0,0,0
2019-03-16,2018/2019,Burnley,Leicester City,1,1,2,SEAN DYCHE,2012-10-30,2022-04-15,245,0,0,0
2019-03-30,2018/2019,Burnley,Wolves,1,2,0,SEAN DYCHE,2012-10-30,2022-04-15,246,0,0,0
2019-04-06,2018/2019,Burnley,Bournemouth,0,3,1,SEAN DYCHE,2012-10-30,2022-04-15,247,0,0,0
2019-04-13,2018/2019,Burnley,Cardiff City,1,2,0,SEAN DYCHE,2012-10-30,2022-04-15,248,0,0,0
2019-04-22,2018/2019,Burnley,Chelsea,0,2,2,SEAN DYCHE,2012-10-30,2022-04-15,249,0,0,0
2019-04-28,2018/2019,Burnley,Manchester City,1,0,1,SEAN DYCHE,2012-10-30,2022-04-15,250,0,0,0
2019-05-03,2018/2019,Burnley,Everton,0,0,2,SEAN DYCHE,2012-10-30,2022-04-15,251,0,0,0
2019-05-12,2018/2019,Burnley,Arsenal,1,1,3,SEAN DYCHE,2012-10-30,2022-04-15,252,0,0,0
2019-08-10,2019/2020,Burnley,Southampton,1,3,0,SEAN DYCHE,2012-10-30,2022-04-15,253,0,0,0
2019-08-17,2019/2020,Burnley,Arsenal,0,1,2,SEAN DYCHE,2012-10-30,2022-04-15,254,0,0,0
2019-08-25,2019/2020,Burnley,Wolves,0,1,1,SEAN DYCHE,2012-10-30,2022-04-15,255,0,0,0
2019-08-31,2019/2020,Burnley,Liverpool,1,0,3,SEAN DYCHE,2012-10-30,2022-04-15,256,0,0,0
2019-09-14,2019/2020,Burnley,Brighton,0,1,1,SEAN DYCHE,2012-10-30,2022-04-15,257,0,0,0
2019-09-21,2019/2020,Burnley,Norwich City,1,2,0,SEAN DYCHE,2012-10-30,2022-04-15,258,0,0,0
2019-09-28,2019/2020,Burnley,Aston Villa,0,2,2,SEAN DYCHE,2012-10-30,2022-04-15,259,0,0,0
2019-10-05,2019/2020,Burnley,Everton,1,1,0,SEAN DYCHE,2012-10-30,2022-04-15,260,0,0,0
2019-10-19,2019/2020,Burnley,Leicester City,0,1,2,SEAN DYCHE,2012-10-30,2022-04-15,261,0,0,0
2019-10-26,2019/2020,Burnley,Chelsea,1,2,4,SEAN DYCHE,2012-10-30,2022-04-15,262,0,0,0
2019-11-02,2019/2020,Burnley,Sheffield Utd,0,0,3,SEAN DYCHE,2012-10-30,2022-04-15,263,0,0,0
2019-11-09,2019/2020,Burnley,West Ham,1,3,0,SEAN DYCHE,2012-10-30,2022-04-15,264,0,0,0
2019-11-23,2019/2020,Burnley,Watford,0,3,0,SEAN DYCHE,2012-10-30,2022-04-15,265,0,0,0
2019-11-30,2019/2020,Burnley,Crystal Palace,1,0,2,SEAN DYCHE,2012-10-30,2022-04-15,266,0,0,0
2019-12-03,2019/2020,Burnley,Manchester City,1,1,4,SEAN DYCHE,2012-10-30,2022-04-15,267,0,0,0
2019-12-07,2019/2020,Burnley,Tottenham,0,0,5,SEAN DYCHE,2012-10-30,2022-04-15,268,0,0,0
2019-12-14,2019/2020,Burnley,Newcastle Utd,1,1,0,SEAN DYCHE,2012-10-30,2022-04-15,269,0,0,0
2019-12-21,2019/2020,Burnley,Bournemouth,0,1,0,SEAN DYCHE,2012-10-30,2022-04-15,270,0,0,0
2019-12-26,2019/2020,Burnley,Everton,0,0,1,SEAN DYCHE,2012-10-30,2022-04-15,271,0,0,0
2019-12-28,2019/2020,Burnley,Manchester Utd,1,0,2,SEAN DYCHE,2012-10-30,2022-04-15,272,0,0,0
2020-01-01,2019/2020,Burnley,Aston Villa,1,1,2,SEAN DYCHE,2012-10-30,2022-04-15,273,0,0,0
2020-01-11,2019/2020,Burnley,Chelsea,0,0,3,SEAN DYCHE,2012-10-30,2022-04-15,274,0,0,0
2020-01-19,2019/2020,Burnley,Leicester City,1,2,1,SEAN DYCHE,2012-10-30,2022-04-15,275,0,0,0
2020-01-22,2019/2020,Burnley,Manchester Utd,0,2,0,SEAN DYCHE,2012-10-30,2022-04-15,276,0,0,0
2020-02-02,2019/2020,Burnley,Arsenal,1,0,0,SEAN DYCHE,2012-10-30,2022-04-15,277,0,0,0
2020-02-15,2019/2020,Burnley,Southampton,0,2,1,SEAN DYCHE,2012-10-30,2022-04-15,278,0,0,0
2020-02-22,2019/2020,Burnley,Bournemouth,1,3,0,SEAN DYCHE,2012-10-30,2022-04-15,279,0,0,0
2020-02-29,2019/2020,Burnley,Newcastle Utd,0,0,0,SEAN DYCHE,2012-10-30,2022-04-15,280,0,0,0
2020-03-07,2019/2020,Burnley,Tottenham,1,1,1,SEAN DYCHE,2012-10-30,2022-04-15,281,0,0,0
2020-06-22,2019/2020,Burnley,Manchester City,0,0,5,SEAN DYCHE,2012-10-30,2022-04-15,282,0,0,0
2020-06-25,2019/2020,Burnley,Watford,1,1,0,SEAN DYCHE,2012-10-30,2022-04-15,283,0,0,0
2020-06-29,2019/2020,Burnley,Crystal Palace,0,1,0,SEAN DYCHE,2012-10-30,2022-04-15,284,0,0,0
2020-07-05,2019/2020,Burnley,Sheffield Utd,1,1,1,SEAN DYCHE,2012-10-30,2022-04-15,285,0,0,0
2020-07-08,2019/2020,Burnley,West Ham,0,1,0,SEAN DYCHE,2012-10-30,2022-04-15,286,0,0,0
2020-07-11,2019/2020,Burnley,Liverpool,0,1,1,SEAN DYCHE,2012-10-30,2022-04-15,287,0,0,0
2020-07-15,2019/2020,Burnley,Wolves,1,1,1,SEAN DYCHE,2012-10-30,2022-04-15,288,0,0,0
2020-07-18,2019/2020,Burnley,Norwich City,0,2,0,SEAN DYCHE,2012-10-30,2022-04-15,289,0,0,0
2020-07-26,2019/2020,Burnley,Brighton,1,1,2,SEAN DYCHE,2012-10-30,2022-04-15,290,0,0,0
2020-09-20,2020/2021,Burnley,Leicester City,0,2,4,SEAN DYCHE,2012-10-30,2022-04-15,291,0,0,0
2020-09-26,2020/2021,Burnley,Southampton,1,0,1,SEAN DYCHE,2012-10-30,2022-04-15,292,0,0,0
2020-10-03,2020/2021,Burnley,Newcastle Utd,0,1,3,SEAN DYCHE,2012-10-30,2022-04-15,293,0,0,0
2020-10-19,2020/2021,Burnley,West Brom,0,0,0,SEAN DYCHE,2012-10-30,2022-04-15,294,0,0,0
2020-10-26,2020/2021,Burnley,Tottenham,1,0,1,SEAN DYCHE,2012-10-30,2022-04-15,295,0,0,0
2020-10-31,2020/2021,Burnley,Chelsea,1,0,3,SEAN DYCHE,2012-10-30,2022-04-15,296,0,0,0
2020-11-06,2020/2021,Burnley,Brighton,0,0,0,SEAN DYCHE,2012-10-30,2022-04-15,297,0,0,0
2020-11-23,2020/2021,Burnley,Crystal Palace,1,1,0,SEAN DYCHE,2012-10-30,2022-04-15,298,0,0,0
2020-11-28,2020/2021,Burnley,Manchester City,0,0,5,SEAN DYCHE,2012-10-30,2022-04-15,299,0,0,0
2020-12-05,2020/2021,Burnley,Everton,1,1,1,SEAN DYCHE,2012-10-30,2022-04-15,300,0,0,0
2020-12-13,2020/2021,Burnley,Arsenal,0,1,0,SEAN DYCHE,2012-10-30,2022-04-15,301,0,0,0
2020-12-17,2020/2021,Burnley,Aston Villa,0,0,0,SEAN DYCHE,2012-10-30,2022-04-15,302,0,0,0
2020-12-21,2020/2021,Burnley,Wolves,1,2,1,SEAN DYCHE,2012-10-30,2022-04-15,303,0,0,0
2020-12-27,2020/2021,Burnley,Leeds United,0,0,1,SEAN DYCHE,2012-10-30,2022-04-15,304,0,0,0
2020-12-29,2020/2021,Burnley,Sheffield Utd,1,1,0,SEAN DYCHE,2012-10-30,2022-04-15,305,0,0,0
2021-01-12,2020/2021,Burnley,Manchester Utd,1,0,1,SEAN DYCHE,2012-10-30,2022-04-15,306,0,0,0
2021-01-16,2020/2021,Burnley,West Ham,0,0,1,SEAN DYCHE,2012-10-30,2022-04-15,307,0,0,0
2021-01-21,2020/2021,Burnley,Liverpool,0,1,0,SEAN DYCHE,2012-10-30,2022-04-15,308,0,0,0
2021-01-27,2020/2021,Burnley,Aston Villa,1,3,2,SEAN DYCHE,2012-10-30,2022-04-15,309,0,0,0
2021-01-31,2020/2021,Burnley,Chelsea,0,0,2,SEAN DYCHE,2012-10-30,2022-04-15,310,0,0,0
2021-02-03,2020/2021,Burnley,Manchester City,1,0,2,SEAN DYCHE,2012-10-30,2022-04-15,311,0,0,0
2021-02-06,2020/2021,Burnley,Brighton,1,1,1,SEAN DYCHE,2012-10-30,2022-04-15,312,0,0,0
2021-02-13,2020/2021,Burnley,Crystal Palace,0,3,0,SEAN DYCHE,2012-10-30,2022-04-15,313,0,0,0
2021-02-17,2020/2021,Burnley,Fulham,1,1,1,SEAN DYCHE,2012-10-30,2022-04-15,314,0,0,0
2021-02-20,2020/2021,Burnley,West Brom,1,0,0,SEAN DYCHE,2012-10-30,2022-04-15,315,0,0,0
2021-02-28,2020/2021,Burnley,Tottenham,0,0,4,SEAN DYCHE,2012-10-30,2022-04-15,316,0,0,0
2021-03-03,2020/2021,Burnley,Leicester City,1,1,1,SEAN DYCHE,2012-10-30,2022-04-15,317,0,0,0
2021-03-06,2020/2021,Burnley,Arsenal,1,1,1,SEAN DYCHE,2012-10-30,2022-04-15,318,0,0,0
2021-03-13,2020/2021,Burnley,Everton,0,2,1,SEAN DYCHE,2012-10-30,2022-04-15,319,0,0,0
2021-04-04,2020/2021,Burnley,Southampton,0,2,3,SEAN DYCHE,2012-10-30,2022-04-15,320,0,0,0
2021-04-11,2020/2021,Burnley,Newcastle Utd,1,1,2,SEAN DYCHE,2012-10-30,2022-04-15,321,0,0,0
2021-04-18,2020/2021,Burnley,Manchester Utd,0,1,3,SEAN DYCHE,2012-10-30,2022-04-15,322,0,0,0
2021-04-25,2020/2021,Burnley,Wolves,0,4,0,SEAN DYCHE,2012-10-30,2022-04-15,323,0,0,0
2021-05-03,2020/2021,Burnley,West Ham,1,1,2,SEAN DYCHE,2012-10-30,2022-04-15,324,0,0,0
2021-05-10,2020/2021,Burnley,Fulham,0,2,0,SEAN DYCHE,2012-10-30,2022-04-15,325,0,0,0
2021-05-15,2020/2021,Burnley,Leeds United,1,0,4,SEAN DYCHE,2012-10-30,2022-04-15,326,0,0,0
2021-05-19,2020/2021,Burnley,Liverpool,1,0,3,SEAN DYCHE,2012-10-30,2022-04-15,327,0,0,0
2021-05-23,2020/2021,Burnley,Sheffield Utd,0,0,1,SEAN DYCHE,2012-10-30,2022-04-15,328,0,0,0
2021-08-14,2021/2022,Burnley,Brighton,1,1,2,SEAN DYCHE,2012-10-30,2022-04-15,329,0,0,0
2021-08-21,2021/2022,Burnley,Liverpool,0,0,2,SEAN DYCHE,2012-10-30,2022-04-15,330,0,0,0
2021-08-29,2021/2022,Burnley,Leeds United,1,1,1,SEAN DYCHE,2012-10-30,2022-04-15,331,0,0,0
2021-09-13,2021/2022,Burnley,Everton,0,1,3,SEAN DYCHE,2012-10-30,2022-04-15,332,0,0,0
2021-09-18,2021/2022,Burnley,Arsenal,1,0,1,SEAN DYCHE,2012-10-30,2022-04-15,333,0,0,0
2021-09-25,2021/2022,Burnley,Leicester City,0,2,2,SEAN DYCHE,2012-10-30,2022-04-15,334,0,0,0
2021-10-02,2021/2022,Burnley,Norwich City,1,0,0,SEAN DYCHE,2012-10-30,2022-04-15,335,0,0,0
2021-10-16,2021/2022,Burnley,Manchester City,0,0,2,SEAN DYCHE,2012-10-30,2022-04-15,336,0,0,0
2021-10-23,2021/2022,Burnley,Southampton,0,2,2,SEAN DYCHE,2012-10-30,2022-04-15,337,0,0,0
2021-10-30,2021/2022,Burnley,Brentford,1,3,1,SEAN DYCHE,2012-10-30,2022-04-15,338,0,0,0
2021-11-06,2021/2022,Burnley,Chelsea,0,1,1,SEAN DYCHE,2012-10-30,2022-04-15,339,0,0,0
2021-11-20,2021/2022,Burnley,Crystal Palace,1,3,3,SEAN DYCHE,2012-10-30,2022-04-15,340,0,0,0
2021-12-01,2021/2022,Burnley,Wolves,0,0,0,SEAN DYCHE,2012-10-30,2022-04-15,341,0,0,0
2021-12-04,2021/2022,Burnley,Newcastle Utd,0,0,1,SEAN DYCHE,2012-10-30,2022-04-15,342,0,0,0
2021-12-12,2021/2022,Burnley,West Ham,1,0,0,SEAN DYCHE,2012-10-30,2022-04-15,343,0,0,0
2021-12-30,2021/2022,Burnley,Manchester Utd,0,1,3,SEAN DYCHE,2012-10-30,2022-04-15,344,0,0,0
2022-01-02,2021/2022,Burnley,Leeds United,0,1,3,SEAN DYCHE,2012-10-30,2022-04-15,345,0,0,0
2022-01-23,2021/2022,Burnley,Arsenal,0,0,0,VINCENT KOMPANY,2022-01-07,2024-06-30,1,1,0,0
2022-02-05,2021/2022,Burnley,Watford,1,0,0,VINCENT KOMPANY,2022-01-07,2024-06-30,2,1,0,0
2022-02-08,2021/2022,Burnley,Manchester Utd,1,1,1,VINCENT KOMPANY,2022-01-07,2024-06-30,3,1,0,0
2022-02-13,2021/2022,Burnley,Liverpool,1,0,1,VINCENT KOMPANY,2022-01-07,2024-06-30,4,0,1,0
2022-02-19,2021/2022,Burnley,Brighton,0,3,0,VINCENT KOMPANY,2022-01-07,2024-06-30,5,0,1,0
2022-02-23,2021/2022,Burnley,Tottenham,1,1,0,VINCENT KOMPANY,2022-01-07,2024-06-30,6,0,1,0
2022-02-26,2021/2022,Burnley,Crystal Palace,0,1,1,VINCENT KOMPANY,2022-01-07,2024-06-30,7,0,0,1
2022-03-01,2021/2022,Burnley,Leicester City,1,0,2,VINCENT KOMPANY,2022-01-07,2024-06-30,8,0,0,1
2022-03-05,2021/2022,Burnley,Chelsea,1,0,4,VINCENT KOMPANY,2022-01-07,2024-06-30,9,0,0,1
2022-03-12,2021/2022,Burnley,Brentford,0,0,2,VINCENT KOMPANY,2022-01-07,2024-06-30,10,0,0,1
2022-04-02,2021/2022,Burnley,Manchester City,1,0,2,VINCENT KOMPANY,2022-01-07,2024-06-30,11,0,0,0
2022-04-06,2021/2022,Burnley,Everton,1,3,2,VINCENT KOMPANY,2022-01-07,2024-06-30,12,0,0,0
2022-04-10,2021/2022,Burnley,Norwich City,0,0,2,VINCENT KOMPANY,2022-01-07,2024-06-30,13,0,0,0
2023-08-11,2023/2024,Burnley,Manchester City,1,0,3,VINCENT KOMPANY,2022-01-07,2024-06-30,14,0,0,0
2023-08-27,2023/2024,Burnley,Aston Villa,1,1,3,VINCENT KOMPANY,2022-01-07,2024-06-30,15,0,0,0
2023-09-02,2023/2024,Burnley,Tottenham,1,2,5,VINCENT KOMPANY,2022-01-07,2024-06-30,16,0,0,0
2023-09-18,2023/2024,Burnley,Nott'ham Forest,0,1,1,VINCENT KOMPANY,2022-01-07,2024-06-30,17,0,0,0
2023-09-23,2023/2024,Burnley,Manchester Utd,1,0,1,VINCENT KOMPANY,2022-01-07,2024-06-30,18,0,0,0
2023-09-30,2023/2024,Burnley,Newcastle Utd,0,0,2,VINCENT KOMPANY,2022-01-07,2024-06-30,19,0,0,0
2023-10-03,2023/2024,Burnley,Luton Town,0,2,1,VINCENT KOMPANY,2022-01-07,2024-06-30,20,0,0,0
2023-10-07,2023/2024,Burnley,Chelsea,1,1,4,VINCENT KOMPANY,2022-01-07,2024-06-30,21,0,0,0
2023-10-21,2023/2024,Burnley,Brentford,0,0,3,VINCENT KOMPANY,2022-01-07,2024-06-30,22,0,0,0
2023-10-28,2023/2024,Burnley,Bournemouth,0,1,2,VINCENT KOMPANY,2022-01-07,2024-06-30,23,0,0,0
2023-11-04,2023/2024,Burnley,Crystal Palace,1,0,2,VINCENT KOMPANY,2022-01-07,2024-06-30,24,0,0,0
2023-11-11,2023/2024,Burnley,Arsenal,0,1,3,VINCENT KOMPANY,2022-01-07,2024-06-30,25,0,0,0
2023-11-25,2023/2024,Burnley,West Ham,1,1,2,VINCENT KOMPANY,2022-01-07,2024-06-30,26,0,0,0
2023-12-02,2023/2024,Burnley,Sheffield Utd,1,5,0,VINCENT KOMPANY,2022-01-07,2024-06-30,27,0,0,0
2023-12-05,2023/2024,Burnley,Wolves,0,0,1,VINCENT KOMPANY,2022-01-07,2024-06-30,28,0,0,0
2023-12-09,2023/2024,Burnley,Brighton,0,1,1,VINCENT KOMPANY,2022-01-07,2024-06-30,29,0,0,0
2023-12-16,2023/2024,Burnley,Everton,1,0,2,VINCENT KOMPANY,2022-01-07,2024-06-30,30,0,0,0
2023-12-23,2023/2024,Burnley,Fulham,0,2,0,VINCENT KOMPANY,2022-01-07,2024-06-30,31,0,0,0
2023-12-26,2023/2024,Burnley,Liverpool,1,0,2,VINCENT KOMPANY,2022-01-07,2024-06-30,32,0,0,0
2023-12-30,2023/2024,Burnley,Aston Villa,0,2,3,VINCENT KOMPANY,2022-01-07,2024-06-30,33,0,0,0
2024-01-12,2023/2024,Burnley,Luton Town,1,1,1,VINCENT KOMPANY,2022-01-07,2024-06-30,34,0,0,0
2024-01-31,2023/2024,Burnley,Manchester City,0,1,3,VINCENT KOMPANY,2022-01-07,2024-06-30,35,0,0,0
2024-02-03,2023/2024,Burnley,Fulham,1,2,2,VINCENT KOMPANY,2022-01-07,2024-06-30,36,0,0,0
2024-02-10,2023/2024,Burnley,Liverpool,0,1,3,VINCENT KOMPANY,2022-01-07,2024-06-30,37,0,0,0
2024-02-17,2023/2024,Burnley,Arsenal,1,0,5,VINCENT KOMPANY,2022-01-07,2024-06-30,38,0,0,0
2024-02-24,2023/2024,Burnley,Crystal Palace,0,0,3,VINCENT KOMPANY,2022-01-07,2024-06-30,39,0,0,0
2024-03-03,2023/2024,Burnley,Bournemouth,1,0,2,VINCENT KOMPANY,2022-01-07,2024-06-30,40,0,0,0
2024-03-10,2023/2024,Burnley,West Ham,0,2,2,VINCENT KOMPANY,2022-01-07,2024-06-30,41,0,0,0
2024-03-16,2023/2024,Burnley,Brentford,1,2,1,VINCENT KOMPANY,2022-01-07,2024-06-30,42,0,0,0
2024-03-30,2023/2024,Burnley,Chelsea,0,2,2,VINCENT KOMPANY,2022-01-07,2024-06-30,43,0,0,0
2024-04-02,2023/2024,Burnley,Wolves,1,1,1,VINCENT KOMPANY,2022-01-07,2024-06-30,44,0,0,0
2024-04-06,2023/2024,Burnley,Everton,0,0,1,VINCENT KOMPANY,2022-01-07,2024-06-30,45,0,0,0
2024-04-13,2023/2024,Burnley,Brighton,1,1,1,VINCENT KOMPANY,2022-01-07,2024-06-30,46,0,0,0
2024-04-20,2023/2024,Burnley,Sheffield Utd,0,4,1,VINCENT KOMPANY,2022-01-07,2024-06-30,47,0,0,0
2024-04-27,2023/2024,Burnley,Manchester Utd,0,1,1,VINCENT KOMPANY,2022-01-07,2024-06-30,48,0,0,0
2024-05-04,2023/2024,Burnley,Newcastle Utd,1,1,4,VINCENT KOMPANY,2022-01-07,2024-06-30,49,0,0,0
2018-08-11,2018/2019,Cardiff City,Bournemouth,0,0,2,NEIL WARNOCK,2016-05-10,2019-11-11,1,1,0,0
2018-08-18,2018/2019,Cardiff City,Newcastle Utd,1,0,0,NEIL WARNOCK,2016-05-10,2019-11-11,2,1,0,0
2018-08-25,2018/2019,Cardiff City,Huddersfield,0,0,0,NEIL WARNOCK,2016-05-10,2019-11-11,3,1,0,0
2018-09-02,2018/2019,Cardiff City,Arsenal,1,2,3,NEIL WARNOCK,2016-05-10,2019-11-11,4,0,1,0
2018-09-15,2018/2019,Cardiff City,Chelsea,0,1,4,NEIL WARNOCK,2016-05-10,2019-11-11,5,0,1,0
2018-09-22,2018/2019,Cardiff City,Manchester City,1,0,5,NEIL WARNOCK,2016-05-10,2019-11-11,6,0,1,0
2018-09-30,2018/2019,Cardiff City,Burnley,1,1,2,NEIL WARNOCK,2016-05-10,2019-11-11,7,0,0,1
2018-10-06,2018/2019,Cardiff City,Tottenham,0,0,1,NEIL WARNOCK,2016-05-10,2019-11-11,8,0,0,1
2018-10-20,2018/2019,Cardiff City,Fulham,1,4,2,NEIL WARNOCK,2016-05-10,2019-11-11,9,0,0,1
2018-10-27,2018/2019,Cardiff City,Liverpool,0,1,4,NEIL WARNOCK,2016-05-10,2019-11-11,10,0,0,1
2018-11-03,2018/2019,Cardiff City,Leicester City,1,0,1,NEIL WARNOCK,2016-05-10,2019-11-11,11,0,0,0
2018-11-10,2018/2019,Cardiff City,Brighton,1,2,1,NEIL WARNOCK,2016-05-10,2019-11-11,12,0,0,0
2018-11-24,2018/2019,Cardiff City,Everton,0,0,1,NEIL WARNOCK,2016-05-10,2019-11-11,13,0,0,0
2018-11-30,2018/2019,Cardiff City,Wolves,1,2,1,NEIL WARNOCK,2016-05-10,2019-11-11,14,0,0,0
2018-12-04,2018/2019,Cardiff City,West Ham,0,1,3,NEIL WARNOCK,2016-05-10,2019-11-11,15,0,0,0
2018-12-08,2018/2019,Cardiff City,Southampton,1,1,0,NEIL WARNOCK,2016-05-10,2019-11-11,16,0,0,0
2018-12-15,2018/2019,Cardiff City,Watford,0,2,3,NEIL WARNOCK,2016-05-10,2019-11-11,17,0,0,0
2018-12-22,2018/2019,Cardiff City,Manchester Utd,1,1,5,NEIL WARNOCK,2016-05-10,2019-11-11,18,0,0,0
2018-12-26,2018/2019,Cardiff City,Crystal Palace,0,0,0,NEIL WARNOCK,2016-05-10,2019-11-11,19,0,0,0
2018-12-29,2018/2019,Cardiff City,Leicester City,0,1,0,NEIL WARNOCK,2016-05-10,2019-11-11,20,0,0,0
2019-01-01,2018/2019,Cardiff City,Tottenham,1,0,3,NEIL WARNOCK,2016-05-10,2019-11-11,21,0,0,0
2019-01-12,2018/2019,Cardiff City,Huddersfield,1,0,0,NEIL WARNOCK,2016-05-10,2019-11-11,22,0,0,0
2019-01-19,2018/2019,Cardiff City,Newcastle Utd,0,0,3,NEIL WARNOCK,2016-05-10,2019-11-11,23,0,0,0
2019-01-29,2018/2019,Cardiff City,Arsenal,0,1,2,NEIL WARNOCK,2016-05-10,2019-11-11,24,0,0,0
2019-02-02,2018/2019,Cardiff City,Bournemouth,1,2,0,NEIL WARNOCK,2016-05-10,2019-11-11,25,0,0,0
2019-02-09,2018/2019,Cardiff City,Southampton,0,2,1,NEIL WARNOCK,2016-05-10,2019-11-11,26,0,0,0
2019-02-22,2018/2019,Cardiff City,Watford,1,1,5,NEIL WARNOCK,2016-05-10,2019-11-11,27,0,0,0
2019-02-26,2018/2019,Cardiff City,Everton,1,0,3,NEIL WARNOCK,2016-05-10,2019-11-11,28,0,0,0
2019-03-02,2018/2019,Cardiff City,Wolves,0,0,2,NEIL WARNOCK,2016-05-10,2019-11-11,29,0,0,0
2019-03-09,2018/2019,Cardiff City,West Ham,1,2,0,NEIL WARNOCK,2016-05-10,2019-11-11,30,0,0,0
2019-03-31,2018/2019,Cardiff City,Chelsea,1,1,2,NEIL WARNOCK,2016-05-10,2019-11-11,31,0,0,0
2019-04-03,2018/2019,Cardiff City,Manchester City,0,0,2,NEIL WARNOCK,2016-05-10,2019-11-11,32,0,0,0
2019-04-13,2018/2019,Cardiff City,Burnley,0,0,2,NEIL WARNOCK,2016-05-10,2019-11-11,33,0,0,0
2019-04-16,2018/2019,Cardiff City,Brighton,0,2,0,NEIL WARNOCK,2016-05-10,2019-11-11,34,0,0,0
2019-04-21,2018/2019,Cardiff City,Liverpool,1,0,2,NEIL WARNOCK,2016-05-10,2019-11-11,35,0,0,0
2019-04-27,2018/2019,Cardiff City,Fulham,0,0,1,NEIL WARNOCK,2016-05-10,2019-11-11,36,0,0,0
2019-05-04,2018/2019,Cardiff City,Crystal Palace,1,2,3,NEIL WARNOCK,2016-05-10,2019-11-11,37,0,0,0
2019-05-12,2018/2019,Cardiff City,Manchester Utd,0,2,0,NEIL WARNOCK,2016-05-10,2019-11-11,38,0,0,0
2016-01-13,2015/2016,Chelsea,West Brom,1,2,2,ANTONIO CONTE,2016-01-07,2018-07-13,1,1,0,0
2016-01-16,2015/2016,Chelsea,Everton,1,3,3,ANTONIO CONTE,2016-01-07,2018-07-13,2,1,0,0
2016-01-24,2015/2016,Chelsea,Arsenal,0,1,0,ANTONIO CONTE,2016-01-07,2018-07-13,3,1,0,0
2016-02-03,2015/2016,Chelsea,Watford,0,0,0,ANTONIO CONTE,2016-01-07,2018-07-13,4,0,1,0
2016-02-07,2015/2016,Chelsea,Manchester Utd,1,1,1,ANTONIO CONTE,2016-01-07,2018-07-13,5,0,1,0
2016-02-13,2015/2016,Chelsea,Newcastle Utd,1,5,1,ANTONIO CONTE,2016-01-07,2018-07-13,6,0,1,0
2016-02-27,2015/2016,Chelsea,Southampton,0,2,1,ANTONIO CONTE,2016-01-07,2018-07-13,7,0,0,1
2016-03-01,2015/2016,Chelsea,Norwich City,0,2,1,ANTONIO CONTE,2016-01-07,2018-07-13,8,0,0,1
2016-03-05,2015/2016,Chelsea,Stoke City,1,1,1,ANTONIO CONTE,2016-01-07,2018-07-13,9,0,0,1
2016-03-19,2015/2016,Chelsea,West Ham,1,2,2,ANTONIO CONTE,2016-01-07,2018-07-13,10,0,0,1
2016-04-02,2015/2016,Chelsea,Aston Villa,0,4,0,ANTONIO CONTE,2016-01-07,2018-07-13,11,0,0,0
2016-04-09,2015/2016,Chelsea,Swansea City,0,0,1,ANTONIO CONTE,2016-01-07,2018-07-13,12,0,0,0
2016-04-16,2015/2016,Chelsea,Manchester City,1,0,3,ANTONIO CONTE,2016-01-07,2018-07-13,13,0,0,0
2016-04-23,2015/2016,Chelsea,Bournemouth,0,4,1,ANTONIO CONTE,2016-01-07,2018-07-13,14,0,0,0
2016-05-02,2015/2016,Chelsea,Tottenham,1,2,2,ANTONIO CONTE,2016-01-07,2018-07-13,15,0,0,0
2016-05-07,2015/2016,Chelsea,Sunderland,0,2,3,ANTONIO CONTE,2016-01-07,2018-07-13,16,0,0,0
2016-05-11,2015/2016,Chelsea,Liverpool,0,1,1,ANTONIO CONTE,2016-01-07,2018-07-13,17,0,0,0
2016-05-15,2015/2016,Chelsea,Leicester City,1,1,1,ANTONIO CONTE,2016-01-07,2018-07-13,18,0,0,0
2016-08-15,2016/2017,Chelsea,West Ham,1,2,1,ANTONIO CONTE,2016-01-07,2018-07-13,19,0,0,0
2016-08-20,2016/2017,Chelsea,Watford,0,2,1,ANTONIO CONTE,2016-01-07,2018-07-13,20,0,0,0
2016-08-27,2016/2017,Chelsea,Burnley,1,3,0,ANTONIO CONTE,2016-01-07,2018-07-13,21,0,0,0
2016-09-11,2016/2017,Chelsea,Swansea City,0,2,2,ANTONIO CONTE,2016-01-07,2018-07-13,22,0,0,0
2016-09-16,2016/2017,Chelsea,Liverpool,1,1,2,ANTONIO CONTE,2016-01-07,2018-07-13,23,0,0,0
2016-09-24,2016/2017,Chelsea,Arsenal,0,0,3,ANTONIO CONTE,2016-01-07,2018-07-13,24,0,0,0
2016-10-01,2016/2017,Chelsea,Hull City,0,2,0,ANTONIO CONTE,2016-01-07,2018-07-13,25,0,0,0
2016-10-15,2016/2017,Chelsea,Leicester City,1,3,0,ANTONIO CONTE,2016-01-07,2018-07-13,26,0,0,0
2016-10-23,2016/2017,Chelsea,Manchester Utd,1,4,0,ANTONIO CONTE,2016-01-07,2018-07-13,27,0,0,0
2016-10-30,2016/2017,Chelsea,Southampton,0,2,0,ANTONIO CONTE,2016-01-07,2018-07-13,28,0,0,0
2016-11-05,2016/2017,Chelsea,Everton,1,5,0,ANTONIO CONTE,2016-01-07,2018-07-13,29,0,0,0
2016-11-20,2016/2017,Chelsea,Middlesbrough,0,1,0,ANTONIO CONTE,2016-01-07,2018-07-13,30,0,0,0
2016-11-26,2016/2017,Chelsea,Tottenham,1,2,1,ANTONIO CONTE,2016-01-07,2018-07-13,31,0,0,0
2016-12-03,2016/2017,Chelsea,Manchester City,0,3,1,ANTONIO CONTE,2016-01-07,2018-07-13,32,0,0,0
2016-12-11,2016/2017,Chelsea,West Brom,1,1,0,ANTONIO CONTE,2016-01-07,2018-07-13,33,0,0,0
2016-12-14,2016/2017,Chelsea,Sunderland,0,1,0,ANTONIO CONTE,2016-01-07,2018-07-13,34,0,0,0
2016-12-17,2016/2017,Chelsea,Crystal Palace,0,1,0,ANTONIO CONTE,2016-01-07,2018-07-13,35,0,0,0
2016-12-26,2016/2017,Chelsea,Bournemouth,1,3,0,ANTONIO CONTE,2016-01-07,2018-07-13,36,0,0,0
2016-12-31,2016/2017,Chelsea,Stoke City,1,4,2,ANTONIO CONTE,2016-01-07,2018-07-13,37,0,0,0
2017-01-04,2016/2017,Chelsea,Tottenham,0,0,2,ANTONIO CONTE,2016-01-07,2018-07-13,38,0,0,0
2017-01-14,2016/2017,Chelsea,Leicester City,0,3,0,ANTONIO CONTE,2016-01-07,2018-07-13,39,0,0,0
2017-01-22,2016/2017,Chelsea,Hull City,1,2,0,ANTONIO CONTE,2016-01-07,2018-07-13,40,0,0,0
2017-01-31,2016/2017,Chelsea,Liverpool,0,1,1,ANTONIO CONTE,2016-01-07,2018-07-13,41,0,0,0
2017-02-04,2016/2017,Chelsea,Arsenal,1,3,1,ANTONIO CONTE,2016-01-07,2018-07-13,42,0,0,0
2017-02-12,2016/2017,Chelsea,Burnley,0,1,1,ANTONIO CONTE,2016-01-07,2018-07-13,43,0,0,0
2017-02-25,2016/2017,Chelsea,Swansea City,1,3,1,ANTONIO CONTE,2016-01-07,2018-07-13,44,0,0,0
2017-03-06,2016/2017,Chelsea,West Ham,0,2,1,ANTONIO CONTE,2016-01-07,2018-07-13,45,0,0,0
2017-03-18,2016/2017,Chelsea,Stoke City,0,2,1,ANTONIO CONTE,2016-01-07,2018-07-13,46,0,0,0
2017-04-01,2016/2017,Chelsea,Crystal Palace,1,1,2,ANTONIO CONTE,2016-01-07,2018-07-13,47,0,0,0
2017-04-05,2016/2017,Chelsea,Manchester City,1,2,1,ANTONIO CONTE,2016-01-07,2018-07-13,48,0,0,0
2017-04-08,2016/2017,Chelsea,Bournemouth,0,3,1,ANTONIO CONTE,2016-01-07,2018-07-13,49,0,0,0
2017-04-16,2016/2017,Chelsea,Manchester Utd,0,0,2,ANTONIO CONTE,2016-01-07,2018-07-13,50,0,0,0
2017-04-25,2016/2017,Chelsea,Southampton,1,4,2,ANTONIO CONTE,2016-01-07,2018-07-13,51,0,0,0
2017-04-30,2016/2017,Chelsea,Everton,0,3,0,ANTONIO CONTE,2016-01-07,2018-07-13,52,0,0,0
2017-05-08,2016/2017,Chelsea,Middlesbrough,1,3,0,ANTONIO CONTE,2016-01-07,2018-07-13,53,0,0,0
2017-05-12,2016/2017,Chelsea,West Brom,0,1,0,ANTONIO CONTE,2016-01-07,2018-07-13,54,0,0,0
2017-05-15,2016/2017,Chelsea,Watford,1,4,3,ANTONIO CONTE,2016-01-07,2018-07-13,55,0,0,0
2017-05-21,2016/2017,Chelsea,Sunderland,1,5,1,ANTONIO CONTE,2016-01-07,2018-07-13,56,0,0,0
2017-08-12,2017/2018,Chelsea,Burnley,1,2,3,ANTONIO CONTE,2016-01-07,2018-07-13,57,0,0,0
2017-08-20,2017/2018,Chelsea,Tottenham,0,2,1,ANTONIO CONTE,2016-01-07,2018-07-13,58,0,0,0
2017-08-27,2017/2018,Chelsea,Everton,1,2,0,ANTONIO CONTE,2016-01-07,2018-07-13,59,0,0,0
2017-09-09,2017/2018,Chelsea,Leicester City,0,2,1,ANTONIO CONTE,2016-01-07,2018-07-13,60,0,0,0
2017-09-17,2017/2018,Chelsea,Arsenal,1,0,0,ANTONIO CONTE,2016-01-07,2018-07-13,61,0,0,0
2017-09-23,2017/2018,Chelsea,Stoke City,0,4,0,ANTONIO CONTE,2016-01-07,2018-07-13,62,0,0,0
2017-09-30,2017/2018,Chelsea,Manchester City,1,0,1,ANTONIO CONTE,2016-01-07,2018-07-13,63,0,0,0
2017-10-14,2017/2018,Chelsea,Crystal Palace,0,1,2,ANTONIO CONTE,2016-01-07,2018-07-13,64,0,0,0
2017-10-21,2017/2018,Chelsea,Watford,1,4,2,ANTONIO CONTE,2016-01-07,2018-07-13,65,0,0,0
2017-10-28,2017/2018,Chelsea,Bournemouth,0,1,0,ANTONIO CONTE,2016-01-07,2018-07-13,66,0,0,0
2017-11-05,2017/2018,Chelsea,Manchester Utd,1,1,0,ANTONIO CONTE,2016-01-07,2018-07-13,67,0,0,0
2017-11-18,2017/2018,Chelsea,West Brom,0,4,0,ANTONIO CONTE,2016-01-07,2018-07-13,68,0,0,0
2017-11-25,2017/2018,Chelsea,Liverpool,0,1,1,ANTONIO CONTE,2016-01-07,2018-07-13,69,0,0,0
2017-11-29,2017/2018,Chelsea,Swansea City,1,1,0,ANTONIO CONTE,2016-01-07,2018-07-13,70,0,0,0
2017-12-02,2017/2018,Chelsea,Newcastle Utd,1,3,1,ANTONIO CONTE,2016-01-07,2018-07-13,71,0,0,0
2017-12-09,2017/2018,Chelsea,West Ham,0,0,1,ANTONIO CONTE,2016-01-07,2018-07-13,72,0,0,0
2017-12-12,2017/2018,Chelsea,Huddersfield,0,3,1,ANTONIO CONTE,2016-01-07,2018-07-13,73,0,0,0
2017-12-16,2017/2018,Chelsea,Southampton,1,1,0,ANTONIO CONTE,2016-01-07,2018-07-13,74,0,0,0
2017-12-23,2017/2018,Chelsea,Everton,0,0,0,ANTONIO CONTE,2016-01-07,2018-07-13,75,0,0,0
2017-12-26,2017/2018,Chelsea,Brighton,1,2,0,ANTONIO CONTE,2016-01-07,2018-07-13,76,0,0,0
2017-12-30,2017/2018,Chelsea,Stoke City,1,5,0,ANTONIO CONTE,2016-01-07,2018-07-13,77,0,0,0
2018-01-03,2017/2018,Chelsea,Arsenal,0,2,2,ANTONIO CONTE,2016-01-07,2018-07-13,78,0,0,0
2018-01-13,2017/2018,Chelsea,Leicester City,1,0,0,ANTONIO CONTE,2016-01-07,2018-07-13,79,0,0,0
2018-01-20,2017/2018,Chelsea,Brighton,0,4,0,ANTONIO CONTE,2016-01-07,2018-07-13,80,0,0,0
2018-01-31,2017/2018,Chelsea,Bournemouth,1,0,3,ANTONIO CONTE,2016-01-07,2018-07-13,81,0,0,0
2018-02-05,2017/2018,Chelsea,Watford,0,1,4,ANTONIO CONTE,2016-01-07,2018-07-13,82,0,0,0
2018-02-12,2017/2018,Chelsea,West Brom,1,3,0,ANTONIO CONTE,2016-01-07,2018-07-13,83,0,0,0
2018-02-25,2017/2018,Chelsea,Manchester Utd,0,1,2,ANTONIO CONTE,2016-01-07,2018-07-13,84,0,0,0
2018-03-04,2017/2018,Chelsea,Manchester City,0,0,1,ANTONIO CONTE,2016-01-07,2018-07-13,85,0,0,0
2018-03-10,2017/2018,Chelsea,Crystal Palace,1,2,1,ANTONIO CONTE,2016-01-07,2018-07-13,86,0,0,0
2018-04-01,2017/2018,Chelsea,Tottenham,1,1,3,ANTONIO CONTE,2016-01-07,2018-07-13,87,0,0,0
2018-04-08,2017/2018,Chelsea,West Ham,1,1,1,ANTONIO CONTE,2016-01-07,2018-07-13,88,0,0,0
2018-04-14,2017/2018,Chelsea,Southampton,0,3,2,ANTONIO CONTE,2016-01-07,2018-07-13,89,0,0,0
2018-04-19,2017/2018,Chelsea,Burnley,0,2,1,ANTONIO CONTE,2016-01-07,2018-07-13,90,0,0,0
2018-04-28,2017/2018,Chelsea,Swansea City,0,1,0,ANTONIO CONTE,2016-01-07,2018-07-13,91,0,0,0
2018-05-06,2017/2018,Chelsea,Liverpool,1,1,0,ANTONIO CONTE,2016-01-07,2018-07-13,92,0,0,0
2018-05-09,2017/2018,Chelsea,Huddersfield,1,1,1,ANTONIO CONTE,2016-01-07,2018-07-13,93,0,0,0
2018-05-13,2017/2018,Chelsea,Newcastle Utd,0,0,3,ANTONIO CONTE,2016-01-07,2018-07-13,94,0,0,0
2023-03-04,2022/2023,Chelsea,Leeds United,1,1,0,BRUNO SALTOR,2023-03-04,2023-05-04,1,1,0,0
2023-03-11,2022/2023,Chelsea,Leicester City,0,3,1,BRUNO SALTOR,2023-03-04,2023-05-04,2,1,0,0
2023-03-18,2022/2023,Chelsea,Everton,1,2,2,BRUNO SALTOR,2023-03-04,2023-05-04,3,1,0,0
2023-04-01,2022/2023,Chelsea,Aston Villa,1,0,2,BRUNO SALTOR,2023-03-04,2023-05-04,4,0,1,0
2023-04-04,2022/2023,Chelsea,Liverpool,1,0,0,BRUNO SALTOR,2023-03-04,2023-05-04,5,0,1,0
2023-04-08,2022/2023,Chelsea,Wolves,0,0,1,BRUNO SALTOR,2023-03-04,2023-05-04,6,0,1,0
2023-04-15,2022/2023,Chelsea,Brighton,1,1,2,BRUNO SALTOR,2023-03-04,2023-05-04,7,0,0,1
2023-04-26,2022/2023,Chelsea,Brentford,1,0,2,BRUNO SALTOR,2023-03-04,2023-05-04,8,0,0,1
2023-05-02,2022/2023,Chelsea,Arsenal,0,1,3,BRUNO SALTOR,2023-03-04,2023-05-04,9,0,0,1
2019-04-08,2018/2019,Chelsea,West Ham,1,2,0,FRANK LAMPARD,2019-04-07,2021-01-25,1,1,0,0
2019-04-14,2018/2019,Chelsea,Liverpool,0,0,2,FRANK LAMPARD,2019-04-07,2021-01-25,2,1,0,0
2019-04-22,2018/2019,Chelsea,Burnley,1,2,2,FRANK LAMPARD,2019-04-07,2021-01-25,3,1,0,0
2019-04-28,2018/2019,Chelsea,Manchester Utd,0,1,1,FRANK LAMPARD,2019-04-07,2021-01-25,4,0,1,0
2019-05-05,2018/2019,Chelsea,Watford,1,3,0,FRANK LAMPARD,2019-04-07,2021-01-25,5,0,1,0
2019-05-12,2018/2019,Chelsea,Leicester City,0,0,0,FRANK LAMPARD,2019-04-07,2021-01-25,6,0,1,0
2019-08-11,2019/2020,Chelsea,Manchester Utd,0,0,4,FRANK LAMPARD,2019-04-07,2021-01-25,7,0,0,1
2019-08-18,2019/2020,Chelsea,Leicester City,1,1,1,FRANK LAMPARD,2019-04-07,2021-01-25,8,0,0,1
2019-08-24,2019/2020,Chelsea,Norwich City,0,3,2,FRANK LAMPARD,2019-04-07,2021-01-25,9,0,0,1
2019-08-31,2019/2020,Chelsea,Sheffield Utd,1,2,2,FRANK LAMPARD,2019-04-07,2021-01-25,10,0,0,1
2019-09-14,2019/2020,Chelsea,Wolves,0,5,2,FRANK LAMPARD,2019-04-07,2021-01-25,11,0,0,0
2019-09-22,2019/2020,Chelsea,Liverpool,1,1,2,FRANK LAMPARD,2019-04-07,2021-01-25,12,0,0,0
2019-09-28,2019/2020,Chelsea,Brighton,1,2,0,FRANK LAMPARD,2019-04-07,2021-01-25,13,0,0,0
2019-10-06,2019/2020,Chelsea,Southampton,0,4,1,FRANK LAMPARD,2019-04-07,2021-01-25,14,0,0,0
2019-10-19,2019/2020,Chelsea,Newcastle Utd,1,1,0,FRANK LAMPARD,2019-04-07,2021-01-25,15,0,0,0
2019-10-26,2019/2020,Chelsea,Burnley,0,4,2,FRANK LAMPARD,2019-04-07,2021-01-25,16,0,0,0
2019-11-02,2019/2020,Chelsea,Watford,0,2,1,FRANK LAMPARD,2019-04-07,2021-01-25,17,0,0,0
2019-11-09,2019/2020,Chelsea,Crystal Palace,1,2,0,FRANK LAMPARD,2019-04-07,2021-01-25,18,0,0,0
2019-11-23,2019/2020,Chelsea,Manchester City,0,1,2,FRANK LAMPARD,2019-04-07,2021-01-25,19,0,0,0
2019-11-30,2019/2020,Chelsea,West Ham,1,0,1,FRANK LAMPARD,2019-04-07,2021-01-25,20,0,0,0
2019-12-04,2019/2020,Chelsea,Aston Villa,1,2,1,FRANK LAMPARD,2019-04-07,2021-01-25,21,0,0,0
2019-12-07,2019/2020,Chelsea,Everton,0,1,3,FRANK LAMPARD,2019-04-07,2021-01-25,22,0,0,0
2019-12-14,2019/2020,Chelsea,Bournemouth,1,0,1,FRANK LAMPARD,2019-04-07,2021-01-25,23,0,0,0
2019-12-22,2019/2020,Chelsea,Tottenham,0,2,0,FRANK LAMPARD,2019-04-07,2021-01-25,24,0,0,0
2019-12-26,2019/2020,Chelsea,Southampton,1,0,2,FRANK LAMPARD,2019-04-07,2021-01-25,25,0,0,0
2019-12-29,2019/2020,Chelsea,Arsenal,0,2,1,FRANK LAMPARD,2019-04-07,2021-01-25,26,0,0,0
2020-01-01,2019/2020,Chelsea,Brighton,0,1,1,FRANK LAMPARD,2019-04-07,2021-01-25,27,0,0,0
2020-01-11,2019/2020,Chelsea,Burnley,1,3,0,FRANK LAMPARD,2019-04-07,2021-01-25,28,0,0,0
2020-01-18,2019/2020,Chelsea,Newcastle Utd,0,0,1,FRANK LAMPARD,2019-04-07,2021-01-25,29,0,0,0
2020-01-21,2019/2020,Chelsea,Arsenal,1,2,2,FRANK LAMPARD,2019-04-07,2021-01-25,30,0,0,0
2020-02-01,2019/2020,Chelsea,Leicester City,0,2,2,FRANK LAMPARD,2019-04-07,2021-01-25,31,0,0,0
2020-02-17,2019/2020,Chelsea,Manchester Utd,1,0,2,FRANK LAMPARD,2019-04-07,2021-01-25,32,0,0,0
2020-02-22,2019/2020,Chelsea,Tottenham,1,2,1,FRANK LAMPARD,2019-04-07,2021-01-25,33,0,0,0
2020-02-29,2019/2020,Chelsea,Bournemouth,0,2,2,FRANK LAMPARD,2019-04-07,2021-01-25,34,0,0,0
2020-03-08,2019/2020,Chelsea,Everton,1,4,0,FRANK LAMPARD,2019-04-07,2021-01-25,35,0,0,0
2020-06-21,2019/2020,Chelsea,Aston Villa,0,2,1,FRANK LAMPARD,2019-04-07,2021-01-25,36,0,0,0
2020-06-25,2019/2020,Chelsea,Manchester City,1,2,1,FRANK LAMPARD,2019-04-07,2021-01-25,37,0,0,0
2020-07-01,2019/2020,Chelsea,West Ham,0,2,3,FRANK LAMPARD,2019-04-07,2021-01-25,38,0,0,0
2020-07-04,2019/2020,Chelsea,Watford,1,3,0,FRANK LAMPARD,2019-04-07,2021-01-25,39,0,0,0
2020-07-07,2019/2020,Chelsea,Crystal Palace,0,3,2,FRANK LAMPARD,2019-04-07,2021-01-25,40,0,0,0
2020-07-11,2019/2020,Chelsea,Sheffield Utd,0,0,3,FRANK LAMPARD,2019-04-07,2021-01-25,41,0,0,0
2020-07-14,2019/2020,Chelsea,Norwich City,1,1,0,FRANK LAMPARD,2019-04-07,2021-01-25,42,0,0,0
2020-07-22,2019/2020,Chelsea,Liverpool,0,3,5,FRANK LAMPARD,2019-04-07,2021-01-25,43,0,0,0
2020-07-26,2019/2020,Chelsea,Wolves,1,2,0,FRANK LAMPARD,2019-04-07,2021-01-25,44,0,0,0
2020-09-14,2020/2021,Chelsea,Brighton,0,3,1,FRANK LAMPARD,2019-04-07,2021-01-25,45,0,0,0
2020-09-20,2020/2021,Chelsea,Liverpool,1,0,2,FRANK LAMPARD,2019-04-07,2021-01-25,46,0,0,0
2020-09-26,2020/2021,Chelsea,West Brom,0,3,3,FRANK LAMPARD,2019-04-07,2021-01-25,47,0,0,0
2020-10-03,2020/2021,Chelsea,Crystal Palace,1,4,0,FRANK LAMPARD,2019-04-07,2021-01-25,48,0,0,0
2020-10-17,2020/2021,Chelsea,Southampton,1,3,3,FRANK LAMPARD,2019-04-07,2021-01-25,49,0,0,0
2020-10-24,2020/2021,Chelsea,Manchester Utd,0,0,0,FRANK LAMPARD,2019-04-07,2021-01-25,50,0,0,0
2020-10-31,2020/2021,Chelsea,Burnley,0,3,0,FRANK LAMPARD,2019-04-07,2021-01-25,51,0,0,0
2020-11-07,2020/2021,Chelsea,Sheffield Utd,1,4,1,FRANK LAMPARD,2019-04-07,2021-01-25,52,0,0,0
2020-11-21,2020/2021,Chelsea,Newcastle Utd,0,2,0,FRANK LAMPARD,2019-04-07,2021-01-25,53,0,0,0
2020-11-29,2020/2021,Chelsea,Tottenham,1,0,0,FRANK LAMPARD,2019-04-07,2021-01-25,54,0,0,0
2020-12-05,2020/2021,Chelsea,Leeds United,1,3,1,FRANK LAMPARD,2019-04-07,2021-01-25,55,0,0,0
2020-12-12,2020/2021,Chelsea,Everton,0,0,1,FRANK LAMPARD,2019-04-07,2021-01-25,56,0,0,0
2020-12-15,2020/2021,Chelsea,Wolves,0,1,2,FRANK LAMPARD,2019-04-07,2021-01-25,57,0,0,0
2020-12-21,2020/2021,Chelsea,West Ham,1,3,0,FRANK LAMPARD,2019-04-07,2021-01-25,58,0,0,0
2020-12-26,2020/2021,Chelsea,Arsenal,0,1,3,FRANK LAMPARD,2019-04-07,2021-01-25,59,0,0,0
2020-12-28,2020/2021,Chelsea,Aston Villa,1,1,1,FRANK LAMPARD,2019-04-07,2021-01-25,60,0,0,0
2021-01-03,2020/2021,Chelsea,Manchester City,1,1,3,FRANK LAMPARD,2019-04-07,2021-01-25,61,0,0,0
2021-01-16,2020/2021,Chelsea,Fulham,0,1,0,FRANK LAMPARD,2019-04-07,2021-01-25,62,0,0,0
2021-01-19,2020/2021,Chelsea,Leicester City,0,0,2,FRANK LAMPARD,2019-04-07,2021-01-25,63,0,0,0
2022-10-01,2022/2023,Chelsea,Crystal Palace,0,2,1,GRAHAM POTTER,2022-08-09,2023-02-04,1,1,0,0
2022-10-08,2022/2023,Chelsea,Wolves,1,3,0,GRAHAM POTTER,2022-08-09,2023-02-04,2,1,0,0
2022-10-16,2022/2023,Chelsea,Aston Villa,0,2,0,GRAHAM POTTER,2022-08-09,2023-02-04,3,1,0,0
2022-10-19,2022/2023,Chelsea,Brentford,0,0,0,GRAHAM POTTER,2022-08-09,2023-02-04,4,0,1,0
2022-10-22,2022/2023,Chelsea,Manchester Utd,1,1,1,GRAHAM POTTER,2022-08-09,2023-02-04,5,0,1,0
2022-10-29,2022/2023,Chelsea,Brighton,0,1,4,GRAHAM POTTER,2022-08-09,2023-02-04,6,0,1,0
2022-11-06,2022/2023,Chelsea,Arsenal,1,0,1,GRAHAM POTTER,2022-08-09,2023-02-04,7,0,0,1
2022-11-12,2022/2023,Chelsea,Newcastle Utd,0,0,1,GRAHAM POTTER,2022-08-09,2023-02-04,8,0,0,1
2022-12-27,2022/2023,Chelsea,Bournemouth,1,2,0,GRAHAM POTTER,2022-08-09,2023-02-04,9,0,0,1
2023-01-01,2022/2023,Chelsea,Nott'ham Forest,0,1,1,GRAHAM POTTER,2022-08-09,2023-02-04,10,0,0,1
2023-01-05,2022/2023,Chelsea,Manchester City,1,0,1,GRAHAM POTTER,2022-08-09,2023-02-04,11,0,0,0
2015-12-26,2015/2016,Chelsea,Watford,1,2,2,GUUS HIDDINK,2015-12-21,2016-06-30,1,1,0,0
2015-12-28,2015/2016,Chelsea,Manchester Utd,0,0,0,GUUS HIDDINK,2015-12-21,2016-06-30,2,1,0,0
2016-01-03,2015/2016,Chelsea,Crystal Palace,0,3,0,GUUS HIDDINK,2015-12-21,2016-06-30,3,1,0,0
2014-08-18,2014/2015,Chelsea,Burnley,0,3,1,JOSE MOURINHO,2013-01-07,2015-12-17,101,0,0,0
2014-08-23,2014/2015,Chelsea,Leicester City,1,2,0,JOSE MOURINHO,2013-01-07,2015-12-17,102,0,0,0
2014-08-30,2014/2015,Chelsea,Everton,0,6,3,JOSE MOURINHO,2013-01-07,2015-12-17,103,0,0,0
2014-09-13,2014/2015,Chelsea,Swansea City,1,4,2,JOSE MOURINHO,2013-01-07,2015-12-17,104,0,0,0
2014-09-21,2014/2015,Chelsea,Manchester City,0,1,1,JOSE MOURINHO,2013-01-07,2015-12-17,105,0,0,0
2014-09-27,2014/2015,Chelsea,Aston Villa,1,3,0,JOSE MOURINHO,2013-01-07,2015-12-17,106,0,0,0
2014-10-05,2014/2015,Chelsea,Arsenal,1,2,0,JOSE MOURINHO,2013-01-07,2015-12-17,107,0,0,0
2014-10-18,2014/2015,Chelsea,Crystal Palace,0,2,1,JOSE MOURINHO,2013-01-07,2015-12-17,108,0,0,0
2014-10-26,2014/2015,Chelsea,Manchester Utd,0,1,1,JOSE MOURINHO,2013-01-07,2015-12-17,109,0,0,0
2014-11-01,2014/2015,Chelsea,QPR,1,2,1,JOSE MOURINHO,2013-01-07,2015-12-17,110,0,0,0
2014-11-08,2014/2015,Chelsea,Liverpool,0,2,1,JOSE MOURINHO,2013-01-07,2015-12-17,111,0,0,0
2014-11-22,2014/2015,Chelsea,West Brom,1,2,0,JOSE MOURINHO,2013-01-07,2015-12-17,112,0,0,0
2014-11-29,2014/2015,Chelsea,Sunderland,0,0,0,JOSE MOURINHO,2013-01-07,2015-12-17,113,0,0,0
2014-12-03,2014/2015,Chelsea,Tottenham,1,3,0,JOSE MOURINHO,2013-01-07,2015-12-17,114,0,0,0
2014-12-06,2014/2015,Chelsea,Newcastle Utd,0,1,2,JOSE MOURINHO,2013-01-07,2015-12-17,115,0,0,0
2014-12-13,2014/2015,Chelsea,Hull City,1,2,0,JOSE MOURINHO,2013-01-07,2015-12-17,116,0,0,0
2014-12-22,2014/2015,Chelsea,Stoke City,0,2,0,JOSE MOURINHO,2013-01-07,2015-12-17,117,0,0,0
2014-12-26,2014/2015,Chelsea,West Ham,1,2,0,JOSE MOURINHO,2013-01-07,2015-12-17,118,0,0,0
2014-12-28,2014/2015,Chelsea,Southampton,0,1,1,JOSE MOURINHO,2013-01-07,2015-12-17,119,0,0,0
2015-01-01,2014/2015,Chelsea,Tottenham,0,3,5,JOSE MOURINHO,2013-01-07,2015-12-17,120,0,0,0
2015-01-10,2014/2015,Chelsea,Newcastle Utd,1,2,0,JOSE MOURINHO,2013-01-07,2015-12-17,121,0,0,0
2015-01-17,2014/2015,Chelsea,Swansea City,0,5,0,JOSE MOURINHO,2013-01-07,2015-12-17,122,0,0,0
2015-01-31,2014/2015,Chelsea,Manchester City,1,1,1,JOSE MOURINHO,2013-01-07,2015-12-17,123,0,0,0
2015-02-07,2014/2015,Chelsea,Aston Villa,0,2,1,JOSE MOURINHO,2013-01-07,2015-12-17,124,0,0,0
2015-02-11,2014/2015,Chelsea,Everton,1,1,0,JOSE MOURINHO,2013-01-07,2015-12-17,125,0,0,0
2015-02-21,2014/2015,Chelsea,Burnley,1,1,1,JOSE MOURINHO,2013-01-07,2015-12-17,126,0,0,0
2015-03-04,2014/2015,Chelsea,West Ham,0,1,0,JOSE MOURINHO,2013-01-07,2015-12-17,127,0,0,0
2015-03-15,2014/2015,Chelsea,Southampton,1,1,1,JOSE MOURINHO,2013-01-07,2015-12-17,128,0,0,0
2015-03-22,2014/2015,Chelsea,Hull City,0,3,2,JOSE MOURINHO,2013-01-07,2015-12-17,129,0,0,0
2015-04-04,2014/2015,Chelsea,Stoke City,1,2,1,JOSE MOURINHO,2013-01-07,2015-12-17,130,0,0,0
2015-04-12,2014/2015,Chelsea,QPR,0,1,0,JOSE MOURINHO,2013-01-07,2015-12-17,131,0,0,0
2015-04-18,2014/2015,Chelsea,Manchester Utd,1,1,0,JOSE MOURINHO,2013-01-07,2015-12-17,132,0,0,0
2015-04-26,2014/2015,Chelsea,Arsenal,0,0,0,JOSE MOURINHO,2013-01-07,2015-12-17,133,0,0,0
2015-04-29,2014/2015,Chelsea,Leicester City,0,3,1,JOSE MOURINHO,2013-01-07,2015-12-17,134,0,0,0
2015-05-03,2014/2015,Chelsea,Crystal Palace,1,1,0,JOSE MOURINHO,2013-01-07,2015-12-17,135,0,0,0
2015-05-10,2014/2015,Chelsea,Liverpool,1,1,1,JOSE MOURINHO,2013-01-07,2015-12-17,136,0,0,0
2015-05-18,2014/2015,Chelsea,West Brom,0,0,3,JOSE MOURINHO,2013-01-07,2015-12-17,137,0,0,0
2015-05-24,2014/2015,Chelsea,Sunderland,1,3,1,JOSE MOURINHO,2013-01-07,2015-12-17,138,0,0,0
2015-08-08,2015/2016,Chelsea,Swansea City,1,2,2,JOSE MOURINHO,2013-01-07,2015-12-17,139,0,0,0
2015-08-16,2015/2016,Chelsea,Manchester City,0,0,3,JOSE MOURINHO,2013-01-07,2015-12-17,140,0,0,0
2015-08-23,2015/2016,Chelsea,West Brom,0,3,2,JOSE MOURINHO,2013-01-07,2015-12-17,141,0,0,0
2015-08-29,2015/2016,Chelsea,Crystal Palace,1,1,2,JOSE MOURINHO,2013-01-07,2015-12-17,142,0,0,0
2015-09-12,2015/2016,Chelsea,Everton,0,1,3,JOSE MOURINHO,2013-01-07,2015-12-17,143,0,0,0
2015-09-19,2015/2016,Chelsea,Arsenal,1,2,0,JOSE MOURINHO,2013-01-07,2015-12-17,144,0,0,0
2015-09-26,2015/2016,Chelsea,Newcastle Utd,0,2,2,JOSE MOURINHO,2013-01-07,2015-12-17,145,0,0,0
2015-10-03,2015/2016,Chelsea,Southampton,1,1,3,JOSE MOURINHO,2013-01-07,2015-12-17,146,0,0,0
2015-10-17,2015/2016,Chelsea,Aston Villa,1,2,0,JOSE MOURINHO,2013-01-07,2015-12-17,147,0,0,0
2015-10-24,2015/2016,Chelsea,West Ham,0,1,2,JOSE MOURINHO,2013-01-07,2015-12-17,148,0,0,0
2015-10-31,2015/2016,Chelsea,Liverpool,1,1,3,JOSE MOURINHO,2013-01-07,2015-12-17,149,0,0,0
2015-11-07,2015/2016,Chelsea,Stoke City,0,0,1,JOSE MOURINHO,2013-01-07,2015-12-17,150,0,0,0
2015-11-21,2015/2016,Chelsea,Norwich City,1,1,0,JOSE MOURINHO,2013-01-07,2015-12-17,151,0,0,0
2015-11-29,2015/2016,Chelsea,Tottenham,0,0,0,JOSE MOURINHO,2013-01-07,2015-12-17,152,0,0,0
2015-12-05,2015/2016,Chelsea,Bournemouth,1,0,1,JOSE MOURINHO,2013-01-07,2015-12-17,153,0,0,0
2015-12-14,2015/2016,Chelsea,Leicester City,0,1,2,JOSE MOURINHO,2013-01-07,2015-12-17,154,0,0,0
2023-01-12,2022/2023,Chelsea,Fulham,0,1,2,MAURICIO POCHETTINO,2023-01-07,2024-06-30,1,1,0,0
2023-01-15,2022/2023,Chelsea,Crystal Palace,1,1,0,MAURICIO POCHETTINO,2023-01-07,2024-06-30,2,1,0,0
2023-01-21,2022/2023,Chelsea,Liverpool,0,0,0,MAURICIO POCHETTINO,2023-01-07,2024-06-30,3,1,0,0
2023-02-03,2022/2023,Chelsea,Fulham,1,0,0,MAURICIO POCHETTINO,2023-01-07,2024-06-30,4,0,1,0
2023-02-11,2022/2023,Chelsea,West Ham,0,1,1,MAURICIO POCHETTINO,2023-01-07,2024-06-30,5,0,1,0
2023-02-18,2022/2023,Chelsea,Southampton,1,0,1,MAURICIO POCHETTINO,2023-01-07,2024-06-30,6,0,1,0
2023-02-26,2022/2023,Chelsea,Tottenham,0,0,2,MAURICIO POCHETTINO,2023-01-07,2024-06-30,7,0,0,1
2023-05-06,2022/2023,Chelsea,Bournemouth,0,3,1,MAURICIO POCHETTINO,2023-01-07,2024-06-30,8,0,0,1
2023-05-13,2022/2023,Chelsea,Nott'ham Forest,1,2,2,MAURICIO POCHETTINO,2023-01-07,2024-06-30,9,0,0,1
2023-05-21,2022/2023,Chelsea,Manchester City,0,0,1,MAURICIO POCHETTINO,2023-01-07,2024-06-30,10,0,0,1
2023-05-25,2022/2023,Chelsea,Manchester Utd,0,1,4,MAURICIO POCHETTINO,2023-01-07,2024-06-30,11,0,0,0
2023-05-28,2022/2023,Chelsea,Newcastle Utd,1,1,1,MAURICIO POCHETTINO,2023-01-07,2024-06-30,12,0,0,0
2023-08-13,2023/2024,Chelsea,Liverpool,1,1,1,MAURICIO POCHETTINO,2023-01-07,2024-06-30,13,0,0,0
2023-08-20,2023/2024,Chelsea,West Ham,0,1,3,MAURICIO POCHETTINO,2023-01-07,2024-06-30,14,0,0,0
2023-08-25,2023/2024,Chelsea,Luton Town,1,3,0,MAURICIO POCHETTINO,2023-01-07,2024-06-30,15,0,0,0
2023-09-02,2023/2024,Chelsea,Nott'ham Forest,1,0,1,MAURICIO POCHETTINO,2023-01-07,2024-06-30,16,0,0,0
2023-09-17,2023/2024,Chelsea,Bournemouth,0,0,0,MAURICIO POCHETTINO,2023-01-07,2024-06-30,17,0,0,0
2023-09-24,2023/2024,Chelsea,Aston Villa,1,0,1,MAURICIO POCHETTINO,2023-01-07,2024-06-30,18,0,0,0
2023-10-02,2023/2024,Chelsea,Fulham,0,2,0,MAURICIO POCHETTINO,2023-01-07,2024-06-30,19,0,0,0
2023-10-07,2023/2024,Chelsea,Burnley,0,4,1,MAURICIO POCHETTINO,2023-01-07,2024-06-30,20,0,0,0
2023-10-21,2023/2024,Chelsea,Arsenal,1,2,2,MAURICIO POCHETTINO,2023-01-07,2024-06-30,21,0,0,0
2023-10-28,2023/2024,Chelsea,Brentford,1,0,2,MAURICIO POCHETTINO,2023-01-07,2024-06-30,22,0,0,0
2023-11-06,2023/2024,Chelsea,Tottenham,0,4,1,MAURICIO POCHETTINO,2023-01-07,2024-06-30,23,0,0,0
2023-11-12,2023/2024,Chelsea,Manchester City,1,4,4,MAURICIO POCHETTINO,2023-01-07,2024-06-30,24,0,0,0
2023-11-25,2023/2024,Chelsea,Newcastle Utd,0,1,4,MAURICIO POCHETTINO,2023-01-07,2024-06-30,25,0,0,0
2023-12-03,2023/2024,Chelsea,Brighton,1,3,2,MAURICIO POCHETTINO,2023-01-07,2024-06-30,26,0,0,0
2023-12-06,2023/2024,Chelsea,Manchester Utd,0,1,2,MAURICIO POCHETTINO,2023-01-07,2024-06-30,27,0,0,0
2023-12-10,2023/2024,Chelsea,Everton,0,0,2,MAURICIO POCHETTINO,2023-01-07,2024-06-30,28,0,0,0
2023-12-16,2023/2024,Chelsea,Sheffield Utd,1,2,0,MAURICIO POCHETTINO,2023-01-07,2024-06-30,29,0,0,0
2023-12-24,2023/2024,Chelsea,Wolves,0,1,2,MAURICIO POCHETTINO,2023-01-07,2024-06-30,30,0,0,0
2023-12-27,2023/2024,Chelsea,Crystal Palace,1,2,1,MAURICIO POCHETTINO,2023-01-07,2024-06-30,31,0,0,0
2023-12-30,2023/2024,Chelsea,Luton Town,0,3,2,MAURICIO POCHETTINO,2023-01-07,2024-06-30,32,0,0,0
2024-01-13,2023/2024,Chelsea,Fulham,1,1,0,MAURICIO POCHETTINO,2023-01-07,2024-06-30,33,0,0,0
2024-01-31,2023/2024,Chelsea,Liverpool,0,1,4,MAURICIO POCHETTINO,2023-01-07,2024-06-30,34,0,0,0
2024-02-04,2023/2024,Chelsea,Wolves,1,2,4,MAURICIO POCHETTINO,2023-01-07,2024-06-30,35,0,0,0
2024-02-12,2023/2024,Chelsea,Crystal Palace,0,3,1,MAURICIO POCHETTINO,2023-01-07,2024-06-30,36,0,0,0
2024-02-17,2023/2024,Chelsea,Manchester City,0,1,1,MAURICIO POCHETTINO,2023-01-07,2024-06-30,37,0,0,0
2024-03-02,2023/2024,Chelsea,Brentford,0,2,2,MAURICIO POCHETTINO,2023-01-07,2024-06-30,38,0,0,0
2024-03-11,2023/2024,Chelsea,Newcastle Utd,1,3,2,MAURICIO POCHETTINO,2023-01-07,2024-06-30,39,0,0,0
2024-03-30,2023/2024,Chelsea,Burnley,1,2,2,MAURICIO POCHETTINO,2023-01-07,2024-06-30,40,0,0,0
2024-04-04,2023/2024,Chelsea,Manchester Utd,1,4,3,MAURICIO POCHETTINO,2023-01-07,2024-06-30,41,0,0,0
2024-04-07,2023/2024,Chelsea,Sheffield Utd,0,2,2,MAURICIO POCHETTINO,2023-01-07,2024-06-30,42,0,0,0
2024-04-15,2023/2024,Chelsea,Everton,1,6,0,MAURICIO POCHETTINO,2023-01-07,2024-06-30,43,0,0,0
2024-04-23,2023/2024,Chelsea,Arsenal,0,0,5,MAURICIO POCHETTINO,2023-01-07,2024-06-30,44,0,0,0
2024-04-27,2023/2024,Chelsea,Aston Villa,0,2,2,MAURICIO POCHETTINO,2023-01-07,2024-06-30,45,0,0,0
2024-05-02,2023/2024,Chelsea,Tottenham,1,2,0,MAURICIO POCHETTINO,2023-01-07,2024-06-30,46,0,0,0
2024-05-05,2023/2024,Chelsea,West Ham,1,5,0,MAURICIO POCHETTINO,2023-01-07,2024-06-30,47,0,0,0
2024-05-11,2023/2024,Chelsea,Nott'ham Forest,0,3,2,MAURICIO POCHETTINO,2023-01-07,2024-06-30,48,0,0,0
2024-05-15,2023/2024,Chelsea,Brighton,0,2,1,MAURICIO POCHETTINO,2023-01-07,2024-06-30,49,0,0,0
2024-05-19,2023/2024,Chelsea,Bournemouth,1,2,1,MAURICIO POCHETTINO,2023-01-07,2024-06-30,50,0,0,0
2018-08-11,2018/2019,Chelsea,Huddersfield,0,3,0,MAURIZIO SARRI,2018-07-14,2019-06-30,1,1,0,0
2018-08-18,2018/2019,Chelsea,Arsenal,1,3,2,MAURIZIO SARRI,2018-07-14,2019-06-30,2,1,0,0
2018-08-26,2018/2019,Chelsea,Newcastle Utd,0,2,1,MAURIZIO SARRI,2018-07-14,2019-06-30,3,1,0,0
2018-09-01,2018/2019,Chelsea,Bournemouth,1,2,0,MAURIZIO SARRI,2018-07-14,2019-06-30,4,0,1,0
2018-09-15,2018/2019,Chelsea,Cardiff City,1,4,1,MAURIZIO SARRI,2018-07-14,2019-06-30,5,0,1,0
2018-09-23,2018/2019,Chelsea,West Ham,0,0,0,MAURIZIO SARRI,2018-07-14,2019-06-30,6,0,1,0
2018-09-29,2018/2019,Chelsea,Liverpool,1,1,1,MAURIZIO SARRI,2018-07-14,2019-06-30,7,0,0,1
2018-10-07,2018/2019,Chelsea,Southampton,0,3,0,MAURIZIO SARRI,2018-07-14,2019-06-30,8,0,0,1
2018-10-20,2018/2019,Chelsea,Manchester Utd,1,2,2,MAURIZIO SARRI,2018-07-14,2019-06-30,9,0,0,1
2018-10-28,2018/2019,Chelsea,Burnley,0,4,0,MAURIZIO SARRI,2018-07-14,2019-06-30,10,0,0,1
2018-11-04,2018/2019,Chelsea,Crystal Palace,1,3,1,MAURIZIO SARRI,2018-07-14,2019-06-30,11,0,0,0
2018-11-11,2018/2019,Chelsea,Everton,1,0,0,MAURIZIO SARRI,2018-07-14,2019-06-30,12,0,0,0
2018-11-24,2018/2019,Chelsea,Tottenham,0,1,3,MAURIZIO SARRI,2018-07-14,2019-06-30,13,0,0,0
2018-12-02,2018/2019,Chelsea,Fulham,1,2,0,MAURIZIO SARRI,2018-07-14,2019-06-30,14,0,0,0
2018-12-05,2018/2019,Chelsea,Wolves,0,1,2,MAURIZIO SARRI,2018-07-14,2019-06-30,15,0,0,0
2018-12-08,2018/2019,Chelsea,Manchester City,1,2,0,MAURIZIO SARRI,2018-07-14,2019-06-30,16,0,0,0
2018-12-16,2018/2019,Chelsea,Brighton,0,2,1,MAURIZIO SARRI,2018-07-14,2019-06-30,17,0,0,0
2018-12-22,2018/2019,Chelsea,Leicester City,1,0,1,MAURIZIO SARRI,2018-07-14,2019-06-30,18,0,0,0
2018-12-26,2018/2019,Chelsea,Watford,0,2,1,MAURIZIO SARRI,2018-07-14,2019-06-30,19,0,0,0
2018-12-30,2018/2019,Chelsea,Crystal Palace,0,1,0,MAURIZIO SARRI,2018-07-14,2019-06-30,20,0,0,0
2019-01-02,2018/2019,Chelsea,Southampton,1,0,0,MAURIZIO SARRI,2018-07-14,2019-06-30,21,0,0,0
2019-01-12,2018/2019,Chelsea,Newcastle Utd,1,2,1,MAURIZIO SARRI,2018-07-14,2019-06-30,22,0,0,0
2019-01-19,2018/2019,Chelsea,Arsenal,0,0,2,MAURIZIO SARRI,2018-07-14,2019-06-30,23,0,0,0
2019-01-30,2018/2019,Chelsea,Bournemouth,0,0,4,MAURIZIO SARRI,2018-07-14,2019-06-30,24,0,0,0
2019-02-02,2018/2019,Chelsea,Huddersfield,1,5,0,MAURIZIO SARRI,2018-07-14,2019-06-30,25,0,0,0
2019-02-10,2018/2019,Chelsea,Manchester City,0,0,6,MAURIZIO SARRI,2018-07-14,2019-06-30,26,0,0,0
2019-02-27,2018/2019,Chelsea,Tottenham,1,2,0,MAURIZIO SARRI,2018-07-14,2019-06-30,27,0,0,0
2019-03-03,2018/2019,Chelsea,Fulham,0,2,1,MAURIZIO SARRI,2018-07-14,2019-06-30,28,0,0,0
2019-03-10,2018/2019,Chelsea,Wolves,1,1,1,MAURIZIO SARRI,2018-07-14,2019-06-30,29,0,0,0
2019-03-17,2018/2019,Chelsea,Everton,0,0,2,MAURIZIO SARRI,2018-07-14,2019-06-30,30,0,0,0
2019-03-31,2018/2019,Chelsea,Cardiff City,0,2,1,MAURIZIO SARRI,2018-07-14,2019-06-30,31,0,0,0
2019-04-03,2018/2019,Chelsea,Brighton,1,3,0,MAURIZIO SARRI,2018-07-14,2019-06-30,32,0,0,0
2015-12-19,2015/2016,Chelsea,Sunderland,1,3,1,STEVE HOLLAND,2015-12-18,2015-12-20,1,1,0,0
2021-01-27,2020/2021,Chelsea,Wolves,1,0,0,THOMAS TUCHEL,2021-01-26,2022-09-07,1,1,0,0
2021-01-31,2020/2021,Chelsea,Burnley,1,2,0,THOMAS TUCHEL,2021-01-26,2022-09-07,2,1,0,0
2021-02-04,2020/2021,Chelsea,Tottenham,0,1,0,THOMAS TUCHEL,2021-01-26,2022-09-07,3,1,0,0
2021-02-07,2020/2021,Chelsea,Sheffield Utd,0,2,1,THOMAS TUCHEL,2021-01-26,2022-09-07,4,0,1,0
2021-02-15,2020/2021,Chelsea,Newcastle Utd,1,2,0,THOMAS TUCHEL,2021-01-26,2022-09-07,5,0,1,0
2021-02-20,2020/2021,Chelsea,Southampton,0,1,1,THOMAS TUCHEL,2021-01-26,2022-09-07,6,0,1,0
2021-02-28,2020/2021,Chelsea,Manchester Utd,1,0,0,THOMAS TUCHEL,2021-01-26,2022-09-07,7,0,0,1
2021-03-04,2020/2021,Chelsea,Liverpool,0,1,0,THOMAS TUCHEL,2021-01-26,2022-09-07,8,0,0,1
2021-03-08,2020/2021,Chelsea,Everton,1,2,0,THOMAS TUCHEL,2021-01-26,2022-09-07,9,0,0,1
2021-03-13,2020/2021,Chelsea,Leeds United,0,0,0,THOMAS TUCHEL,2021-01-26,2022-09-07,10,0,0,1
2021-04-03,2020/2021,Chelsea,West Brom,1,2,5,THOMAS TUCHEL,2021-01-26,2022-09-07,11,0,0,0
2021-04-10,2020/2021,Chelsea,Crystal Palace,0,4,1,THOMAS TUCHEL,2021-01-26,2022-09-07,12,0,0,0
2021-04-20,2020/2021,Chelsea,Brighton,1,0,0,THOMAS TUCHEL,2021-01-26,2022-09-07,13,0,0,0
2021-04-24,2020/2021,Chelsea,West Ham,0,1,0,THOMAS TUCHEL,2021-01-26,2022-09-07,14,0,0,0
2021-05-01,2020/2021,Chelsea,Fulham,1,2,0,THOMAS TUCHEL,2021-01-26,2022-09-07,15,0,0,0
2021-05-08,2020/2021,Chelsea,Manchester City,0,2,1,THOMAS TUCHEL,2021-01-26,2022-09-07,16,0,0,0
2021-05-12,2020/2021,Chelsea,Arsenal,1,0,1,THOMAS TUCHEL,2021-01-26,2022-09-07,17,0,0,0
2021-05-18,2020/2021,Chelsea,Leicester City,1,2,1,THOMAS TUCHEL,2021-01-26,2022-09-07,18,0,0,0
2021-05-23,2020/2021,Chelsea,Aston Villa,0,1,2,THOMAS TUCHEL,2021-01-26,2022-09-07,19,0,0,0
2021-08-14,2021/2022,Chelsea,Crystal Palace,1,3,0,THOMAS TUCHEL,2021-01-26,2022-09-07,20,0,0,0
2021-08-22,2021/2022,Chelsea,Arsenal,0,2,0,THOMAS TUCHEL,2021-01-26,2022-09-07,21,0,0,0
2021-08-28,2021/2022,Chelsea,Liverpool,0,1,1,THOMAS TUCHEL,2021-01-26,2022-09-07,22,0,0,0
2021-09-11,2021/2022,Chelsea,Aston Villa,1,3,0,THOMAS TUCHEL,2021-01-26,2022-09-07,23,0,0,0
2021-09-19,2021/2022,Chelsea,Tottenham,0,3,0,THOMAS TUCHEL,2021-01-26,2022-09-07,24,0,0,0
2021-09-25,2021/2022,Chelsea,Manchester City,1,0,1,THOMAS TUCHEL,2021-01-26,2022-09-07,25,0,0,0
2021-10-02,2021/2022,Chelsea,Southampton,1,3,1,THOMAS TUCHEL,2021-01-26,2022-09-07,26,0,0,0
2021-10-16,2021/2022,Chelsea,Brentford,0,1,0,THOMAS TUCHEL,2021-01-26,2022-09-07,27,0,0,0
2021-10-23,2021/2022,Chelsea,Norwich City,1,7,0,THOMAS TUCHEL,2021-01-26,2022-09-07,28,0,0,0
2021-10-30,2021/2022,Chelsea,Newcastle Utd,0,3,0,THOMAS TUCHEL,2021-01-26,2022-09-07,29,0,0,0
2021-11-06,2021/2022,Chelsea,Burnley,1,1,1,THOMAS TUCHEL,2021-01-26,2022-09-07,30,0,0,0
2021-11-20,2021/2022,Chelsea,Leicester City,0,3,0,THOMAS TUCHEL,2021-01-26,2022-09-07,31,0,0,0
2021-11-28,2021/2022,Chelsea,Manchester Utd,1,1,1,THOMAS TUCHEL,2021-01-26,2022-09-07,32,0,0,0
2021-12-01,2021/2022,Chelsea,Watford,0,2,1,THOMAS TUCHEL,2021-01-26,2022-09-07,33,0,0,0
2021-12-04,2021/2022,Chelsea,West Ham,0,2,3,THOMAS TUCHEL,2021-01-26,2022-09-07,34,0,0,0
2021-12-11,2021/2022,Chelsea,Leeds United,1,3,2,THOMAS TUCHEL,2021-01-26,2022-09-07,35,0,0,0
2021-12-16,2021/2022,Chelsea,Everton,1,1,1,THOMAS TUCHEL,2021-01-26,2022-09-07,36,0,0,0
2021-12-19,2021/2022,Chelsea,Wolves,0,0,0,THOMAS TUCHEL,2021-01-26,2022-09-07,37,0,0,0
2021-12-26,2021/2022,Chelsea,Aston Villa,0,3,1,THOMAS TUCHEL,2021-01-26,2022-09-07,38,0,0,0
2021-12-29,2021/2022,Chelsea,Brighton,1,1,1,THOMAS TUCHEL,2021-01-26,2022-09-07,39,0,0,0
2022-01-02,2021/2022,Chelsea,Liverpool,1,2,2,THOMAS TUCHEL,2021-01-26,2022-09-07,40,0,0,0
2022-01-15,2021/2022,Chelsea,Manchester City,0,0,1,THOMAS TUCHEL,2021-01-26,2022-09-07,41,0,0,0
2022-01-18,2021/2022,Chelsea,Brighton,0,1,1,THOMAS TUCHEL,2021-01-26,2022-09-07,42,0,0,0
2022-01-23,2021/2022,Chelsea,Tottenham,1,2,0,THOMAS TUCHEL,2021-01-26,2022-09-07,43,0,0,0
2022-02-19,2021/2022,Chelsea,Crystal Palace,0,1,0,THOMAS TUCHEL,2021-01-26,2022-09-07,44,0,0,0
2022-03-05,2021/2022,Chelsea,Burnley,0,4,0,THOMAS TUCHEL,2021-01-26,2022-09-07,45,0,0,0
2022-03-10,2021/2022,Chelsea,Norwich City,0,3,1,THOMAS TUCHEL,2021-01-26,2022-09-07,46,0,0,0
2022-03-13,2021/2022,Chelsea,Newcastle Utd,1,1,0,THOMAS TUCHEL,2021-01-26,2022-09-07,47,0,0,0
2022-04-02,2021/2022,Chelsea,Brentford,1,1,4,THOMAS TUCHEL,2021-01-26,2022-09-07,48,0,0,0
2022-04-09,2021/2022,Chelsea,Southampton,0,6,0,THOMAS TUCHEL,2021-01-26,2022-09-07,49,0,0,0
2022-04-20,2021/2022,Chelsea,Arsenal,1,2,4,THOMAS TUCHEL,2021-01-26,2022-09-07,50,0,0,0
2022-04-24,2021/2022,Chelsea,West Ham,1,1,0,THOMAS TUCHEL,2021-01-26,2022-09-07,51,0,0,0
2022-04-28,2021/2022,Chelsea,Manchester Utd,0,1,1,THOMAS TUCHEL,2021-01-26,2022-09-07,52,0,0,0
2022-05-01,2021/2022,Chelsea,Everton,0,0,1,THOMAS TUCHEL,2021-01-26,2022-09-07,53,0,0,0
2022-05-07,2021/2022,Chelsea,Wolves,1,2,2,THOMAS TUCHEL,2021-01-26,2022-09-07,54,0,0,0
2022-05-11,2021/2022,Chelsea,Leeds United,0,3,0,THOMAS TUCHEL,2021-01-26,2022-09-07,55,0,0,0
2022-05-19,2021/2022,Chelsea,Leicester City,1,1,1,THOMAS TUCHEL,2021-01-26,2022-09-07,56,0,0,0
2022-05-22,2021/2022,Chelsea,Watford,1,2,1,THOMAS TUCHEL,2021-01-26,2022-09-07,57,0,0,0
2022-08-06,2022/2023,Chelsea,Everton,0,1,0,THOMAS TUCHEL,2021-01-26,2022-09-07,58,0,0,0
2022-08-14,2022/2023,Chelsea,Tottenham,1,2,2,THOMAS TUCHEL,2021-01-26,2022-09-07,59,0,0,0
2022-08-21,2022/2023,Chelsea,Leeds United,0,0,3,THOMAS TUCHEL,2021-01-26,2022-09-07,60,0,0,0
2022-08-27,2022/2023,Chelsea,Leicester City,1,2,1,THOMAS TUCHEL,2021-01-26,2022-09-07,61,0,0,0
2022-08-30,2022/2023,Chelsea,Southampton,0,1,2,THOMAS TUCHEL,2021-01-26,2022-09-07,62,0,0,0
2022-09-03,2022/2023,Chelsea,West Ham,1,2,1,THOMAS TUCHEL,2021-01-26,2022-09-07,63,0,0,0
2015-03-03,2014/2015,Crystal Palace,Southampton,0,0,1,ALAN PARDEW,2015-03-01,2100-01-01,1,1,0,0
2015-03-14,2014/2015,Crystal Palace,QPR,1,3,1,ALAN PARDEW,2015-03-01,2100-01-01,2,1,0,0
2015-03-21,2014/2015,Crystal Palace,Stoke City,0,2,1,ALAN PARDEW,2015-03-01,2100-01-01,3,1,0,0
2015-04-06,2014/2015,Crystal Palace,Manchester City,1,2,1,ALAN PARDEW,2015-03-01,2100-01-01,4,0,1,0
2015-04-11,2014/2015,Crystal Palace,Sunderland,0,4,1,ALAN PARDEW,2015-03-01,2100-01-01,5,0,1,0
2015-04-18,2014/2015,Crystal Palace,West Brom,1,0,2,ALAN PARDEW,2015-03-01,2100-01-01,6,0,1,0
2015-04-25,2014/2015,Crystal Palace,Hull City,1,0,2,ALAN PARDEW,2015-03-01,2100-01-01,7,0,0,1
2015-05-03,2014/2015,Crystal Palace,Chelsea,0,0,1,ALAN PARDEW,2015-03-01,2100-01-01,8,0,0,1
2015-05-09,2014/2015,Crystal Palace,Manchester Utd,1,1,2,ALAN PARDEW,2015-03-01,2100-01-01,9,0,0,1
2015-05-16,2014/2015,Crystal Palace,Liverpool,0,3,1,ALAN PARDEW,2015-03-01,2100-01-01,10,0,0,1
2015-05-24,2014/2015,Crystal Palace,Swansea City,1,1,0,ALAN PARDEW,2015-03-01,2100-01-01,11,0,0,0
2015-08-08,2015/2016,Crystal Palace,Norwich City,0,3,1,ALAN PARDEW,2015-03-01,2100-01-01,12,0,0,0
2015-08-16,2015/2016,Crystal Palace,Arsenal,1,1,2,ALAN PARDEW,2015-03-01,2100-01-01,13,0,0,0
2015-08-22,2015/2016,Crystal Palace,Aston Villa,1,2,1,ALAN PARDEW,2015-03-01,2100-01-01,14,0,0,0
2015-08-29,2015/2016,Crystal Palace,Chelsea,0,2,1,ALAN PARDEW,2015-03-01,2100-01-01,15,0,0,0
2015-09-12,2015/2016,Crystal Palace,Manchester City,1,0,1,ALAN PARDEW,2015-03-01,2100-01-01,16,0,0,0
2015-09-20,2015/2016,Crystal Palace,Tottenham,0,0,1,ALAN PARDEW,2015-03-01,2100-01-01,17,0,0,0
2015-09-27,2015/2016,Crystal Palace,Watford,0,1,0,ALAN PARDEW,2015-03-01,2100-01-01,18,0,0,0
2015-10-03,2015/2016,Crystal Palace,West Brom,1,2,0,ALAN PARDEW,2015-03-01,2100-01-01,19,0,0,0
2015-10-17,2015/2016,Crystal Palace,West Ham,1,1,3,ALAN PARDEW,2015-03-01,2100-01-01,20,0,0,0
2015-10-24,2015/2016,Crystal Palace,Leicester City,0,0,1,ALAN PARDEW,2015-03-01,2100-01-01,21,0,0,0
2015-10-31,2015/2016,Crystal Palace,Manchester Utd,1,0,0,ALAN PARDEW,2015-03-01,2100-01-01,22,0,0,0
2015-11-08,2015/2016,Crystal Palace,Liverpool,0,2,1,ALAN PARDEW,2015-03-01,2100-01-01,23,0,0,0
2015-11-23,2015/2016,Crystal Palace,Sunderland,1,0,1,ALAN PARDEW,2015-03-01,2100-01-01,24,0,0,0
2015-11-28,2015/2016,Crystal Palace,Newcastle Utd,1,5,1,ALAN PARDEW,2015-03-01,2100-01-01,25,0,0,0
2015-12-07,2015/2016,Crystal Palace,Everton,0,1,1,ALAN PARDEW,2015-03-01,2100-01-01,26,0,0,0
2015-12-12,2015/2016,Crystal Palace,Southampton,1,1,0,ALAN PARDEW,2015-03-01,2100-01-01,27,0,0,0
2015-12-19,2015/2016,Crystal Palace,Stoke City,0,2,1,ALAN PARDEW,2015-03-01,2100-01-01,28,0,0,0
2015-12-26,2015/2016,Crystal Palace,Bournemouth,0,0,0,ALAN PARDEW,2015-03-01,2100-01-01,29,0,0,0
2015-12-28,2015/2016,Crystal Palace,Swansea City,1,0,0,ALAN PARDEW,2015-03-01,2100-01-01,30,0,0,0
2016-01-03,2015/2016,Crystal Palace,Chelsea,1,0,3,ALAN PARDEW,2015-03-01,2100-01-01,31,0,0,0
2016-01-12,2015/2016,Crystal Palace,Aston Villa,0,0,1,ALAN PARDEW,2015-03-01,2100-01-01,32,0,0,0
2016-01-16,2015/2016,Crystal Palace,Manchester City,0,0,4,ALAN PARDEW,2015-03-01,2100-01-01,33,0,0,0
2016-01-23,2015/2016,Crystal Palace,Tottenham,1,1,3,ALAN PARDEW,2015-03-01,2100-01-01,34,0,0,0
2016-02-02,2015/2016,Crystal Palace,Bournemouth,1,1,2,ALAN PARDEW,2015-03-01,2100-01-01,35,0,0,0
2016-02-06,2015/2016,Crystal Palace,Swansea City,0,1,1,ALAN PARDEW,2015-03-01,2100-01-01,36,0,0,0
2016-02-13,2015/2016,Crystal Palace,Watford,1,1,2,ALAN PARDEW,2015-03-01,2100-01-01,37,0,0,0
2016-02-27,2015/2016,Crystal Palace,West Brom,0,2,3,ALAN PARDEW,2015-03-01,2100-01-01,38,0,0,0
2016-03-01,2015/2016,Crystal Palace,Sunderland,0,2,2,ALAN PARDEW,2015-03-01,2100-01-01,39,0,0,0
2016-03-06,2015/2016,Crystal Palace,Liverpool,1,1,2,ALAN PARDEW,2015-03-01,2100-01-01,40,0,0,0
2016-03-19,2015/2016,Crystal Palace,Leicester City,1,0,1,ALAN PARDEW,2015-03-01,2100-01-01,41,0,0,0
2016-04-02,2015/2016,Crystal Palace,West Ham,0,2,2,ALAN PARDEW,2015-03-01,2100-01-01,42,0,0,0
2016-04-09,2015/2016,Crystal Palace,Norwich City,1,1,0,ALAN PARDEW,2015-03-01,2100-01-01,43,0,0,0
2016-04-13,2015/2016,Crystal Palace,Everton,1,0,0,ALAN PARDEW,2015-03-01,2100-01-01,44,0,0,0
2016-04-17,2015/2016,Crystal Palace,Arsenal,0,1,1,ALAN PARDEW,2015-03-01,2100-01-01,45,0,0,0
2016-04-20,2015/2016,Crystal Palace,Manchester Utd,0,0,2,ALAN PARDEW,2015-03-01,2100-01-01,46,0,0,0
2016-04-30,2015/2016,Crystal Palace,Newcastle Utd,0,0,1,ALAN PARDEW,2015-03-01,2100-01-01,47,0,0,0
2016-05-07,2015/2016,Crystal Palace,Stoke City,1,2,1,ALAN PARDEW,2015-03-01,2100-01-01,48,0,0,0
2016-05-15,2015/2016,Crystal Palace,Southampton,0,1,4,ALAN PARDEW,2015-03-01,2100-01-01,49,0,0,0
2016-08-13,2016/2017,Crystal Palace,West Brom,1,0,1,ALAN PARDEW,2015-03-01,2100-01-01,50,0,0,0
2016-08-20,2016/2017,Crystal Palace,Tottenham,0,0,1,ALAN PARDEW,2015-03-01,2100-01-01,51,0,0,0
2016-08-27,2016/2017,Crystal Palace,Bournemouth,1,1,1,ALAN PARDEW,2015-03-01,2100-01-01,52,0,0,0
2016-09-10,2016/2017,Crystal Palace,Middlesbrough,0,2,1,ALAN PARDEW,2015-03-01,2100-01-01,53,0,0,0
2016-09-18,2016/2017,Crystal Palace,Stoke City,1,4,1,ALAN PARDEW,2015-03-01,2100-01-01,54,0,0,0
2016-09-24,2016/2017,Crystal Palace,Sunderland,0,3,2,ALAN PARDEW,2015-03-01,2100-01-01,55,0,0,0
2016-09-30,2016/2017,Crystal Palace,Everton,0,1,1,ALAN PARDEW,2015-03-01,2100-01-01,56,0,0,0
2016-10-15,2016/2017,Crystal Palace,West Ham,1,0,1,ALAN PARDEW,2015-03-01,2100-01-01,57,0,0,0
2016-10-22,2016/2017,Crystal Palace,Leicester City,0,1,3,ALAN PARDEW,2015-03-01,2100-01-01,58,0,0,0
2016-10-29,2016/2017,Crystal Palace,Liverpool,1,2,4,ALAN PARDEW,2015-03-01,2100-01-01,59,0,0,0
2016-11-05,2016/2017,Crystal Palace,Burnley,0,2,3,ALAN PARDEW,2015-03-01,2100-01-01,60,0,0,0
2016-11-19,2016/2017,Crystal Palace,Manchester City,1,1,2,ALAN PARDEW,2015-03-01,2100-01-01,61,0,0,0
2017-01-14,2016/2017,Crystal Palace,West Ham,0,0,3,FRANK DE BOER,2017-01-07,2017-11-09,1,1,0,0
2017-01-21,2016/2017,Crystal Palace,Everton,1,0,1,FRANK DE BOER,2017-01-07,2017-11-09,2,1,0,0
2017-01-31,2016/2017,Crystal Palace,Bournemouth,0,2,0,FRANK DE BOER,2017-01-07,2017-11-09,3,1,0,0
2017-02-04,2016/2017,Crystal Palace,Sunderland,1,0,4,FRANK DE BOER,2017-01-07,2017-11-09,4,0,1,0
2017-02-11,2016/2017,Crystal Palace,Stoke City,0,0,1,FRANK DE BOER,2017-01-07,2017-11-09,5,0,1,0
2017-02-25,2016/2017,Crystal Palace,Middlesbrough,1,1,0,FRANK DE BOER,2017-01-07,2017-11-09,6,0,1,0
2017-03-04,2016/2017,Crystal Palace,West Brom,0,2,0,FRANK DE BOER,2017-01-07,2017-11-09,7,0,0,1
2017-03-18,2016/2017,Crystal Palace,Watford,1,1,0,FRANK DE BOER,2017-01-07,2017-11-09,8,0,0,1
2017-04-01,2016/2017,Crystal Palace,Chelsea,0,2,1,FRANK DE BOER,2017-01-07,2017-11-09,9,0,0,1
2017-04-05,2016/2017,Crystal Palace,Southampton,0,1,3,FRANK DE BOER,2017-01-07,2017-11-09,10,0,0,1
2017-04-10,2016/2017,Crystal Palace,Arsenal,1,3,0,FRANK DE BOER,2017-01-07,2017-11-09,11,0,0,0
2017-04-15,2016/2017,Crystal Palace,Leicester City,1,2,2,FRANK DE BOER,2017-01-07,2017-11-09,12,0,0,0
2017-04-23,2016/2017,Crystal Palace,Liverpool,0,2,1,FRANK DE BOER,2017-01-07,2017-11-09,13,0,0,0
2017-04-26,2016/2017,Crystal Palace,Tottenham,1,0,1,FRANK DE BOER,2017-01-07,2017-11-09,14,0,0,0
2017-04-29,2016/2017,Crystal Palace,Burnley,1,0,2,FRANK DE BOER,2017-01-07,2017-11-09,15,0,0,0
2017-05-06,2016/2017,Crystal Palace,Manchester City,0,0,5,FRANK DE BOER,2017-01-07,2017-11-09,16,0,0,0
2017-05-14,2016/2017,Crystal Palace,Hull City,1,4,0,FRANK DE BOER,2017-01-07,2017-11-09,17,0,0,0
2017-05-21,2016/2017,Crystal Palace,Manchester Utd,0,0,2,FRANK DE BOER,2017-01-07,2017-11-09,18,0,0,0
2017-08-12,2017/2018,Crystal Palace,Huddersfield,1,0,3,FRANK DE BOER,2017-01-07,2017-11-09,19,0,0,0
2017-08-19,2017/2018,Crystal Palace,Liverpool,0,0,1,FRANK DE BOER,2017-01-07,2017-11-09,20,0,0,0
2017-08-26,2017/2018,Crystal Palace,Swansea City,1,0,2,FRANK DE BOER,2017-01-07,2017-11-09,21,0,0,0
2017-09-10,2017/2018,Crystal Palace,Burnley,0,0,1,FRANK DE BOER,2017-01-07,2017-11-09,22,0,0,0
2017-09-16,2017/2018,Crystal Palace,Southampton,1,0,1,FRANK DE BOER,2017-01-07,2017-11-09,23,0,0,0
2017-09-23,2017/2018,Crystal Palace,Manchester City,0,0,5,FRANK DE BOER,2017-01-07,2017-11-09,24,0,0,0
2017-09-30,2017/2018,Crystal Palace,Manchester Utd,0,0,4,FRANK DE BOER,2017-01-07,2017-11-09,25,0,0,0
2017-10-14,2017/2018,Crystal Palace,Chelsea,1,2,1,FRANK DE BOER,2017-01-07,2017-11-09,26,0,0,0
2017-10-21,2017/2018,Crystal Palace,Newcastle Utd,0,0,1,FRANK DE BOER,2017-01-07,2017-11-09,27,0,0,0
2017-10-28,2017/2018,Crystal Palace,West Ham,1,2,2,FRANK DE BOER,2017-01-07,2017-11-09,28,0,0,0
2017-11-05,2017/2018,Crystal Palace,Tottenham,0,0,1,FRANK DE BOER,2017-01-07,2017-11-09,29,0,0,0
2014-08-16,2014/2015,Crystal Palace,Arsenal,0,1,2,KEITH MILLEN,2014-08-15,2100-01-01,1,1,0,0
2014-08-23,2014/2015,Crystal Palace,West Ham,1,1,3,KEITH MILLEN,2014-08-15,2100-01-01,2,1,0,0
2015-02-07,2014/2015,Crystal Palace,Leicester City,0,1,0,KEITH MILLEN,2015-02-01,2024-12-27,1,1,0,0
2015-02-11,2014/2015,Crystal Palace,Newcastle Utd,1,1,1,KEITH MILLEN,2015-02-01,2024-12-27,2,1,0,0
2015-02-21,2014/2015,Crystal Palace,Arsenal,1,1,2,KEITH MILLEN,2015-02-01,2024-12-27,3,1,0,0
2015-02-28,2014/2015,Crystal Palace,West Ham,0,3,1,KEITH MILLEN,2015-02-01,2024-12-27,4,0,1,0
2014-08-30,2014/2015,Crystal Palace,Newcastle Utd,0,3,3,NEIL WARNOCK,2014-08-27,2100-01-01,1,1,0,0
2014-09-13,2014/2015,Crystal Palace,Burnley,1,0,0,NEIL WARNOCK,2014-08-27,2100-01-01,2,1,0,0
2014-09-21,2014/2015,Crystal Palace,Everton,0,3,2,NEIL WARNOCK,2014-08-27,2100-01-01,3,1,0,0
2014-09-27,2014/2015,Crystal Palace,Leicester City,1,2,0,NEIL WARNOCK,2014-08-27,2100-01-01,4,0,1,0
2014-10-04,2014/2015,Crystal Palace,Hull City,0,0,2,NEIL WARNOCK,2014-08-27,2100-01-01,5,0,1,0
2014-10-18,2014/2015,Crystal Palace,Chelsea,1,1,2,NEIL WARNOCK,2014-08-27,2100-01-01,6,0,1,0
2014-10-25,2014/2015,Crystal Palace,West Brom,0,2,2,NEIL WARNOCK,2014-08-27,2100-01-01,7,0,0,1
2014-11-03,2014/2015,Crystal Palace,Sunderland,1,1,3,NEIL WARNOCK,2014-08-27,2100-01-01,8,0,0,1
2014-11-08,2014/2015,Crystal Palace,Manchester Utd,0,0,1,NEIL WARNOCK,2014-08-27,2100-01-01,9,0,0,1
2014-11-23,2014/2015,Crystal Palace,Liverpool,1,3,1,NEIL WARNOCK,2014-08-27,2100-01-01,10,0,0,1
2014-11-29,2014/2015,Crystal Palace,Swansea City,0,1,1,NEIL WARNOCK,2014-08-27,2100-01-01,11,0,0,0
2014-12-02,2014/2015,Crystal Palace,Aston Villa,1,0,1,NEIL WARNOCK,2014-08-27,2100-01-01,12,0,0,0
2014-12-06,2014/2015,Crystal Palace,Tottenham,0,0,0,NEIL WARNOCK,2014-08-27,2100-01-01,13,0,0,0
2014-12-13,2014/2015,Crystal Palace,Stoke City,1,1,1,NEIL WARNOCK,2014-08-27,2100-01-01,14,0,0,0
2014-12-20,2014/2015,Crystal Palace,Manchester City,0,0,3,NEIL WARNOCK,2014-08-27,2100-01-01,15,0,0,0
2014-12-26,2014/2015,Crystal Palace,Southampton,1,1,3,NEIL WARNOCK,2014-08-27,2100-01-01,16,0,0,0
2014-12-28,2014/2015,Crystal Palace,QPR,0,0,0,NEIL WARNOCK,2014-08-27,2100-01-01,17,0,0,0
2015-01-01,2014/2015,Crystal Palace,Aston Villa,0,0,0,NEIL WARNOCK,2014-08-27,2100-01-01,18,0,0,0
2015-01-10,2014/2015,Crystal Palace,Tottenham,1,2,1,NEIL WARNOCK,2014-08-27,2100-01-01,19,0,0,0
2015-01-17,2014/2015,Crystal Palace,Burnley,0,3,2,NEIL WARNOCK,2014-08-27,2100-01-01,20,0,0,0
2015-01-31,2014/2015,Crystal Palace,Everton,1,0,1,NEIL WARNOCK,2014-08-27,2100-01-01,21,0,0,0
2024-02-24,2023/2024,Crystal Palace,Burnley,1,3,0,OLIVER GASNER,2024-02-20,2100-01-01,1,1,0,0
2024-03-02,2023/2024,Crystal Palace,Tottenham,0,1,3,OLIVER GASNER,2024-02-20,2100-01-01,2,1,0,0
2024-03-09,2023/2024,Crystal Palace,Luton Town,1,1,1,OLIVER GASNER,2024-02-20,2100-01-01,3,1,0,0
2024-03-30,2023/2024,Crystal Palace,Nott'ham Forest,0,1,1,OLIVER GASNER,2024-02-20,2100-01-01,4,0,1,0
2024-04-02,2023/2024,Crystal Palace,Bournemouth,0,0,1,OLIVER GASNER,2024-02-20,2100-01-01,5,0,1,0
2024-04-06,2023/2024,Crystal Palace,Manchester City,1,2,4,OLIVER GASNER,2024-02-20,2100-01-01,6,0,1,0
2024-04-14,2023/2024,Crystal Palace,Liverpool,0,1,0,OLIVER GASNER,2024-02-20,2100-01-01,7,0,0,1
2024-04-21,2023/2024,Crystal Palace,West Ham,1,5,2,OLIVER GASNER,2024-02-20,2100-01-01,8,0,0,1
2024-04-24,2023/2024,Crystal Palace,Newcastle Utd,1,2,0,OLIVER GASNER,2024-02-20,2100-01-01,9,0,0,1
2024-04-27,2023/2024,Crystal Palace,Fulham,0,1,1,OLIVER GASNER,2024-02-20,2100-01-01,10,0,0,1
2024-05-06,2023/2024,Crystal Palace,Manchester Utd,1,4,0,OLIVER GASNER,2024-02-20,2100-01-01,11,0,0,0
2024-05-11,2023/2024,Crystal Palace,Wolves,0,3,1,OLIVER GASNER,2024-02-20,2100-01-01,12,0,0,0
2024-05-19,2023/2024,Crystal Palace,Aston Villa,1,5,0,OLIVER GASNER,2024-02-20,2100-01-01,13,0,0,0
2023-03-19,2022/2023,Crystal Palace,Arsenal,0,1,4,PATRICK MCCARTHY,2023-03-17,2100-01-01,1,1,0,0
2021-04-10,2020/2021,Crystal Palace,Chelsea,1,1,4,PATRICK VIEIRA,2021-04-07,2100-01-01,1,1,0,0
2021-04-26,2020/2021,Crystal Palace,Leicester City,0,1,2,PATRICK VIEIRA,2021-04-07,2100-01-01,2,1,0,0
2021-05-01,2020/2021,Crystal Palace,Manchester City,1,0,2,PATRICK VIEIRA,2021-04-07,2100-01-01,3,1,0,0
2021-05-08,2020/2021,Crystal Palace,Sheffield Utd,0,2,0,PATRICK VIEIRA,2021-04-07,2100-01-01,4,0,1,0
2021-05-11,2020/2021,Crystal Palace,Southampton,0,1,3,PATRICK VIEIRA,2021-04-07,2100-01-01,5,0,1,0
2021-05-16,2020/2021,Crystal Palace,Aston Villa,1,3,2,PATRICK VIEIRA,2021-04-07,2100-01-01,6,0,1,0
2021-05-19,2020/2021,Crystal Palace,Arsenal,1,1,3,PATRICK VIEIRA,2021-04-07,2100-01-01,7,0,0,1
2021-05-23,2020/2021,Crystal Palace,Liverpool,0,0,2,PATRICK VIEIRA,2021-04-07,2100-01-01,8,0,0,1
2021-08-14,2021/2022,Crystal Palace,Chelsea,0,0,3,PATRICK VIEIRA,2021-04-07,2100-01-01,9,0,0,1
2021-08-21,2021/2022,Crystal Palace,Brentford,1,0,0,PATRICK VIEIRA,2021-04-07,2100-01-01,10,0,0,1
2021-08-28,2021/2022,Crystal Palace,West Ham,0,2,2,PATRICK VIEIRA,2021-04-07,2100-01-01,11,0,0,0
2021-09-11,2021/2022,Crystal Palace,Tottenham,1,3,0,PATRICK VIEIRA,2021-04-07,2100-01-01,12,0,0,0
2021-09-18,2021/2022,Crystal Palace,Liverpool,0,0,3,PATRICK VIEIRA,2021-04-07,2100-01-01,13,0,0,0
2021-09-27,2021/2022,Crystal Palace,Brighton,1,1,1,PATRICK VIEIRA,2021-04-07,2100-01-01,14,0,0,0
2021-10-03,2021/2022,Crystal Palace,Leicester City,1,2,2,PATRICK VIEIRA,2021-04-07,2100-01-01,15,0,0,0
2021-10-18,2021/2022,Crystal Palace,Arsenal,0,2,2,PATRICK VIEIRA,2021-04-07,2100-01-01,16,0,0,0
2021-10-23,2021/2022,Crystal Palace,Newcastle Utd,1,1,1,PATRICK VIEIRA,2021-04-07,2100-01-01,17,0,0,0
2021-10-30,2021/2022,Crystal Palace,Manchester City,0,2,0,PATRICK VIEIRA,2021-04-07,2100-01-01,18,0,0,0
2021-11-06,2021/2022,Crystal Palace,Wolves,1,2,0,PATRICK VIEIRA,2021-04-07,2100-01-01,19,0,0,0
2021-11-20,2021/2022,Crystal Palace,Burnley,0,3,3,PATRICK VIEIRA,2021-04-07,2100-01-01,20,0,0,0
2021-11-27,2021/2022,Crystal Palace,Aston Villa,1,1,2,PATRICK VIEIRA,2021-04-07,2100-01-01,21,0,0,0
2021-11-30,2021/2022,Crystal Palace,Leeds United,0,0,1,PATRICK VIEIRA,2021-04-07,2100-01-01,22,0,0,0
2021-12-05,2021/2022,Crystal Palace,Manchester Utd,0,0,1,PATRICK VIEIRA,2021-04-07,2100-01-01,23,0,0,0
2021-12-12,2021/2022,Crystal Palace,Everton,1,3,1,PATRICK VIEIRA,2021-04-07,2100-01-01,24,0,0,0
2021-12-15,2021/2022,Crystal Palace,Southampton,1,2,2,PATRICK VIEIRA,2021-04-07,2100-01-01,25,0,0,0
2021-12-26,2021/2022,Crystal Palace,Tottenham,0,0,3,PATRICK VIEIRA,2021-04-07,2100-01-01,26,0,0,0
2021-12-28,2021/2022,Crystal Palace,Norwich City,1,3,0,PATRICK VIEIRA,2021-04-07,2100-01-01,27,0,0,0
2022-01-01,2021/2022,Crystal Palace,West Ham,1,2,3,PATRICK VIEIRA,2021-04-07,2100-01-01,28,0,0,0
2022-01-14,2021/2022,Crystal Palace,Brighton,0,1,1,PATRICK VIEIRA,2021-04-07,2100-01-01,29,0,0,0
2022-01-23,2021/2022,Crystal Palace,Liverpool,1,1,3,PATRICK VIEIRA,2021-04-07,2100-01-01,30,0,0,0
2022-02-09,2021/2022,Crystal Palace,Norwich City,0,1,1,PATRICK VIEIRA,2021-04-07,2100-01-01,31,0,0,0
2022-02-12,2021/2022,Crystal Palace,Brentford,0,0,0,PATRICK VIEIRA,2021-04-07,2100-01-01,32,0,0,0
2022-02-19,2021/2022,Crystal Palace,Chelsea,1,0,1,PATRICK VIEIRA,2021-04-07,2100-01-01,33,0,0,0
2022-02-23,2021/2022,Crystal Palace,Watford,0,4,1,PATRICK VIEIRA,2021-04-07,2100-01-01,34,0,0,0
2022-02-26,2021/2022,Crystal Palace,Burnley,1,1,1,PATRICK VIEIRA,2021-04-07,2100-01-01,35,0,0,0
2022-03-05,2021/2022,Crystal Palace,Wolves,0,2,0,PATRICK VIEIRA,2021-04-07,2100-01-01,36,0,0,0
2022-03-14,2021/2022,Crystal Palace,Manchester City,1,0,0,PATRICK VIEIRA,2021-04-07,2100-01-01,37,0,0,0
2022-04-04,2021/2022,Crystal Palace,Arsenal,1,3,0,PATRICK VIEIRA,2021-04-07,2100-01-01,38,0,0,0
2022-04-10,2021/2022,Crystal Palace,Leicester City,0,1,2,PATRICK VIEIRA,2021-04-07,2100-01-01,39,0,0,0
2022-04-20,2021/2022,Crystal Palace,Newcastle Utd,0,0,1,PATRICK VIEIRA,2021-04-07,2100-01-01,40,0,0,0
2022-04-25,2021/2022,Crystal Palace,Leeds United,1,0,0,PATRICK VIEIRA,2021-04-07,2100-01-01,41,0,0,0
2022-04-30,2021/2022,Crystal Palace,Southampton,0,2,1,PATRICK VIEIRA,2021-04-07,2100-01-01,42,0,0,0
2022-05-07,2021/2022,Crystal Palace,Watford,1,1,0,PATRICK VIEIRA,2021-04-07,2100-01-01,43,0,0,0
2022-05-15,2021/2022,Crystal Palace,Aston Villa,0,1,1,PATRICK VIEIRA,2021-04-07,2100-01-01,44,0,0,0
2022-05-19,2021/2022,Crystal Palace,Everton,0,2,3,PATRICK VIEIRA,2021-04-07,2100-01-01,45,0,0,0
2022-05-22,2021/2022,Crystal Palace,Manchester Utd,1,1,0,PATRICK VIEIRA,2021-04-07,2100-01-01,46,0,0,0
2022-08-05,2022/2023,Crystal Palace,Arsenal,1,0,2,PATRICK VIEIRA,2021-04-07,2100-01-01,47,0,0,0
2022-08-15,2022/2023,Crystal Palace,Liverpool,0,1,1,PATRICK VIEIRA,2021-04-07,2100-01-01,48,0,0,0
2022-08-20,2022/2023,Crystal Palace,Aston Villa,1,3,1,PATRICK VIEIRA,2021-04-07,2100-01-01,49,0,0,0
2022-08-27,2022/2023,Crystal Palace,Manchester City,0,2,4,PATRICK VIEIRA,2021-04-07,2100-01-01,50,0,0,0
2022-08-30,2022/2023,Crystal Palace,Brentford,1,1,1,PATRICK VIEIRA,2021-04-07,2100-01-01,51,0,0,0
2022-09-03,2022/2023,Crystal Palace,Newcastle Utd,0,0,0,PATRICK VIEIRA,2021-04-07,2100-01-01,52,0,0,0
2022-10-01,2022/2023,Crystal Palace,Chelsea,1,1,2,PATRICK VIEIRA,2021-04-07,2100-01-01,53,0,0,0
2022-10-09,2022/2023,Crystal Palace,Leeds United,1,2,1,PATRICK VIEIRA,2021-04-07,2100-01-01,54,0,0,0
2022-10-15,2022/2023,Crystal Palace,Leicester City,0,0,0,PATRICK VIEIRA,2021-04-07,2100-01-01,55,0,0,0
2022-10-18,2022/2023,Crystal Palace,Wolves,1,2,1,PATRICK VIEIRA,2021-04-07,2100-01-01,56,0,0,0
2022-10-22,2022/2023,Crystal Palace,Everton,0,0,3,PATRICK VIEIRA,2021-04-07,2100-01-01,57,0,0,0
2022-10-29,2022/2023,Crystal Palace,Southampton,1,1,0,PATRICK VIEIRA,2021-04-07,2100-01-01,58,0,0,0
2022-11-06,2022/2023,Crystal Palace,West Ham,0,2,1,PATRICK VIEIRA,2021-04-07,2100-01-01,59,0,0,0
2022-11-12,2022/2023,Crystal Palace,Nott'ham Forest,0,0,1,PATRICK VIEIRA,2021-04-07,2100-01-01,60,0,0,0
2022-12-26,2022/2023,Crystal Palace,Fulham,1,0,3,PATRICK VIEIRA,2021-04-07,2100-01-01,61,0,0,0
2022-12-31,2022/2023,Crystal Palace,Bournemouth,0,2,0,PATRICK VIEIRA,2021-04-07,2100-01-01,62,0,0,0
2023-01-04,2022/2023,Crystal Palace,Tottenham,1,0,4,PATRICK VIEIRA,2021-04-07,2100-01-01,63,0,0,0
2023-01-15,2022/2023,Crystal Palace,Chelsea,0,0,1,PATRICK VIEIRA,2021-04-07,2100-01-01,64,0,0,0
2023-01-18,2022/2023,Crystal Palace,Manchester Utd,1,1,1,PATRICK VIEIRA,2021-04-07,2100-01-01,65,0,0,0
2023-01-21,2022/2023,Crystal Palace,Newcastle Utd,1,0,0,PATRICK VIEIRA,2021-04-07,2100-01-01,66,0,0,0
2023-02-04,2022/2023,Crystal Palace,Manchester Utd,0,1,2,PATRICK VIEIRA,2021-04-07,2100-01-01,67,0,0,0
2023-02-11,2022/2023,Crystal Palace,Brighton,1,1,1,PATRICK VIEIRA,2021-04-07,2100-01-01,68,0,0,0
2023-02-18,2022/2023,Crystal Palace,Brentford,0,1,1,PATRICK VIEIRA,2021-04-07,2100-01-01,69,0,0,0
2023-02-25,2022/2023,Crystal Palace,Liverpool,1,0,0,PATRICK VIEIRA,2021-04-07,2100-01-01,70,0,0,0
2023-03-04,2022/2023,Crystal Palace,Aston Villa,0,0,1,PATRICK VIEIRA,2021-04-07,2100-01-01,71,0,0,0
2023-03-11,2022/2023,Crystal Palace,Manchester City,1,0,1,PATRICK VIEIRA,2021-04-07,2100-01-01,72,0,0,0
2023-03-15,2022/2023,Crystal Palace,Brighton,0,0,1,PATRICK VIEIRA,2021-04-07,2100-01-01,73,0,0,0
2017-12-09,2017/2018,Crystal Palace,Bournemouth,1,2,2,ROY HODGSON,2017-12-09,2100-01-01,1,1,0,0
2017-12-12,2017/2018,Crystal Palace,Watford,1,2,1,ROY HODGSON,2017-12-09,2100-01-01,2,1,0,0
2017-12-16,2017/2018,Crystal Palace,Leicester City,0,3,0,ROY HODGSON,2017-12-09,2100-01-01,3,1,0,0
2017-12-23,2017/2018,Crystal Palace,Swansea City,0,1,1,ROY HODGSON,2017-12-09,2100-01-01,4,0,1,0
2017-12-28,2017/2018,Crystal Palace,Arsenal,1,2,3,ROY HODGSON,2017-12-09,2100-01-01,5,0,1,0
2017-12-31,2017/2018,Crystal Palace,Manchester City,1,0,0,ROY HODGSON,2017-12-09,2100-01-01,6,0,1,0
2018-01-02,2017/2018,Crystal Palace,Southampton,0,2,1,ROY HODGSON,2017-12-09,2100-01-01,7,0,0,1
2018-01-13,2017/2018,Crystal Palace,Burnley,1,1,0,ROY HODGSON,2017-12-09,2100-01-01,8,0,0,1
2018-01-20,2017/2018,Crystal Palace,Arsenal,0,1,4,ROY HODGSON,2017-12-09,2100-01-01,9,0,0,1
2018-01-30,2017/2018,Crystal Palace,West Ham,0,1,1,ROY HODGSON,2017-12-09,2100-01-01,10,0,0,1
2018-02-04,2017/2018,Crystal Palace,Newcastle Utd,1,1,1,ROY HODGSON,2017-12-09,2100-01-01,11,0,0,0
2018-02-10,2017/2018,Crystal Palace,Everton,0,1,3,ROY HODGSON,2017-12-09,2100-01-01,12,0,0,0
2018-02-25,2017/2018,Crystal Palace,Tottenham,1,0,1,ROY HODGSON,2017-12-09,2100-01-01,13,0,0,0
2018-03-05,2017/2018,Crystal Palace,Manchester Utd,1,2,3,ROY HODGSON,2017-12-09,2100-01-01,14,0,0,0
2018-03-10,2017/2018,Crystal Palace,Chelsea,0,1,2,ROY HODGSON,2017-12-09,2100-01-01,15,0,0,0
2018-03-17,2017/2018,Crystal Palace,Huddersfield,0,2,0,ROY HODGSON,2017-12-09,2100-01-01,16,0,0,0
2018-03-31,2017/2018,Crystal Palace,Liverpool,1,1,2,ROY HODGSON,2017-12-09,2100-01-01,17,0,0,0
2018-04-07,2017/2018,Crystal Palace,Bournemouth,0,2,2,ROY HODGSON,2017-12-09,2100-01-01,18,0,0,0
2018-04-14,2017/2018,Crystal Palace,Brighton,1,3,2,ROY HODGSON,2017-12-09,2100-01-01,19,0,0,0
2018-04-21,2017/2018,Crystal Palace,Watford,0,0,0,ROY HODGSON,2017-12-09,2100-01-01,20,0,0,0
2018-04-28,2017/2018,Crystal Palace,Leicester City,1,5,0,ROY HODGSON,2017-12-09,2100-01-01,21,0,0,0
2018-05-05,2017/2018,Crystal Palace,Stoke City,0,2,1,ROY HODGSON,2017-12-09,2100-01-01,22,0,0,0
2018-05-13,2017/2018,Crystal Palace,West Brom,1,2,0,ROY HODGSON,2017-12-09,2100-01-01,23,0,0,0
2018-08-11,2018/2019,Crystal Palace,Fulham,0,2,0,ROY HODGSON,2017-12-09,2100-01-01,24,0,0,0
2018-08-20,2018/2019,Crystal Palace,Liverpool,1,0,2,ROY HODGSON,2017-12-09,2100-01-01,25,0,0,0
2018-08-26,2018/2019,Crystal Palace,Watford,0,1,2,ROY HODGSON,2017-12-09,2100-01-01,26,0,0,0
2018-09-01,2018/2019,Crystal Palace,Southampton,1,0,2,ROY HODGSON,2017-12-09,2100-01-01,27,0,0,0
2018-09-15,2018/2019,Crystal Palace,Huddersfield,0,1,0,ROY HODGSON,2017-12-09,2100-01-01,28,0,0,0
2018-09-22,2018/2019,Crystal Palace,Newcastle Utd,1,0,0,ROY HODGSON,2017-12-09,2100-01-01,29,0,0,0
2018-10-01,2018/2019,Crystal Palace,Bournemouth,0,1,2,ROY HODGSON,2017-12-09,2100-01-01,30,0,0,0
2018-10-06,2018/2019,Crystal Palace,Wolves,1,0,1,ROY HODGSON,2017-12-09,2100-01-01,31,0,0,0
2018-10-21,2018/2019,Crystal Palace,Everton,0,0,2,ROY HODGSON,2017-12-09,2100-01-01,32,0,0,0
2018-10-28,2018/2019,Crystal Palace,Arsenal,1,2,2,ROY HODGSON,2017-12-09,2100-01-01,33,0,0,0
2018-11-04,2018/2019,Crystal Palace,Chelsea,0,1,3,ROY HODGSON,2017-12-09,2100-01-01,34,0,0,0
2018-11-10,2018/2019,Crystal Palace,Tottenham,1,0,1,ROY HODGSON,2017-12-09,2100-01-01,35,0,0,0
2018-11-24,2018/2019,Crystal Palace,Manchester Utd,0,0,0,ROY HODGSON,2017-12-09,2100-01-01,36,0,0,0
2018-12-01,2018/2019,Crystal Palace,Burnley,1,2,0,ROY HODGSON,2017-12-09,2100-01-01,37,0,0,0
2018-12-04,2018/2019,Crystal Palace,Brighton,0,1,3,ROY HODGSON,2017-12-09,2100-01-01,38,0,0,0
2018-12-08,2018/2019,Crystal Palace,West Ham,0,2,3,ROY HODGSON,2017-12-09,2100-01-01,39,0,0,0
2018-12-15,2018/2019,Crystal Palace,Leicester City,1,1,0,ROY HODGSON,2017-12-09,2100-01-01,40,0,0,0
2018-12-22,2018/2019,Crystal Palace,Manchester City,0,3,2,ROY HODGSON,2017-12-09,2100-01-01,41,0,0,0
2018-12-26,2018/2019,Crystal Palace,Cardiff City,1,0,0,ROY HODGSON,2017-12-09,2100-01-01,42,0,0,0
2018-12-30,2018/2019,Crystal Palace,Chelsea,1,0,1,ROY HODGSON,2017-12-09,2100-01-01,43,0,0,0
2019-01-02,2018/2019,Crystal Palace,Wolves,0,2,0,ROY HODGSON,2017-12-09,2100-01-01,44,0,0,0
2019-01-12,2018/2019,Crystal Palace,Watford,1,1,2,ROY HODGSON,2017-12-09,2100-01-01,45,0,0,0
2019-01-19,2018/2019,Crystal Palace,Liverpool,0,3,4,ROY HODGSON,2017-12-09,2100-01-01,46,0,0,0
2019-01-30,2018/2019,Crystal Palace,Southampton,0,1,1,ROY HODGSON,2017-12-09,2100-01-01,47,0,0,0
2019-02-02,2018/2019,Crystal Palace,Fulham,1,2,0,ROY HODGSON,2017-12-09,2100-01-01,48,0,0,0
2019-02-09,2018/2019,Crystal Palace,West Ham,1,1,1,ROY HODGSON,2017-12-09,2100-01-01,49,0,0,0
2019-02-23,2018/2019,Crystal Palace,Leicester City,0,4,1,ROY HODGSON,2017-12-09,2100-01-01,50,0,0,0
2019-02-27,2018/2019,Crystal Palace,Manchester Utd,1,1,3,ROY HODGSON,2017-12-09,2100-01-01,51,0,0,0
2019-03-02,2018/2019,Crystal Palace,Burnley,0,3,1,ROY HODGSON,2017-12-09,2100-01-01,52,0,0,0
2019-03-09,2018/2019,Crystal Palace,Brighton,1,1,2,ROY HODGSON,2017-12-09,2100-01-01,53,0,0,0
2019-03-30,2018/2019,Crystal Palace,Huddersfield,1,2,0,ROY HODGSON,2017-12-09,2100-01-01,54,0,0,0
2019-04-03,2018/2019,Crystal Palace,Tottenham,0,0,2,ROY HODGSON,2017-12-09,2100-01-01,55,0,0,0
2019-04-06,2018/2019,Crystal Palace,Newcastle Utd,0,1,0,ROY HODGSON,2017-12-09,2100-01-01,56,0,0,0
2019-04-14,2018/2019,Crystal Palace,Manchester City,1,1,3,ROY HODGSON,2017-12-09,2100-01-01,57,0,0,0
2019-04-21,2018/2019,Crystal Palace,Arsenal,0,3,2,ROY HODGSON,2017-12-09,2100-01-01,58,0,0,0
2019-04-27,2018/2019,Crystal Palace,Everton,1,0,0,ROY HODGSON,2017-12-09,2100-01-01,59,0,0,0
2019-05-04,2018/2019,Crystal Palace,Cardiff City,0,3,2,ROY HODGSON,2017-12-09,2100-01-01,60,0,0,0
2019-05-12,2018/2019,Crystal Palace,Bournemouth,1,5,3,ROY HODGSON,2017-12-09,2100-01-01,61,0,0,0
2019-08-10,2019/2020,Crystal Palace,Everton,1,0,0,ROY HODGSON,2017-12-09,2100-01-01,62,0,0,0
2019-08-18,2019/2020,Crystal Palace,Sheffield Utd,0,0,1,ROY HODGSON,2017-12-09,2100-01-01,63,0,0,0
2019-08-24,2019/2020,Crystal Palace,Manchester Utd,0,2,1,ROY HODGSON,2017-12-09,2100-01-01,64,0,0,0
2019-08-31,2019/2020,Crystal Palace,Aston Villa,1,1,0,ROY HODGSON,2017-12-09,2100-01-01,65,0,0,0
2019-09-14,2019/2020,Crystal Palace,Tottenham,0,0,4,ROY HODGSON,2017-12-09,2100-01-01,66,0,0,0
2019-09-22,2019/2020,Crystal Palace,Wolves,1,1,1,ROY HODGSON,2017-12-09,2100-01-01,67,0,0,0
2019-09-28,2019/2020,Crystal Palace,Norwich City,1,2,0,ROY HODGSON,2017-12-09,2100-01-01,68,0,0,0
2019-10-05,2019/2020,Crystal Palace,West Ham,0,2,1,ROY HODGSON,2017-12-09,2100-01-01,69,0,0,0
2019-10-19,2019/2020,Crystal Palace,Manchester City,1,0,2,ROY HODGSON,2017-12-09,2100-01-01,70,0,0,0
2019-10-27,2019/2020,Crystal Palace,Arsenal,0,2,2,ROY HODGSON,2017-12-09,2100-01-01,71,0,0,0
2019-11-03,2019/2020,Crystal Palace,Leicester City,1,0,2,ROY HODGSON,2017-12-09,2100-01-01,72,0,0,0
2019-11-09,2019/2020,Crystal Palace,Chelsea,0,0,2,ROY HODGSON,2017-12-09,2100-01-01,73,0,0,0
2019-11-23,2019/2020,Crystal Palace,Liverpool,1,1,2,ROY HODGSON,2017-12-09,2100-01-01,74,0,0,0
2019-11-30,2019/2020,Crystal Palace,Burnley,0,2,0,ROY HODGSON,2017-12-09,2100-01-01,75,0,0,0
2019-12-03,2019/2020,Crystal Palace,Bournemouth,1,1,0,ROY HODGSON,2017-12-09,2100-01-01,76,0,0,0
2019-12-07,2019/2020,Crystal Palace,Watford,0,0,0,ROY HODGSON,2017-12-09,2100-01-01,77,0,0,0
2019-12-16,2019/2020,Crystal Palace,Brighton,1,1,1,ROY HODGSON,2017-12-09,2100-01-01,78,0,0,0
2019-12-21,2019/2020,Crystal Palace,Newcastle Utd,0,0,1,ROY HODGSON,2017-12-09,2100-01-01,79,0,0,0
2019-12-26,2019/2020,Crystal Palace,West Ham,1,2,1,ROY HODGSON,2017-12-09,2100-01-01,80,0,0,0
2019-12-28,2019/2020,Crystal Palace,Southampton,0,1,1,ROY HODGSON,2017-12-09,2100-01-01,81,0,0,0
2020-01-01,2019/2020,Crystal Palace,Norwich City,0,1,1,ROY HODGSON,2017-12-09,2100-01-01,82,0,0,0
2020-01-11,2019/2020,Crystal Palace,Arsenal,1,1,1,ROY HODGSON,2017-12-09,2100-01-01,83,0,0,0
2020-01-18,2019/2020,Crystal Palace,Manchester City,0,2,2,ROY HODGSON,2017-12-09,2100-01-01,84,0,0,0
2020-01-21,2019/2020,Crystal Palace,Southampton,1,0,2,ROY HODGSON,2017-12-09,2100-01-01,85,0,0,0
2020-02-01,2019/2020,Crystal Palace,Sheffield Utd,1,0,1,ROY HODGSON,2017-12-09,2100-01-01,86,0,0,0
2020-02-08,2019/2020,Crystal Palace,Everton,0,1,3,ROY HODGSON,2017-12-09,2100-01-01,87,0,0,0
2020-02-22,2019/2020,Crystal Palace,Newcastle Utd,1,1,0,ROY HODGSON,2017-12-09,2100-01-01,88,0,0,0
2020-02-29,2019/2020,Crystal Palace,Brighton,0,1,0,ROY HODGSON,2017-12-09,2100-01-01,89,0,0,0
2020-03-07,2019/2020,Crystal Palace,Watford,1,1,0,ROY HODGSON,2017-12-09,2100-01-01,90,0,0,0
2020-06-20,2019/2020,Crystal Palace,Bournemouth,0,2,0,ROY HODGSON,2017-12-09,2100-01-01,91,0,0,0
2020-06-24,2019/2020,Crystal Palace,Liverpool,0,0,4,ROY HODGSON,2017-12-09,2100-01-01,92,0,0,0
2020-06-29,2019/2020,Crystal Palace,Burnley,1,0,1,ROY HODGSON,2017-12-09,2100-01-01,93,0,0,0
2020-07-04,2019/2020,Crystal Palace,Leicester City,0,0,3,ROY HODGSON,2017-12-09,2100-01-01,94,0,0,0
2020-07-07,2019/2020,Crystal Palace,Chelsea,1,2,3,ROY HODGSON,2017-12-09,2100-01-01,95,0,0,0
2020-07-12,2019/2020,Crystal Palace,Aston Villa,0,0,2,ROY HODGSON,2017-12-09,2100-01-01,96,0,0,0
2020-07-16,2019/2020,Crystal Palace,Manchester Utd,1,0,2,ROY HODGSON,2017-12-09,2100-01-01,97,0,0,0
2020-07-20,2019/2020,Crystal Palace,Wolves,0,0,2,ROY HODGSON,2017-12-09,2100-01-01,98,0,0,0
2020-07-26,2019/2020,Crystal Palace,Tottenham,1,1,1,ROY HODGSON,2017-12-09,2100-01-01,99,0,0,0
2020-09-12,2020/2021,Crystal Palace,Southampton,1,1,0,ROY HODGSON,2017-12-09,2100-01-01,100,0,0,0
2020-09-19,2020/2021,Crystal Palace,Manchester Utd,0,3,1,ROY HODGSON,2017-12-09,2100-01-01,101,0,0,0
2020-09-26,2020/2021,Crystal Palace,Everton,1,1,2,ROY HODGSON,2017-12-09,2100-01-01,102,0,0,0
2020-10-03,2020/2021,Crystal Palace,Chelsea,0,0,4,ROY HODGSON,2017-12-09,2100-01-01,103,0,0,0
2020-10-18,2020/2021,Crystal Palace,Brighton,1,1,1,ROY HODGSON,2017-12-09,2100-01-01,104,0,0,0
2020-10-24,2020/2021,Crystal Palace,Fulham,0,2,1,ROY HODGSON,2017-12-09,2100-01-01,105,0,0,0
2020-10-30,2020/2021,Crystal Palace,Wolves,0,0,2,ROY HODGSON,2017-12-09,2100-01-01,106,0,0,0
2020-11-07,2020/2021,Crystal Palace,Leeds United,1,4,1,ROY HODGSON,2017-12-09,2100-01-01,107,0,0,0
2020-11-23,2020/2021,Crystal Palace,Burnley,0,0,1,ROY HODGSON,2017-12-09,2100-01-01,108,0,0,0
2020-11-27,2020/2021,Crystal Palace,Newcastle Utd,1,0,2,ROY HODGSON,2017-12-09,2100-01-01,109,0,0,0
2020-12-06,2020/2021,Crystal Palace,West Brom,0,5,1,ROY HODGSON,2017-12-09,2100-01-01,110,0,0,0
2020-12-13,2020/2021,Crystal Palace,Tottenham,1,1,1,ROY HODGSON,2017-12-09,2100-01-01,111,0,0,0
2020-12-16,2020/2021,Crystal Palace,West Ham,0,1,1,ROY HODGSON,2017-12-09,2100-01-01,112,0,0,0
2020-12-19,2020/2021,Crystal Palace,Liverpool,1,0,7,ROY HODGSON,2017-12-09,2100-01-01,113,0,0,0
2020-12-26,2020/2021,Crystal Palace,Aston Villa,0,0,3,ROY HODGSON,2017-12-09,2100-01-01,114,0,0,0
2020-12-28,2020/2021,Crystal Palace,Leicester City,1,1,1,ROY HODGSON,2017-12-09,2100-01-01,115,0,0,0
2021-01-02,2020/2021,Crystal Palace,Sheffield Utd,1,2,0,ROY HODGSON,2017-12-09,2100-01-01,116,0,0,0
2021-01-14,2020/2021,Crystal Palace,Arsenal,0,0,0,ROY HODGSON,2017-12-09,2100-01-01,117,0,0,0
2021-01-17,2020/2021,Crystal Palace,Manchester City,0,0,4,ROY HODGSON,2017-12-09,2100-01-01,118,0,0,0
2021-01-26,2020/2021,Crystal Palace,West Ham,1,2,3,ROY HODGSON,2017-12-09,2100-01-01,119,0,0,0
2021-01-30,2020/2021,Crystal Palace,Wolves,1,1,0,ROY HODGSON,2017-12-09,2100-01-01,120,0,0,0
2021-02-02,2020/2021,Crystal Palace,Newcastle Utd,0,2,1,ROY HODGSON,2017-12-09,2100-01-01,121,0,0,0
2021-02-08,2020/2021,Crystal Palace,Leeds United,0,0,2,ROY HODGSON,2017-12-09,2100-01-01,122,0,0,0
2021-02-13,2020/2021,Crystal Palace,Burnley,1,0,3,ROY HODGSON,2017-12-09,2100-01-01,123,0,0,0
2021-02-22,2020/2021,Crystal Palace,Brighton,0,2,1,ROY HODGSON,2017-12-09,2100-01-01,124,0,0,0
2021-02-28,2020/2021,Crystal Palace,Fulham,1,0,0,ROY HODGSON,2017-12-09,2100-01-01,125,0,0,0
2021-03-03,2020/2021,Crystal Palace,Manchester Utd,1,0,0,ROY HODGSON,2017-12-09,2100-01-01,126,0,0,0
2021-03-07,2020/2021,Crystal Palace,Tottenham,0,1,4,ROY HODGSON,2017-12-09,2100-01-01,127,0,0,0
2021-03-13,2020/2021,Crystal Palace,West Brom,1,1,0,ROY HODGSON,2017-12-09,2100-01-01,128,0,0,0
2021-04-05,2020/2021,Crystal Palace,Everton,0,1,1,ROY HODGSON,2017-12-09,2100-01-01,129,0,0,0
2023-04-01,2022/2023,Crystal Palace,Leicester City,1,2,1,ROY HODGSON,2023-03-21,2100-01-01,1,1,0,0
2023-04-09,2022/2023,Crystal Palace,Leeds United,0,5,1,ROY HODGSON,2023-03-21,2100-01-01,2,1,0,0
2023-04-15,2022/2023,Crystal Palace,Southampton,0,2,0,ROY HODGSON,2023-03-21,2100-01-01,3,1,0,0
2023-04-22,2022/2023,Crystal Palace,Everton,1,0,0,ROY HODGSON,2023-03-21,2100-01-01,4,0,1,0
2023-04-25,2022/2023,Crystal Palace,Wolves,0,0,2,ROY HODGSON,2023-03-21,2100-01-01,5,0,1,0
2023-04-29,2022/2023,Crystal Palace,West Ham,1,4,3,ROY HODGSON,2023-03-21,2100-01-01,6,0,1,0
2023-05-06,2022/2023,Crystal Palace,Tottenham,0,0,1,ROY HODGSON,2023-03-21,2100-01-01,7,0,0,1
2023-05-13,2022/2023,Crystal Palace,Bournemouth,1,2,0,ROY HODGSON,2023-03-21,2100-01-01,8,0,0,1
2023-05-20,2022/2023,Crystal Palace,Fulham,0,2,2,ROY HODGSON,2023-03-21,2100-01-01,9,0,0,1
2023-05-28,2022/2023,Crystal Palace,Nott'ham Forest,1,1,1,ROY HODGSON,2023-03-21,2100-01-01,10,0,0,1
2023-08-12,2023/2024,Crystal Palace,Sheffield Utd,0,1,0,ROY HODGSON,2023-03-21,2100-01-01,11,0,0,0
2023-08-21,2023/2024,Crystal Palace,Arsenal,1,0,1,ROY HODGSON,2023-03-21,2100-01-01,12,0,0,0
2023-08-26,2023/2024,Crystal Palace,Brentford,0,1,1,ROY HODGSON,2023-03-21,2100-01-01,13,0,0,0
2023-09-03,2023/2024,Crystal Palace,Wolves,1,3,2,ROY HODGSON,2023-03-21,2100-01-01,14,0,0,0
2023-09-16,2023/2024,Crystal Palace,Aston Villa,0,1,3,ROY HODGSON,2023-03-21,2100-01-01,15,0,0,0
2023-09-23,2023/2024,Crystal Palace,Fulham,1,0,0,ROY HODGSON,2023-03-21,2100-01-01,16,0,0,0
2023-09-30,2023/2024,Crystal Palace,Manchester Utd,0,1,0,ROY HODGSON,2023-03-21,2100-01-01,17,0,0,0
2023-10-07,2023/2024,Crystal Palace,Nott'ham Forest,1,0,0,ROY HODGSON,2023-03-21,2100-01-01,18,0,0,0
2023-10-21,2023/2024,Crystal Palace,Newcastle Utd,0,0,4,ROY HODGSON,2023-03-21,2100-01-01,19,0,0,0
2023-10-27,2023/2024,Crystal Palace,Tottenham,1,1,2,ROY HODGSON,2023-03-21,2100-01-01,20,0,0,0
2023-11-04,2023/2024,Crystal Palace,Burnley,0,2,0,ROY HODGSON,2023-03-21,2100-01-01,21,0,0,0
2023-11-11,2023/2024,Crystal Palace,Everton,1,2,3,ROY HODGSON,2023-03-21,2100-01-01,22,0,0,0
2023-11-25,2023/2024,Crystal Palace,Luton Town,0,1,2,ROY HODGSON,2023-03-21,2100-01-01,23,0,0,0
2023-12-03,2023/2024,Crystal Palace,West Ham,0,1,1,ROY HODGSON,2023-03-21,2100-01-01,24,0,0,0
2023-12-06,2023/2024,Crystal Palace,Bournemouth,1,0,2,ROY HODGSON,2023-03-21,2100-01-01,25,0,0,0
2023-12-09,2023/2024,Crystal Palace,Liverpool,1,1,2,ROY HODGSON,2023-03-21,2100-01-01,26,0,0,0
2023-12-16,2023/2024,Crystal Palace,Manchester City,0,2,2,ROY HODGSON,2023-03-21,2100-01-01,27,0,0,0
2023-12-21,2023/2024,Crystal Palace,Brighton,1,1,1,ROY HODGSON,2023-03-21,2100-01-01,28,0,0,0
2023-12-27,2023/2024,Crystal Palace,Chelsea,0,1,2,ROY HODGSON,2023-03-21,2100-01-01,29,0,0,0
2023-12-30,2023/2024,Crystal Palace,Brentford,1,3,1,ROY HODGSON,2023-03-21,2100-01-01,30,0,0,0
2024-01-20,2023/2024,Crystal Palace,Arsenal,0,0,5,ROY HODGSON,2023-03-21,2100-01-01,31,0,0,0
2024-01-30,2023/2024,Crystal Palace,Sheffield Utd,1,3,2,ROY HODGSON,2023-03-21,2100-01-01,32,0,0,0
2024-02-03,2023/2024,Crystal Palace,Brighton,0,1,4,ROY HODGSON,2023-03-21,2100-01-01,33,0,0,0
2024-02-12,2023/2024,Crystal Palace,Chelsea,1,1,3,ROY HODGSON,2023-03-21,2100-01-01,34,0,0,0
2024-02-19,2023/2024,Crystal Palace,Everton,0,1,1,ROY HODGSON,2023-03-21,2100-01-01,35,0,0,0
2016-11-26,2016/2017,Crystal Palace,Swansea City,0,4,5,SAM ALLARDYCE,2016-11-23,2100-01-01,1,1,0,0
2016-12-03,2016/2017,Crystal Palace,Southampton,1,3,0,SAM ALLARDYCE,2016-11-23,2100-01-01,2,1,0,0
2016-12-10,2016/2017,Crystal Palace,Hull City,0,3,3,SAM ALLARDYCE,2016-11-23,2100-01-01,3,1,0,0
2016-12-14,2016/2017,Crystal Palace,Manchester Utd,1,1,2,SAM ALLARDYCE,2016-11-23,2100-01-01,4,0,1,0
2016-12-17,2016/2017,Crystal Palace,Chelsea,1,0,1,SAM ALLARDYCE,2016-11-23,2100-01-01,5,0,1,0
2016-12-26,2016/2017,Crystal Palace,Watford,0,1,1,SAM ALLARDYCE,2016-11-23,2100-01-01,6,0,1,0
2017-01-01,2016/2017,Crystal Palace,Arsenal,0,0,2,SAM ALLARDYCE,2016-11-23,2100-01-01,7,0,0,1
2017-01-03,2016/2017,Crystal Palace,Swansea City,1,1,2,SAM ALLARDYCE,2016-11-23,2100-01-01,8,0,0,1
2017-11-18,2017/2018,Crystal Palace,Everton,1,2,2,SAM ALLARDYCE,2016-11-23,2100-01-01,9,0,0,1
2017-11-25,2017/2018,Crystal Palace,Stoke City,1,2,1,SAM ALLARDYCE,2016-11-23,2100-01-01,10,0,0,1
2017-11-28,2017/2018,Crystal Palace,Brighton,0,0,0,SAM ALLARDYCE,2016-11-23,2100-01-01,11,0,0,0
2017-12-02,2017/2018,Crystal Palace,West Brom,0,0,0,SAM ALLARDYCE,2016-11-23,2100-01-01,12,0,0,0
2019-12-26,2019/2020,Everton,Burnley,1,1,0,CARLO ANCELOTTI,2019-12-22,2100-01-01,1,1,0,0
2019-12-28,2019/2020,Everton,Newcastle Utd,0,2,1,CARLO ANCELOTTI,2019-12-22,2100-01-01,2,1,0,0
2020-01-01,2019/2020,Everton,Manchester City,0,1,2,CARLO ANCELOTTI,2019-12-22,2100-01-01,3,1,0,0
2020-01-11,2019/2020,Everton,Brighton,1,1,0,CARLO ANCELOTTI,2019-12-22,2100-01-01,4,0,1,0
2020-01-18,2019/2020,Everton,West Ham,0,1,1,CARLO ANCELOTTI,2019-12-22,2100-01-01,5,0,1,0
2020-01-21,2019/2020,Everton,Newcastle Utd,1,2,2,CARLO ANCELOTTI,2019-12-22,2100-01-01,6,0,1,0
2020-02-01,2019/2020,Everton,Watford,0,3,2,CARLO ANCELOTTI,2019-12-22,2100-01-01,7,0,0,1
2020-02-08,2019/2020,Everton,Crystal Palace,1,3,1,CARLO ANCELOTTI,2019-12-22,2100-01-01,8,0,0,1
2020-02-23,2019/2020,Everton,Arsenal,0,2,3,CARLO ANCELOTTI,2019-12-22,2100-01-01,9,0,0,1
2020-03-01,2019/2020,Everton,Manchester Utd,1,1,1,CARLO ANCELOTTI,2019-12-22,2100-01-01,10,0,0,1
2020-03-08,2019/2020,Everton,Chelsea,0,0,4,CARLO ANCELOTTI,2019-12-22,2100-01-01,11,0,0,0
2020-06-21,2019/2020,Everton,Liverpool,1,0,0,CARLO ANCELOTTI,2019-12-22,2100-01-01,12,0,0,0
2020-06-24,2019/2020,Everton,Norwich City,0,1,0,CARLO ANCELOTTI,2019-12-22,2100-01-01,13,0,0,0
2020-07-01,2019/2020,Everton,Leicester City,1,2,1,CARLO ANCELOTTI,2019-12-22,2100-01-01,14,0,0,0
2020-07-06,2019/2020,Everton,Tottenham,0,0,1,CARLO ANCELOTTI,2019-12-22,2100-01-01,15,0,0,0
2020-07-09,2019/2020,Everton,Southampton,1,1,1,CARLO ANCELOTTI,2019-12-22,2100-01-01,16,0,0,0
2020-07-12,2019/2020,Everton,Wolves,0,0,3,CARLO ANCELOTTI,2019-12-22,2100-01-01,17,0,0,0
2020-07-16,2019/2020,Everton,Aston Villa,1,1,1,CARLO ANCELOTTI,2019-12-22,2100-01-01,18,0,0,0
2020-07-20,2019/2020,Everton,Sheffield Utd,0,1,0,CARLO ANCELOTTI,2019-12-22,2100-01-01,19,0,0,0
2020-07-26,2019/2020,Everton,Bournemouth,1,1,3,CARLO ANCELOTTI,2019-12-22,2100-01-01,20,0,0,0
2020-09-13,2020/2021,Everton,Tottenham,0,1,0,CARLO ANCELOTTI,2019-12-22,2100-01-01,21,0,0,0
2020-09-19,2020/2021,Everton,West Brom,1,5,2,CARLO ANCELOTTI,2019-12-22,2100-01-01,22,0,0,0
2020-09-26,2020/2021,Everton,Crystal Palace,0,2,1,CARLO ANCELOTTI,2019-12-22,2100-01-01,23,0,0,0
2020-10-03,2020/2021,Everton,Brighton,1,4,2,CARLO ANCELOTTI,2019-12-22,2100-01-01,24,0,0,0
2020-10-17,2020/2021,Everton,Liverpool,1,2,2,CARLO ANCELOTTI,2019-12-22,2100-01-01,25,0,0,0
2020-10-25,2020/2021,Everton,Southampton,0,0,2,CARLO ANCELOTTI,2019-12-22,2100-01-01,26,0,0,0
2020-11-01,2020/2021,Everton,Newcastle Utd,0,1,2,CARLO ANCELOTTI,2019-12-22,2100-01-01,27,0,0,0
2020-11-07,2020/2021,Everton,Manchester Utd,1,1,3,CARLO ANCELOTTI,2019-12-22,2100-01-01,28,0,0,0
2020-11-22,2020/2021,Everton,Fulham,0,3,2,CARLO ANCELOTTI,2019-12-22,2100-01-01,29,0,0,0
2020-11-28,2020/2021,Everton,Leeds United,1,0,1,CARLO ANCELOTTI,2019-12-22,2100-01-01,30,0,0,0
2020-12-05,2020/2021,Everton,Burnley,0,1,1,CARLO ANCELOTTI,2019-12-22,2100-01-01,31,0,0,0
2020-12-12,2020/2021,Everton,Chelsea,1,1,0,CARLO ANCELOTTI,2019-12-22,2100-01-01,32,0,0,0
2020-12-16,2020/2021,Everton,Leicester City,0,2,0,CARLO ANCELOTTI,2019-12-22,2100-01-01,33,0,0,0
2020-12-19,2020/2021,Everton,Arsenal,1,2,1,CARLO ANCELOTTI,2019-12-22,2100-01-01,34,0,0,0
2020-12-26,2020/2021,Everton,Sheffield Utd,0,1,0,CARLO ANCELOTTI,2019-12-22,2100-01-01,35,0,0,0
2021-01-01,2020/2021,Everton,West Ham,1,0,1,CARLO ANCELOTTI,2019-12-22,2100-01-01,36,0,0,0
2016-12-10,2016/2017,Everton,Watford,0,2,3,DAVID UNSWORTH,2016-12-05,2100-01-01,1,1,0,0
2016-12-13,2016/2017,Everton,Arsenal,1,2,1,DAVID UNSWORTH,2016-12-05,2100-01-01,2,1,0,0
2016-12-19,2016/2017,Everton,Liverpool,1,0,1,DAVID UNSWORTH,2016-12-05,2100-01-01,3,1,0,0
2016-12-26,2016/2017,Everton,Leicester City,0,2,0,DAVID UNSWORTH,2016-12-05,2100-01-01,4,0,1,0
2016-12-30,2016/2017,Everton,Hull City,0,2,2,DAVID UNSWORTH,2016-12-05,2100-01-01,5,0,1,0
2017-01-02,2016/2017,Everton,Southampton,1,3,0,DAVID UNSWORTH,2016-12-05,2100-01-01,6,0,1,0
2017-01-15,2016/2017,Everton,Manchester City,1,4,0,DAVID UNSWORTH,2016-12-05,2100-01-01,7,0,0,1
2017-01-21,2016/2017,Everton,Crystal Palace,0,1,0,DAVID UNSWORTH,2016-12-05,2100-01-01,8,0,0,1
2017-02-01,2016/2017,Everton,Stoke City,0,1,1,DAVID UNSWORTH,2016-12-05,2100-01-01,9,0,0,1
2017-02-04,2016/2017,Everton,Bournemouth,1,6,3,DAVID UNSWORTH,2016-12-05,2100-01-01,10,0,0,1
2017-02-11,2016/2017,Everton,Middlesbrough,0,0,0,DAVID UNSWORTH,2016-12-05,2100-01-01,11,0,0,0
2017-02-25,2016/2017,Everton,Sunderland,1,2,0,DAVID UNSWORTH,2016-12-05,2100-01-01,12,0,0,0
2017-03-05,2016/2017,Everton,Tottenham,0,2,3,DAVID UNSWORTH,2016-12-05,2100-01-01,13,0,0,0
2017-03-11,2016/2017,Everton,West Brom,1,3,0,DAVID UNSWORTH,2016-12-05,2100-01-01,14,0,0,0
2017-03-18,2016/2017,Everton,Hull City,1,4,0,DAVID UNSWORTH,2016-12-05,2100-01-01,15,0,0,0
2017-04-01,2016/2017,Everton,Liverpool,0,1,3,DAVID UNSWORTH,2016-12-05,2100-01-01,16,0,0,0
2017-04-04,2016/2017,Everton,Manchester Utd,0,1,1,DAVID UNSWORTH,2016-12-05,2100-01-01,17,0,0,0
2017-04-09,2016/2017,Everton,Leicester City,1,4,2,DAVID UNSWORTH,2016-12-05,2100-01-01,18,0,0,0
2017-04-15,2016/2017,Everton,Burnley,1,3,1,DAVID UNSWORTH,2016-12-05,2100-01-01,19,0,0,0
2017-04-22,2016/2017,Everton,West Ham,0,0,0,DAVID UNSWORTH,2016-12-05,2100-01-01,20,0,0,0
2017-04-30,2016/2017,Everton,Chelsea,1,0,3,DAVID UNSWORTH,2016-12-05,2100-01-01,21,0,0,0
2017-05-06,2016/2017,Everton,Swansea City,0,0,1,DAVID UNSWORTH,2016-12-05,2100-01-01,22,0,0,0
2017-05-12,2016/2017,Everton,Watford,1,1,0,DAVID UNSWORTH,2016-12-05,2100-01-01,23,0,0,0
2017-05-21,2016/2017,Everton,Arsenal,0,1,3,DAVID UNSWORTH,2016-12-05,2100-01-01,24,0,0,0
2017-08-12,2017/2018,Everton,Stoke City,1,1,0,DAVID UNSWORTH,2016-12-05,2100-01-01,25,0,0,0
2017-08-21,2017/2018,Everton,Manchester City,0,1,1,DAVID UNSWORTH,2016-12-05,2100-01-01,26,0,0,0
2017-08-27,2017/2018,Everton,Chelsea,0,0,2,DAVID UNSWORTH,2016-12-05,2100-01-01,27,0,0,0
2017-09-09,2017/2018,Everton,Tottenham,1,0,3,DAVID UNSWORTH,2016-12-05,2100-01-01,28,0,0,0
2017-09-17,2017/2018,Everton,Manchester Utd,0,0,4,DAVID UNSWORTH,2016-12-05,2100-01-01,29,0,0,0
2017-09-23,2017/2018,Everton,Bournemouth,1,2,1,DAVID UNSWORTH,2016-12-05,2100-01-01,30,0,0,0
2017-10-01,2017/2018,Everton,Burnley,1,0,1,DAVID UNSWORTH,2016-12-05,2100-01-01,31,0,0,0
2017-10-15,2017/2018,Everton,Brighton,0,1,1,DAVID UNSWORTH,2016-12-05,2100-01-01,32,0,0,0
2017-10-22,2017/2018,Everton,Arsenal,1,2,5,DAVID UNSWORTH,2016-12-05,2100-01-01,33,0,0,0
2017-10-29,2017/2018,Everton,Leicester City,0,0,2,DAVID UNSWORTH,2017-10-24,2100-01-01,1,1,0,0
2017-11-05,2017/2018,Everton,Watford,1,3,2,DAVID UNSWORTH,2017-10-24,2100-01-01,2,1,0,0
2017-11-18,2017/2018,Everton,Crystal Palace,0,2,2,DAVID UNSWORTH,2017-10-24,2100-01-01,3,1,0,0
2017-11-26,2017/2018,Everton,Southampton,0,1,4,DAVID UNSWORTH,2017-10-24,2100-01-01,4,0,1,0
2017-11-29,2017/2018,Everton,West Ham,1,4,0,DAVID UNSWORTH,2017-10-24,2100-01-01,5,0,1,0
2019-05-12,2018/2019,Everton,Tottenham,0,2,2,DUNCAN FERGUSON,2019-05-12,2100-01-01,1,1,0,0
2019-08-10,2019/2020,Everton,Crystal Palace,0,0,0,DUNCAN FERGUSON,2019-05-12,2100-01-01,2,1,0,0
2019-08-17,2019/2020,Everton,Watford,1,1,0,DUNCAN FERGUSON,2019-05-12,2100-01-01,3,1,0,0
2019-08-23,2019/2020,Everton,Aston Villa,0,0,2,DUNCAN FERGUSON,2019-05-12,2100-01-01,4,0,1,0
2019-09-01,2019/2020,Everton,Wolves,1,3,2,DUNCAN FERGUSON,2019-05-12,2100-01-01,5,0,1,0
2019-09-15,2019/2020,Everton,Bournemouth,0,1,3,DUNCAN FERGUSON,2019-05-12,2100-01-01,6,0,1,0
2019-09-21,2019/2020,Everton,Sheffield Utd,1,0,2,DUNCAN FERGUSON,2019-05-12,2100-01-01,7,0,0,1
2019-09-28,2019/2020,Everton,Manchester City,1,1,3,DUNCAN FERGUSON,2019-05-12,2100-01-01,8,0,0,1
2019-10-05,2019/2020,Everton,Burnley,0,0,1,DUNCAN FERGUSON,2019-05-12,2100-01-01,9,0,0,1
2019-10-19,2019/2020,Everton,West Ham,1,2,0,DUNCAN FERGUSON,2019-05-12,2100-01-01,10,0,0,1
2019-10-26,2019/2020,Everton,Brighton,0,2,3,DUNCAN FERGUSON,2019-05-12,2100-01-01,11,0,0,0
2019-11-03,2019/2020,Everton,Tottenham,1,1,1,DUNCAN FERGUSON,2019-05-12,2100-01-01,12,0,0,0
2019-11-09,2019/2020,Everton,Southampton,0,2,1,DUNCAN FERGUSON,2019-05-12,2100-01-01,13,0,0,0
2019-11-23,2019/2020,Everton,Norwich City,1,0,2,DUNCAN FERGUSON,2019-05-12,2100-01-01,14,0,0,0
2019-12-01,2019/2020,Everton,Leicester City,0,1,2,DUNCAN FERGUSON,2019-05-12,2100-01-01,15,0,0,0
2019-12-04,2019/2020,Everton,Liverpool,0,2,5,DUNCAN FERGUSON,2019-05-12,2100-01-01,16,0,0,0
2019-12-07,2019/2020,Everton,Chelsea,1,3,1,DUNCAN FERGUSON,2019-05-12,2100-01-01,17,0,0,0
2019-12-15,2019/2020,Everton,Manchester Utd,0,1,1,DUNCAN FERGUSON,2019-05-12,2100-01-01,18,0,0,0
2019-12-21,2019/2020,Everton,Arsenal,1,0,0,DUNCAN FERGUSON,2019-05-12,2100-01-01,19,0,0,0
2022-01-22,2021/2022,Everton,Aston Villa,1,0,1,DUNCAN FERGUSON,2022-01-18,2100-01-01,1,1,0,0
2022-02-08,2021/2022,Everton,Newcastle Utd,0,1,3,FRANK LAMPARD,2022-01-31,2100-01-01,1,1,0,0
2022-02-12,2021/2022,Everton,Leeds United,1,3,0,FRANK LAMPARD,2022-01-31,2100-01-01,2,1,0,0
2022-02-19,2021/2022,Everton,Southampton,0,0,2,FRANK LAMPARD,2022-01-31,2100-01-01,3,1,0,0
2022-02-26,2021/2022,Everton,Manchester City,1,0,1,FRANK LAMPARD,2022-01-31,2100-01-01,4,0,1,0
2022-03-07,2021/2022,Everton,Tottenham,0,0,5,FRANK LAMPARD,2022-01-31,2100-01-01,5,0,1,0
2022-03-13,2021/2022,Everton,Wolves,1,0,1,FRANK LAMPARD,2022-01-31,2100-01-01,6,0,1,0
2022-03-17,2021/2022,Everton,Newcastle Utd,1,1,0,FRANK LAMPARD,2022-01-31,2100-01-01,7,0,0,1
2022-04-03,2021/2022,Everton,West Ham,0,1,2,FRANK LAMPARD,2022-01-31,2100-01-01,8,0,0,1
2022-04-06,2021/2022,Everton,Burnley,0,2,3,FRANK LAMPARD,2022-01-31,2100-01-01,9,0,0,1
2022-04-09,2021/2022,Everton,Manchester Utd,1,1,0,FRANK LAMPARD,2022-01-31,2100-01-01,10,0,0,1
2022-04-20,2021/2022,Everton,Leicester City,1,1,1,FRANK LAMPARD,2022-01-31,2100-01-01,11,0,0,0
2022-04-24,2021/2022,Everton,Liverpool,0,0,2,FRANK LAMPARD,2022-01-31,2100-01-01,12,0,0,0
2022-05-01,2021/2022,Everton,Chelsea,1,1,0,FRANK LAMPARD,2022-01-31,2100-01-01,13,0,0,0
2022-05-08,2021/2022,Everton,Leicester City,0,2,1,FRANK LAMPARD,2022-01-31,2100-01-01,14,0,0,0
2022-05-11,2021/2022,Everton,Watford,0,0,0,FRANK LAMPARD,2022-01-31,2100-01-01,15,0,0,0
2022-05-15,2021/2022,Everton,Brentford,1,2,3,FRANK LAMPARD,2022-01-31,2100-01-01,16,0,0,0
2022-05-19,2021/2022,Everton,Crystal Palace,1,3,2,FRANK LAMPARD,2022-01-31,2100-01-01,17,0,0,0
2022-05-22,2021/2022,Everton,Arsenal,0,1,5,FRANK LAMPARD,2022-01-31,2100-01-01,18,0,0,0
2022-08-06,2022/2023,Everton,Chelsea,1,0,1,FRANK LAMPARD,2022-01-31,2100-01-01,19,0,0,0
2022-08-13,2022/2023,Everton,Aston Villa,0,1,2,FRANK LAMPARD,2022-01-31,2100-01-01,20,0,0,0
2022-08-20,2022/2023,Everton,Nott'ham Forest,1,1,1,FRANK LAMPARD,2022-01-31,2100-01-01,21,0,0,0
2022-08-27,2022/2023,Everton,Brentford,0,1,1,FRANK LAMPARD,2022-01-31,2100-01-01,22,0,0,0
2022-08-30,2022/2023,Everton,Leeds United,0,1,1,FRANK LAMPARD,2022-01-31,2100-01-01,23,0,0,0
2022-09-03,2022/2023,Everton,Liverpool,1,0,0,FRANK LAMPARD,2022-01-31,2100-01-01,24,0,0,0
2022-09-18,2022/2023,Everton,West Ham,1,1,0,FRANK LAMPARD,2022-01-31,2100-01-01,25,0,0,0
2022-10-01,2022/2023,Everton,Southampton,0,2,1,FRANK LAMPARD,2022-01-31,2100-01-01,26,0,0,0
2022-10-09,2022/2023,Everton,Manchester Utd,1,1,2,FRANK LAMPARD,2022-01-31,2100-01-01,27,0,0,0
2022-10-15,2022/2023,Everton,Tottenham,0,0,2,FRANK LAMPARD,2022-01-31,2100-01-01,28,0,0,0
2022-10-19,2022/2023,Everton,Newcastle Utd,0,0,1,FRANK LAMPARD,2022-01-31,2100-01-01,29,0,0,0
2022-10-22,2022/2023,Everton,Crystal Palace,1,3,0,FRANK LAMPARD,2022-01-31,2100-01-01,30,0,0,0
2022-10-29,2022/2023,Everton,Fulham,0,0,0,FRANK LAMPARD,2022-01-31,2100-01-01,31,0,0,0
2022-11-05,2022/2023,Everton,Leicester City,1,0,2,FRANK LAMPARD,2022-01-31,2100-01-01,32,0,0,0
2022-11-12,2022/2023,Everton,Bournemouth,0,0,3,FRANK LAMPARD,2022-01-31,2100-01-01,33,0,0,0
2022-12-26,2022/2023,Everton,Wolves,1,1,2,FRANK LAMPARD,2022-01-31,2100-01-01,34,0,0,0
2022-12-31,2022/2023,Everton,Manchester City,0,1,1,FRANK LAMPARD,2022-01-31,2100-01-01,35,0,0,0
2023-01-03,2022/2023,Everton,Brighton,1,1,4,FRANK LAMPARD,2022-01-31,2100-01-01,36,0,0,0
2023-01-14,2022/2023,Everton,Southampton,1,1,2,FRANK LAMPARD,2022-01-31,2100-01-01,37,0,0,0
2023-01-21,2022/2023,Everton,West Ham,0,0,2,FRANK LAMPARD,2022-01-31,2100-01-01,38,0,0,0
2018-01-13,2017/2018,Everton,Tottenham,0,0,4,MARCO SILVA,2018-01-07,2019-05-12,1,1,0,0
2018-01-20,2017/2018,Everton,West Brom,1,1,1,MARCO SILVA,2018-01-07,2019-05-12,2,1,0,0
2018-01-31,2017/2018,Everton,Leicester City,1,2,1,MARCO SILVA,2018-01-07,2019-05-12,3,1,0,0
2018-02-03,2017/2018,Everton,Arsenal,0,1,5,MARCO SILVA,2018-01-07,2019-05-12,4,0,1,0
2018-02-10,2017/2018,Everton,Crystal Palace,1,3,1,MARCO SILVA,2018-01-07,2019-05-12,5,0,1,0
2018-02-24,2017/2018,Everton,Watford,0,0,1,MARCO SILVA,2018-01-07,2019-05-12,6,0,1,0
2018-03-03,2017/2018,Everton,Burnley,0,1,2,MARCO SILVA,2018-01-07,2019-05-12,7,0,0,1
2018-03-10,2017/2018,Everton,Brighton,1,2,0,MARCO SILVA,2018-01-07,2019-05-12,8,0,0,1
2018-03-17,2017/2018,Everton,Stoke City,0,2,1,MARCO SILVA,2018-01-07,2019-05-12,9,0,0,1
2018-03-31,2017/2018,Everton,Manchester City,1,1,3,MARCO SILVA,2018-01-07,2019-05-12,10,0,0,1
2018-04-07,2017/2018,Everton,Liverpool,1,0,0,MARCO SILVA,2018-01-07,2019-05-12,11,0,0,0
2018-04-14,2017/2018,Everton,Swansea City,0,1,1,MARCO SILVA,2018-01-07,2019-05-12,12,0,0,0
2018-04-23,2017/2018,Everton,Newcastle Utd,1,1,0,MARCO SILVA,2018-01-07,2019-05-12,13,0,0,0
2018-04-28,2017/2018,Everton,Huddersfield,0,2,0,MARCO SILVA,2018-01-07,2019-05-12,14,0,0,0
2018-05-05,2017/2018,Everton,Southampton,1,1,1,MARCO SILVA,2018-01-07,2019-05-12,15,0,0,0
2018-05-13,2017/2018,Everton,West Ham,0,1,3,MARCO SILVA,2018-01-07,2019-05-12,16,0,0,0
2018-08-11,2018/2019,Everton,Wolves,0,2,2,MARCO SILVA,2018-01-07,2019-05-12,17,0,0,0
2018-08-18,2018/2019,Everton,Southampton,1,2,1,MARCO SILVA,2018-01-07,2019-05-12,18,0,0,0
2018-08-25,2018/2019,Everton,Bournemouth,0,2,2,MARCO SILVA,2018-01-07,2019-05-12,19,0,0,0
2018-09-01,2018/2019,Everton,Huddersfield,1,1,1,MARCO SILVA,2018-01-07,2019-05-12,20,0,0,0
2018-09-16,2018/2019,Everton,West Ham,1,1,3,MARCO SILVA,2018-01-07,2019-05-12,21,0,0,0
2018-09-23,2018/2019,Everton,Arsenal,0,0,2,MARCO SILVA,2018-01-07,2019-05-12,22,0,0,0
2018-09-29,2018/2019,Everton,Fulham,1,3,0,MARCO SILVA,2018-01-07,2019-05-12,23,0,0,0
2018-10-06,2018/2019,Everton,Leicester City,0,2,1,MARCO SILVA,2018-01-07,2019-05-12,24,0,0,0
2018-10-21,2018/2019,Everton,Crystal Palace,1,2,0,MARCO SILVA,2018-01-07,2019-05-12,25,0,0,0
2018-10-28,2018/2019,Everton,Manchester Utd,0,1,2,MARCO SILVA,2018-01-07,2019-05-12,26,0,0,0
2018-11-03,2018/2019,Everton,Brighton,1,3,1,MARCO SILVA,2018-01-07,2019-05-12,27,0,0,0
2018-11-11,2018/2019,Everton,Chelsea,0,0,0,MARCO SILVA,2018-01-07,2019-05-12,28,0,0,0
2018-11-24,2018/2019,Everton,Cardiff City,1,1,0,MARCO SILVA,2018-01-07,2019-05-12,29,0,0,0
2018-12-02,2018/2019,Everton,Liverpool,0,0,1,MARCO SILVA,2018-01-07,2019-05-12,30,0,0,0
2018-12-05,2018/2019,Everton,Newcastle Utd,1,1,1,MARCO SILVA,2018-01-07,2019-05-12,31,0,0,0
2018-12-10,2018/2019,Everton,Watford,1,2,2,MARCO SILVA,2018-01-07,2019-05-12,32,0,0,0
2018-12-15,2018/2019,Everton,Manchester City,0,1,3,MARCO SILVA,2018-01-07,2019-05-12,33,0,0,0
2018-12-23,2018/2019,Everton,Tottenham,1,2,6,MARCO SILVA,2018-01-07,2019-05-12,34,0,0,0
2018-12-26,2018/2019,Everton,Burnley,0,5,1,MARCO SILVA,2018-01-07,2019-05-12,35,0,0,0
2018-12-29,2018/2019,Everton,Brighton,0,0,1,MARCO SILVA,2018-01-07,2019-05-12,36,0,0,0
2019-01-01,2018/2019,Everton,Leicester City,1,0,1,MARCO SILVA,2018-01-07,2019-05-12,37,0,0,0
2019-01-13,2018/2019,Everton,Bournemouth,1,2,0,MARCO SILVA,2018-01-07,2019-05-12,38,0,0,0
2019-01-19,2018/2019,Everton,Southampton,0,1,2,MARCO SILVA,2018-01-07,2019-05-12,39,0,0,0
2019-01-29,2018/2019,Everton,Huddersfield,0,1,0,MARCO SILVA,2018-01-07,2019-05-12,40,0,0,0
2019-02-02,2018/2019,Everton,Wolves,1,1,3,MARCO SILVA,2018-01-07,2019-05-12,41,0,0,0
2019-02-06,2018/2019,Everton,Manchester City,1,0,2,MARCO SILVA,2018-01-07,2019-05-12,42,0,0,0
2019-02-09,2018/2019,Everton,Watford,0,0,1,MARCO SILVA,2018-01-07,2019-05-12,43,0,0,0
2019-02-26,2018/2019,Everton,Cardiff City,0,3,0,MARCO SILVA,2018-01-07,2019-05-12,44,0,0,0
2019-03-03,2018/2019,Everton,Liverpool,1,0,0,MARCO SILVA,2018-01-07,2019-05-12,45,0,0,0
2019-03-09,2018/2019,Everton,Newcastle Utd,0,2,3,MARCO SILVA,2018-01-07,2019-05-12,46,0,0,0
2019-03-17,2018/2019,Everton,Chelsea,1,2,0,MARCO SILVA,2018-01-07,2019-05-12,47,0,0,0
2019-03-30,2018/2019,Everton,West Ham,0,2,0,MARCO SILVA,2018-01-07,2019-05-12,48,0,0,0
2019-04-07,2018/2019,Everton,Arsenal,1,1,0,MARCO SILVA,2018-01-07,2019-05-12,49,0,0,0
2019-04-13,2018/2019,Everton,Fulham,0,0,2,MARCO SILVA,2018-01-07,2019-05-12,50,0,0,0
2019-04-21,2018/2019,Everton,Manchester Utd,1,4,0,MARCO SILVA,2018-01-07,2019-05-12,51,0,0,0
2019-04-27,2018/2019,Everton,Crystal Palace,0,0,0,MARCO SILVA,2018-01-07,2019-05-12,52,0,0,0
2019-05-03,2018/2019,Everton,Burnley,1,2,0,MARCO SILVA,2018-01-07,2019-05-12,53,0,0,0
2021-01-12,2020/2021,Everton,Wolves,0,2,1,RAFAEL BENITEZ,2021-01-07,2100-01-01,1,1,0,0
2021-01-27,2020/2021,Everton,Leicester City,1,1,1,RAFAEL BENITEZ,2021-01-07,2100-01-01,2,1,0,0
2021-01-30,2020/2021,Everton,Newcastle Utd,1,0,2,RAFAEL BENITEZ,2021-01-07,2100-01-01,3,1,0,0
2021-02-03,2020/2021,Everton,Leeds United,0,2,1,RAFAEL BENITEZ,2021-01-07,2100-01-01,4,0,1,0
2021-02-06,2020/2021,Everton,Manchester Utd,0,3,3,RAFAEL BENITEZ,2021-01-07,2100-01-01,5,0,1,0
2021-02-14,2020/2021,Everton,Fulham,1,0,2,RAFAEL BENITEZ,2021-01-07,2100-01-01,6,0,1,0
2021-02-17,2020/2021,Everton,Manchester City,1,1,3,RAFAEL BENITEZ,2021-01-07,2100-01-01,7,0,0,1
2021-02-20,2020/2021,Everton,Liverpool,0,2,0,RAFAEL BENITEZ,2021-01-07,2100-01-01,8,0,0,1
2021-03-01,2020/2021,Everton,Southampton,1,1,0,RAFAEL BENITEZ,2021-01-07,2100-01-01,9,0,0,1
2021-03-04,2020/2021,Everton,West Brom,0,1,0,RAFAEL BENITEZ,2021-01-07,2100-01-01,10,0,0,1
2021-03-08,2020/2021,Everton,Chelsea,0,0,2,RAFAEL BENITEZ,2021-01-07,2100-01-01,11,0,0,0
2021-03-13,2020/2021,Everton,Burnley,1,1,2,RAFAEL BENITEZ,2021-01-07,2100-01-01,12,0,0,0
2021-04-05,2020/2021,Everton,Crystal Palace,1,1,1,RAFAEL BENITEZ,2021-01-07,2100-01-01,13,0,0,0
2021-04-12,2020/2021,Everton,Brighton,0,0,0,RAFAEL BENITEZ,2021-01-07,2100-01-01,14,0,0,0
2021-04-16,2020/2021,Everton,Tottenham,1,2,2,RAFAEL BENITEZ,2021-01-07,2100-01-01,15,0,0,0
2021-04-23,2020/2021,Everton,Arsenal,0,1,0,RAFAEL BENITEZ,2021-01-07,2100-01-01,16,0,0,0
2021-05-01,2020/2021,Everton,Aston Villa,1,1,2,RAFAEL BENITEZ,2021-01-07,2100-01-01,17,0,0,0
2021-05-09,2020/2021,Everton,West Ham,0,1,0,RAFAEL BENITEZ,2021-01-07,2100-01-01,18,0,0,0
2021-05-13,2020/2021,Everton,Aston Villa,0,0,0,RAFAEL BENITEZ,2021-01-07,2100-01-01,19,0,0,0
2021-05-16,2020/2021,Everton,Sheffield Utd,1,0,1,RAFAEL BENITEZ,2021-01-07,2100-01-01,20,0,0,0
2021-05-19,2020/2021,Everton,Wolves,1,1,0,RAFAEL BENITEZ,2021-01-07,2100-01-01,21,0,0,0
2021-05-23,2020/2021,Everton,Manchester City,0,0,5,RAFAEL BENITEZ,2021-01-07,2100-01-01,22,0,0,0
2021-08-14,2021/2022,Everton,Southampton,1,3,1,RAFAEL BENITEZ,2021-01-07,2100-01-01,23,0,0,0
2021-08-21,2021/2022,Everton,Leeds United,0,2,2,RAFAEL BENITEZ,2021-01-07,2100-01-01,24,0,0,0
2021-08-28,2021/2022,Everton,Brighton,0,2,0,RAFAEL BENITEZ,2021-01-07,2100-01-01,25,0,0,0
2021-09-13,2021/2022,Everton,Burnley,1,3,1,RAFAEL BENITEZ,2021-01-07,2100-01-01,26,0,0,0
2021-09-18,2021/2022,Everton,Aston Villa,0,0,3,RAFAEL BENITEZ,2021-01-07,2100-01-01,27,0,0,0
2021-09-25,2021/2022,Everton,Norwich City,1,2,0,RAFAEL BENITEZ,2021-01-07,2100-01-01,28,0,0,0
2021-10-02,2021/2022,Everton,Manchester Utd,0,1,1,RAFAEL BENITEZ,2021-01-07,2100-01-01,29,0,0,0
2021-10-17,2021/2022,Everton,West Ham,1,0,1,RAFAEL BENITEZ,2021-01-07,2100-01-01,30,0,0,0
2021-10-23,2021/2022,Everton,Watford,1,2,5,RAFAEL BENITEZ,2021-01-07,2100-01-01,31,0,0,0
2021-11-01,2021/2022,Everton,Wolves,0,1,2,RAFAEL BENITEZ,2021-01-07,2100-01-01,32,0,0,0
2021-11-07,2021/2022,Everton,Tottenham,1,0,0,RAFAEL BENITEZ,2021-01-07,2100-01-01,33,0,0,0
2021-11-21,2021/2022,Everton,Manchester City,0,0,3,RAFAEL BENITEZ,2021-01-07,2100-01-01,34,0,0,0
2021-11-28,2021/2022,Everton,Brentford,0,0,1,RAFAEL BENITEZ,2021-01-07,2100-01-01,35,0,0,0
2021-12-01,2021/2022,Everton,Liverpool,1,1,4,RAFAEL BENITEZ,2021-01-07,2100-01-01,36,0,0,0
2021-12-06,2021/2022,Everton,Arsenal,1,2,1,RAFAEL BENITEZ,2021-01-07,2100-01-01,37,0,0,0
2021-12-12,2021/2022,Everton,Crystal Palace,0,1,3,RAFAEL BENITEZ,2021-01-07,2100-01-01,38,0,0,0
2021-12-16,2021/2022,Everton,Chelsea,0,1,1,RAFAEL BENITEZ,2021-01-07,2100-01-01,39,0,0,0
2022-01-02,2021/2022,Everton,Brighton,1,2,3,RAFAEL BENITEZ,2021-01-07,2100-01-01,40,0,0,0
2022-01-15,2021/2022,Everton,Norwich City,0,1,2,RAFAEL BENITEZ,2021-01-07,2100-01-01,41,0,0,0
2014-08-16,2014/2015,Everton,Leicester City,0,2,2,ROBERTO MARTINEZ,2013-01-07,2016-12-05,101,0,0,0
2014-08-23,2014/2015,Everton,Arsenal,1,2,2,ROBERTO MARTINEZ,2013-01-07,2016-12-05,102,0,0,0
2014-08-30,2014/2015,Everton,Chelsea,1,3,6,ROBERTO MARTINEZ,2013-01-07,2016-12-05,103,0,0,0
2014-09-13,2014/2015,Everton,West Brom,0,2,0,ROBERTO MARTINEZ,2013-01-07,2016-12-05,104,0,0,0
2014-09-21,2014/2015,Everton,Crystal Palace,1,2,3,ROBERTO MARTINEZ,2013-01-07,2016-12-05,105,0,0,0
2014-09-27,2014/2015,Everton,Liverpool,0,1,1,ROBERTO MARTINEZ,2013-01-07,2016-12-05,106,0,0,0
2014-10-05,2014/2015,Everton,Manchester Utd,0,1,2,ROBERTO MARTINEZ,2013-01-07,2016-12-05,107,0,0,0
2014-10-18,2014/2015,Everton,Aston Villa,1,3,0,ROBERTO MARTINEZ,2013-01-07,2016-12-05,108,0,0,0
2014-10-26,2014/2015,Everton,Burnley,0,3,1,ROBERTO MARTINEZ,2013-01-07,2016-12-05,109,0,0,0
2014-11-01,2014/2015,Everton,Swansea City,1,0,0,ROBERTO MARTINEZ,2013-01-07,2016-12-05,110,0,0,0
2014-11-09,2014/2015,Everton,Sunderland,0,1,1,ROBERTO MARTINEZ,2013-01-07,2016-12-05,111,0,0,0
2014-11-22,2014/2015,Everton,West Ham,1,2,1,ROBERTO MARTINEZ,2013-01-07,2016-12-05,112,0,0,0
2014-11-30,2014/2015,Everton,Tottenham,0,1,2,ROBERTO MARTINEZ,2013-01-07,2016-12-05,113,0,0,0
2014-12-03,2014/2015,Everton,Hull City,1,1,1,ROBERTO MARTINEZ,2013-01-07,2016-12-05,114,0,0,0
2014-12-06,2014/2015,Everton,Manchester City,0,0,1,ROBERTO MARTINEZ,2013-01-07,2016-12-05,115,0,0,0
2014-12-15,2014/2015,Everton,QPR,1,3,1,ROBERTO MARTINEZ,2013-01-07,2016-12-05,116,0,0,0
2014-12-20,2014/2015,Everton,Southampton,0,0,3,ROBERTO MARTINEZ,2013-01-07,2016-12-05,117,0,0,0
2014-12-26,2014/2015,Everton,Stoke City,1,0,1,ROBERTO MARTINEZ,2013-01-07,2016-12-05,118,0,0,0
2014-12-28,2014/2015,Everton,Newcastle Utd,0,2,3,ROBERTO MARTINEZ,2013-01-07,2016-12-05,119,0,0,0
2015-01-01,2014/2015,Everton,Hull City,0,0,2,ROBERTO MARTINEZ,2013-01-07,2016-12-05,120,0,0,0
2015-01-10,2014/2015,Everton,Manchester City,1,1,1,ROBERTO MARTINEZ,2013-01-07,2016-12-05,121,0,0,0
2015-01-19,2014/2015,Everton,West Brom,1,0,0,ROBERTO MARTINEZ,2013-01-07,2016-12-05,122,0,0,0
2015-01-31,2014/2015,Everton,Crystal Palace,0,1,0,ROBERTO MARTINEZ,2013-01-07,2016-12-05,123,0,0,0
2015-02-07,2014/2015,Everton,Liverpool,1,0,0,ROBERTO MARTINEZ,2013-01-07,2016-12-05,124,0,0,0
2015-02-11,2014/2015,Everton,Chelsea,0,0,1,ROBERTO MARTINEZ,2013-01-07,2016-12-05,125,0,0,0
2015-02-22,2014/2015,Everton,Leicester City,1,2,2,ROBERTO MARTINEZ,2013-01-07,2016-12-05,126,0,0,0
2015-03-01,2014/2015,Everton,Arsenal,0,0,2,ROBERTO MARTINEZ,2013-01-07,2016-12-05,127,0,0,0
2015-03-04,2014/2015,Everton,Stoke City,0,0,2,ROBERTO MARTINEZ,2013-01-07,2016-12-05,128,0,0,0
2015-03-15,2014/2015,Everton,Newcastle Utd,1,3,0,ROBERTO MARTINEZ,2013-01-07,2016-12-05,129,0,0,0
2015-03-22,2014/2015,Everton,QPR,0,2,1,ROBERTO MARTINEZ,2013-01-07,2016-12-05,130,0,0,0
2015-04-04,2014/2015,Everton,Southampton,1,1,0,ROBERTO MARTINEZ,2013-01-07,2016-12-05,131,0,0,0
2015-04-11,2014/2015,Everton,Swansea City,0,1,1,ROBERTO MARTINEZ,2013-01-07,2016-12-05,132,0,0,0
2015-04-18,2014/2015,Everton,Burnley,1,1,0,ROBERTO MARTINEZ,2013-01-07,2016-12-05,133,0,0,0
2015-04-26,2014/2015,Everton,Manchester Utd,1,3,0,ROBERTO MARTINEZ,2013-01-07,2016-12-05,134,0,0,0
2015-05-02,2014/2015,Everton,Aston Villa,0,2,3,ROBERTO MARTINEZ,2013-01-07,2016-12-05,135,0,0,0
2015-05-09,2014/2015,Everton,Sunderland,1,0,2,ROBERTO MARTINEZ,2013-01-07,2016-12-05,136,0,0,0
2015-05-16,2014/2015,Everton,West Ham,0,2,1,ROBERTO MARTINEZ,2013-01-07,2016-12-05,137,0,0,0
2015-05-24,2014/2015,Everton,Tottenham,1,0,1,ROBERTO MARTINEZ,2013-01-07,2016-12-05,138,0,0,0
2015-08-08,2015/2016,Everton,Watford,1,2,2,ROBERTO MARTINEZ,2013-01-07,2016-12-05,139,0,0,0
2015-08-15,2015/2016,Everton,Southampton,0,3,0,ROBERTO MARTINEZ,2013-01-07,2016-12-05,140,0,0,0
2015-08-23,2015/2016,Everton,Manchester City,1,0,2,ROBERTO MARTINEZ,2013-01-07,2016-12-05,141,0,0,0
2015-08-29,2015/2016,Everton,Tottenham,0,0,0,ROBERTO MARTINEZ,2013-01-07,2016-12-05,142,0,0,0
2015-09-12,2015/2016,Everton,Chelsea,1,3,1,ROBERTO MARTINEZ,2013-01-07,2016-12-05,143,0,0,0
2015-09-19,2015/2016,Everton,Swansea City,0,0,0,ROBERTO MARTINEZ,2013-01-07,2016-12-05,144,0,0,0
2015-09-28,2015/2016,Everton,West Brom,0,3,2,ROBERTO MARTINEZ,2013-01-07,2016-12-05,145,0,0,0
2015-10-04,2015/2016,Everton,Liverpool,1,1,1,ROBERTO MARTINEZ,2013-01-07,2016-12-05,146,0,0,0
2015-10-17,2015/2016,Everton,Manchester Utd,1,0,3,ROBERTO MARTINEZ,2013-01-07,2016-12-05,147,0,0,0
2015-10-24,2015/2016,Everton,Arsenal,0,1,2,ROBERTO MARTINEZ,2013-01-07,2016-12-05,148,0,0,0
2015-11-01,2015/2016,Everton,Sunderland,1,6,2,ROBERTO MARTINEZ,2013-01-07,2016-12-05,149,0,0,0
2015-11-07,2015/2016,Everton,West Ham,0,1,1,ROBERTO MARTINEZ,2013-01-07,2016-12-05,150,0,0,0
2015-11-21,2015/2016,Everton,Aston Villa,1,4,0,ROBERTO MARTINEZ,2013-01-07,2016-12-05,151,0,0,0
2015-11-28,2015/2016,Everton,Bournemouth,0,3,3,ROBERTO MARTINEZ,2013-01-07,2016-12-05,152,0,0,0
2015-12-07,2015/2016,Everton,Crystal Palace,1,1,1,ROBERTO MARTINEZ,2013-01-07,2016-12-05,153,0,0,0
2015-12-12,2015/2016,Everton,Norwich City,0,1,1,ROBERTO MARTINEZ,2013-01-07,2016-12-05,154,0,0,0
2015-12-19,2015/2016,Everton,Leicester City,1,2,3,ROBERTO MARTINEZ,2013-01-07,2016-12-05,155,0,0,0
2015-12-26,2015/2016,Everton,Newcastle Utd,0,1,0,ROBERTO MARTINEZ,2013-01-07,2016-12-05,156,0,0,0
2015-12-28,2015/2016,Everton,Stoke City,1,3,4,ROBERTO MARTINEZ,2013-01-07,2016-12-05,157,0,0,0
2016-01-03,2015/2016,Everton,Tottenham,1,1,1,ROBERTO MARTINEZ,2013-01-07,2016-12-05,158,0,0,0
2016-01-13,2015/2016,Everton,Manchester City,0,0,0,RONALD KOEMAN,2016-01-07,2100-01-01,1,1,0,0
2016-01-16,2015/2016,Everton,Chelsea,0,3,3,RONALD KOEMAN,2016-01-07,2100-01-01,2,1,0,0
2016-01-24,2015/2016,Everton,Swansea City,1,1,2,RONALD KOEMAN,2016-01-07,2100-01-01,3,1,0,0
2016-02-03,2015/2016,Everton,Newcastle Utd,1,3,0,RONALD KOEMAN,2016-01-07,2100-01-01,4,0,1,0
2016-02-06,2015/2016,Everton,Stoke City,0,3,0,RONALD KOEMAN,2016-01-07,2100-01-01,5,0,1,0
2016-02-13,2015/2016,Everton,West Brom,1,0,1,RONALD KOEMAN,2016-01-07,2100-01-01,6,0,1,0
2016-03-01,2015/2016,Everton,Aston Villa,0,3,1,RONALD KOEMAN,2016-01-07,2100-01-01,7,0,0,1
2016-03-05,2015/2016,Everton,West Ham,1,2,3,RONALD KOEMAN,2016-01-07,2100-01-01,8,0,0,1
2016-03-19,2015/2016,Everton,Arsenal,1,0,2,RONALD KOEMAN,2016-01-07,2100-01-01,9,0,0,1
2016-04-03,2015/2016,Everton,Manchester Utd,0,0,1,RONALD KOEMAN,2016-01-07,2100-01-01,10,0,0,1
2016-04-09,2015/2016,Everton,Watford,0,1,1,RONALD KOEMAN,2016-01-07,2100-01-01,11,0,0,0
2016-04-13,2015/2016,Everton,Crystal Palace,0,0,0,RONALD KOEMAN,2016-01-07,2100-01-01,12,0,0,0
2016-04-16,2015/2016,Everton,Southampton,1,1,1,RONALD KOEMAN,2016-01-07,2100-01-01,13,0,0,0
2016-04-20,2015/2016,Everton,Liverpool,0,0,4,RONALD KOEMAN,2016-01-07,2100-01-01,14,0,0,0
2016-04-30,2015/2016,Everton,Bournemouth,1,2,1,RONALD KOEMAN,2016-01-07,2100-01-01,15,0,0,0
2016-05-07,2015/2016,Everton,Leicester City,0,1,3,RONALD KOEMAN,2016-01-07,2100-01-01,16,0,0,0
2016-05-11,2015/2016,Everton,Sunderland,0,0,3,RONALD KOEMAN,2016-01-07,2100-01-01,17,0,0,0
2016-05-15,2015/2016,Everton,Norwich City,1,3,0,RONALD KOEMAN,2016-01-07,2100-01-01,18,0,0,0
2016-08-13,2016/2017,Everton,Tottenham,1,1,1,RONALD KOEMAN,2016-01-07,2100-01-01,19,0,0,0
2016-08-20,2016/2017,Everton,West Brom,0,2,1,RONALD KOEMAN,2016-01-07,2100-01-01,20,0,0,0
2016-08-27,2016/2017,Everton,Stoke City,1,1,0,RONALD KOEMAN,2016-01-07,2100-01-01,21,0,0,0
2016-09-12,2016/2017,Everton,Sunderland,0,3,0,RONALD KOEMAN,2016-01-07,2100-01-01,22,0,0,0
2016-09-17,2016/2017,Everton,Middlesbrough,1,3,1,RONALD KOEMAN,2016-01-07,2100-01-01,23,0,0,0
2016-09-24,2016/2017,Everton,Bournemouth,0,0,1,RONALD KOEMAN,2016-01-07,2100-01-01,24,0,0,0
2016-09-30,2016/2017,Everton,Crystal Palace,1,1,1,RONALD KOEMAN,2016-01-07,2100-01-01,25,0,0,0
2016-10-15,2016/2017,Everton,Manchester City,0,1,1,RONALD KOEMAN,2016-01-07,2100-01-01,26,0,0,0
2016-10-22,2016/2017,Everton,Burnley,0,1,2,RONALD KOEMAN,2016-01-07,2100-01-01,27,0,0,0
2016-10-30,2016/2017,Everton,West Ham,1,2,0,RONALD KOEMAN,2016-01-07,2100-01-01,28,0,0,0
2016-11-05,2016/2017,Everton,Chelsea,0,0,5,RONALD KOEMAN,2016-01-07,2100-01-01,29,0,0,0
2016-11-19,2016/2017,Everton,Swansea City,1,1,1,RONALD KOEMAN,2016-01-07,2100-01-01,30,0,0,0
2016-11-27,2016/2017,Everton,Southampton,0,0,1,RONALD KOEMAN,2016-01-07,2100-01-01,31,0,0,0
2016-12-04,2016/2017,Everton,Manchester Utd,1,1,1,RONALD KOEMAN,2016-01-07,2100-01-01,32,0,0,0
2017-12-02,2017/2018,Everton,Huddersfield,1,2,0,SAM ALLARDYCE,2017-11-30,2100-01-01,1,1,0,0
2017-12-10,2017/2018,Everton,Liverpool,0,1,1,SAM ALLARDYCE,2017-11-30,2100-01-01,2,1,0,0
2017-12-13,2017/2018,Everton,Newcastle Utd,0,1,0,SAM ALLARDYCE,2017-11-30,2100-01-01,3,1,0,0
2017-12-18,2017/2018,Everton,Swansea City,1,3,1,SAM ALLARDYCE,2017-11-30,2100-01-01,4,0,1,0
2017-12-23,2017/2018,Everton,Chelsea,1,0,0,SAM ALLARDYCE,2017-11-30,2100-01-01,5,0,1,0
2017-12-26,2017/2018,Everton,West Brom,0,0,0,SAM ALLARDYCE,2017-11-30,2100-01-01,6,0,1,0
2017-12-30,2017/2018,Everton,Bournemouth,0,1,2,SAM ALLARDYCE,2017-11-30,2100-01-01,7,0,0,1
2018-01-01,2017/2018,Everton,Manchester Utd,1,0,2,SAM ALLARDYCE,2017-11-30,2100-01-01,8,0,0,1
2023-02-04,2022/2023,Everton,Arsenal,1,1,0,SEAN DYCHE,2023-01-30,2025-09-01,1,1,0,0
2023-02-13,2022/2023,Everton,Liverpool,0,0,2,SEAN DYCHE,2023-01-30,2025-09-01,2,1,0,0
2023-02-18,2022/2023,Everton,Leeds United,1,1,0,SEAN DYCHE,2023-01-30,2025-09-01,3,1,0,0
2023-02-25,2022/2023,Everton,Aston Villa,1,0,2,SEAN DYCHE,2023-01-30,2025-09-01,4,0,1,0
2023-03-01,2022/2023,Everton,Arsenal,0,0,4,SEAN DYCHE,2023-01-30,2025-09-01,5,0,1,0
2023-03-05,2022/2023,Everton,Nott'ham Forest,0,2,2,SEAN DYCHE,2023-01-30,2025-09-01,6,0,1,0
2023-03-11,2022/2023,Everton,Brentford,1,1,0,SEAN DYCHE,2023-01-30,2025-09-01,7,0,0,1
2023-03-18,2022/2023,Everton,Chelsea,0,2,2,SEAN DYCHE,2023-01-30,2025-09-01,8,0,0,1
2023-04-03,2022/2023,Everton,Tottenham,1,1,1,SEAN DYCHE,2023-01-30,2025-09-01,9,0,0,1
2023-04-08,2022/2023,Everton,Manchester Utd,0,0,2,SEAN DYCHE,2023-01-30,2025-09-01,10,0,0,1
2023-04-15,2022/2023,Everton,Fulham,1,1,3,SEAN DYCHE,2023-01-30,2025-09-01,11,0,0,0
2023-04-22,2022/2023,Everton,Crystal Palace,0,0,0,SEAN DYCHE,2023-01-30,2025-09-01,12,0,0,0
2023-04-27,2022/2023,Everton,Newcastle Utd,1,1,4,SEAN DYCHE,2023-01-30,2025-09-01,13,0,0,0
2023-05-01,2022/2023,Everton,Leicester City,0,2,2,SEAN DYCHE,2023-01-30,2025-09-01,14,0,0,0
2023-05-08,2022/2023,Everton,Brighton,0,5,1,SEAN DYCHE,2023-01-30,2025-09-01,15,0,0,0
2023-05-14,2022/2023,Everton,Manchester City,1,0,3,SEAN DYCHE,2023-01-30,2025-09-01,16,0,0,0
2023-05-20,2022/2023,Everton,Wolves,0,1,1,SEAN DYCHE,2023-01-30,2025-09-01,17,0,0,0
2023-05-28,2022/2023,Everton,Bournemouth,1,1,0,SEAN DYCHE,2023-01-30,2025-09-01,18,0,0,0
2023-08-12,2023/2024,Everton,Fulham,1,0,1,SEAN DYCHE,2023-01-30,2025-09-01,19,0,0,0
2023-08-20,2023/2024,Everton,Aston Villa,0,0,4,SEAN DYCHE,2023-01-30,2025-09-01,20,0,0,0
2023-08-26,2023/2024,Everton,Wolves,1,0,1,SEAN DYCHE,2023-01-30,2025-09-01,21,0,0,0
2023-09-02,2023/2024,Everton,Sheffield Utd,0,2,2,SEAN DYCHE,2023-01-30,2025-09-01,22,0,0,0
2023-09-17,2023/2024,Everton,Arsenal,1,0,1,SEAN DYCHE,2023-01-30,2025-09-01,23,0,0,0
2023-09-23,2023/2024,Everton,Brentford,0,3,1,SEAN DYCHE,2023-01-30,2025-09-01,24,0,0,0
2023-09-30,2023/2024,Everton,Luton Town,1,1,2,SEAN DYCHE,2023-01-30,2025-09-01,25,0,0,0
2023-10-07,2023/2024,Everton,Bournemouth,1,3,0,SEAN DYCHE,2023-01-30,2025-09-01,26,0,0,0
2023-10-21,2023/2024,Everton,Liverpool,0,0,2,SEAN DYCHE,2023-01-30,2025-09-01,27,0,0,0
2023-10-29,2023/2024,Everton,West Ham,0,1,0,SEAN DYCHE,2023-01-30,2025-09-01,28,0,0,0
2023-11-04,2023/2024,Everton,Brighton,1,1,1,SEAN DYCHE,2023-01-30,2025-09-01,29,0,0,0
2023-11-11,2023/2024,Everton,Crystal Palace,0,3,2,SEAN DYCHE,2023-01-30,2025-09-01,30,0,0,0
2023-11-26,2023/2024,Everton,Manchester Utd,1,0,3,SEAN DYCHE,2023-01-30,2025-09-01,31,0,0,0
2023-12-02,2023/2024,Everton,Nott'ham Forest,0,1,0,SEAN DYCHE,2023-01-30,2025-09-01,32,0,0,0
2023-12-07,2023/2024,Everton,Newcastle Utd,1,3,0,SEAN DYCHE,2023-01-30,2025-09-01,33,0,0,0
2023-12-10,2023/2024,Everton,Chelsea,1,2,0,SEAN DYCHE,2023-01-30,2025-09-01,34,0,0,0
2023-12-16,2023/2024,Everton,Burnley,0,2,0,SEAN DYCHE,2023-01-30,2025-09-01,35,0,0,0
2023-12-23,2023/2024,Everton,Tottenham,0,1,2,SEAN DYCHE,2023-01-30,2025-09-01,36,0,0,0
2023-12-27,2023/2024,Everton,Manchester City,1,1,3,SEAN DYCHE,2023-01-30,2025-09-01,37,0,0,0
2023-12-30,2023/2024,Everton,Wolves,0,0,3,SEAN DYCHE,2023-01-30,2025-09-01,38,0,0,0
2024-01-14,2023/2024,Everton,Aston Villa,1,0,0,SEAN DYCHE,2023-01-30,2025-09-01,39,0,0,0
2024-01-30,2023/2024,Everton,Fulham,0,0,0,SEAN DYCHE,2023-01-30,2025-09-01,40,0,0,0
2024-02-03,2023/2024,Everton,Tottenham,1,2,2,SEAN DYCHE,2023-01-30,2025-09-01,41,0,0,0
2024-02-10,2023/2024,Everton,Manchester City,0,0,2,SEAN DYCHE,2023-01-30,2025-09-01,42,0,0,0
2024-02-19,2023/2024,Everton,Crystal Palace,1,1,1,SEAN DYCHE,2023-01-30,2025-09-01,43,0,0,0
2024-02-24,2023/2024,Everton,Brighton,0,1,1,SEAN DYCHE,2023-01-30,2025-09-01,44,0,0,0
2024-03-02,2023/2024,Everton,West Ham,1,1,3,SEAN DYCHE,2023-01-30,2025-09-01,45,0,0,0
2024-03-09,2023/2024,Everton,Manchester Utd,0,0,2,SEAN DYCHE,2023-01-30,2025-09-01,46,0,0,0
2024-03-30,2023/2024,Everton,Bournemouth,0,1,2,SEAN DYCHE,2023-01-30,2025-09-01,47,0,0,0
2024-04-02,2023/2024,Everton,Newcastle Utd,0,1,1,SEAN DYCHE,2023-01-30,2025-09-01,48,0,0,0
2024-04-06,2023/2024,Everton,Burnley,1,1,0,SEAN DYCHE,2023-01-30,2025-09-01,49,0,0,0
2024-04-15,2023/2024,Everton,Chelsea,0,0,6,SEAN DYCHE,2023-01-30,2025-09-01,50,0,0,0
2024-04-21,2023/2024,Everton,Nott'ham Forest,1,2,0,SEAN DYCHE,2023-01-30,2025-09-01,51,0,0,0
2024-04-24,2023/2024,Everton,Liverpool,1,2,0,SEAN DYCHE,2023-01-30,2025-09-01,52,0,0,0
2024-04-27,2023/2024,Everton,Brentford,1,1,0,SEAN DYCHE,2023-01-30,2025-09-01,53,0,0,0
2024-05-03,2023/2024,Everton,Luton Town,0,1,1,SEAN DYCHE,2023-01-30,2025-09-01,54,0,0,0
2024-05-11,2023/2024,Everton,Sheffield Utd,1,1,0,SEAN DYCHE,2023-01-30,2025-09-01,55,0,0,0
2024-05-19,2023/2024,Everton,Arsenal,0,1,2,SEAN DYCHE,2023-01-30,2025-09-01,56,0,0,0
2018-11-24,2018/2019,Fulham,Southampton,1,3,2,CLAUDIO RANIERI,2018-11-14,2100-01-01,1,1,0,0
2018-12-02,2018/2019,Fulham,Chelsea,0,0,2,CLAUDIO RANIERI,2018-11-14,2100-01-01,2,1,0,0
2018-12-05,2018/2019,Fulham,Leicester City,1,1,1,CLAUDIO RANIERI,2018-11-14,2100-01-01,3,1,0,0
2018-12-08,2018/2019,Fulham,Manchester Utd,0,1,4,CLAUDIO RANIERI,2018-11-14,2100-01-01,4,0,1,0
2018-12-15,2018/2019,Fulham,West Ham,1,0,2,CLAUDIO RANIERI,2018-11-14,2100-01-01,5,0,1,0
2018-12-22,2018/2019,Fulham,Newcastle Utd,0,0,0,CLAUDIO RANIERI,2018-11-14,2100-01-01,6,0,1,0
2018-12-26,2018/2019,Fulham,Wolves,1,1,1,CLAUDIO RANIERI,2018-11-14,2100-01-01,7,0,0,1
2018-12-29,2018/2019,Fulham,Huddersfield,1,1,0,CLAUDIO RANIERI,2018-11-14,2100-01-01,8,0,0,1
2019-01-01,2018/2019,Fulham,Arsenal,0,1,4,CLAUDIO RANIERI,2018-11-14,2100-01-01,9,0,0,1
2019-01-12,2018/2019,Fulham,Burnley,0,1,2,CLAUDIO RANIERI,2018-11-14,2100-01-01,10,0,0,1
2019-01-20,2018/2019,Fulham,Tottenham,1,1,2,CLAUDIO RANIERI,2018-11-14,2100-01-01,11,0,0,0
2019-01-29,2018/2019,Fulham,Brighton,1,4,2,CLAUDIO RANIERI,2018-11-14,2100-01-01,12,0,0,0
2019-02-02,2018/2019,Fulham,Crystal Palace,0,0,2,CLAUDIO RANIERI,2018-11-14,2100-01-01,13,0,0,0
2019-02-09,2018/2019,Fulham,Manchester Utd,1,0,3,CLAUDIO RANIERI,2018-11-14,2100-01-01,14,0,0,0
2019-02-22,2018/2019,Fulham,West Ham,0,1,3,CLAUDIO RANIERI,2018-11-14,2100-01-01,15,0,0,0
2019-02-27,2018/2019,Fulham,Southampton,0,0,2,CLAUDIO RANIERI,2018-11-14,2100-01-01,16,0,0,0
2021-01-13,2020/2021,Fulham,Tottenham,0,1,1,MARCO SILVA,2021-01-07,2100-01-01,1,1,0,0
2021-01-16,2020/2021,Fulham,Chelsea,1,0,1,MARCO SILVA,2021-01-07,2100-01-01,2,1,0,0
2021-01-20,2020/2021,Fulham,Manchester Utd,1,1,2,MARCO SILVA,2021-01-07,2100-01-01,3,1,0,0
2021-01-27,2020/2021,Fulham,Brighton,0,0,0,MARCO SILVA,2021-01-07,2100-01-01,4,0,1,0
2021-01-30,2020/2021,Fulham,West Brom,0,2,2,MARCO SILVA,2021-01-07,2100-01-01,5,0,1,0
2021-02-03,2020/2021,Fulham,Leicester City,1,0,2,MARCO SILVA,2021-01-07,2100-01-01,6,0,1,0
2021-02-06,2020/2021,Fulham,West Ham,1,0,0,MARCO SILVA,2021-01-07,2100-01-01,7,0,0,1
2021-02-14,2020/2021,Fulham,Everton,0,2,0,MARCO SILVA,2021-01-07,2100-01-01,8,0,0,1
2021-02-17,2020/2021,Fulham,Burnley,0,1,1,MARCO SILVA,2021-01-07,2100-01-01,9,0,0,1
2021-02-20,2020/2021,Fulham,Sheffield Utd,1,1,0,MARCO SILVA,2021-01-07,2100-01-01,10,0,0,1
2021-02-28,2020/2021,Fulham,Crystal Palace,0,0,0,MARCO SILVA,2021-01-07,2100-01-01,11,0,0,0
2021-03-04,2020/2021,Fulham,Tottenham,1,0,1,MARCO SILVA,2021-01-07,2100-01-01,12,0,0,0
2021-03-07,2020/2021,Fulham,Liverpool,0,1,0,MARCO SILVA,2021-01-07,2100-01-01,13,0,0,0
2021-03-13,2020/2021,Fulham,Manchester City,1,0,3,MARCO SILVA,2021-01-07,2100-01-01,14,0,0,0
2021-03-19,2020/2021,Fulham,Leeds United,1,1,2,MARCO SILVA,2021-01-07,2100-01-01,15,0,0,0
2021-04-04,2020/2021,Fulham,Aston Villa,0,1,3,MARCO SILVA,2021-01-07,2100-01-01,16,0,0,0
2021-04-09,2020/2021,Fulham,Wolves,1,0,1,MARCO SILVA,2021-01-07,2100-01-01,17,0,0,0
2021-04-18,2020/2021,Fulham,Arsenal,0,1,1,MARCO SILVA,2021-01-07,2100-01-01,18,0,0,0
2021-05-01,2020/2021,Fulham,Chelsea,0,0,2,MARCO SILVA,2021-01-07,2100-01-01,19,0,0,0
2021-05-10,2020/2021,Fulham,Burnley,1,0,2,MARCO SILVA,2021-01-07,2100-01-01,20,0,0,0
2021-05-15,2020/2021,Fulham,Southampton,0,1,3,MARCO SILVA,2021-01-07,2100-01-01,21,0,0,0
2021-05-18,2020/2021,Fulham,Manchester Utd,0,1,1,MARCO SILVA,2021-01-07,2100-01-01,22,0,0,0
2021-05-23,2020/2021,Fulham,Newcastle Utd,1,0,2,MARCO SILVA,2021-01-07,2100-01-01,23,0,0,0
2022-08-06,2022/2023,Fulham,Liverpool,1,2,2,MARCO SILVA,2021-01-07,2100-01-01,24,0,0,0
2022-08-13,2022/2023,Fulham,Wolves,0,0,0,MARCO SILVA,2021-01-07,2100-01-01,25,0,0,0
2022-08-20,2022/2023,Fulham,Brentford,1,3,2,MARCO SILVA,2021-01-07,2100-01-01,26,0,0,0
2022-08-27,2022/2023,Fulham,Arsenal,0,1,2,MARCO SILVA,2021-01-07,2100-01-01,27,0,0,0
2022-08-30,2022/2023,Fulham,Brighton,1,2,1,MARCO SILVA,2021-01-07,2100-01-01,28,0,0,0
2022-09-03,2022/2023,Fulham,Tottenham,0,1,2,MARCO SILVA,2021-01-07,2100-01-01,29,0,0,0
2022-09-16,2022/2023,Fulham,Nott'ham Forest,0,3,2,MARCO SILVA,2021-01-07,2100-01-01,30,0,0,0
2022-10-01,2022/2023,Fulham,Newcastle Utd,1,1,4,MARCO SILVA,2021-01-07,2100-01-01,31,0,0,0
2022-10-09,2022/2023,Fulham,West Ham,0,1,3,MARCO SILVA,2021-01-07,2100-01-01,32,0,0,0
2022-10-15,2022/2023,Fulham,Bournemouth,1,2,2,MARCO SILVA,2021-01-07,2100-01-01,33,0,0,0
2022-10-20,2022/2023,Fulham,Aston Villa,1,3,0,MARCO SILVA,2021-01-07,2100-01-01,34,0,0,0
2022-10-23,2022/2023,Fulham,Leeds United,0,3,2,MARCO SILVA,2021-01-07,2100-01-01,35,0,0,0
2022-10-29,2022/2023,Fulham,Everton,1,0,0,MARCO SILVA,2021-01-07,2100-01-01,36,0,0,0
2022-11-05,2022/2023,Fulham,Manchester City,0,1,2,MARCO SILVA,2021-01-07,2100-01-01,37,0,0,0
2022-11-13,2022/2023,Fulham,Manchester Utd,1,1,2,MARCO SILVA,2021-01-07,2100-01-01,38,0,0,0
2022-12-26,2022/2023,Fulham,Crystal Palace,0,3,0,MARCO SILVA,2021-01-07,2100-01-01,39,0,0,0
2022-12-31,2022/2023,Fulham,Southampton,1,2,1,MARCO SILVA,2021-01-07,2100-01-01,40,0,0,0
2023-01-03,2022/2023,Fulham,Leicester City,0,1,0,MARCO SILVA,2021-01-07,2100-01-01,41,0,0,0
2023-01-12,2022/2023,Fulham,Chelsea,1,2,1,MARCO SILVA,2021-01-07,2100-01-01,42,0,0,0
2023-01-15,2022/2023,Fulham,Newcastle Utd,0,0,1,MARCO SILVA,2021-01-07,2100-01-01,43,0,0,0
2023-01-23,2022/2023,Fulham,Tottenham,1,0,1,MARCO SILVA,2021-01-07,2100-01-01,44,0,0,0
2023-02-03,2022/2023,Fulham,Chelsea,0,0,0,MARCO SILVA,2021-01-07,2100-01-01,45,0,0,0
2023-02-11,2022/2023,Fulham,Nott'ham Forest,1,2,0,MARCO SILVA,2021-01-07,2100-01-01,46,0,0,0
2023-02-18,2022/2023,Fulham,Brighton,0,1,0,MARCO SILVA,2021-01-07,2100-01-01,47,0,0,0
2023-02-24,2022/2023,Fulham,Wolves,1,1,1,MARCO SILVA,2021-01-07,2100-01-01,48,0,0,0
2023-03-06,2022/2023,Fulham,Brentford,0,2,3,MARCO SILVA,2021-01-07,2100-01-01,49,0,0,0
2023-03-12,2022/2023,Fulham,Arsenal,1,0,3,MARCO SILVA,2021-01-07,2100-01-01,50,0,0,0
2023-04-01,2022/2023,Fulham,Bournemouth,0,1,2,MARCO SILVA,2021-01-07,2100-01-01,51,0,0,0
2023-04-08,2022/2023,Fulham,West Ham,1,0,1,MARCO SILVA,2021-01-07,2100-01-01,52,0,0,0
2023-04-15,2022/2023,Fulham,Everton,0,3,1,MARCO SILVA,2021-01-07,2100-01-01,53,0,0,0
2023-04-22,2022/2023,Fulham,Leeds United,1,2,1,MARCO SILVA,2021-01-07,2100-01-01,54,0,0,0
2023-04-25,2022/2023,Fulham,Aston Villa,0,0,1,MARCO SILVA,2021-01-07,2100-01-01,55,0,0,0
2023-04-30,2022/2023,Fulham,Manchester City,1,1,2,MARCO SILVA,2021-01-07,2100-01-01,56,0,0,0
2023-05-03,2022/2023,Fulham,Liverpool,0,0,1,MARCO SILVA,2021-01-07,2100-01-01,57,0,0,0
2023-05-08,2022/2023,Fulham,Leicester City,1,5,3,MARCO SILVA,2021-01-07,2100-01-01,58,0,0,0
2023-05-13,2022/2023,Fulham,Southampton,0,2,0,MARCO SILVA,2021-01-07,2100-01-01,59,0,0,0
2023-05-20,2022/2023,Fulham,Crystal Palace,1,2,2,MARCO SILVA,2021-01-07,2100-01-01,60,0,0,0
2023-05-28,2022/2023,Fulham,Manchester Utd,0,1,2,MARCO SILVA,2021-01-07,2100-01-01,61,0,0,0
2023-08-12,2023/2024,Fulham,Everton,0,1,0,MARCO SILVA,2021-01-07,2100-01-01,62,0,0,0
2023-08-19,2023/2024,Fulham,Brentford,1,0,3,MARCO SILVA,2021-01-07,2100-01-01,63,0,0,0
2023-08-26,2023/2024,Fulham,Arsenal,0,2,2,MARCO SILVA,2021-01-07,2100-01-01,64,0,0,0
2023-09-02,2023/2024,Fulham,Manchester City,0,1,5,MARCO SILVA,2021-01-07,2100-01-01,65,0,0,0
2023-09-16,2023/2024,Fulham,Luton Town,1,1,0,MARCO SILVA,2021-01-07,2100-01-01,66,0,0,0
2023-09-23,2023/2024,Fulham,Crystal Palace,0,0,0,MARCO SILVA,2021-01-07,2100-01-01,67,0,0,0
2023-10-02,2023/2024,Fulham,Chelsea,1,0,2,MARCO SILVA,2021-01-07,2100-01-01,68,0,0,0
2023-10-07,2023/2024,Fulham,Sheffield Utd,1,3,1,MARCO SILVA,2021-01-07,2100-01-01,69,0,0,0
2023-10-23,2023/2024,Fulham,Tottenham,0,0,2,MARCO SILVA,2021-01-07,2100-01-01,70,0,0,0
2023-10-29,2023/2024,Fulham,Brighton,0,1,1,MARCO SILVA,2021-01-07,2100-01-01,71,0,0,0
2023-11-04,2023/2024,Fulham,Manchester Utd,1,0,1,MARCO SILVA,2021-01-07,2100-01-01,72,0,0,0
2023-11-12,2023/2024,Fulham,Aston Villa,0,1,3,MARCO SILVA,2021-01-07,2100-01-01,73,0,0,0
2023-11-27,2023/2024,Fulham,Wolves,1,3,2,MARCO SILVA,2021-01-07,2100-01-01,74,0,0,0
2023-12-03,2023/2024,Fulham,Liverpool,0,3,4,MARCO SILVA,2021-01-07,2100-01-01,75,0,0,0
2023-12-06,2023/2024,Fulham,Nott'ham Forest,1,5,0,MARCO SILVA,2021-01-07,2100-01-01,76,0,0,0
2023-12-10,2023/2024,Fulham,West Ham,1,5,0,MARCO SILVA,2021-01-07,2100-01-01,77,0,0,0
2023-12-16,2023/2024,Fulham,Newcastle Utd,0,0,3,MARCO SILVA,2021-01-07,2100-01-01,78,0,0,0
2023-12-23,2023/2024,Fulham,Burnley,1,0,2,MARCO SILVA,2021-01-07,2100-01-01,79,0,0,0
2023-12-26,2023/2024,Fulham,Bournemouth,0,0,3,MARCO SILVA,2021-01-07,2100-01-01,80,0,0,0
2023-12-31,2023/2024,Fulham,Arsenal,1,2,1,MARCO SILVA,2021-01-07,2100-01-01,81,0,0,0
2024-01-13,2023/2024,Fulham,Chelsea,0,0,1,MARCO SILVA,2021-01-07,2100-01-01,82,0,0,0
2024-01-30,2023/2024,Fulham,Everton,1,0,0,MARCO SILVA,2021-01-07,2100-01-01,83,0,0,0
2024-02-03,2023/2024,Fulham,Burnley,0,2,2,MARCO SILVA,2021-01-07,2100-01-01,84,0,0,0
2024-02-10,2023/2024,Fulham,Bournemouth,1,3,1,MARCO SILVA,2021-01-07,2100-01-01,85,0,0,0
2024-02-17,2023/2024,Fulham,Aston Villa,1,1,2,MARCO SILVA,2021-01-07,2100-01-01,86,0,0,0
2024-02-24,2023/2024,Fulham,Manchester Utd,0,2,1,MARCO SILVA,2021-01-07,2100-01-01,87,0,0,0
2024-03-02,2023/2024,Fulham,Brighton,1,3,0,MARCO SILVA,2021-01-07,2100-01-01,88,0,0,0
2024-03-09,2023/2024,Fulham,Wolves,0,1,2,MARCO SILVA,2021-01-07,2100-01-01,89,0,0,0
2024-03-16,2023/2024,Fulham,Tottenham,1,3,0,MARCO SILVA,2021-01-07,2100-01-01,90,0,0,0
2024-03-30,2023/2024,Fulham,Sheffield Utd,0,3,3,MARCO SILVA,2021-01-07,2100-01-01,91,0,0,0
2024-04-02,2023/2024,Fulham,Nott'ham Forest,0,1,3,MARCO SILVA,2021-01-07,2100-01-01,92,0,0,0
2024-04-06,2023/2024,Fulham,Newcastle Utd,1,0,1,MARCO SILVA,2021-01-07,2100-01-01,93,0,0,0
2024-04-14,2023/2024,Fulham,West Ham,0,2,0,MARCO SILVA,2021-01-07,2100-01-01,94,0,0,0
2024-04-21,2023/2024,Fulham,Liverpool,1,1,3,MARCO SILVA,2021-01-07,2100-01-01,95,0,0,0
2024-04-27,2023/2024,Fulham,Crystal Palace,1,1,1,MARCO SILVA,2021-01-07,2100-01-01,96,0,0,0
2024-05-04,2023/2024,Fulham,Brentford,0,0,0,MARCO SILVA,2021-01-07,2100-01-01,97,0,0,0
2024-05-11,2023/2024,Fulham,Manchester City,1,0,4,MARCO SILVA,2021-01-07,2100-01-01,98,0,0,0
2024-05-19,2023/2024,Fulham,Luton Town,0,4,2,MARCO SILVA,2021-01-07,2100-01-01,99,0,0,0
2019-03-03,2018/2019,Fulham,Chelsea,1,1,2,SCOTT PARKER,2019-02-28,2100-01-01,1,1,0,0
2019-03-09,2018/2019,Fulham,Leicester City,0,1,3,SCOTT PARKER,2019-02-28,2100-01-01,2,1,0,0
2019-03-17,2018/2019,Fulham,Liverpool,1,1,2,SCOTT PARKER,2019-02-28,2100-01-01,3,1,0,0
2019-03-30,2018/2019,Fulham,Manchester City,1,0,2,SCOTT PARKER,2019-02-28,2100-01-01,4,0,1,0
2019-04-02,2018/2019,Fulham,Watford,0,1,4,SCOTT PARKER,2019-02-28,2100-01-01,5,0,1,0
2019-04-13,2018/2019,Fulham,Everton,1,2,0,SCOTT PARKER,2019-02-28,2100-01-01,6,0,1,0
2019-04-20,2018/2019,Fulham,Bournemouth,0,1,0,SCOTT PARKER,2019-02-28,2100-01-01,7,0,0,1
2019-04-27,2018/2019,Fulham,Cardiff City,1,1,0,SCOTT PARKER,2019-02-28,2100-01-01,8,0,0,1
2019-05-04,2018/2019,Fulham,Wolves,0,0,1,SCOTT PARKER,2019-02-28,2100-01-01,9,0,0,1
2019-05-12,2018/2019,Fulham,Newcastle Utd,1,0,4,SCOTT PARKER,2019-02-28,2100-01-01,10,0,0,1
2020-09-12,2020/2021,Fulham,Arsenal,1,0,3,SCOTT PARKER,2019-02-28,2100-01-01,11,0,0,0
2020-09-19,2020/2021,Fulham,Leeds United,0,3,4,SCOTT PARKER,2019-02-28,2100-01-01,12,0,0,0
2020-09-28,2020/2021,Fulham,Aston Villa,1,0,3,SCOTT PARKER,2019-02-28,2100-01-01,13,0,0,0
2020-10-04,2020/2021,Fulham,Wolves,0,0,1,SCOTT PARKER,2019-02-28,2100-01-01,14,0,0,0
2020-10-18,2020/2021,Fulham,Sheffield Utd,0,1,1,SCOTT PARKER,2019-02-28,2100-01-01,15,0,0,0
2020-10-24,2020/2021,Fulham,Crystal Palace,1,1,2,SCOTT PARKER,2019-02-28,2100-01-01,16,0,0,0
2020-11-02,2020/2021,Fulham,West Brom,1,2,0,SCOTT PARKER,2019-02-28,2100-01-01,17,0,0,0
2020-11-07,2020/2021,Fulham,West Ham,0,0,1,SCOTT PARKER,2019-02-28,2100-01-01,18,0,0,0
2020-11-22,2020/2021,Fulham,Everton,1,2,3,SCOTT PARKER,2019-02-28,2100-01-01,19,0,0,0
2020-11-30,2020/2021,Fulham,Leicester City,0,2,1,SCOTT PARKER,2019-02-28,2100-01-01,20,0,0,0
2020-12-05,2020/2021,Fulham,Manchester City,0,0,2,SCOTT PARKER,2019-02-28,2100-01-01,21,0,0,0
2020-12-13,2020/2021,Fulham,Liverpool,1,1,1,SCOTT PARKER,2019-02-28,2100-01-01,22,0,0,0
2020-12-16,2020/2021,Fulham,Brighton,1,0,0,SCOTT PARKER,2019-02-28,2100-01-01,23,0,0,0
2020-12-19,2020/2021,Fulham,Newcastle Utd,0,1,1,SCOTT PARKER,2019-02-28,2100-01-01,24,0,0,0
2020-12-26,2020/2021,Fulham,Southampton,1,0,0,SCOTT PARKER,2019-02-28,2100-01-01,25,0,0,0
2018-08-11,2018/2019,Fulham,Crystal Palace,1,0,2,SLAVISA JOKANOVIC,2015-12-27,2100-01-01,1,1,0,0
2018-08-18,2018/2019,Fulham,Tottenham,0,1,3,SLAVISA JOKANOVIC,2015-12-27,2100-01-01,2,1,0,0
2018-08-26,2018/2019,Fulham,Burnley,1,4,2,SLAVISA JOKANOVIC,2015-12-27,2100-01-01,3,1,0,0
2018-09-01,2018/2019,Fulham,Brighton,0,2,2,SLAVISA JOKANOVIC,2015-12-27,2100-01-01,4,0,1,0
2018-09-15,2018/2019,Fulham,Manchester City,0,0,3,SLAVISA JOKANOVIC,2015-12-27,2100-01-01,5,0,1,0
2018-09-22,2018/2019,Fulham,Watford,1,1,1,SLAVISA JOKANOVIC,2015-12-27,2100-01-01,6,0,1,0
2018-09-29,2018/2019,Fulham,Everton,0,0,3,SLAVISA JOKANOVIC,2015-12-27,2100-01-01,7,0,0,1
2018-10-07,2018/2019,Fulham,Arsenal,1,1,5,SLAVISA JOKANOVIC,2015-12-27,2100-01-01,8,0,0,1
2018-10-20,2018/2019,Fulham,Cardiff City,0,2,4,SLAVISA JOKANOVIC,2015-12-27,2100-01-01,9,0,0,1
2018-10-27,2018/2019,Fulham,Bournemouth,1,0,3,SLAVISA JOKANOVIC,2015-12-27,2100-01-01,10,0,0,1
2018-11-05,2018/2019,Fulham,Huddersfield,0,0,1,SLAVISA JOKANOVIC,2015-12-27,2100-01-01,11,0,0,0
2018-11-11,2018/2019,Fulham,Liverpool,0,0,2,SLAVISA JOKANOVIC,2015-12-27,2100-01-01,12,0,0,0
2017-08-12,2017/2018,Huddersfield,Crystal Palace,0,3,0,DAVID WAGNER,2015-09-11,2100-01-01,1,1,0,0
2017-08-20,2017/2018,Huddersfield,Newcastle Utd,1,1,0,DAVID WAGNER,2015-09-11,2100-01-01,2,1,0,0
2017-08-26,2017/2018,Huddersfield,Southampton,1,0,0,DAVID WAGNER,2015-09-11,2100-01-01,3,1,0,0
2017-09-11,2017/2018,Huddersfield,West Ham,0,0,2,DAVID WAGNER,2015-09-11,2100-01-01,4,0,1,0
2017-09-16,2017/2018,Huddersfield,Leicester City,1,1,1,DAVID WAGNER,2015-09-11,2100-01-01,5,0,1,0
2017-09-23,2017/2018,Huddersfield,Burnley,0,0,0,DAVID WAGNER,2015-09-11,2100-01-01,6,0,1,0
2017-09-30,2017/2018,Huddersfield,Tottenham,1,0,4,DAVID WAGNER,2015-09-11,2100-01-01,7,0,0,1
2017-10-14,2017/2018,Huddersfield,Swansea City,0,0,2,DAVID WAGNER,2015-09-11,2100-01-01,8,0,0,1
2017-10-21,2017/2018,Huddersfield,Manchester Utd,1,2,1,DAVID WAGNER,2015-09-11,2100-01-01,9,0,0,1
2017-10-28,2017/2018,Huddersfield,Liverpool,0,0,3,DAVID WAGNER,2015-09-11,2100-01-01,10,0,0,1
2017-11-04,2017/2018,Huddersfield,West Brom,1,1,0,DAVID WAGNER,2015-09-11,2100-01-01,11,0,0,0
2017-11-18,2017/2018,Huddersfield,Bournemouth,0,0,4,DAVID WAGNER,2015-09-11,2100-01-01,12,0,0,0
2017-11-26,2017/2018,Huddersfield,Manchester City,1,1,2,DAVID WAGNER,2015-09-11,2100-01-01,13,0,0,0
2017-11-29,2017/2018,Huddersfield,Arsenal,0,0,5,DAVID WAGNER,2015-09-11,2100-01-01,14,0,0,0
2017-12-02,2017/2018,Huddersfield,Everton,0,0,2,DAVID WAGNER,2015-09-11,2100-01-01,15,0,0,0
2017-12-09,2017/2018,Huddersfield,Brighton,1,2,0,DAVID WAGNER,2015-09-11,2100-01-01,16,0,0,0
2017-12-12,2017/2018,Huddersfield,Chelsea,1,1,3,DAVID WAGNER,2015-09-11,2100-01-01,17,0,0,0
2017-12-16,2017/2018,Huddersfield,Watford,0,4,1,DAVID WAGNER,2015-09-11,2100-01-01,18,0,0,0
2017-12-23,2017/2018,Huddersfield,Southampton,0,1,1,DAVID WAGNER,2015-09-11,2100-01-01,19,0,0,0
2017-12-26,2017/2018,Huddersfield,Stoke City,1,1,1,DAVID WAGNER,2015-09-11,2100-01-01,20,0,0,0
2017-12-30,2017/2018,Huddersfield,Burnley,1,0,0,DAVID WAGNER,2015-09-11,2100-01-01,21,0,0,0
2018-01-01,2017/2018,Huddersfield,Leicester City,0,0,3,DAVID WAGNER,2015-09-11,2100-01-01,22,0,0,0
2018-01-13,2017/2018,Huddersfield,West Ham,1,1,4,DAVID WAGNER,2015-09-11,2100-01-01,23,0,0,0
2018-01-20,2017/2018,Huddersfield,Stoke City,0,0,2,DAVID WAGNER,2015-09-11,2100-01-01,24,0,0,0
2018-01-30,2017/2018,Huddersfield,Liverpool,1,0,3,DAVID WAGNER,2015-09-11,2100-01-01,25,0,0,0
2018-02-03,2017/2018,Huddersfield,Manchester Utd,0,0,2,DAVID WAGNER,2015-09-11,2100-01-01,26,0,0,0
2018-02-11,2017/2018,Huddersfield,Bournemouth,1,4,1,DAVID WAGNER,2015-09-11,2100-01-01,27,0,0,0
2018-02-24,2017/2018,Huddersfield,West Brom,0,2,1,DAVID WAGNER,2015-09-11,2100-01-01,28,0,0,0
2018-03-03,2017/2018,Huddersfield,Tottenham,0,0,2,DAVID WAGNER,2015-09-11,2100-01-01,29,0,0,0
2018-03-10,2017/2018,Huddersfield,Swansea City,1,0,0,DAVID WAGNER,2015-09-11,2100-01-01,30,0,0,0
2018-03-17,2017/2018,Huddersfield,Crystal Palace,1,0,2,DAVID WAGNER,2015-09-11,2100-01-01,31,0,0,0
2018-03-31,2017/2018,Huddersfield,Newcastle Utd,0,0,1,DAVID WAGNER,2015-09-11,2100-01-01,32,0,0,0
2018-04-07,2017/2018,Huddersfield,Brighton,0,1,1,DAVID WAGNER,2015-09-11,2100-01-01,33,0,0,0
2018-04-14,2017/2018,Huddersfield,Watford,1,1,0,DAVID WAGNER,2015-09-11,2100-01-01,34,0,0,0
2018-04-28,2017/2018,Huddersfield,Everton,1,0,2,DAVID WAGNER,2015-09-11,2100-01-01,35,0,0,0
2018-05-06,2017/2018,Huddersfield,Manchester City,0,0,0,DAVID WAGNER,2015-09-11,2100-01-01,36,0,0,0
2018-05-09,2017/2018,Huddersfield,Chelsea,0,1,1,DAVID WAGNER,2015-09-11,2100-01-01,37,0,0,0
2018-05-13,2017/2018,Huddersfield,Arsenal,1,0,1,DAVID WAGNER,2015-09-11,2100-01-01,38,0,0,0
2018-08-11,2018/2019,Huddersfield,Chelsea,1,0,3,DAVID WAGNER,2015-09-11,2100-01-01,39,0,0,0
2018-08-19,2018/2019,Huddersfield,Manchester City,0,1,6,DAVID WAGNER,2015-09-11,2100-01-01,40,0,0,0
2018-08-25,2018/2019,Huddersfield,Cardiff City,1,0,0,DAVID WAGNER,2015-09-11,2100-01-01,41,0,0,0
2018-09-01,2018/2019,Huddersfield,Everton,0,1,1,DAVID WAGNER,2015-09-11,2100-01-01,42,0,0,0
2018-09-15,2018/2019,Huddersfield,Crystal Palace,1,0,1,DAVID WAGNER,2015-09-11,2100-01-01,43,0,0,0
2018-09-22,2018/2019,Huddersfield,Leicester City,0,1,3,DAVID WAGNER,2015-09-11,2100-01-01,44,0,0,0
2018-09-29,2018/2019,Huddersfield,Tottenham,1,0,2,DAVID WAGNER,2015-09-11,2100-01-01,45,0,0,0
2018-10-06,2018/2019,Huddersfield,Burnley,0,1,1,DAVID WAGNER,2015-09-11,2100-01-01,46,0,0,0
2018-10-20,2018/2019,Huddersfield,Liverpool,1,0,1,DAVID WAGNER,2015-09-11,2100-01-01,47,0,0,0
2018-10-27,2018/2019,Huddersfield,Watford,0,0,3,DAVID WAGNER,2015-09-11,2100-01-01,48,0,0,0
2018-11-05,2018/2019,Huddersfield,Fulham,1,1,0,DAVID WAGNER,2015-09-11,2100-01-01,49,0,0,0
2018-11-10,2018/2019,Huddersfield,West Ham,1,1,1,DAVID WAGNER,2015-09-11,2100-01-01,50,0,0,0
2018-11-25,2018/2019,Huddersfield,Wolves,0,2,0,DAVID WAGNER,2015-09-11,2100-01-01,51,0,0,0
2018-12-01,2018/2019,Huddersfield,Brighton,1,1,2,DAVID WAGNER,2015-09-11,2100-01-01,52,0,0,0
2018-12-04,2018/2019,Huddersfield,Bournemouth,0,1,2,DAVID WAGNER,2015-09-11,2100-01-01,53,0,0,0
2018-12-08,2018/2019,Huddersfield,Arsenal,0,0,1,DAVID WAGNER,2015-09-11,2100-01-01,54,0,0,0
2018-12-15,2018/2019,Huddersfield,Newcastle Utd,1,0,1,DAVID WAGNER,2015-09-11,2100-01-01,55,0,0,0
2018-12-22,2018/2019,Huddersfield,Southampton,1,1,3,DAVID WAGNER,2015-09-11,2100-01-01,56,0,0,0
2018-12-26,2018/2019,Huddersfield,Manchester Utd,0,1,3,DAVID WAGNER,2015-09-11,2100-01-01,57,0,0,0
2018-12-29,2018/2019,Huddersfield,Fulham,0,0,1,DAVID WAGNER,2015-09-11,2100-01-01,58,0,0,0
2019-01-02,2018/2019,Huddersfield,Burnley,1,1,2,DAVID WAGNER,2015-09-11,2100-01-01,59,0,0,0
2019-01-12,2018/2019,Huddersfield,Cardiff City,0,0,0,DAVID WAGNER,2015-09-11,2100-01-01,60,0,0,0
2019-01-29,2018/2019,Huddersfield,Everton,1,0,1,JAN SIEWERT,2019-01-21,2100-01-01,1,1,0,0
2019-02-02,2018/2019,Huddersfield,Chelsea,0,0,5,JAN SIEWERT,2019-01-21,2100-01-01,2,1,0,0
2019-02-09,2018/2019,Huddersfield,Arsenal,1,1,2,JAN SIEWERT,2019-01-21,2100-01-01,3,1,0,0
2019-02-23,2018/2019,Huddersfield,Newcastle Utd,0,0,2,JAN SIEWERT,2019-01-21,2100-01-01,4,0,1,0
2019-02-26,2018/2019,Huddersfield,Wolves,1,1,0,JAN SIEWERT,2019-01-21,2100-01-01,5,0,1,0
2019-03-02,2018/2019,Huddersfield,Brighton,0,0,1,JAN SIEWERT,2019-01-21,2100-01-01,6,0,1,0
2019-03-09,2018/2019,Huddersfield,Bournemouth,1,0,2,JAN SIEWERT,2019-01-21,2100-01-01,7,0,0,1
2019-03-16,2018/2019,Huddersfield,West Ham,0,3,4,JAN SIEWERT,2019-01-21,2100-01-01,8,0,0,1
2019-03-30,2018/2019,Huddersfield,Crystal Palace,0,0,2,JAN SIEWERT,2019-01-21,2100-01-01,9,0,0,1
2019-04-06,2018/2019,Huddersfield,Leicester City,1,1,4,JAN SIEWERT,2019-01-21,2100-01-01,10,0,0,1
2019-04-13,2018/2019,Huddersfield,Tottenham,0,0,4,JAN SIEWERT,2019-01-21,2100-01-01,11,0,0,0
2019-04-20,2018/2019,Huddersfield,Watford,1,1,2,JAN SIEWERT,2019-01-21,2100-01-01,12,0,0,0
2019-04-26,2018/2019,Huddersfield,Liverpool,0,0,5,JAN SIEWERT,2019-01-21,2100-01-01,13,0,0,0
2019-05-05,2018/2019,Huddersfield,Manchester Utd,1,1,1,JAN SIEWERT,2019-01-21,2100-01-01,14,0,0,0
2019-05-12,2018/2019,Huddersfield,Southampton,0,1,1,JAN SIEWERT,2019-01-21,2100-01-01,15,0,0,0
2019-01-20,2018/2019,Huddersfield,Manchester City,1,0,3,MARK HUDSON,2019-01-14,2100-01-01,1,1,0,0
2017-01-14,2016/2017,Hull City,Bournemouth,1,3,1,LEONID SLUTSKIY,2017-01-07,2017-03-12,1,1,0,0
2017-01-22,2016/2017,Hull City,Chelsea,0,0,2,LEONID SLUTSKIY,2017-01-07,2017-03-12,2,1,0,0
2017-02-01,2016/2017,Hull City,Manchester Utd,0,0,0,LEONID SLUTSKIY,2017-01-07,2017-03-12,3,1,0,0
2017-02-04,2016/2017,Hull City,Liverpool,1,2,0,LEONID SLUTSKIY,2017-01-07,2017-03-12,4,0,1,0
2017-02-11,2016/2017,Hull City,Arsenal,0,0,2,LEONID SLUTSKIY,2017-01-07,2017-03-12,5,0,1,0
2017-02-25,2016/2017,Hull City,Burnley,1,1,1,LEONID SLUTSKIY,2017-01-07,2017-03-12,6,0,1,0
2017-03-04,2016/2017,Hull City,Leicester City,0,1,3,LEONID SLUTSKIY,2017-01-07,2017-03-12,7,0,0,1
2017-03-11,2016/2017,Hull City,Swansea City,1,2,1,LEONID SLUTSKIY,2017-01-07,2017-03-12,8,0,0,1
2017-05-06,2016/2017,Hull City,Sunderland,1,0,2,MARCO SILVA,2017-05-01,2100-01-01,1,1,0,0
2017-05-14,2016/2017,Hull City,Crystal Palace,0,0,4,MARCO SILVA,2017-05-01,2100-01-01,2,1,0,0
2017-05-21,2016/2017,Hull City,Tottenham,1,1,7,MARCO SILVA,2017-05-01,2100-01-01,3,1,0,0
2016-08-13,2016/2017,Hull City,Leicester City,1,2,1,MIKE PHELAN,2016-07-23,2017-03-01,1,1,0,0
2016-08-20,2016/2017,Hull City,Swansea City,0,2,0,MIKE PHELAN,2016-07-23,2017-03-01,2,1,0,0
2016-08-27,2016/2017,Hull City,Manchester Utd,1,0,1,MIKE PHELAN,2016-07-23,2017-03-01,3,1,0,0
2016-09-10,2016/2017,Hull City,Burnley,0,1,1,MIKE PHELAN,2016-07-23,2017-03-01,4,0,1,0
2016-09-17,2016/2017,Hull City,Arsenal,1,1,4,MIKE PHELAN,2016-07-23,2017-03-01,5,0,1,0
2016-09-24,2016/2017,Hull City,Liverpool,0,1,5,MIKE PHELAN,2016-07-23,2017-03-01,6,0,1,0
2016-10-01,2016/2017,Hull City,Chelsea,1,0,2,MIKE PHELAN,2016-07-23,2017-03-01,7,0,0,1
2016-10-15,2016/2017,Hull City,Bournemouth,0,1,6,MIKE PHELAN,2016-07-23,2017-03-01,8,0,0,1
2016-10-22,2016/2017,Hull City,Stoke City,1,0,2,MIKE PHELAN,2016-07-23,2017-03-01,9,0,0,1
2016-10-29,2016/2017,Hull City,Watford,0,0,1,MIKE PHELAN,2016-07-23,2017-03-01,10,0,0,1
2016-11-06,2016/2017,Hull City,Southampton,1,2,1,MIKE PHELAN,2016-07-23,2017-03-01,11,0,0,0
2016-11-19,2016/2017,Hull City,Sunderland,0,0,3,MIKE PHELAN,2016-07-23,2017-03-01,12,0,0,0
2016-11-26,2016/2017,Hull City,West Brom,1,1,1,MIKE PHELAN,2016-07-23,2017-03-01,13,0,0,0
2016-12-05,2016/2017,Hull City,Middlesbrough,0,0,1,MIKE PHELAN,2016-07-23,2017-03-01,14,0,0,0
2016-12-10,2016/2017,Hull City,Crystal Palace,1,3,3,MIKE PHELAN,2016-07-23,2017-03-01,15,0,0,0
2016-12-14,2016/2017,Hull City,Tottenham,0,0,3,MIKE PHELAN,2016-07-23,2017-03-01,16,0,0,0
2016-12-17,2016/2017,Hull City,West Ham,0,0,1,MIKE PHELAN,2016-07-23,2017-03-01,17,0,0,0
2016-12-26,2016/2017,Hull City,Manchester City,1,0,3,MIKE PHELAN,2016-07-23,2017-03-01,18,0,0,0
2016-12-30,2016/2017,Hull City,Everton,1,2,2,MIKE PHELAN,2016-07-23,2017-03-01,19,0,0,0
2017-01-02,2016/2017,Hull City,West Brom,0,1,3,MIKE PHELAN,2016-07-23,2017-03-01,20,0,0,0
2014-08-16,2014/2015,Hull City,QPR,0,1,0,STEVE BRUCE,2012-01-07,2100-01-01,101,0,0,0
2014-08-24,2014/2015,Hull City,Stoke City,1,1,1,STEVE BRUCE,2012-01-07,2100-01-01,102,0,0,0
2014-08-31,2014/2015,Hull City,Aston Villa,0,1,2,STEVE BRUCE,2012-01-07,2100-01-01,103,0,0,0
2014-09-15,2014/2015,Hull City,West Ham,1,2,2,STEVE BRUCE,2012-01-07,2100-01-01,104,0,0,0
2014-09-20,2014/2015,Hull City,Newcastle Utd,0,2,2,STEVE BRUCE,2012-01-07,2100-01-01,105,0,0,0
2014-09-27,2014/2015,Hull City,Manchester City,1,2,4,STEVE BRUCE,2012-01-07,2100-01-01,106,0,0,0
2014-10-04,2014/2015,Hull City,Crystal Palace,1,2,0,STEVE BRUCE,2012-01-07,2100-01-01,107,0,0,0
2014-10-18,2014/2015,Hull City,Arsenal,0,2,2,STEVE BRUCE,2012-01-07,2100-01-01,108,0,0,0
2014-10-25,2014/2015,Hull City,Liverpool,0,0,0,STEVE BRUCE,2012-01-07,2100-01-01,109,0,0,0
2014-11-01,2014/2015,Hull City,Southampton,1,0,1,STEVE BRUCE,2012-01-07,2100-01-01,110,0,0,0
2014-11-08,2014/2015,Hull City,Burnley,0,0,1,STEVE BRUCE,2012-01-07,2100-01-01,111,0,0,0
2014-11-23,2014/2015,Hull City,Tottenham,1,1,2,STEVE BRUCE,2012-01-07,2100-01-01,112,0,0,0
2014-11-29,2014/2015,Hull City,Manchester Utd,0,0,3,STEVE BRUCE,2012-01-07,2100-01-01,113,0,0,0
2014-12-03,2014/2015,Hull City,Everton,0,1,1,STEVE BRUCE,2012-01-07,2100-01-01,114,0,0,0
2014-12-06,2014/2015,Hull City,West Brom,1,0,0,STEVE BRUCE,2012-01-07,2100-01-01,115,0,0,0
2014-12-13,2014/2015,Hull City,Chelsea,0,0,2,STEVE BRUCE,2012-01-07,2100-01-01,116,0,0,0
2014-12-20,2014/2015,Hull City,Swansea City,1,0,1,STEVE BRUCE,2012-01-07,2100-01-01,117,0,0,0
2014-12-26,2014/2015,Hull City,Sunderland,0,3,1,STEVE BRUCE,2012-01-07,2100-01-01,118,0,0,0
2014-12-28,2014/2015,Hull City,Leicester City,1,0,1,STEVE BRUCE,2012-01-07,2100-01-01,119,0,0,0
2015-01-01,2014/2015,Hull City,Everton,1,2,0,STEVE BRUCE,2012-01-07,2100-01-01,120,0,0,0
2015-01-10,2014/2015,Hull City,West Brom,0,0,1,STEVE BRUCE,2012-01-07,2100-01-01,121,0,0,0
2015-01-18,2014/2015,Hull City,West Ham,0,0,3,STEVE BRUCE,2012-01-07,2100-01-01,122,0,0,0
2015-01-31,2014/2015,Hull City,Newcastle Utd,1,0,3,STEVE BRUCE,2012-01-07,2100-01-01,123,0,0,0
2015-02-07,2014/2015,Hull City,Manchester City,0,1,1,STEVE BRUCE,2012-01-07,2100-01-01,124,0,0,0
2015-02-10,2014/2015,Hull City,Aston Villa,1,2,0,STEVE BRUCE,2012-01-07,2100-01-01,125,0,0,0
2015-02-21,2014/2015,Hull City,QPR,1,2,1,STEVE BRUCE,2012-01-07,2100-01-01,126,0,0,0
2015-02-28,2014/2015,Hull City,Stoke City,0,0,1,STEVE BRUCE,2012-01-07,2100-01-01,127,0,0,0
2015-03-03,2014/2015,Hull City,Sunderland,1,1,1,STEVE BRUCE,2012-01-07,2100-01-01,128,0,0,0
2015-03-14,2014/2015,Hull City,Leicester City,0,0,0,STEVE BRUCE,2012-01-07,2100-01-01,129,0,0,0
2015-03-22,2014/2015,Hull City,Chelsea,1,2,3,STEVE BRUCE,2012-01-07,2100-01-01,130,0,0,0
2015-04-04,2014/2015,Hull City,Swansea City,0,1,3,STEVE BRUCE,2012-01-07,2100-01-01,131,0,0,0
2015-04-11,2014/2015,Hull City,Southampton,0,0,2,STEVE BRUCE,2012-01-07,2100-01-01,132,0,0,0
2015-04-25,2014/2015,Hull City,Crystal Palace,0,2,0,STEVE BRUCE,2012-01-07,2100-01-01,133,0,0,0
2015-04-28,2014/2015,Hull City,Liverpool,1,1,0,STEVE BRUCE,2012-01-07,2100-01-01,134,0,0,0
2015-05-04,2014/2015,Hull City,Arsenal,1,1,3,STEVE BRUCE,2012-01-07,2100-01-01,135,0,0,0
2015-05-09,2014/2015,Hull City,Burnley,1,0,1,STEVE BRUCE,2012-01-07,2100-01-01,136,0,0,0
2015-05-16,2014/2015,Hull City,Tottenham,0,0,2,STEVE BRUCE,2012-01-07,2100-01-01,137,0,0,0
2015-05-24,2014/2015,Hull City,Manchester Utd,1,0,0,STEVE BRUCE,2012-01-07,2100-01-01,138,0,0,0
2017-03-18,2016/2017,Hull City,Everton,0,0,4,STEVE BRUCE,2012-01-07,2100-01-01,139,0,0,0
2017-04-01,2016/2017,Hull City,West Ham,1,2,1,STEVE BRUCE,2012-01-07,2100-01-01,140,0,0,0
2017-04-05,2016/2017,Hull City,Middlesbrough,1,4,2,STEVE BRUCE,2012-01-07,2100-01-01,141,0,0,0
2017-04-08,2016/2017,Hull City,Manchester City,0,1,3,STEVE BRUCE,2012-01-07,2100-01-01,142,0,0,0
2017-04-15,2016/2017,Hull City,Stoke City,0,1,3,STEVE BRUCE,2012-01-07,2100-01-01,143,0,0,0
2017-04-22,2016/2017,Hull City,Watford,1,2,0,STEVE BRUCE,2012-01-07,2100-01-01,144,0,0,0
2017-04-29,2016/2017,Hull City,Southampton,0,0,0,STEVE BRUCE,2012-01-07,2100-01-01,145,0,0,0
2023-02-05,2022/2023,Leeds United,Nott'ham Forest,0,0,1,JAVI GRACIA,2023-02-05,2023-02-24,1,1,0,0
2023-02-08,2022/2023,Leeds United,Manchester Utd,0,2,2,JAVI GRACIA,2023-02-05,2023-02-24,2,1,0,0
2023-02-12,2022/2023,Leeds United,Manchester Utd,1,0,2,JAVI GRACIA,2023-02-05,2023-02-24,3,1,0,0
2023-02-18,2022/2023,Leeds United,Everton,0,0,1,JAVI GRACIA,2023-02-05,2023-02-24,4,0,1,0
2022-03-05,2021/2022,Leeds United,Leicester City,0,0,1,JESSE MARSCH,2022-02-28,2023-06-02,1,1,0,0
2022-03-10,2021/2022,Leeds United,Aston Villa,1,0,3,JESSE MARSCH,2022-02-28,2023-06-02,2,1,0,0
2022-03-13,2021/2022,Leeds United,Norwich City,1,2,1,JESSE MARSCH,2022-02-28,2023-06-02,3,1,0,0
2022-03-18,2021/2022,Leeds United,Wolves,0,3,2,JESSE MARSCH,2022-02-28,2023-06-02,4,0,1,0
2022-04-02,2021/2022,Leeds United,Southampton,1,1,1,JESSE MARSCH,2022-02-28,2023-06-02,5,0,1,0
2022-04-09,2021/2022,Leeds United,Watford,0,3,0,JESSE MARSCH,2022-02-28,2023-06-02,6,0,1,0
2022-04-25,2021/2022,Leeds United,Crystal Palace,0,0,0,JESSE MARSCH,2022-02-28,2023-06-02,7,0,0,1
2022-04-30,2021/2022,Leeds United,Manchester City,1,0,4,JESSE MARSCH,2022-02-28,2023-06-02,8,0,0,1
2022-05-08,2021/2022,Leeds United,Arsenal,0,1,2,JESSE MARSCH,2022-02-28,2023-06-02,9,0,0,1
2022-05-11,2021/2022,Leeds United,Chelsea,1,0,3,JESSE MARSCH,2022-02-28,2023-06-02,10,0,0,1
2022-05-15,2021/2022,Leeds United,Brighton,1,1,1,JESSE MARSCH,2022-02-28,2023-06-02,11,0,0,0
2022-05-22,2021/2022,Leeds United,Brentford,0,2,1,JESSE MARSCH,2022-02-28,2023-06-02,12,0,0,0
2022-08-06,2022/2023,Leeds United,Wolves,1,2,1,JESSE MARSCH,2022-02-28,2023-06-02,13,0,0,0
2022-08-13,2022/2023,Leeds United,Southampton,0,2,2,JESSE MARSCH,2022-02-28,2023-06-02,14,0,0,0
2022-08-21,2022/2023,Leeds United,Chelsea,1,3,0,JESSE MARSCH,2022-02-28,2023-06-02,15,0,0,0
2022-08-27,2022/2023,Leeds United,Brighton,0,0,1,JESSE MARSCH,2022-02-28,2023-06-02,16,0,0,0
2022-08-30,2022/2023,Leeds United,Everton,1,1,1,JESSE MARSCH,2022-02-28,2023-06-02,17,0,0,0
2022-09-03,2022/2023,Leeds United,Brentford,0,2,5,JESSE MARSCH,2022-02-28,2023-06-02,18,0,0,0
2022-10-02,2022/2023,Leeds United,Aston Villa,1,0,0,JESSE MARSCH,2022-02-28,2023-06-02,19,0,0,0
2022-10-09,2022/2023,Leeds United,Crystal Palace,0,1,2,JESSE MARSCH,2022-02-28,2023-06-02,20,0,0,0
2022-10-16,2022/2023,Leeds United,Arsenal,1,0,1,JESSE MARSCH,2022-02-28,2023-06-02,21,0,0,0
2022-10-20,2022/2023,Leeds United,Leicester City,0,0,2,JESSE MARSCH,2022-02-28,2023-06-02,22,0,0,0
2022-10-23,2022/2023,Leeds United,Fulham,1,2,3,JESSE MARSCH,2022-02-28,2023-06-02,23,0,0,0
2022-10-29,2022/2023,Leeds United,Liverpool,0,2,1,JESSE MARSCH,2022-02-28,2023-06-02,24,0,0,0
2022-11-05,2022/2023,Leeds United,Bournemouth,1,4,3,JESSE MARSCH,2022-02-28,2023-06-02,25,0,0,0
2022-11-12,2022/2023,Leeds United,Tottenham,0,3,4,JESSE MARSCH,2022-02-28,2023-06-02,26,0,0,0
2022-12-28,2022/2023,Leeds United,Manchester City,1,1,3,JESSE MARSCH,2022-02-28,2023-06-02,27,0,0,0
2022-12-31,2022/2023,Leeds United,Newcastle Utd,0,0,0,JESSE MARSCH,2022-02-28,2023-06-02,28,0,0,0
2023-01-04,2022/2023,Leeds United,West Ham,1,2,2,JESSE MARSCH,2022-02-28,2023-06-02,29,0,0,0
2023-01-13,2022/2023,Leeds United,Aston Villa,0,1,2,JESSE MARSCH,2022-02-28,2023-06-02,30,0,0,0
2023-01-22,2022/2023,Leeds United,Brentford,1,0,0,JESSE MARSCH,2022-02-28,2023-06-02,31,0,0,0
2023-02-25,2022/2023,Leeds United,Southampton,1,1,0,JESSE MARSCH,2022-02-28,2023-06-02,32,0,0,0
2023-03-04,2022/2023,Leeds United,Chelsea,0,0,1,JESSE MARSCH,2022-02-28,2023-06-02,33,0,0,0
2020-09-12,2020/2021,Leeds United,Liverpool,0,3,4,MARCELO BIELSA,2018-01-07,2100-01-01,1,1,0,0
2020-09-19,2020/2021,Leeds United,Fulham,1,4,3,MARCELO BIELSA,2018-01-07,2100-01-01,2,1,0,0
2020-09-27,2020/2021,Leeds United,Sheffield Utd,0,1,0,MARCELO BIELSA,2018-01-07,2100-01-01,3,1,0,0
2020-10-03,2020/2021,Leeds United,Manchester City,1,1,1,MARCELO BIELSA,2018-01-07,2100-01-01,4,0,1,0
2020-10-19,2020/2021,Leeds United,Wolves,1,0,1,MARCELO BIELSA,2018-01-07,2100-01-01,5,0,1,0
2020-10-23,2020/2021,Leeds United,Aston Villa,0,3,0,MARCELO BIELSA,2018-01-07,2100-01-01,6,0,1,0
2020-11-02,2020/2021,Leeds United,Leicester City,1,1,4,MARCELO BIELSA,2018-01-07,2100-01-01,7,0,0,1
2020-11-07,2020/2021,Leeds United,Crystal Palace,0,1,4,MARCELO BIELSA,2018-01-07,2100-01-01,8,0,0,1
2020-11-22,2020/2021,Leeds United,Arsenal,1,0,0,MARCELO BIELSA,2018-01-07,2100-01-01,9,0,0,1
2020-11-28,2020/2021,Leeds United,Everton,0,1,0,MARCELO BIELSA,2018-01-07,2100-01-01,10,0,0,1
2020-12-05,2020/2021,Leeds United,Chelsea,0,1,3,MARCELO BIELSA,2018-01-07,2100-01-01,11,0,0,0
2020-12-11,2020/2021,Leeds United,West Ham,1,1,2,MARCELO BIELSA,2018-01-07,2100-01-01,12,0,0,0
2020-12-16,2020/2021,Leeds United,Newcastle Utd,1,5,2,MARCELO BIELSA,2018-01-07,2100-01-01,13,0,0,0
2020-12-20,2020/2021,Leeds United,Manchester Utd,0,2,6,MARCELO BIELSA,2018-01-07,2100-01-01,14,0,0,0
2020-12-27,2020/2021,Leeds United,Burnley,1,1,0,MARCELO BIELSA,2018-01-07,2100-01-01,15,0,0,0
2020-12-29,2020/2021,Leeds United,West Brom,0,5,0,MARCELO BIELSA,2018-01-07,2100-01-01,16,0,0,0
2021-01-02,2020/2021,Leeds United,Tottenham,0,0,3,MARCELO BIELSA,2018-01-07,2100-01-01,17,0,0,0
2021-01-16,2020/2021,Leeds United,Brighton,1,0,1,MARCELO BIELSA,2018-01-07,2100-01-01,18,0,0,0
2021-01-26,2020/2021,Leeds United,Newcastle Utd,0,2,1,MARCELO BIELSA,2018-01-07,2100-01-01,19,0,0,0
2021-01-31,2020/2021,Leeds United,Leicester City,0,3,1,MARCELO BIELSA,2018-01-07,2100-01-01,20,0,0,0
2021-02-03,2020/2021,Leeds United,Everton,1,1,2,MARCELO BIELSA,2018-01-07,2100-01-01,21,0,0,0
2021-02-08,2020/2021,Leeds United,Crystal Palace,1,2,0,MARCELO BIELSA,2018-01-07,2100-01-01,22,0,0,0
2021-02-14,2020/2021,Leeds United,Arsenal,0,2,4,MARCELO BIELSA,2018-01-07,2100-01-01,23,0,0,0
2021-02-19,2020/2021,Leeds United,Wolves,0,0,1,MARCELO BIELSA,2018-01-07,2100-01-01,24,0,0,0
2021-02-23,2020/2021,Leeds United,Southampton,1,3,0,MARCELO BIELSA,2018-01-07,2100-01-01,25,0,0,0
2021-02-27,2020/2021,Leeds United,Aston Villa,1,0,1,MARCELO BIELSA,2018-01-07,2100-01-01,26,0,0,0
2021-03-08,2020/2021,Leeds United,West Ham,0,0,2,MARCELO BIELSA,2018-01-07,2100-01-01,27,0,0,0
2021-03-13,2020/2021,Leeds United,Chelsea,1,0,0,MARCELO BIELSA,2018-01-07,2100-01-01,28,0,0,0
2021-03-19,2020/2021,Leeds United,Fulham,0,2,1,MARCELO BIELSA,2018-01-07,2100-01-01,29,0,0,0
2021-04-03,2020/2021,Leeds United,Sheffield Utd,1,2,1,MARCELO BIELSA,2018-01-07,2100-01-01,30,0,0,0
2021-04-10,2020/2021,Leeds United,Manchester City,0,2,1,MARCELO BIELSA,2018-01-07,2100-01-01,31,0,0,0
2021-04-19,2020/2021,Leeds United,Liverpool,1,1,1,MARCELO BIELSA,2018-01-07,2100-01-01,32,0,0,0
2021-04-25,2020/2021,Leeds United,Manchester Utd,1,0,0,MARCELO BIELSA,2018-01-07,2100-01-01,33,0,0,0
2021-05-01,2020/2021,Leeds United,Brighton,0,0,2,MARCELO BIELSA,2018-01-07,2100-01-01,34,0,0,0
2021-05-08,2020/2021,Leeds United,Tottenham,1,3,1,MARCELO BIELSA,2018-01-07,2100-01-01,35,0,0,0
2021-05-15,2020/2021,Leeds United,Burnley,0,4,0,MARCELO BIELSA,2018-01-07,2100-01-01,36,0,0,0
2021-05-18,2020/2021,Leeds United,Southampton,0,2,0,MARCELO BIELSA,2018-01-07,2100-01-01,37,0,0,0
2021-05-23,2020/2021,Leeds United,West Brom,1,3,1,MARCELO BIELSA,2018-01-07,2100-01-01,38,0,0,0
2021-08-14,2021/2022,Leeds United,Manchester Utd,0,1,5,MARCELO BIELSA,2018-01-07,2100-01-01,39,0,0,0
2021-08-21,2021/2022,Leeds United,Everton,1,2,2,MARCELO BIELSA,2018-01-07,2100-01-01,40,0,0,0
2021-08-29,2021/2022,Leeds United,Burnley,0,1,1,MARCELO BIELSA,2018-01-07,2100-01-01,41,0,0,0
2021-09-12,2021/2022,Leeds United,Liverpool,1,0,3,MARCELO BIELSA,2018-01-07,2100-01-01,42,0,0,0
2021-09-17,2021/2022,Leeds United,Newcastle Utd,0,1,1,MARCELO BIELSA,2018-01-07,2100-01-01,43,0,0,0
2021-09-25,2021/2022,Leeds United,West Ham,1,1,2,MARCELO BIELSA,2018-01-07,2100-01-01,44,0,0,0
2021-10-02,2021/2022,Leeds United,Watford,1,1,0,MARCELO BIELSA,2018-01-07,2100-01-01,45,0,0,0
2021-10-16,2021/2022,Leeds United,Southampton,0,0,1,MARCELO BIELSA,2018-01-07,2100-01-01,46,0,0,0
2021-10-23,2021/2022,Leeds United,Wolves,1,1,1,MARCELO BIELSA,2018-01-07,2100-01-01,47,0,0,0
2021-10-31,2021/2022,Leeds United,Norwich City,0,2,1,MARCELO BIELSA,2018-01-07,2100-01-01,48,0,0,0
2021-11-07,2021/2022,Leeds United,Leicester City,1,1,1,MARCELO BIELSA,2018-01-07,2100-01-01,49,0,0,0
2021-11-21,2021/2022,Leeds United,Tottenham,0,1,2,MARCELO BIELSA,2018-01-07,2100-01-01,50,0,0,0
2021-11-27,2021/2022,Leeds United,Brighton,0,0,0,MARCELO BIELSA,2018-01-07,2100-01-01,51,0,0,0
2021-11-30,2021/2022,Leeds United,Crystal Palace,1,1,0,MARCELO BIELSA,2018-01-07,2100-01-01,52,0,0,0
2021-12-05,2021/2022,Leeds United,Brentford,1,2,2,MARCELO BIELSA,2018-01-07,2100-01-01,53,0,0,0
2021-12-11,2021/2022,Leeds United,Chelsea,0,2,3,MARCELO BIELSA,2018-01-07,2100-01-01,54,0,0,0
2021-12-14,2021/2022,Leeds United,Manchester City,0,0,7,MARCELO BIELSA,2018-01-07,2100-01-01,55,0,0,0
2021-12-18,2021/2022,Leeds United,Arsenal,1,1,4,MARCELO BIELSA,2018-01-07,2100-01-01,56,0,0,0
2022-01-02,2021/2022,Leeds United,Burnley,1,3,1,MARCELO BIELSA,2018-01-07,2100-01-01,57,0,0,0
2022-01-16,2021/2022,Leeds United,West Ham,0,3,2,MARCELO BIELSA,2018-01-07,2100-01-01,58,0,0,0
2022-01-22,2021/2022,Leeds United,Newcastle Utd,1,0,1,MARCELO BIELSA,2018-01-07,2100-01-01,59,0,0,0
2022-02-09,2021/2022,Leeds United,Aston Villa,0,3,3,MARCELO BIELSA,2018-01-07,2100-01-01,60,0,0,0
2022-02-12,2021/2022,Leeds United,Everton,0,0,3,MARCELO BIELSA,2018-01-07,2100-01-01,61,0,0,0
2022-02-20,2021/2022,Leeds United,Manchester Utd,1,2,4,MARCELO BIELSA,2018-01-07,2100-01-01,62,0,0,0
2022-02-23,2021/2022,Leeds United,Liverpool,0,0,6,MARCELO BIELSA,2018-01-07,2100-01-01,63,0,0,0
2022-02-26,2021/2022,Leeds United,Tottenham,1,0,4,MARCELO BIELSA,2018-01-07,2100-01-01,64,0,0,0
2023-03-11,2022/2023,Leeds United,Brighton,1,2,2,SAM ALLARDYCE,2023-03-05,2100-01-01,1,1,0,0
2023-03-18,2022/2023,Leeds United,Wolves,0,4,2,SAM ALLARDYCE,2023-03-05,2100-01-01,2,1,0,0
2023-04-01,2022/2023,Leeds United,Arsenal,0,1,4,SAM ALLARDYCE,2023-03-05,2100-01-01,3,1,0,0
2023-04-04,2022/2023,Leeds United,Nott'ham Forest,1,2,1,SAM ALLARDYCE,2023-03-05,2100-01-01,4,0,1,0
2023-04-09,2022/2023,Leeds United,Crystal Palace,1,1,5,SAM ALLARDYCE,2023-03-05,2100-01-01,5,0,1,0
2023-04-17,2022/2023,Leeds United,Liverpool,1,1,6,SAM ALLARDYCE,2023-03-05,2100-01-01,6,0,1,0
2023-04-22,2022/2023,Leeds United,Fulham,0,1,2,SAM ALLARDYCE,2023-03-05,2100-01-01,7,0,0,1
2023-04-25,2022/2023,Leeds United,Leicester City,1,1,1,SAM ALLARDYCE,2023-03-05,2100-01-01,8,0,0,1
2023-04-30,2022/2023,Leeds United,Bournemouth,0,1,4,SAM ALLARDYCE,2023-03-05,2100-01-01,9,0,0,1
2023-05-06,2022/2023,Leeds United,Manchester City,0,1,2,SAM ALLARDYCE,2023-03-05,2100-01-01,10,0,0,1
2023-05-13,2022/2023,Leeds United,Newcastle Utd,1,2,2,SAM ALLARDYCE,2023-03-05,2100-01-01,11,0,0,0
2023-05-21,2022/2023,Leeds United,West Ham,0,1,3,SAM ALLARDYCE,2023-03-05,2100-01-01,12,0,0,0
2023-05-28,2022/2023,Leeds United,Tottenham,1,1,4,SAM ALLARDYCE,2023-03-05,2100-01-01,13,0,0,0
2019-02-26,2018/2019,Leicester City,Brighton,1,2,1,ADAM SADLER,2019-02-24,2100-01-01,1,1,0,0
2023-02-11,2022/2023,Leicester City,Tottenham,1,4,1,ADAM SADLER,2019-02-24,2100-01-01,2,1,0,0
2023-02-19,2022/2023,Leicester City,Manchester Utd,0,0,3,ADAM SADLER,2019-02-24,2100-01-01,3,1,0,0
2023-02-25,2022/2023,Leicester City,Arsenal,1,0,1,ADAM SADLER,2019-02-24,2100-01-01,4,0,1,0
2019-03-03,2018/2019,Leicester City,Watford,0,1,2,BRENDAN RODGERS,2019-02-27,2023-02-04,1,1,0,0
2019-03-09,2018/2019,Leicester City,Fulham,1,3,1,BRENDAN RODGERS,2019-02-27,2023-02-04,2,1,0,0
2019-03-16,2018/2019,Leicester City,Burnley,0,2,1,BRENDAN RODGERS,2019-02-27,2023-02-04,3,1,0,0
2019-03-30,2018/2019,Leicester City,Bournemouth,1,2,0,BRENDAN RODGERS,2019-02-27,2023-02-04,4,0,1,0
2019-04-06,2018/2019,Leicester City,Huddersfield,0,4,1,BRENDAN RODGERS,2019-02-27,2023-02-04,5,0,1,0
2019-04-12,2018/2019,Leicester City,Newcastle Utd,1,0,1,BRENDAN RODGERS,2019-02-27,2023-02-04,6,0,1,0
2019-04-20,2018/2019,Leicester City,West Ham,0,2,2,BRENDAN RODGERS,2019-02-27,2023-02-04,7,0,0,1
2019-04-28,2018/2019,Leicester City,Arsenal,1,3,0,BRENDAN RODGERS,2019-02-27,2023-02-04,8,0,0,1
2019-05-06,2018/2019,Leicester City,Manchester City,0,0,1,BRENDAN RODGERS,2019-02-27,2023-02-04,9,0,0,1
2019-05-12,2018/2019,Leicester City,Chelsea,1,0,0,BRENDAN RODGERS,2019-02-27,2023-02-04,10,0,0,1
2019-08-11,2019/2020,Leicester City,Wolves,1,0,0,BRENDAN RODGERS,2019-02-27,2023-02-04,11,0,0,0
2019-08-18,2019/2020,Leicester City,Chelsea,0,1,1,BRENDAN RODGERS,2019-02-27,2023-02-04,12,0,0,0
2019-08-24,2019/2020,Leicester City,Sheffield Utd,0,2,1,BRENDAN RODGERS,2019-02-27,2023-02-04,13,0,0,0
2019-08-31,2019/2020,Leicester City,Bournemouth,1,3,1,BRENDAN RODGERS,2019-02-27,2023-02-04,14,0,0,0
2019-09-14,2019/2020,Leicester City,Manchester Utd,0,0,1,BRENDAN RODGERS,2019-02-27,2023-02-04,15,0,0,0
2019-09-21,2019/2020,Leicester City,Tottenham,1,2,1,BRENDAN RODGERS,2019-02-27,2023-02-04,16,0,0,0
2019-09-29,2019/2020,Leicester City,Newcastle Utd,1,5,0,BRENDAN RODGERS,2019-02-27,2023-02-04,17,0,0,0
2019-10-05,2019/2020,Leicester City,Liverpool,0,1,2,BRENDAN RODGERS,2019-02-27,2023-02-04,18,0,0,0
2019-10-19,2019/2020,Leicester City,Burnley,1,2,1,BRENDAN RODGERS,2019-02-27,2023-02-04,19,0,0,0
2019-10-25,2019/2020,Leicester City,Southampton,0,9,0,BRENDAN RODGERS,2019-02-27,2023-02-04,20,0,0,0
2019-11-03,2019/2020,Leicester City,Crystal Palace,0,2,0,BRENDAN RODGERS,2019-02-27,2023-02-04,21,0,0,0
2019-11-09,2019/2020,Leicester City,Arsenal,1,2,0,BRENDAN RODGERS,2019-02-27,2023-02-04,22,0,0,0
2019-11-23,2019/2020,Leicester City,Brighton,0,2,0,BRENDAN RODGERS,2019-02-27,2023-02-04,23,0,0,0
2019-12-01,2019/2020,Leicester City,Everton,1,2,1,BRENDAN RODGERS,2019-02-27,2023-02-04,24,0,0,0
2019-12-04,2019/2020,Leicester City,Watford,1,2,0,BRENDAN RODGERS,2019-02-27,2023-02-04,25,0,0,0
2019-12-08,2019/2020,Leicester City,Aston Villa,0,4,1,BRENDAN RODGERS,2019-02-27,2023-02-04,26,0,0,0
2019-12-14,2019/2020,Leicester City,Norwich City,1,1,1,BRENDAN RODGERS,2019-02-27,2023-02-04,27,0,0,0
2019-12-21,2019/2020,Leicester City,Manchester City,0,1,3,BRENDAN RODGERS,2019-02-27,2023-02-04,28,0,0,0
2019-12-26,2019/2020,Leicester City,Liverpool,1,0,4,BRENDAN RODGERS,2019-02-27,2023-02-04,29,0,0,0
2019-12-28,2019/2020,Leicester City,West Ham,0,2,1,BRENDAN RODGERS,2019-02-27,2023-02-04,30,0,0,0
2020-01-01,2019/2020,Leicester City,Newcastle Utd,0,3,0,BRENDAN RODGERS,2019-02-27,2023-02-04,31,0,0,0
2020-01-11,2019/2020,Leicester City,Southampton,1,1,2,BRENDAN RODGERS,2019-02-27,2023-02-04,32,0,0,0
2020-01-19,2019/2020,Leicester City,Burnley,0,1,2,BRENDAN RODGERS,2019-02-27,2023-02-04,33,0,0,0
2020-01-22,2019/2020,Leicester City,West Ham,1,4,1,BRENDAN RODGERS,2019-02-27,2023-02-04,34,0,0,0
2020-02-01,2019/2020,Leicester City,Chelsea,1,2,2,BRENDAN RODGERS,2019-02-27,2023-02-04,35,0,0,0
2020-02-14,2019/2020,Leicester City,Wolves,0,0,0,BRENDAN RODGERS,2019-02-27,2023-02-04,36,0,0,0
2020-02-22,2019/2020,Leicester City,Manchester City,1,0,1,BRENDAN RODGERS,2019-02-27,2023-02-04,37,0,0,0
2020-02-28,2019/2020,Leicester City,Norwich City,0,0,1,BRENDAN RODGERS,2019-02-27,2023-02-04,38,0,0,0
2020-03-09,2019/2020,Leicester City,Aston Villa,1,4,0,BRENDAN RODGERS,2019-02-27,2023-02-04,39,0,0,0
2020-06-20,2019/2020,Leicester City,Watford,0,1,1,BRENDAN RODGERS,2019-02-27,2023-02-04,40,0,0,0
2020-06-23,2019/2020,Leicester City,Brighton,1,0,0,BRENDAN RODGERS,2019-02-27,2023-02-04,41,0,0,0
2020-07-01,2019/2020,Leicester City,Everton,0,1,2,BRENDAN RODGERS,2019-02-27,2023-02-04,42,0,0,0
2020-07-04,2019/2020,Leicester City,Crystal Palace,1,3,0,BRENDAN RODGERS,2019-02-27,2023-02-04,43,0,0,0
2020-07-07,2019/2020,Leicester City,Arsenal,0,1,1,BRENDAN RODGERS,2019-02-27,2023-02-04,44,0,0,0
2020-07-12,2019/2020,Leicester City,Bournemouth,0,1,4,BRENDAN RODGERS,2019-02-27,2023-02-04,45,0,0,0
2020-07-16,2019/2020,Leicester City,Sheffield Utd,1,2,0,BRENDAN RODGERS,2019-02-27,2023-02-04,46,0,0,0
2020-07-19,2019/2020,Leicester City,Tottenham,0,0,3,BRENDAN RODGERS,2019-02-27,2023-02-04,47,0,0,0
2020-07-26,2019/2020,Leicester City,Manchester Utd,1,0,2,BRENDAN RODGERS,2019-02-27,2023-02-04,48,0,0,0
2020-09-13,2020/2021,Leicester City,West Brom,0,3,0,BRENDAN RODGERS,2019-02-27,2023-02-04,49,0,0,0
2020-09-20,2020/2021,Leicester City,Burnley,1,4,2,BRENDAN RODGERS,2019-02-27,2023-02-04,50,0,0,0
2020-09-27,2020/2021,Leicester City,Manchester City,0,5,2,BRENDAN RODGERS,2019-02-27,2023-02-04,51,0,0,0
2020-10-04,2020/2021,Leicester City,West Ham,1,0,3,BRENDAN RODGERS,2019-02-27,2023-02-04,52,0,0,0
2020-10-18,2020/2021,Leicester City,Aston Villa,1,0,1,BRENDAN RODGERS,2019-02-27,2023-02-04,53,0,0,0
2020-10-25,2020/2021,Leicester City,Arsenal,0,1,0,BRENDAN RODGERS,2019-02-27,2023-02-04,54,0,0,0
2020-11-02,2020/2021,Leicester City,Leeds United,0,4,1,BRENDAN RODGERS,2019-02-27,2023-02-04,55,0,0,0
2020-11-08,2020/2021,Leicester City,Wolves,1,1,0,BRENDAN RODGERS,2019-02-27,2023-02-04,56,0,0,0
2020-11-22,2020/2021,Leicester City,Liverpool,0,0,3,BRENDAN RODGERS,2019-02-27,2023-02-04,57,0,0,0
2020-11-30,2020/2021,Leicester City,Fulham,1,1,2,BRENDAN RODGERS,2019-02-27,2023-02-04,58,0,0,0
2020-12-06,2020/2021,Leicester City,Sheffield Utd,0,2,1,BRENDAN RODGERS,2019-02-27,2023-02-04,59,0,0,0
2020-12-13,2020/2021,Leicester City,Brighton,1,3,0,BRENDAN RODGERS,2019-02-27,2023-02-04,60,0,0,0
2020-12-16,2020/2021,Leicester City,Everton,1,0,2,BRENDAN RODGERS,2019-02-27,2023-02-04,61,0,0,0
2020-12-20,2020/2021,Leicester City,Tottenham,0,2,0,BRENDAN RODGERS,2019-02-27,2023-02-04,62,0,0,0
2020-12-26,2020/2021,Leicester City,Manchester Utd,1,2,2,BRENDAN RODGERS,2019-02-27,2023-02-04,63,0,0,0
2020-12-28,2020/2021,Leicester City,Crystal Palace,0,1,1,BRENDAN RODGERS,2019-02-27,2023-02-04,64,0,0,0
2021-01-03,2020/2021,Leicester City,Newcastle Utd,0,2,1,BRENDAN RODGERS,2019-02-27,2023-02-04,65,0,0,0
2021-01-16,2020/2021,Leicester City,Southampton,1,2,0,BRENDAN RODGERS,2019-02-27,2023-02-04,66,0,0,0
2021-01-19,2020/2021,Leicester City,Chelsea,1,2,0,BRENDAN RODGERS,2019-02-27,2023-02-04,67,0,0,0
2021-01-27,2020/2021,Leicester City,Everton,0,1,1,BRENDAN RODGERS,2019-02-27,2023-02-04,68,0,0,0
2021-01-31,2020/2021,Leicester City,Leeds United,1,1,3,BRENDAN RODGERS,2019-02-27,2023-02-04,69,0,0,0
2021-02-03,2020/2021,Leicester City,Fulham,0,2,0,BRENDAN RODGERS,2019-02-27,2023-02-04,70,0,0,0
2021-02-07,2020/2021,Leicester City,Wolves,0,0,0,BRENDAN RODGERS,2019-02-27,2023-02-04,71,0,0,0
2021-02-13,2020/2021,Leicester City,Liverpool,1,3,1,BRENDAN RODGERS,2019-02-27,2023-02-04,72,0,0,0
2021-02-21,2020/2021,Leicester City,Aston Villa,0,2,1,BRENDAN RODGERS,2019-02-27,2023-02-04,73,0,0,0
2021-02-28,2020/2021,Leicester City,Arsenal,1,1,3,BRENDAN RODGERS,2019-02-27,2023-02-04,74,0,0,0
2021-03-03,2020/2021,Leicester City,Burnley,0,1,1,BRENDAN RODGERS,2019-02-27,2023-02-04,75,0,0,0
2021-03-06,2020/2021,Leicester City,Brighton,0,2,1,BRENDAN RODGERS,2019-02-27,2023-02-04,76,0,0,0
2021-03-14,2020/2021,Leicester City,Sheffield Utd,1,5,0,BRENDAN RODGERS,2019-02-27,2023-02-04,77,0,0,0
2021-04-03,2020/2021,Leicester City,Manchester City,1,0,2,BRENDAN RODGERS,2019-02-27,2023-02-04,78,0,0,0
2021-04-11,2020/2021,Leicester City,West Ham,0,2,3,BRENDAN RODGERS,2019-02-27,2023-02-04,79,0,0,0
2021-04-22,2020/2021,Leicester City,West Brom,1,3,0,BRENDAN RODGERS,2019-02-27,2023-02-04,80,0,0,0
2021-04-26,2020/2021,Leicester City,Crystal Palace,1,2,1,BRENDAN RODGERS,2019-02-27,2023-02-04,81,0,0,0
2021-04-30,2020/2021,Leicester City,Southampton,0,1,1,BRENDAN RODGERS,2019-02-27,2023-02-04,82,0,0,0
2021-05-07,2020/2021,Leicester City,Newcastle Utd,1,2,4,BRENDAN RODGERS,2019-02-27,2023-02-04,83,0,0,0
2021-05-11,2020/2021,Leicester City,Manchester Utd,0,2,1,BRENDAN RODGERS,2019-02-27,2023-02-04,84,0,0,0
2021-05-18,2020/2021,Leicester City,Chelsea,0,1,2,BRENDAN RODGERS,2019-02-27,2023-02-04,85,0,0,0
2021-05-23,2020/2021,Leicester City,Tottenham,1,2,4,BRENDAN RODGERS,2019-02-27,2023-02-04,86,0,0,0
2021-08-14,2021/2022,Leicester City,Wolves,1,1,0,BRENDAN RODGERS,2019-02-27,2023-02-04,87,0,0,0
2021-08-23,2021/2022,Leicester City,West Ham,0,1,4,BRENDAN RODGERS,2019-02-27,2023-02-04,88,0,0,0
2021-08-28,2021/2022,Leicester City,Norwich City,0,2,1,BRENDAN RODGERS,2019-02-27,2023-02-04,89,0,0,0
2021-09-11,2021/2022,Leicester City,Manchester City,1,0,1,BRENDAN RODGERS,2019-02-27,2023-02-04,90,0,0,0
2021-09-19,2021/2022,Leicester City,Brighton,0,1,2,BRENDAN RODGERS,2019-02-27,2023-02-04,91,0,0,0
2021-09-25,2021/2022,Leicester City,Burnley,1,2,2,BRENDAN RODGERS,2019-02-27,2023-02-04,92,0,0,0
2021-10-03,2021/2022,Leicester City,Crystal Palace,0,2,2,BRENDAN RODGERS,2019-02-27,2023-02-04,93,0,0,0
2021-10-16,2021/2022,Leicester City,Manchester Utd,1,4,2,BRENDAN RODGERS,2019-02-27,2023-02-04,94,0,0,0
2021-10-24,2021/2022,Leicester City,Brentford,0,2,1,BRENDAN RODGERS,2019-02-27,2023-02-04,95,0,0,0
2021-10-30,2021/2022,Leicester City,Arsenal,1,0,2,BRENDAN RODGERS,2019-02-27,2023-02-04,96,0,0,0
2021-11-07,2021/2022,Leicester City,Leeds United,0,1,1,BRENDAN RODGERS,2019-02-27,2023-02-04,97,0,0,0
2021-11-20,2021/2022,Leicester City,Chelsea,1,0,3,BRENDAN RODGERS,2019-02-27,2023-02-04,98,0,0,0
2021-11-28,2021/2022,Leicester City,Watford,1,4,2,BRENDAN RODGERS,2019-02-27,2023-02-04,99,0,0,0
2021-12-01,2021/2022,Leicester City,Southampton,0,2,2,BRENDAN RODGERS,2019-02-27,2023-02-04,100,0,0,0
2021-12-05,2021/2022,Leicester City,Aston Villa,0,1,2,BRENDAN RODGERS,2019-02-27,2023-02-04,101,0,0,0
2021-12-12,2021/2022,Leicester City,Newcastle Utd,1,4,0,BRENDAN RODGERS,2019-02-27,2023-02-04,102,0,0,0
2021-12-26,2021/2022,Leicester City,Manchester City,0,3,6,BRENDAN RODGERS,2019-02-27,2023-02-04,103,0,0,0
2021-12-28,2021/2022,Leicester City,Liverpool,1,1,0,BRENDAN RODGERS,2019-02-27,2023-02-04,104,0,0,0
2022-01-19,2021/2022,Leicester City,Tottenham,1,2,3,BRENDAN RODGERS,2019-02-27,2023-02-04,105,0,0,0
2022-01-23,2021/2022,Leicester City,Brighton,1,1,1,BRENDAN RODGERS,2019-02-27,2023-02-04,106,0,0,0
2022-02-10,2021/2022,Leicester City,Liverpool,0,0,2,BRENDAN RODGERS,2019-02-27,2023-02-04,107,0,0,0
2022-02-13,2021/2022,Leicester City,West Ham,1,2,2,BRENDAN RODGERS,2019-02-27,2023-02-04,108,0,0,0
2022-02-20,2021/2022,Leicester City,Wolves,0,1,2,BRENDAN RODGERS,2019-02-27,2023-02-04,109,0,0,0
2022-03-01,2021/2022,Leicester City,Burnley,0,2,0,BRENDAN RODGERS,2019-02-27,2023-02-04,110,0,0,0
2022-03-05,2021/2022,Leicester City,Leeds United,1,1,0,BRENDAN RODGERS,2019-02-27,2023-02-04,111,0,0,0
2022-03-13,2021/2022,Leicester City,Arsenal,0,0,2,BRENDAN RODGERS,2019-02-27,2023-02-04,112,0,0,0
2022-03-20,2021/2022,Leicester City,Brentford,1,2,1,BRENDAN RODGERS,2019-02-27,2023-02-04,113,0,0,0
2022-04-02,2021/2022,Leicester City,Manchester Utd,0,1,1,BRENDAN RODGERS,2019-02-27,2023-02-04,114,0,0,0
2022-04-10,2021/2022,Leicester City,Crystal Palace,1,2,1,BRENDAN RODGERS,2019-02-27,2023-02-04,115,0,0,0
2022-04-17,2021/2022,Leicester City,Newcastle Utd,0,1,2,BRENDAN RODGERS,2019-02-27,2023-02-04,116,0,0,0
2022-04-20,2021/2022,Leicester City,Everton,0,1,1,BRENDAN RODGERS,2019-02-27,2023-02-04,117,0,0,0
2022-04-23,2021/2022,Leicester City,Aston Villa,1,0,0,BRENDAN RODGERS,2019-02-27,2023-02-04,118,0,0,0
2022-05-01,2021/2022,Leicester City,Tottenham,0,1,3,BRENDAN RODGERS,2019-02-27,2023-02-04,119,0,0,0
2022-05-08,2021/2022,Leicester City,Everton,1,1,2,BRENDAN RODGERS,2019-02-27,2023-02-04,120,0,0,0
2022-05-11,2021/2022,Leicester City,Norwich City,1,3,0,BRENDAN RODGERS,2019-02-27,2023-02-04,121,0,0,0
2022-05-15,2021/2022,Leicester City,Watford,0,5,1,BRENDAN RODGERS,2019-02-27,2023-02-04,122,0,0,0
2022-05-19,2021/2022,Leicester City,Chelsea,0,1,1,BRENDAN RODGERS,2019-02-27,2023-02-04,123,0,0,0
2022-05-22,2021/2022,Leicester City,Southampton,1,4,1,BRENDAN RODGERS,2019-02-27,2023-02-04,124,0,0,0
2022-08-07,2022/2023,Leicester City,Brentford,1,2,2,BRENDAN RODGERS,2019-02-27,2023-02-04,125,0,0,0
2022-08-13,2022/2023,Leicester City,Arsenal,0,2,4,BRENDAN RODGERS,2019-02-27,2023-02-04,126,0,0,0
2022-08-20,2022/2023,Leicester City,Southampton,1,1,2,BRENDAN RODGERS,2019-02-27,2023-02-04,127,0,0,0
2022-08-27,2022/2023,Leicester City,Chelsea,0,1,2,BRENDAN RODGERS,2019-02-27,2023-02-04,128,0,0,0
2022-09-01,2022/2023,Leicester City,Manchester Utd,1,0,1,BRENDAN RODGERS,2019-02-27,2023-02-04,129,0,0,0
2022-09-04,2022/2023,Leicester City,Brighton,0,2,5,BRENDAN RODGERS,2019-02-27,2023-02-04,130,0,0,0
2022-09-17,2022/2023,Leicester City,Tottenham,0,2,6,BRENDAN RODGERS,2019-02-27,2023-02-04,131,0,0,0
2022-10-03,2022/2023,Leicester City,Nott'ham Forest,1,4,0,BRENDAN RODGERS,2019-02-27,2023-02-04,132,0,0,0
2022-10-08,2022/2023,Leicester City,Bournemouth,0,1,2,BRENDAN RODGERS,2019-02-27,2023-02-04,133,0,0,0
2022-10-15,2022/2023,Leicester City,Crystal Palace,1,0,0,BRENDAN RODGERS,2019-02-27,2023-02-04,134,0,0,0
2022-10-20,2022/2023,Leicester City,Leeds United,1,2,0,BRENDAN RODGERS,2019-02-27,2023-02-04,135,0,0,0
2022-10-23,2022/2023,Leicester City,Wolves,0,4,0,BRENDAN RODGERS,2019-02-27,2023-02-04,136,0,0,0
2022-10-29,2022/2023,Leicester City,Manchester City,1,0,1,BRENDAN RODGERS,2019-02-27,2023-02-04,137,0,0,0
2022-11-05,2022/2023,Leicester City,Everton,0,2,0,BRENDAN RODGERS,2019-02-27,2023-02-04,138,0,0,0
2022-11-12,2022/2023,Leicester City,West Ham,0,2,0,BRENDAN RODGERS,2019-02-27,2023-02-04,139,0,0,0
2022-12-26,2022/2023,Leicester City,Newcastle Utd,1,0,3,BRENDAN RODGERS,2019-02-27,2023-02-04,140,0,0,0
2022-12-30,2022/2023,Leicester City,Liverpool,0,1,2,BRENDAN RODGERS,2019-02-27,2023-02-04,141,0,0,0
2023-01-03,2022/2023,Leicester City,Fulham,1,0,1,BRENDAN RODGERS,2019-02-27,2023-02-04,142,0,0,0
2023-01-14,2022/2023,Leicester City,Nott'ham Forest,0,0,2,BRENDAN RODGERS,2019-02-27,2023-02-04,143,0,0,0
2023-01-21,2022/2023,Leicester City,Brighton,1,2,2,BRENDAN RODGERS,2019-02-27,2023-02-04,144,0,0,0
2023-02-04,2022/2023,Leicester City,Aston Villa,0,4,2,BRENDAN RODGERS,2019-02-27,2023-02-04,145,0,0,0
2017-10-29,2017/2018,Leicester City,Everton,1,2,0,CLAUDE PUEL,2017-10-25,2100-01-01,1,1,0,0
2017-11-04,2017/2018,Leicester City,Stoke City,0,2,2,CLAUDE PUEL,2017-10-25,2100-01-01,2,1,0,0
2017-11-18,2017/2018,Leicester City,Manchester City,1,0,2,CLAUDE PUEL,2017-10-25,2100-01-01,3,1,0,0
2017-11-24,2017/2018,Leicester City,West Ham,0,1,1,CLAUDE PUEL,2017-10-25,2100-01-01,4,0,1,0
2017-11-28,2017/2018,Leicester City,Tottenham,1,2,1,CLAUDE PUEL,2017-10-25,2100-01-01,5,0,1,0
2017-12-02,2017/2018,Leicester City,Burnley,1,1,0,CLAUDE PUEL,2017-10-25,2100-01-01,6,0,1,0
2017-12-09,2017/2018,Leicester City,Newcastle Utd,0,3,2,CLAUDE PUEL,2017-10-25,2100-01-01,7,0,0,1
2017-12-13,2017/2018,Leicester City,Southampton,0,4,1,CLAUDE PUEL,2017-10-25,2100-01-01,8,0,0,1
2017-12-16,2017/2018,Leicester City,Crystal Palace,1,0,3,CLAUDE PUEL,2017-10-25,2100-01-01,9,0,0,1
2017-12-23,2017/2018,Leicester City,Manchester Utd,1,2,2,CLAUDE PUEL,2017-10-25,2100-01-01,10,0,0,1
2017-12-26,2017/2018,Leicester City,Watford,0,1,2,CLAUDE PUEL,2017-10-25,2100-01-01,11,0,0,0
2017-12-30,2017/2018,Leicester City,Liverpool,0,1,2,CLAUDE PUEL,2017-10-25,2100-01-01,12,0,0,0
2018-01-01,2017/2018,Leicester City,Huddersfield,1,3,0,CLAUDE PUEL,2017-10-25,2100-01-01,13,0,0,0
2018-01-13,2017/2018,Leicester City,Chelsea,0,0,0,CLAUDE PUEL,2017-10-25,2100-01-01,14,0,0,0
2018-01-20,2017/2018,Leicester City,Watford,1,2,0,CLAUDE PUEL,2017-10-25,2100-01-01,15,0,0,0
2018-01-31,2017/2018,Leicester City,Everton,0,1,2,CLAUDE PUEL,2017-10-25,2100-01-01,16,0,0,0
2018-02-03,2017/2018,Leicester City,Swansea City,1,1,1,CLAUDE PUEL,2017-10-25,2100-01-01,17,0,0,0
2018-02-10,2017/2018,Leicester City,Manchester City,0,1,5,CLAUDE PUEL,2017-10-25,2100-01-01,18,0,0,0
2018-02-24,2017/2018,Leicester City,Stoke City,1,1,1,CLAUDE PUEL,2017-10-25,2100-01-01,19,0,0,0
2018-03-03,2017/2018,Leicester City,Bournemouth,1,1,1,CLAUDE PUEL,2017-10-25,2100-01-01,20,0,0,0
2018-03-10,2017/2018,Leicester City,West Brom,0,4,1,CLAUDE PUEL,2017-10-25,2100-01-01,21,0,0,0
2018-03-31,2017/2018,Leicester City,Brighton,0,2,0,CLAUDE PUEL,2017-10-25,2100-01-01,22,0,0,0
2018-04-07,2017/2018,Leicester City,Newcastle Utd,1,1,2,CLAUDE PUEL,2017-10-25,2100-01-01,23,0,0,0
2018-04-14,2017/2018,Leicester City,Burnley,0,1,2,CLAUDE PUEL,2017-10-25,2100-01-01,24,0,0,0
2018-04-19,2017/2018,Leicester City,Southampton,1,0,0,CLAUDE PUEL,2017-10-25,2100-01-01,25,0,0,0
2018-04-28,2017/2018,Leicester City,Crystal Palace,0,0,5,CLAUDE PUEL,2017-10-25,2100-01-01,26,0,0,0
2018-05-05,2017/2018,Leicester City,West Ham,1,0,2,CLAUDE PUEL,2017-10-25,2100-01-01,27,0,0,0
2018-05-09,2017/2018,Leicester City,Arsenal,1,3,1,CLAUDE PUEL,2017-10-25,2100-01-01,28,0,0,0
2018-05-13,2017/2018,Leicester City,Tottenham,0,4,5,CLAUDE PUEL,2017-10-25,2100-01-01,29,0,0,0
2018-08-10,2018/2019,Leicester City,Manchester Utd,0,1,2,CLAUDE PUEL,2017-10-25,2100-01-01,30,0,0,0
2018-08-18,2018/2019,Leicester City,Wolves,1,2,0,CLAUDE PUEL,2017-10-25,2100-01-01,31,0,0,0
2018-08-25,2018/2019,Leicester City,Southampton,0,2,1,CLAUDE PUEL,2017-10-25,2100-01-01,32,0,0,0
2018-09-01,2018/2019,Leicester City,Liverpool,1,1,2,CLAUDE PUEL,2017-10-25,2100-01-01,33,0,0,0
2018-09-15,2018/2019,Leicester City,Bournemouth,0,2,4,CLAUDE PUEL,2017-10-25,2100-01-01,34,0,0,0
2018-09-22,2018/2019,Leicester City,Huddersfield,1,3,1,CLAUDE PUEL,2017-10-25,2100-01-01,35,0,0,0
2018-09-29,2018/2019,Leicester City,Newcastle Utd,0,2,0,CLAUDE PUEL,2017-10-25,2100-01-01,36,0,0,0
2018-10-06,2018/2019,Leicester City,Everton,1,1,2,CLAUDE PUEL,2017-10-25,2100-01-01,37,0,0,0
2018-10-22,2018/2019,Leicester City,Arsenal,0,1,3,CLAUDE PUEL,2017-10-25,2100-01-01,38,0,0,0
2018-10-27,2018/2019,Leicester City,West Ham,1,1,1,CLAUDE PUEL,2017-10-25,2100-01-01,39,0,0,0
2018-11-03,2018/2019,Leicester City,Cardiff City,0,1,0,CLAUDE PUEL,2017-10-25,2100-01-01,40,0,0,0
2018-11-10,2018/2019,Leicester City,Burnley,1,0,0,CLAUDE PUEL,2017-10-25,2100-01-01,41,0,0,0
2018-11-24,2018/2019,Leicester City,Brighton,0,1,1,CLAUDE PUEL,2017-10-25,2100-01-01,42,0,0,0
2018-12-01,2018/2019,Leicester City,Watford,1,2,0,CLAUDE PUEL,2017-10-25,2100-01-01,43,0,0,0
2018-12-05,2018/2019,Leicester City,Fulham,0,1,1,CLAUDE PUEL,2017-10-25,2100-01-01,44,0,0,0
2018-12-08,2018/2019,Leicester City,Tottenham,1,0,2,CLAUDE PUEL,2017-10-25,2100-01-01,45,0,0,0
2018-12-15,2018/2019,Leicester City,Crystal Palace,0,0,1,CLAUDE PUEL,2017-10-25,2100-01-01,46,0,0,0
2018-12-22,2018/2019,Leicester City,Chelsea,0,1,0,CLAUDE PUEL,2017-10-25,2100-01-01,47,0,0,0
2018-12-26,2018/2019,Leicester City,Manchester City,1,2,1,CLAUDE PUEL,2017-10-25,2100-01-01,48,0,0,0
2018-12-29,2018/2019,Leicester City,Cardiff City,1,0,1,CLAUDE PUEL,2017-10-25,2100-01-01,49,0,0,0
2019-01-01,2018/2019,Leicester City,Everton,0,1,0,CLAUDE PUEL,2017-10-25,2100-01-01,50,0,0,0
2019-01-12,2018/2019,Leicester City,Southampton,1,1,2,CLAUDE PUEL,2017-10-25,2100-01-01,51,0,0,0
2019-01-19,2018/2019,Leicester City,Wolves,0,3,4,CLAUDE PUEL,2017-10-25,2100-01-01,52,0,0,0
2019-01-30,2018/2019,Leicester City,Liverpool,0,1,1,CLAUDE PUEL,2017-10-25,2100-01-01,53,0,0,0
2019-02-03,2018/2019,Leicester City,Manchester Utd,1,0,1,CLAUDE PUEL,2017-10-25,2100-01-01,54,0,0,0
2019-02-10,2018/2019,Leicester City,Tottenham,0,1,3,CLAUDE PUEL,2017-10-25,2100-01-01,55,0,0,0
2019-02-23,2018/2019,Leicester City,Crystal Palace,1,1,4,CLAUDE PUEL,2017-10-25,2100-01-01,56,0,0,0
2015-01-17,2014/2015,Leicester City,Stoke City,1,0,1,CLAUDIO RANIERI,2015-01-13,2100-01-01,1,1,0,0
2015-01-31,2014/2015,Leicester City,Manchester Utd,0,1,3,CLAUDIO RANIERI,2015-01-13,2100-01-01,2,1,0,0
2015-02-07,2014/2015,Leicester City,Crystal Palace,1,0,1,CLAUDIO RANIERI,2015-01-13,2100-01-01,3,1,0,0
2015-02-10,2014/2015,Leicester City,Arsenal,0,1,2,CLAUDIO RANIERI,2015-01-13,2100-01-01,4,0,1,0
2015-02-22,2014/2015,Leicester City,Everton,0,2,2,CLAUDIO RANIERI,2015-01-13,2100-01-01,5,0,1,0
2015-03-04,2014/2015,Leicester City,Manchester City,0,0,2,CLAUDIO RANIERI,2015-01-13,2100-01-01,6,0,1,0
2015-03-14,2014/2015,Leicester City,Hull City,1,0,0,CLAUDIO RANIERI,2015-01-13,2100-01-01,7,0,0,1
2015-03-21,2014/2015,Leicester City,Tottenham,0,3,4,CLAUDIO RANIERI,2015-01-13,2100-01-01,8,0,0,1
2015-04-04,2014/2015,Leicester City,West Ham,1,2,1,CLAUDIO RANIERI,2015-01-13,2100-01-01,9,0,0,1
2015-04-11,2014/2015,Leicester City,West Brom,0,3,2,CLAUDIO RANIERI,2015-01-13,2100-01-01,10,0,0,1
2015-04-18,2014/2015,Leicester City,Swansea City,1,2,0,CLAUDIO RANIERI,2015-01-13,2100-01-01,11,0,0,0
2015-04-25,2014/2015,Leicester City,Burnley,0,1,0,CLAUDIO RANIERI,2015-01-13,2100-01-01,12,0,0,0
2015-04-29,2014/2015,Leicester City,Chelsea,1,1,3,CLAUDIO RANIERI,2015-01-13,2100-01-01,13,0,0,0
2015-05-02,2014/2015,Leicester City,Newcastle Utd,1,3,0,CLAUDIO RANIERI,2015-01-13,2100-01-01,14,0,0,0
2015-05-09,2014/2015,Leicester City,Southampton,1,2,0,CLAUDIO RANIERI,2015-01-13,2100-01-01,15,0,0,0
2015-05-16,2014/2015,Leicester City,Sunderland,0,0,0,CLAUDIO RANIERI,2015-01-13,2100-01-01,16,0,0,0
2015-05-24,2014/2015,Leicester City,QPR,1,5,1,CLAUDIO RANIERI,2015-01-13,2100-01-01,17,0,0,0
2015-08-08,2015/2016,Leicester City,Sunderland,1,4,2,CLAUDIO RANIERI,2015-01-13,2100-01-01,18,0,0,0
2015-08-15,2015/2016,Leicester City,West Ham,0,2,1,CLAUDIO RANIERI,2015-01-13,2100-01-01,19,0,0,0
2015-08-22,2015/2016,Leicester City,Tottenham,1,1,1,CLAUDIO RANIERI,2015-01-13,2100-01-01,20,0,0,0
2015-08-29,2015/2016,Leicester City,Bournemouth,0,1,1,CLAUDIO RANIERI,2015-01-13,2100-01-01,21,0,0,0
2015-09-13,2015/2016,Leicester City,Aston Villa,1,3,2,CLAUDIO RANIERI,2015-01-13,2100-01-01,22,0,0,0
2015-09-19,2015/2016,Leicester City,Stoke City,0,2,2,CLAUDIO RANIERI,2015-01-13,2100-01-01,23,0,0,0
2015-09-26,2015/2016,Leicester City,Arsenal,1,2,5,CLAUDIO RANIERI,2015-01-13,2100-01-01,24,0,0,0
2015-10-03,2015/2016,Leicester City,Norwich City,0,2,1,CLAUDIO RANIERI,2015-01-13,2100-01-01,25,0,0,0
2015-10-17,2015/2016,Leicester City,Southampton,0,2,2,CLAUDIO RANIERI,2015-01-13,2100-01-01,26,0,0,0
2015-10-24,2015/2016,Leicester City,Crystal Palace,1,1,0,CLAUDIO RANIERI,2015-01-13,2100-01-01,27,0,0,0
2015-10-31,2015/2016,Leicester City,West Brom,0,3,2,CLAUDIO RANIERI,2015-01-13,2100-01-01,28,0,0,0
2015-11-07,2015/2016,Leicester City,Watford,1,2,1,CLAUDIO RANIERI,2015-01-13,2100-01-01,29,0,0,0
2015-11-21,2015/2016,Leicester City,Newcastle Utd,0,3,0,CLAUDIO RANIERI,2015-01-13,2100-01-01,30,0,0,0
2015-11-28,2015/2016,Leicester City,Manchester Utd,1,1,1,CLAUDIO RANIERI,2015-01-13,2100-01-01,31,0,0,0
2015-12-05,2015/2016,Leicester City,Swansea City,0,3,0,CLAUDIO RANIERI,2015-01-13,2100-01-01,32,0,0,0
2015-12-14,2015/2016,Leicester City,Chelsea,1,2,1,CLAUDIO RANIERI,2015-01-13,2100-01-01,33,0,0,0
2015-12-19,2015/2016,Leicester City,Everton,0,3,2,CLAUDIO RANIERI,2015-01-13,2100-01-01,34,0,0,0
2015-12-26,2015/2016,Leicester City,Liverpool,0,0,1,CLAUDIO RANIERI,2015-01-13,2100-01-01,35,0,0,0
2015-12-29,2015/2016,Leicester City,Manchester City,1,0,0,CLAUDIO RANIERI,2015-01-13,2100-01-01,36,0,0,0
2016-01-02,2015/2016,Leicester City,Bournemouth,1,0,0,CLAUDIO RANIERI,2015-01-13,2100-01-01,37,0,0,0
2016-01-13,2015/2016,Leicester City,Tottenham,0,1,0,CLAUDIO RANIERI,2015-01-13,2100-01-01,38,0,0,0
2016-01-16,2015/2016,Leicester City,Aston Villa,0,1,1,CLAUDIO RANIERI,2015-01-13,2100-01-01,39,0,0,0
2016-01-23,2015/2016,Leicester City,Stoke City,1,3,0,CLAUDIO RANIERI,2015-01-13,2100-01-01,40,0,0,0
2016-02-02,2015/2016,Leicester City,Liverpool,1,2,0,CLAUDIO RANIERI,2015-01-13,2100-01-01,41,0,0,0
2016-02-06,2015/2016,Leicester City,Manchester City,0,3,1,CLAUDIO RANIERI,2015-01-13,2100-01-01,42,0,0,0
2016-02-14,2015/2016,Leicester City,Arsenal,0,1,2,CLAUDIO RANIERI,2015-01-13,2100-01-01,43,0,0,0
2016-02-27,2015/2016,Leicester City,Norwich City,1,1,0,CLAUDIO RANIERI,2015-01-13,2100-01-01,44,0,0,0
2016-03-01,2015/2016,Leicester City,West Brom,1,2,2,CLAUDIO RANIERI,2015-01-13,2100-01-01,45,0,0,0
2016-03-05,2015/2016,Leicester City,Watford,0,1,0,CLAUDIO RANIERI,2015-01-13,2100-01-01,46,0,0,0
2016-03-14,2015/2016,Leicester City,Newcastle Utd,1,1,0,CLAUDIO RANIERI,2015-01-13,2100-01-01,47,0,0,0
2016-03-19,2015/2016,Leicester City,Crystal Palace,0,1,0,CLAUDIO RANIERI,2015-01-13,2100-01-01,48,0,0,0
2016-04-03,2015/2016,Leicester City,Southampton,1,1,0,CLAUDIO RANIERI,2015-01-13,2100-01-01,49,0,0,0
2016-04-10,2015/2016,Leicester City,Sunderland,0,2,0,CLAUDIO RANIERI,2015-01-13,2100-01-01,50,0,0,0
2016-04-17,2015/2016,Leicester City,West Ham,1,2,2,CLAUDIO RANIERI,2015-01-13,2100-01-01,51,0,0,0
2016-04-24,2015/2016,Leicester City,Swansea City,1,4,0,CLAUDIO RANIERI,2015-01-13,2100-01-01,52,0,0,0
2016-05-01,2015/2016,Leicester City,Manchester Utd,0,1,1,CLAUDIO RANIERI,2015-01-13,2100-01-01,53,0,0,0
2016-05-07,2015/2016,Leicester City,Everton,1,3,1,CLAUDIO RANIERI,2015-01-13,2100-01-01,54,0,0,0
2016-05-15,2015/2016,Leicester City,Chelsea,0,1,1,CLAUDIO RANIERI,2015-01-13,2100-01-01,55,0,0,0
2016-08-13,2016/2017,Leicester City,Hull City,0,1,2,CLAUDIO RANIERI,2015-01-13,2100-01-01,56,0,0,0
2016-08-20,2016/2017,Leicester City,Arsenal,1,0,0,CLAUDIO RANIERI,2015-01-13,2100-01-01,57,0,0,0
2016-08-27,2016/2017,Leicester City,Swansea City,1,2,1,CLAUDIO RANIERI,2015-01-13,2100-01-01,58,0,0,0
2016-09-10,2016/2017,Leicester City,Liverpool,0,1,4,CLAUDIO RANIERI,2015-01-13,2100-01-01,59,0,0,0
2016-09-17,2016/2017,Leicester City,Burnley,1,3,0,CLAUDIO RANIERI,2015-01-13,2100-01-01,60,0,0,0
2016-09-24,2016/2017,Leicester City,Manchester Utd,0,1,4,CLAUDIO RANIERI,2015-01-13,2100-01-01,61,0,0,0
2016-10-02,2016/2017,Leicester City,Southampton,1,0,0,CLAUDIO RANIERI,2015-01-13,2100-01-01,62,0,0,0
2016-10-15,2016/2017,Leicester City,Chelsea,0,0,3,CLAUDIO RANIERI,2015-01-13,2100-01-01,63,0,0,0
2016-10-22,2016/2017,Leicester City,Crystal Palace,1,3,1,CLAUDIO RANIERI,2015-01-13,2100-01-01,64,0,0,0
2016-10-29,2016/2017,Leicester City,Tottenham,0,1,1,CLAUDIO RANIERI,2015-01-13,2100-01-01,65,0,0,0
2016-11-06,2016/2017,Leicester City,West Brom,1,1,2,CLAUDIO RANIERI,2015-01-13,2100-01-01,66,0,0,0
2016-11-19,2016/2017,Leicester City,Watford,0,1,2,CLAUDIO RANIERI,2015-01-13,2100-01-01,67,0,0,0
2016-11-26,2016/2017,Leicester City,Middlesbrough,1,2,2,CLAUDIO RANIERI,2015-01-13,2100-01-01,68,0,0,0
2016-12-03,2016/2017,Leicester City,Sunderland,0,1,2,CLAUDIO RANIERI,2015-01-13,2100-01-01,69,0,0,0
2016-12-10,2016/2017,Leicester City,Manchester City,1,4,2,CLAUDIO RANIERI,2015-01-13,2100-01-01,70,0,0,0
2016-12-13,2016/2017,Leicester City,Bournemouth,0,0,1,CLAUDIO RANIERI,2015-01-13,2100-01-01,71,0,0,0
2016-12-17,2016/2017,Leicester City,Stoke City,0,2,2,CLAUDIO RANIERI,2015-01-13,2100-01-01,72,0,0,0
2016-12-26,2016/2017,Leicester City,Everton,1,0,2,CLAUDIO RANIERI,2015-01-13,2100-01-01,73,0,0,0
2016-12-31,2016/2017,Leicester City,West Ham,1,1,0,CLAUDIO RANIERI,2015-01-13,2100-01-01,74,0,0,0
2017-01-02,2016/2017,Leicester City,Middlesbrough,0,0,0,CLAUDIO RANIERI,2015-01-13,2100-01-01,75,0,0,0
2017-01-14,2016/2017,Leicester City,Chelsea,1,0,3,CLAUDIO RANIERI,2015-01-13,2100-01-01,76,0,0,0
2017-01-22,2016/2017,Leicester City,Southampton,0,0,3,CLAUDIO RANIERI,2015-01-13,2100-01-01,77,0,0,0
2017-01-31,2016/2017,Leicester City,Burnley,0,0,1,CLAUDIO RANIERI,2015-01-13,2100-01-01,78,0,0,0
2017-02-05,2016/2017,Leicester City,Manchester Utd,1,0,3,CLAUDIO RANIERI,2015-01-13,2100-01-01,79,0,0,0
2017-02-12,2016/2017,Leicester City,Swansea City,0,0,2,CLAUDIO RANIERI,2015-01-13,2100-01-01,80,0,0,0
2017-02-27,2016/2017,Leicester City,Liverpool,1,3,1,CRAIG SHAKESPEARE,2017-02-24,2100-01-01,1,1,0,0
2017-03-04,2016/2017,Leicester City,Hull City,1,3,1,CRAIG SHAKESPEARE,2017-02-24,2100-01-01,2,1,0,0
2017-03-18,2016/2017,Leicester City,West Ham,0,3,2,CRAIG SHAKESPEARE,2017-02-24,2100-01-01,3,1,0,0
2017-04-01,2016/2017,Leicester City,Stoke City,1,2,0,CRAIG SHAKESPEARE,2017-02-24,2100-01-01,4,0,1,0
2017-04-04,2016/2017,Leicester City,Sunderland,1,2,0,CRAIG SHAKESPEARE,2017-02-24,2100-01-01,5,0,1,0
2017-04-09,2016/2017,Leicester City,Everton,0,2,4,CRAIG SHAKESPEARE,2017-02-24,2100-01-01,6,0,1,0
2017-04-15,2016/2017,Leicester City,Crystal Palace,0,2,2,CRAIG SHAKESPEARE,2017-02-24,2100-01-01,7,0,0,1
2017-04-26,2016/2017,Leicester City,Arsenal,0,0,1,CRAIG SHAKESPEARE,2017-02-24,2100-01-01,8,0,0,1
2017-04-29,2016/2017,Leicester City,West Brom,0,1,0,CRAIG SHAKESPEARE,2017-02-24,2100-01-01,9,0,0,1
2017-05-06,2016/2017,Leicester City,Watford,1,3,0,CRAIG SHAKESPEARE,2017-02-24,2100-01-01,10,0,0,1
2017-05-13,2016/2017,Leicester City,Manchester City,0,1,2,CRAIG SHAKESPEARE,2017-02-24,2100-01-01,11,0,0,0
2017-05-18,2016/2017,Leicester City,Tottenham,1,1,6,CRAIG SHAKESPEARE,2017-02-24,2100-01-01,12,0,0,0
2017-05-21,2016/2017,Leicester City,Bournemouth,1,1,1,CRAIG SHAKESPEARE,2017-02-24,2100-01-01,13,0,0,0
2017-08-11,2017/2018,Leicester City,Arsenal,0,3,4,CRAIG SHAKESPEARE,2017-02-24,2100-01-01,14,0,0,0
2017-08-19,2017/2018,Leicester City,Brighton,1,2,0,CRAIG SHAKESPEARE,2017-02-24,2100-01-01,15,0,0,0
2017-08-26,2017/2018,Leicester City,Manchester Utd,0,0,2,CRAIG SHAKESPEARE,2017-02-24,2100-01-01,16,0,0,0
2017-09-09,2017/2018,Leicester City,Chelsea,1,1,2,CRAIG SHAKESPEARE,2017-02-24,2100-01-01,17,0,0,0
2017-09-16,2017/2018,Leicester City,Huddersfield,0,1,1,CRAIG SHAKESPEARE,2017-02-24,2100-01-01,18,0,0,0
2017-09-23,2017/2018,Leicester City,Liverpool,1,2,3,CRAIG SHAKESPEARE,2017-02-24,2100-01-01,19,0,0,0
2017-09-30,2017/2018,Leicester City,Bournemouth,0,0,0,CRAIG SHAKESPEARE,2017-02-24,2100-01-01,20,0,0,0
2017-10-16,2017/2018,Leicester City,West Brom,1,1,1,CRAIG SHAKESPEARE,2017-02-24,2100-01-01,21,0,0,0
2017-10-21,2017/2018,Leicester City,Swansea City,0,2,1,MICHEAL APPLETON,2017-10-17,2100-01-01,1,1,0,0
2023-03-04,2022/2023,Leicester City,Southampton,0,0,1,MIKE STOWELL,2023-03-04,2023-10-04,1,1,0,0
2023-03-11,2022/2023,Leicester City,Chelsea,1,1,3,MIKE STOWELL,2023-03-04,2023-10-04,2,1,0,0
2023-03-18,2022/2023,Leicester City,Brentford,0,1,1,MIKE STOWELL,2023-03-04,2023-10-04,3,1,0,0
2023-04-01,2022/2023,Leicester City,Crystal Palace,0,1,2,MIKE STOWELL,2023-03-04,2023-10-04,4,0,1,0
2023-04-04,2022/2023,Leicester City,Aston Villa,1,1,2,MIKE STOWELL,2023-03-04,2023-10-04,5,0,1,0
2023-04-08,2022/2023,Leicester City,Bournemouth,1,0,1,MIKE STOWELL,2023-03-04,2023-10-04,6,0,1,0
2023-04-15,2022/2023,Leicester City,Manchester City,0,1,3,MIKE STOWELL,2023-03-04,2023-10-04,7,0,0,1
2023-04-22,2022/2023,Leicester City,Wolves,1,2,1,MIKE STOWELL,2023-03-04,2023-10-04,8,0,0,1
2023-04-25,2022/2023,Leicester City,Leeds United,0,1,1,MIKE STOWELL,2023-03-04,2023-10-04,9,0,0,1
2023-05-01,2022/2023,Leicester City,Everton,1,2,2,MIKE STOWELL,2023-03-04,2023-10-04,10,0,0,1
2023-05-08,2022/2023,Leicester City,Fulham,0,3,5,MIKE STOWELL,2023-03-04,2023-10-04,11,0,0,0
2023-05-15,2022/2023,Leicester City,Liverpool,1,0,3,MIKE STOWELL,2023-03-04,2023-10-04,12,0,0,0
2023-05-22,2022/2023,Leicester City,Newcastle Utd,0,0,0,MIKE STOWELL,2023-03-04,2023-10-04,13,0,0,0
2023-05-28,2022/2023,Leicester City,West Ham,1,2,1,MIKE STOWELL,2023-03-04,2023-10-04,14,0,0,0
2014-08-16,2014/2015,Leicester City,Everton,1,2,2,NIGEL PEARSON,2011-11-15,2100-01-01,101,0,0,0
2014-08-23,2014/2015,Leicester City,Chelsea,0,0,2,NIGEL PEARSON,2011-11-15,2100-01-01,102,0,0,0
2014-08-31,2014/2015,Leicester City,Arsenal,1,1,1,NIGEL PEARSON,2011-11-15,2100-01-01,103,0,0,0
2014-09-13,2014/2015,Leicester City,Stoke City,0,1,0,NIGEL PEARSON,2011-11-15,2100-01-01,104,0,0,0
2014-09-21,2014/2015,Leicester City,Manchester Utd,1,5,3,NIGEL PEARSON,2011-11-15,2100-01-01,105,0,0,0
2014-09-27,2014/2015,Leicester City,Crystal Palace,0,0,2,NIGEL PEARSON,2011-11-15,2100-01-01,106,0,0,0
2014-10-04,2014/2015,Leicester City,Burnley,1,2,2,NIGEL PEARSON,2011-11-15,2100-01-01,107,0,0,0
2014-10-18,2014/2015,Leicester City,Newcastle Utd,0,0,1,NIGEL PEARSON,2011-11-15,2100-01-01,108,0,0,0
2014-10-25,2014/2015,Leicester City,Swansea City,0,0,2,NIGEL PEARSON,2011-11-15,2100-01-01,109,0,0,0
2014-11-01,2014/2015,Leicester City,West Brom,1,0,1,NIGEL PEARSON,2011-11-15,2100-01-01,110,0,0,0
2014-11-08,2014/2015,Leicester City,Southampton,0,0,2,NIGEL PEARSON,2011-11-15,2100-01-01,111,0,0,0
2014-11-22,2014/2015,Leicester City,Sunderland,1,0,0,NIGEL PEARSON,2011-11-15,2100-01-01,112,0,0,0
2014-11-29,2014/2015,Leicester City,QPR,0,2,3,NIGEL PEARSON,2011-11-15,2100-01-01,113,0,0,0
2014-12-02,2014/2015,Leicester City,Liverpool,1,1,3,NIGEL PEARSON,2011-11-15,2100-01-01,114,0,0,0
2014-12-07,2014/2015,Leicester City,Aston Villa,0,1,2,NIGEL PEARSON,2011-11-15,2100-01-01,115,0,0,0
2014-12-13,2014/2015,Leicester City,Manchester City,1,0,1,NIGEL PEARSON,2011-11-15,2100-01-01,116,0,0,0
2014-12-20,2014/2015,Leicester City,West Ham,0,0,2,NIGEL PEARSON,2011-11-15,2100-01-01,117,0,0,0
2014-12-26,2014/2015,Leicester City,Tottenham,1,1,2,NIGEL PEARSON,2011-11-15,2100-01-01,118,0,0,0
2014-12-28,2014/2015,Leicester City,Hull City,0,1,0,NIGEL PEARSON,2011-11-15,2100-01-01,119,0,0,0
2015-01-01,2014/2015,Leicester City,Liverpool,0,2,2,NIGEL PEARSON,2011-11-15,2100-01-01,120,0,0,0
2015-01-10,2014/2015,Leicester City,Aston Villa,1,1,0,NIGEL PEARSON,2011-11-15,2100-01-01,121,0,0,0
2014-08-17,2014/2015,Liverpool,Southampton,1,2,1,BRENDAN RODGERS,2012-06-01,2015-10-04,101,0,0,0
2014-08-25,2014/2015,Liverpool,Manchester City,0,1,3,BRENDAN RODGERS,2012-06-01,2015-10-04,102,0,0,0
2014-08-31,2014/2015,Liverpool,Tottenham,0,3,0,BRENDAN RODGERS,2012-06-01,2015-10-04,103,0,0,0
2014-09-13,2014/2015,Liverpool,Aston Villa,1,0,1,BRENDAN RODGERS,2012-06-01,2015-10-04,104,0,0,0
2014-09-20,2014/2015,Liverpool,West Ham,0,1,3,BRENDAN RODGERS,2012-06-01,2015-10-04,105,0,0,0
2014-09-27,2014/2015,Liverpool,Everton,1,1,1,BRENDAN RODGERS,2012-06-01,2015-10-04,106,0,0,0
2014-10-04,2014/2015,Liverpool,West Brom,1,2,1,BRENDAN RODGERS,2012-06-01,2015-10-04,107,0,0,0
2014-10-19,2014/2015,Liverpool,QPR,0,3,2,BRENDAN RODGERS,2012-06-01,2015-10-04,108,0,0,0
2014-10-25,2014/2015,Liverpool,Hull City,1,0,0,BRENDAN RODGERS,2012-06-01,2015-10-04,109,0,0,0
2014-11-01,2014/2015,Liverpool,Newcastle Utd,0,0,1,BRENDAN RODGERS,2012-06-01,2015-10-04,110,0,0,0
2014-11-08,2014/2015,Liverpool,Chelsea,1,1,2,BRENDAN RODGERS,2012-06-01,2015-10-04,111,0,0,0
2014-11-23,2014/2015,Liverpool,Crystal Palace,0,1,3,BRENDAN RODGERS,2012-06-01,2015-10-04,112,0,0,0
2014-11-29,2014/2015,Liverpool,Stoke City,1,1,0,BRENDAN RODGERS,2012-06-01,2015-10-04,113,0,0,0
2014-12-02,2014/2015,Liverpool,Leicester City,0,3,1,BRENDAN RODGERS,2012-06-01,2015-10-04,114,0,0,0
2014-12-06,2014/2015,Liverpool,Sunderland,1,0,0,BRENDAN RODGERS,2012-06-01,2015-10-04,115,0,0,0
2014-12-14,2014/2015,Liverpool,Manchester Utd,0,0,3,BRENDAN RODGERS,2012-06-01,2015-10-04,116,0,0,0
2014-12-21,2014/2015,Liverpool,Arsenal,1,2,2,BRENDAN RODGERS,2012-06-01,2015-10-04,117,0,0,0
2014-12-26,2014/2015,Liverpool,Burnley,0,1,0,BRENDAN RODGERS,2012-06-01,2015-10-04,118,0,0,0
2014-12-29,2014/2015,Liverpool,Swansea City,1,4,1,BRENDAN RODGERS,2012-06-01,2015-10-04,119,0,0,0
2015-01-01,2014/2015,Liverpool,Leicester City,1,2,2,BRENDAN RODGERS,2012-06-01,2015-10-04,120,0,0,0
2015-01-10,2014/2015,Liverpool,Sunderland,0,1,0,BRENDAN RODGERS,2012-06-01,2015-10-04,121,0,0,0
2015-01-17,2014/2015,Liverpool,Aston Villa,0,2,0,BRENDAN RODGERS,2012-06-01,2015-10-04,122,0,0,0
2015-01-31,2014/2015,Liverpool,West Ham,1,2,0,BRENDAN RODGERS,2012-06-01,2015-10-04,123,0,0,0
2015-02-07,2014/2015,Liverpool,Everton,0,0,0,BRENDAN RODGERS,2012-06-01,2015-10-04,124,0,0,0
2015-02-10,2014/2015,Liverpool,Tottenham,1,3,2,BRENDAN RODGERS,2012-06-01,2015-10-04,125,0,0,0
2015-02-22,2014/2015,Liverpool,Southampton,0,2,0,BRENDAN RODGERS,2012-06-01,2015-10-04,126,0,0,0
2015-03-01,2014/2015,Liverpool,Manchester City,1,2,1,BRENDAN RODGERS,2012-06-01,2015-10-04,127,0,0,0
2015-03-04,2014/2015,Liverpool,Burnley,1,2,0,BRENDAN RODGERS,2012-06-01,2015-10-04,128,0,0,0
2015-03-16,2014/2015,Liverpool,Swansea City,0,1,0,BRENDAN RODGERS,2012-06-01,2015-10-04,129,0,0,0
2015-03-22,2014/2015,Liverpool,Manchester Utd,1,1,2,BRENDAN RODGERS,2012-06-01,2015-10-04,130,0,0,0
2015-04-04,2014/2015,Liverpool,Arsenal,0,1,4,BRENDAN RODGERS,2012-06-01,2015-10-04,131,0,0,0
2015-04-13,2014/2015,Liverpool,Newcastle Utd,1,2,0,BRENDAN RODGERS,2012-06-01,2015-10-04,132,0,0,0
2015-04-25,2014/2015,Liverpool,West Brom,0,0,0,BRENDAN RODGERS,2012-06-01,2015-10-04,133,0,0,0
2015-04-28,2014/2015,Liverpool,Hull City,0,0,1,BRENDAN RODGERS,2012-06-01,2015-10-04,134,0,0,0
2015-05-02,2014/2015,Liverpool,QPR,1,2,1,BRENDAN RODGERS,2012-06-01,2015-10-04,135,0,0,0
2015-05-10,2014/2015,Liverpool,Chelsea,0,1,1,BRENDAN RODGERS,2012-06-01,2015-10-04,136,0,0,0
2015-05-16,2014/2015,Liverpool,Crystal Palace,1,1,3,BRENDAN RODGERS,2012-06-01,2015-10-04,137,0,0,0
2015-05-24,2014/2015,Liverpool,Stoke City,0,1,6,BRENDAN RODGERS,2012-06-01,2015-10-04,138,0,0,0
2015-08-09,2015/2016,Liverpool,Stoke City,0,1,0,BRENDAN RODGERS,2012-06-01,2015-10-04,139,0,0,0
2015-08-17,2015/2016,Liverpool,Bournemouth,1,1,0,BRENDAN RODGERS,2012-06-01,2015-10-04,140,0,0,0
2015-08-24,2015/2016,Liverpool,Arsenal,0,0,0,BRENDAN RODGERS,2012-06-01,2015-10-04,141,0,0,0
2015-08-29,2015/2016,Liverpool,West Ham,1,0,3,BRENDAN RODGERS,2012-06-01,2015-10-04,142,0,0,0
2015-09-12,2015/2016,Liverpool,Manchester Utd,0,1,3,BRENDAN RODGERS,2012-06-01,2015-10-04,143,0,0,0
2015-09-20,2015/2016,Liverpool,Norwich City,1,1,1,BRENDAN RODGERS,2012-06-01,2015-10-04,144,0,0,0
2015-09-26,2015/2016,Liverpool,Aston Villa,1,3,2,BRENDAN RODGERS,2012-06-01,2015-10-04,145,0,0,0
2015-10-04,2015/2016,Liverpool,Everton,0,1,1,BRENDAN RODGERS,2012-06-01,2015-10-04,146,0,0,0
2015-10-17,2015/2016,Liverpool,Tottenham,0,0,0,JURGEN KLOPP,2015-10-08,2024-05-19,1,1,0,0
2015-10-25,2015/2016,Liverpool,Southampton,1,1,1,JURGEN KLOPP,2015-10-08,2024-05-19,2,1,0,0
2015-10-31,2015/2016,Liverpool,Chelsea,0,3,1,JURGEN KLOPP,2015-10-08,2024-05-19,3,1,0,0
2015-11-08,2015/2016,Liverpool,Crystal Palace,1,1,2,JURGEN KLOPP,2015-10-08,2024-05-19,4,0,1,0
2015-11-21,2015/2016,Liverpool,Manchester City,0,4,1,JURGEN KLOPP,2015-10-08,2024-05-19,5,0,1,0
2015-11-29,2015/2016,Liverpool,Swansea City,1,1,0,JURGEN KLOPP,2015-10-08,2024-05-19,6,0,1,0
2015-12-06,2015/2016,Liverpool,Newcastle Utd,0,0,2,JURGEN KLOPP,2015-10-08,2024-05-19,7,0,0,1
2015-12-13,2015/2016,Liverpool,West Brom,1,2,2,JURGEN KLOPP,2015-10-08,2024-05-19,8,0,0,1
2015-12-20,2015/2016,Liverpool,Watford,0,0,3,JURGEN KLOPP,2015-10-08,2024-05-19,9,0,0,1
2015-12-26,2015/2016,Liverpool,Leicester City,1,1,0,JURGEN KLOPP,2015-10-08,2024-05-19,10,0,0,1
2015-12-30,2015/2016,Liverpool,Sunderland,0,1,0,JURGEN KLOPP,2015-10-08,2024-05-19,11,0,0,0
2016-01-02,2015/2016,Liverpool,West Ham,0,0,2,JURGEN KLOPP,2015-10-08,2024-05-19,12,0,0,0
2016-01-13,2015/2016,Liverpool,Arsenal,1,3,3,JURGEN KLOPP,2015-10-08,2024-05-19,13,0,0,0
2016-01-17,2015/2016,Liverpool,Manchester Utd,1,0,1,JURGEN KLOPP,2015-10-08,2024-05-19,14,0,0,0
2016-01-23,2015/2016,Liverpool,Norwich City,0,5,4,JURGEN KLOPP,2015-10-08,2024-05-19,15,0,0,0
2016-02-02,2015/2016,Liverpool,Leicester City,0,0,2,JURGEN KLOPP,2015-10-08,2024-05-19,16,0,0,0
2016-02-06,2015/2016,Liverpool,Sunderland,1,2,2,JURGEN KLOPP,2015-10-08,2024-05-19,17,0,0,0
2016-02-14,2015/2016,Liverpool,Aston Villa,0,6,0,JURGEN KLOPP,2015-10-08,2024-05-19,18,0,0,0
2016-03-02,2015/2016,Liverpool,Manchester City,1,3,0,JURGEN KLOPP,2015-10-08,2024-05-19,19,0,0,0
2016-03-06,2015/2016,Liverpool,Crystal Palace,0,2,1,JURGEN KLOPP,2015-10-08,2024-05-19,20,0,0,0
2016-03-20,2015/2016,Liverpool,Southampton,0,2,3,JURGEN KLOPP,2015-10-08,2024-05-19,21,0,0,0
2016-04-02,2015/2016,Liverpool,Tottenham,1,1,1,JURGEN KLOPP,2015-10-08,2024-05-19,22,0,0,0
2016-04-10,2015/2016,Liverpool,Stoke City,1,4,1,JURGEN KLOPP,2015-10-08,2024-05-19,23,0,0,0
2016-04-17,2015/2016,Liverpool,Bournemouth,0,2,1,JURGEN KLOPP,2015-10-08,2024-05-19,24,0,0,0
2016-04-20,2015/2016,Liverpool,Everton,1,4,0,JURGEN KLOPP,2015-10-08,2024-05-19,25,0,0,0
2016-04-23,2015/2016,Liverpool,Newcastle Utd,1,2,2,JURGEN KLOPP,2015-10-08,2024-05-19,26,0,0,0
2016-05-01,2015/2016,Liverpool,Swansea City,0,1,3,JURGEN KLOPP,2015-10-08,2024-05-19,27,0,0,0
2016-05-08,2015/2016,Liverpool,Watford,1,2,0,JURGEN KLOPP,2015-10-08,2024-05-19,28,0,0,0
2016-05-11,2015/2016,Liverpool,Chelsea,1,1,1,JURGEN KLOPP,2015-10-08,2024-05-19,29,0,0,0
2016-05-15,2015/2016,Liverpool,West Brom,0,1,1,JURGEN KLOPP,2015-10-08,2024-05-19,30,0,0,0
2016-08-14,2016/2017,Liverpool,Arsenal,0,4,3,JURGEN KLOPP,2015-10-08,2024-05-19,31,0,0,0
2016-08-20,2016/2017,Liverpool,Burnley,0,0,2,JURGEN KLOPP,2015-10-08,2024-05-19,32,0,0,0
2016-08-27,2016/2017,Liverpool,Tottenham,0,1,1,JURGEN KLOPP,2015-10-08,2024-05-19,33,0,0,0
2016-09-10,2016/2017,Liverpool,Leicester City,1,4,1,JURGEN KLOPP,2015-10-08,2024-05-19,34,0,0,0
2016-09-16,2016/2017,Liverpool,Chelsea,0,2,1,JURGEN KLOPP,2015-10-08,2024-05-19,35,0,0,0
2016-09-24,2016/2017,Liverpool,Hull City,1,5,1,JURGEN KLOPP,2015-10-08,2024-05-19,36,0,0,0
2016-10-01,2016/2017,Liverpool,Swansea City,0,2,1,JURGEN KLOPP,2015-10-08,2024-05-19,37,0,0,0
2016-10-17,2016/2017,Liverpool,Manchester Utd,1,0,0,JURGEN KLOPP,2015-10-08,2024-05-19,38,0,0,0
2016-10-22,2016/2017,Liverpool,West Brom,1,2,1,JURGEN KLOPP,2015-10-08,2024-05-19,39,0,0,0
2016-10-29,2016/2017,Liverpool,Crystal Palace,0,4,2,JURGEN KLOPP,2015-10-08,2024-05-19,40,0,0,0
2016-11-06,2016/2017,Liverpool,Watford,1,6,1,JURGEN KLOPP,2015-10-08,2024-05-19,41,0,0,0
2016-11-19,2016/2017,Liverpool,Southampton,0,0,0,JURGEN KLOPP,2015-10-08,2024-05-19,42,0,0,0
2016-11-26,2016/2017,Liverpool,Sunderland,1,2,0,JURGEN KLOPP,2015-10-08,2024-05-19,43,0,0,0
2016-12-04,2016/2017,Liverpool,Bournemouth,0,3,4,JURGEN KLOPP,2015-10-08,2024-05-19,44,0,0,0
2016-12-11,2016/2017,Liverpool,West Ham,1,2,2,JURGEN KLOPP,2015-10-08,2024-05-19,45,0,0,0
2016-12-14,2016/2017,Liverpool,Middlesbrough,0,3,0,JURGEN KLOPP,2015-10-08,2024-05-19,46,0,0,0
2016-12-19,2016/2017,Liverpool,Everton,0,1,0,JURGEN KLOPP,2015-10-08,2024-05-19,47,0,0,0
2016-12-27,2016/2017,Liverpool,Stoke City,1,4,1,JURGEN KLOPP,2015-10-08,2024-05-19,48,0,0,0
2016-12-31,2016/2017,Liverpool,Manchester City,1,1,0,JURGEN KLOPP,2015-10-08,2024-05-19,49,0,0,0
2017-01-02,2016/2017,Liverpool,Sunderland,0,2,2,JURGEN KLOPP,2015-10-08,2024-05-19,50,0,0,0
2017-01-15,2016/2017,Liverpool,Manchester Utd,0,1,1,JURGEN KLOPP,2015-10-08,2024-05-19,51,0,0,0
2017-01-21,2016/2017,Liverpool,Swansea City,1,2,3,JURGEN KLOPP,2015-10-08,2024-05-19,52,0,0,0
2017-01-31,2016/2017,Liverpool,Chelsea,1,1,1,JURGEN KLOPP,2015-10-08,2024-05-19,53,0,0,0
2017-02-04,2016/2017,Liverpool,Hull City,0,0,2,JURGEN KLOPP,2015-10-08,2024-05-19,54,0,0,0
2017-02-11,2016/2017,Liverpool,Tottenham,1,2,0,JURGEN KLOPP,2015-10-08,2024-05-19,55,0,0,0
2017-02-27,2016/2017,Liverpool,Leicester City,0,1,3,JURGEN KLOPP,2015-10-08,2024-05-19,56,0,0,0
2017-03-04,2016/2017,Liverpool,Arsenal,1,3,1,JURGEN KLOPP,2015-10-08,2024-05-19,57,0,0,0
2017-03-12,2016/2017,Liverpool,Burnley,1,2,1,JURGEN KLOPP,2015-10-08,2024-05-19,58,0,0,0
2017-03-19,2016/2017,Liverpool,Manchester City,0,1,1,JURGEN KLOPP,2015-10-08,2024-05-19,59,0,0,0
2017-04-01,2016/2017,Liverpool,Everton,1,3,1,JURGEN KLOPP,2015-10-08,2024-05-19,60,0,0,0
2017-04-05,2016/2017,Liverpool,Bournemouth,1,2,2,JURGEN KLOPP,2015-10-08,2024-05-19,61,0,0,0
2017-04-08,2016/2017,Liverpool,Stoke City,0,2,1,JURGEN KLOPP,2015-10-08,2024-05-19,62,0,0,0
2017-04-16,2016/2017,Liverpool,West Brom,0,1,0,JURGEN KLOPP,2015-10-08,2024-05-19,63,0,0,0
2017-04-23,2016/2017,Liverpool,Crystal Palace,1,1,2,JURGEN KLOPP,2015-10-08,2024-05-19,64,0,0,0
2017-05-01,2016/2017,Liverpool,Watford,0,1,0,JURGEN KLOPP,2015-10-08,2024-05-19,65,0,0,0
2017-05-07,2016/2017,Liverpool,Southampton,1,0,0,JURGEN KLOPP,2015-10-08,2024-05-19,66,0,0,0
2017-05-14,2016/2017,Liverpool,West Ham,0,4,0,JURGEN KLOPP,2015-10-08,2024-05-19,67,0,0,0
2017-05-21,2016/2017,Liverpool,Middlesbrough,1,3,0,JURGEN KLOPP,2015-10-08,2024-05-19,68,0,0,0
2017-08-12,2017/2018,Liverpool,Watford,0,3,3,JURGEN KLOPP,2015-10-08,2024-05-19,69,0,0,0
2017-08-19,2017/2018,Liverpool,Crystal Palace,1,1,0,JURGEN KLOPP,2015-10-08,2024-05-19,70,0,0,0
2017-08-27,2017/2018,Liverpool,Arsenal,1,4,0,JURGEN KLOPP,2015-10-08,2024-05-19,71,0,0,0
2017-09-09,2017/2018,Liverpool,Manchester City,0,0,5,JURGEN KLOPP,2015-10-08,2024-05-19,72,0,0,0
2017-09-16,2017/2018,Liverpool,Burnley,1,1,1,JURGEN KLOPP,2015-10-08,2024-05-19,73,0,0,0
2017-09-23,2017/2018,Liverpool,Leicester City,0,3,2,JURGEN KLOPP,2015-10-08,2024-05-19,74,0,0,0
2017-10-01,2017/2018,Liverpool,Newcastle Utd,0,1,1,JURGEN KLOPP,2015-10-08,2024-05-19,75,0,0,0
2017-10-14,2017/2018,Liverpool,Manchester Utd,1,0,0,JURGEN KLOPP,2015-10-08,2024-05-19,76,0,0,0
2017-10-22,2017/2018,Liverpool,Tottenham,0,1,4,JURGEN KLOPP,2015-10-08,2024-05-19,77,0,0,0
2017-10-28,2017/2018,Liverpool,Huddersfield,1,3,0,JURGEN KLOPP,2015-10-08,2024-05-19,78,0,0,0
2017-11-04,2017/2018,Liverpool,West Ham,0,4,1,JURGEN KLOPP,2015-10-08,2024-05-19,79,0,0,0
2017-11-18,2017/2018,Liverpool,Southampton,1,3,0,JURGEN KLOPP,2015-10-08,2024-05-19,80,0,0,0
2017-11-25,2017/2018,Liverpool,Chelsea,1,1,1,JURGEN KLOPP,2015-10-08,2024-05-19,81,0,0,0
2017-11-29,2017/2018,Liverpool,Stoke City,0,3,0,JURGEN KLOPP,2015-10-08,2024-05-19,82,0,0,0
2017-12-02,2017/2018,Liverpool,Brighton,0,5,1,JURGEN KLOPP,2015-10-08,2024-05-19,83,0,0,0
2017-12-10,2017/2018,Liverpool,Everton,1,1,1,JURGEN KLOPP,2015-10-08,2024-05-19,84,0,0,0
2017-12-13,2017/2018,Liverpool,West Brom,1,0,0,JURGEN KLOPP,2015-10-08,2024-05-19,85,0,0,0
2017-12-17,2017/2018,Liverpool,Bournemouth,0,4,0,JURGEN KLOPP,2015-10-08,2024-05-19,86,0,0,0
2017-12-22,2017/2018,Liverpool,Arsenal,0,3,3,JURGEN KLOPP,2015-10-08,2024-05-19,87,0,0,0
2017-12-26,2017/2018,Liverpool,Swansea City,1,5,0,JURGEN KLOPP,2015-10-08,2024-05-19,88,0,0,0
2017-12-30,2017/2018,Liverpool,Leicester City,1,2,1,JURGEN KLOPP,2015-10-08,2024-05-19,89,0,0,0
2018-01-01,2017/2018,Liverpool,Burnley,0,2,1,JURGEN KLOPP,2015-10-08,2024-05-19,90,0,0,0
2018-01-14,2017/2018,Liverpool,Manchester City,1,4,3,JURGEN KLOPP,2015-10-08,2024-05-19,91,0,0,0
2018-01-22,2017/2018,Liverpool,Swansea City,0,0,1,JURGEN KLOPP,2015-10-08,2024-05-19,92,0,0,0
2018-01-30,2017/2018,Liverpool,Huddersfield,0,3,0,JURGEN KLOPP,2015-10-08,2024-05-19,93,0,0,0
2018-02-04,2017/2018,Liverpool,Tottenham,1,2,2,JURGEN KLOPP,2015-10-08,2024-05-19,94,0,0,0
2018-02-11,2017/2018,Liverpool,Southampton,0,2,0,JURGEN KLOPP,2015-10-08,2024-05-19,95,0,0,0
2018-02-24,2017/2018,Liverpool,West Ham,1,4,1,JURGEN KLOPP,2015-10-08,2024-05-19,96,0,0,0
2018-03-03,2017/2018,Liverpool,Newcastle Utd,1,2,0,JURGEN KLOPP,2015-10-08,2024-05-19,97,0,0,0
2018-03-10,2017/2018,Liverpool,Manchester Utd,0,1,2,JURGEN KLOPP,2015-10-08,2024-05-19,98,0,0,0
2018-03-17,2017/2018,Liverpool,Watford,1,5,0,JURGEN KLOPP,2015-10-08,2024-05-19,99,0,0,0
2018-03-31,2017/2018,Liverpool,Crystal Palace,0,2,1,JURGEN KLOPP,2015-10-08,2024-05-19,100,0,0,0
2018-04-07,2017/2018,Liverpool,Everton,0,0,0,JURGEN KLOPP,2015-10-08,2024-05-19,101,0,0,0
2018-04-14,2017/2018,Liverpool,Bournemouth,1,3,0,JURGEN KLOPP,2015-10-08,2024-05-19,102,0,0,0
2018-04-21,2017/2018,Liverpool,West Brom,0,2,2,JURGEN KLOPP,2015-10-08,2024-05-19,103,0,0,0
2018-04-28,2017/2018,Liverpool,Stoke City,1,0,0,JURGEN KLOPP,2015-10-08,2024-05-19,104,0,0,0
2018-05-06,2017/2018,Liverpool,Chelsea,0,0,1,JURGEN KLOPP,2015-10-08,2024-05-19,105,0,0,0
2018-05-13,2017/2018,Liverpool,Brighton,1,4,0,JURGEN KLOPP,2015-10-08,2024-05-19,106,0,0,0
2018-08-12,2018/2019,Liverpool,West Ham,1,4,0,JURGEN KLOPP,2015-10-08,2024-05-19,107,0,0,0
2018-08-20,2018/2019,Liverpool,Crystal Palace,0,2,0,JURGEN KLOPP,2015-10-08,2024-05-19,108,0,0,0
2018-08-25,2018/2019,Liverpool,Brighton,1,1,0,JURGEN KLOPP,2015-10-08,2024-05-19,109,0,0,0
2018-09-01,2018/2019,Liverpool,Leicester City,0,2,1,JURGEN KLOPP,2015-10-08,2024-05-19,110,0,0,0
2018-09-15,2018/2019,Liverpool,Tottenham,0,2,1,JURGEN KLOPP,2015-10-08,2024-05-19,111,0,0,0
2018-09-22,2018/2019,Liverpool,Southampton,1,3,0,JURGEN KLOPP,2015-10-08,2024-05-19,112,0,0,0
2018-09-29,2018/2019,Liverpool,Chelsea,0,1,1,JURGEN KLOPP,2015-10-08,2024-05-19,113,0,0,0
2018-10-07,2018/2019,Liverpool,Manchester City,1,0,0,JURGEN KLOPP,2015-10-08,2024-05-19,114,0,0,0
2018-10-20,2018/2019,Liverpool,Huddersfield,0,1,0,JURGEN KLOPP,2015-10-08,2024-05-19,115,0,0,0
2018-10-27,2018/2019,Liverpool,Cardiff City,1,4,1,JURGEN KLOPP,2015-10-08,2024-05-19,116,0,0,0
2018-11-03,2018/2019,Liverpool,Arsenal,0,1,1,JURGEN KLOPP,2015-10-08,2024-05-19,117,0,0,0
2018-11-11,2018/2019,Liverpool,Fulham,1,2,0,JURGEN KLOPP,2015-10-08,2024-05-19,118,0,0,0
2018-11-24,2018/2019,Liverpool,Watford,0,3,0,JURGEN KLOPP,2015-10-08,2024-05-19,119,0,0,0
2018-12-02,2018/2019,Liverpool,Everton,1,1,0,JURGEN KLOPP,2015-10-08,2024-05-19,120,0,0,0
2018-12-05,2018/2019,Liverpool,Burnley,0,3,1,JURGEN KLOPP,2015-10-08,2024-05-19,121,0,0,0
2018-12-08,2018/2019,Liverpool,Bournemouth,0,4,0,JURGEN KLOPP,2015-10-08,2024-05-19,122,0,0,0
2018-12-16,2018/2019,Liverpool,Manchester Utd,1,3,1,JURGEN KLOPP,2015-10-08,2024-05-19,123,0,0,0
2018-12-21,2018/2019,Liverpool,Wolves,0,2,0,JURGEN KLOPP,2015-10-08,2024-05-19,124,0,0,0
2018-12-26,2018/2019,Liverpool,Newcastle Utd,1,4,0,JURGEN KLOPP,2015-10-08,2024-05-19,125,0,0,0
2018-12-29,2018/2019,Liverpool,Arsenal,1,5,1,JURGEN KLOPP,2015-10-08,2024-05-19,126,0,0,0
2019-01-03,2018/2019,Liverpool,Manchester City,0,1,2,JURGEN KLOPP,2015-10-08,2024-05-19,127,0,0,0
2019-01-12,2018/2019,Liverpool,Brighton,0,1,0,JURGEN KLOPP,2015-10-08,2024-05-19,128,0,0,0
2019-01-19,2018/2019,Liverpool,Crystal Palace,1,4,3,JURGEN KLOPP,2015-10-08,2024-05-19,129,0,0,0
2019-01-30,2018/2019,Liverpool,Leicester City,1,1,1,JURGEN KLOPP,2015-10-08,2024-05-19,130,0,0,0
2019-02-04,2018/2019,Liverpool,West Ham,0,1,1,JURGEN KLOPP,2015-10-08,2024-05-19,131,0,0,0
2019-02-09,2018/2019,Liverpool,Bournemouth,1,3,0,JURGEN KLOPP,2015-10-08,2024-05-19,132,0,0,0
2019-02-24,2018/2019,Liverpool,Manchester Utd,0,0,0,JURGEN KLOPP,2015-10-08,2024-05-19,133,0,0,0
2019-02-27,2018/2019,Liverpool,Watford,1,5,0,JURGEN KLOPP,2015-10-08,2024-05-19,134,0,0,0
2019-03-03,2018/2019,Liverpool,Everton,0,0,0,JURGEN KLOPP,2015-10-08,2024-05-19,135,0,0,0
2019-03-10,2018/2019,Liverpool,Burnley,1,4,2,JURGEN KLOPP,2015-10-08,2024-05-19,136,0,0,0
2019-03-17,2018/2019,Liverpool,Fulham,0,2,1,JURGEN KLOPP,2015-10-08,2024-05-19,137,0,0,0
2019-03-31,2018/2019,Liverpool,Tottenham,1,2,1,JURGEN KLOPP,2015-10-08,2024-05-19,138,0,0,0
2019-04-05,2018/2019,Liverpool,Southampton,0,3,1,JURGEN KLOPP,2015-10-08,2024-05-19,139,0,0,0
2019-04-14,2018/2019,Liverpool,Chelsea,1,2,0,JURGEN KLOPP,2015-10-08,2024-05-19,140,0,0,0
2019-04-21,2018/2019,Liverpool,Cardiff City,0,2,0,JURGEN KLOPP,2015-10-08,2024-05-19,141,0,0,0
2019-04-26,2018/2019,Liverpool,Huddersfield,1,5,0,JURGEN KLOPP,2015-10-08,2024-05-19,142,0,0,0
2019-05-04,2018/2019,Liverpool,Newcastle Utd,0,3,2,JURGEN KLOPP,2015-10-08,2024-05-19,143,0,0,0
2019-05-12,2018/2019,Liverpool,Wolves,1,2,0,JURGEN KLOPP,2015-10-08,2024-05-19,144,0,0,0
2019-08-09,2019/2020,Liverpool,Norwich City,1,4,1,JURGEN KLOPP,2015-10-08,2024-05-19,145,0,0,0
2019-08-17,2019/2020,Liverpool,Southampton,0,2,1,JURGEN KLOPP,2015-10-08,2024-05-19,146,0,0,0
2019-08-24,2019/2020,Liverpool,Arsenal,1,3,1,JURGEN KLOPP,2015-10-08,2024-05-19,147,0,0,0
2019-08-31,2019/2020,Liverpool,Burnley,0,3,0,JURGEN KLOPP,2015-10-08,2024-05-19,148,0,0,0
2019-09-14,2019/2020,Liverpool,Newcastle Utd,1,3,1,JURGEN KLOPP,2015-10-08,2024-05-19,149,0,0,0
2019-09-22,2019/2020,Liverpool,Chelsea,0,2,1,JURGEN KLOPP,2015-10-08,2024-05-19,150,0,0,0
2019-09-28,2019/2020,Liverpool,Sheffield Utd,0,1,0,JURGEN KLOPP,2015-10-08,2024-05-19,151,0,0,0
2019-10-05,2019/2020,Liverpool,Leicester City,1,2,1,JURGEN KLOPP,2015-10-08,2024-05-19,152,0,0,0
2019-10-20,2019/2020,Liverpool,Manchester Utd,0,1,1,JURGEN KLOPP,2015-10-08,2024-05-19,153,0,0,0
2019-10-27,2019/2020,Liverpool,Tottenham,1,2,1,JURGEN KLOPP,2015-10-08,2024-05-19,154,0,0,0
2019-11-02,2019/2020,Liverpool,Aston Villa,0,2,1,JURGEN KLOPP,2015-10-08,2024-05-19,155,0,0,0
2019-11-10,2019/2020,Liverpool,Manchester City,1,3,1,JURGEN KLOPP,2015-10-08,2024-05-19,156,0,0,0
2019-11-23,2019/2020,Liverpool,Crystal Palace,0,2,1,JURGEN KLOPP,2015-10-08,2024-05-19,157,0,0,0
2019-11-30,2019/2020,Liverpool,Brighton,1,2,1,JURGEN KLOPP,2015-10-08,2024-05-19,158,0,0,0
2019-12-04,2019/2020,Liverpool,Everton,1,5,2,JURGEN KLOPP,2015-10-08,2024-05-19,159,0,0,0
2019-12-07,2019/2020,Liverpool,Bournemouth,0,3,0,JURGEN KLOPP,2015-10-08,2024-05-19,160,0,0,0
2019-12-14,2019/2020,Liverpool,Watford,1,2,0,JURGEN KLOPP,2015-10-08,2024-05-19,161,0,0,0
2019-12-26,2019/2020,Liverpool,Leicester City,0,4,0,JURGEN KLOPP,2015-10-08,2024-05-19,162,0,0,0
2019-12-29,2019/2020,Liverpool,Wolves,1,1,0,JURGEN KLOPP,2015-10-08,2024-05-19,163,0,0,0
2020-01-02,2019/2020,Liverpool,Sheffield Utd,1,2,0,JURGEN KLOPP,2015-10-08,2024-05-19,164,0,0,0
2020-01-11,2019/2020,Liverpool,Tottenham,0,1,0,JURGEN KLOPP,2015-10-08,2024-05-19,165,0,0,0
2020-01-19,2019/2020,Liverpool,Manchester Utd,1,2,0,JURGEN KLOPP,2015-10-08,2024-05-19,166,0,0,0
2020-01-23,2019/2020,Liverpool,Wolves,0,2,1,JURGEN KLOPP,2015-10-08,2024-05-19,167,0,0,0
2020-01-29,2019/2020,Liverpool,West Ham,0,2,0,JURGEN KLOPP,2015-10-08,2024-05-19,168,0,0,0
2020-02-01,2019/2020,Liverpool,Southampton,1,4,0,JURGEN KLOPP,2015-10-08,2024-05-19,169,0,0,0
2020-02-15,2019/2020,Liverpool,Norwich City,0,1,0,JURGEN KLOPP,2015-10-08,2024-05-19,170,0,0,0
2020-02-24,2019/2020,Liverpool,West Ham,1,3,2,JURGEN KLOPP,2015-10-08,2024-05-19,171,0,0,0
2020-02-29,2019/2020,Liverpool,Watford,0,0,3,JURGEN KLOPP,2015-10-08,2024-05-19,172,0,0,0
2020-03-07,2019/2020,Liverpool,Bournemouth,1,2,1,JURGEN KLOPP,2015-10-08,2024-05-19,173,0,0,0
2020-06-21,2019/2020,Liverpool,Everton,0,0,0,JURGEN KLOPP,2015-10-08,2024-05-19,174,0,0,0
2020-06-24,2019/2020,Liverpool,Crystal Palace,1,4,0,JURGEN KLOPP,2015-10-08,2024-05-19,175,0,0,0
2020-07-02,2019/2020,Liverpool,Manchester City,0,0,4,JURGEN KLOPP,2015-10-08,2024-05-19,176,0,0,0
2020-07-05,2019/2020,Liverpool,Aston Villa,1,2,0,JURGEN KLOPP,2015-10-08,2024-05-19,177,0,0,0
2020-07-08,2019/2020,Liverpool,Brighton,0,3,1,JURGEN KLOPP,2015-10-08,2024-05-19,178,0,0,0
2020-07-11,2019/2020,Liverpool,Burnley,1,1,1,JURGEN KLOPP,2015-10-08,2024-05-19,179,0,0,0
2020-07-15,2019/2020,Liverpool,Arsenal,0,1,2,JURGEN KLOPP,2015-10-08,2024-05-19,180,0,0,0
2020-07-22,2019/2020,Liverpool,Chelsea,1,5,3,JURGEN KLOPP,2015-10-08,2024-05-19,181,0,0,0
2020-07-26,2019/2020,Liverpool,Newcastle Utd,0,3,1,JURGEN KLOPP,2015-10-08,2024-05-19,182,0,0,0
2020-09-12,2020/2021,Liverpool,Leeds United,1,4,3,JURGEN KLOPP,2015-10-08,2024-05-19,183,0,0,0
2020-09-20,2020/2021,Liverpool,Chelsea,0,2,0,JURGEN KLOPP,2015-10-08,2024-05-19,184,0,0,0
2020-09-28,2020/2021,Liverpool,Arsenal,1,3,1,JURGEN KLOPP,2015-10-08,2024-05-19,185,0,0,0
2020-10-04,2020/2021,Liverpool,Aston Villa,0,2,7,JURGEN KLOPP,2015-10-08,2024-05-19,186,0,0,0
2020-10-17,2020/2021,Liverpool,Everton,0,2,2,JURGEN KLOPP,2015-10-08,2024-05-19,187,0,0,0
2020-10-24,2020/2021,Liverpool,Sheffield Utd,1,2,1,JURGEN KLOPP,2015-10-08,2024-05-19,188,0,0,0
2020-10-31,2020/2021,Liverpool,West Ham,1,2,1,JURGEN KLOPP,2015-10-08,2024-05-19,189,0,0,0
2020-11-08,2020/2021,Liverpool,Manchester City,0,1,1,JURGEN KLOPP,2015-10-08,2024-05-19,190,0,0,0
2020-11-22,2020/2021,Liverpool,Leicester City,1,3,0,JURGEN KLOPP,2015-10-08,2024-05-19,191,0,0,0
2020-11-28,2020/2021,Liverpool,Brighton,0,1,1,JURGEN KLOPP,2015-10-08,2024-05-19,192,0,0,0
2020-12-06,2020/2021,Liverpool,Wolves,1,4,0,JURGEN KLOPP,2015-10-08,2024-05-19,193,0,0,0
2020-12-13,2020/2021,Liverpool,Fulham,0,1,1,JURGEN KLOPP,2015-10-08,2024-05-19,194,0,0,0
2020-12-16,2020/2021,Liverpool,Tottenham,1,2,1,JURGEN KLOPP,2015-10-08,2024-05-19,195,0,0,0
2020-12-19,2020/2021,Liverpool,Crystal Palace,0,7,0,JURGEN KLOPP,2015-10-08,2024-05-19,196,0,0,0
2020-12-27,2020/2021,Liverpool,West Brom,1,1,1,JURGEN KLOPP,2015-10-08,2024-05-19,197,0,0,0
2020-12-30,2020/2021,Liverpool,Newcastle Utd,0,0,0,JURGEN KLOPP,2015-10-08,2024-05-19,198,0,0,0
2021-01-04,2020/2021,Liverpool,Southampton,0,0,1,JURGEN KLOPP,2015-10-08,2024-05-19,199,0,0,0
2021-01-17,2020/2021,Liverpool,Manchester Utd,1,0,0,JURGEN KLOPP,2015-10-08,2024-05-19,200,0,0,0
2021-01-21,2020/2021,Liverpool,Burnley,1,0,1,JURGEN KLOPP,2015-10-08,2024-05-19,201,0,0,0
2021-01-28,2020/2021,Liverpool,Tottenham,0,3,1,JURGEN KLOPP,2015-10-08,2024-05-19,202,0,0,0
2021-01-31,2020/2021,Liverpool,West Ham,0,3,1,JURGEN KLOPP,2015-10-08,2024-05-19,203,0,0,0
2021-02-03,2020/2021,Liverpool,Brighton,1,0,1,JURGEN KLOPP,2015-10-08,2024-05-19,204,0,0,0
2021-02-07,2020/2021,Liverpool,Manchester City,1,1,4,JURGEN KLOPP,2015-10-08,2024-05-19,205,0,0,0
2021-02-13,2020/2021,Liverpool,Leicester City,0,1,3,JURGEN KLOPP,2015-10-08,2024-05-19,206,0,0,0
2021-02-20,2020/2021,Liverpool,Everton,1,0,2,JURGEN KLOPP,2015-10-08,2024-05-19,207,0,0,0
2021-02-28,2020/2021,Liverpool,Sheffield Utd,0,2,0,JURGEN KLOPP,2015-10-08,2024-05-19,208,0,0,0
2021-03-04,2020/2021,Liverpool,Chelsea,1,0,1,JURGEN KLOPP,2015-10-08,2024-05-19,209,0,0,0
2021-03-07,2020/2021,Liverpool,Fulham,1,0,1,JURGEN KLOPP,2015-10-08,2024-05-19,210,0,0,0
2021-03-15,2020/2021,Liverpool,Wolves,0,1,0,JURGEN KLOPP,2015-10-08,2024-05-19,211,0,0,0
2021-04-03,2020/2021,Liverpool,Arsenal,0,3,0,JURGEN KLOPP,2015-10-08,2024-05-19,212,0,0,0
2021-04-10,2020/2021,Liverpool,Aston Villa,1,2,1,JURGEN KLOPP,2015-10-08,2024-05-19,213,0,0,0
2021-04-19,2020/2021,Liverpool,Leeds United,0,1,1,JURGEN KLOPP,2015-10-08,2024-05-19,214,0,0,0
2021-04-24,2020/2021,Liverpool,Newcastle Utd,1,1,1,JURGEN KLOPP,2015-10-08,2024-05-19,215,0,0,0
2021-05-08,2020/2021,Liverpool,Southampton,1,2,0,JURGEN KLOPP,2015-10-08,2024-05-19,216,0,0,0
2021-05-13,2020/2021,Liverpool,Manchester Utd,0,4,2,JURGEN KLOPP,2015-10-08,2024-05-19,217,0,0,0
2021-05-16,2020/2021,Liverpool,West Brom,0,2,1,JURGEN KLOPP,2015-10-08,2024-05-19,218,0,0,0
2021-05-19,2020/2021,Liverpool,Burnley,0,3,0,JURGEN KLOPP,2015-10-08,2024-05-19,219,0,0,0
2021-05-23,2020/2021,Liverpool,Crystal Palace,1,2,0,JURGEN KLOPP,2015-10-08,2024-05-19,220,0,0,0
2021-08-14,2021/2022,Liverpool,Norwich City,0,3,0,JURGEN KLOPP,2015-10-08,2024-05-19,221,0,0,0
2021-08-21,2021/2022,Liverpool,Burnley,1,2,0,JURGEN KLOPP,2015-10-08,2024-05-19,222,0,0,0
2021-08-28,2021/2022,Liverpool,Chelsea,1,1,1,JURGEN KLOPP,2015-10-08,2024-05-19,223,0,0,0
2021-09-12,2021/2022,Liverpool,Leeds United,0,3,0,JURGEN KLOPP,2015-10-08,2024-05-19,224,0,0,0
2021-09-18,2021/2022,Liverpool,Crystal Palace,1,3,0,JURGEN KLOPP,2015-10-08,2024-05-19,225,0,0,0
2021-09-25,2021/2022,Liverpool,Brentford,0,3,3,JURGEN KLOPP,2015-10-08,2024-05-19,226,0,0,0
2021-10-03,2021/2022,Liverpool,Manchester City,1,2,2,JURGEN KLOPP,2015-10-08,2024-05-19,227,0,0,0
2021-10-16,2021/2022,Liverpool,Watford,0,5,0,JURGEN KLOPP,2015-10-08,2024-05-19,228,0,0,0
2021-10-24,2021/2022,Liverpool,Manchester Utd,0,5,0,JURGEN KLOPP,2015-10-08,2024-05-19,229,0,0,0
2021-10-30,2021/2022,Liverpool,Brighton,1,2,2,JURGEN KLOPP,2015-10-08,2024-05-19,230,0,0,0
2021-11-07,2021/2022,Liverpool,West Ham,0,2,3,JURGEN KLOPP,2015-10-08,2024-05-19,231,0,0,0
2021-11-20,2021/2022,Liverpool,Arsenal,1,4,0,JURGEN KLOPP,2015-10-08,2024-05-19,232,0,0,0
2021-11-27,2021/2022,Liverpool,Southampton,1,4,0,JURGEN KLOPP,2015-10-08,2024-05-19,233,0,0,0
2021-12-01,2021/2022,Liverpool,Everton,0,4,1,JURGEN KLOPP,2015-10-08,2024-05-19,234,0,0,0
2021-12-04,2021/2022,Liverpool,Wolves,0,1,0,JURGEN KLOPP,2015-10-08,2024-05-19,235,0,0,0
2021-12-11,2021/2022,Liverpool,Aston Villa,1,1,0,JURGEN KLOPP,2015-10-08,2024-05-19,236,0,0,0
2021-12-16,2021/2022,Liverpool,Newcastle Utd,1,3,1,JURGEN KLOPP,2015-10-08,2024-05-19,237,0,0,0
2021-12-19,2021/2022,Liverpool,Tottenham,0,2,2,JURGEN KLOPP,2015-10-08,2024-05-19,238,0,0,0
2021-12-28,2021/2022,Liverpool,Leicester City,0,0,1,JURGEN KLOPP,2015-10-08,2024-05-19,239,0,0,0
2022-01-02,2021/2022,Liverpool,Chelsea,0,2,2,JURGEN KLOPP,2015-10-08,2024-05-19,240,0,0,0
2022-01-16,2021/2022,Liverpool,Brentford,1,3,0,JURGEN KLOPP,2015-10-08,2024-05-19,241,0,0,0
2022-01-23,2021/2022,Liverpool,Crystal Palace,0,3,1,JURGEN KLOPP,2015-10-08,2024-05-19,242,0,0,0
2022-02-10,2021/2022,Liverpool,Leicester City,1,2,0,JURGEN KLOPP,2015-10-08,2024-05-19,243,0,0,0
2022-02-13,2021/2022,Liverpool,Burnley,0,1,0,JURGEN KLOPP,2015-10-08,2024-05-19,244,0,0,0
2022-02-19,2021/2022,Liverpool,Norwich City,1,3,1,JURGEN KLOPP,2015-10-08,2024-05-19,245,0,0,0
2022-02-23,2021/2022,Liverpool,Leeds United,1,6,0,JURGEN KLOPP,2015-10-08,2024-05-19,246,0,0,0
2022-03-05,2021/2022,Liverpool,West Ham,1,1,0,JURGEN KLOPP,2015-10-08,2024-05-19,247,0,0,0
2022-03-12,2021/2022,Liverpool,Brighton,0,2,0,JURGEN KLOPP,2015-10-08,2024-05-19,248,0,0,0
2022-03-16,2021/2022,Liverpool,Arsenal,0,2,0,JURGEN KLOPP,2015-10-08,2024-05-19,249,0,0,0
2022-04-02,2021/2022,Liverpool,Watford,1,2,0,JURGEN KLOPP,2015-10-08,2024-05-19,250,0,0,0
2022-04-10,2021/2022,Liverpool,Manchester City,0,2,2,JURGEN KLOPP,2015-10-08,2024-05-19,251,0,0,0
2022-04-19,2021/2022,Liverpool,Manchester Utd,1,4,0,JURGEN KLOPP,2015-10-08,2024-05-19,252,0,0,0
2022-04-24,2021/2022,Liverpool,Everton,1,2,0,JURGEN KLOPP,2015-10-08,2024-05-19,253,0,0,0
2022-04-30,2021/2022,Liverpool,Newcastle Utd,0,1,0,JURGEN KLOPP,2015-10-08,2024-05-19,254,0,0,0
2022-05-07,2021/2022,Liverpool,Tottenham,1,1,1,JURGEN KLOPP,2015-10-08,2024-05-19,255,0,0,0
2022-05-10,2021/2022,Liverpool,Aston Villa,0,2,1,JURGEN KLOPP,2015-10-08,2024-05-19,256,0,0,0
2022-05-17,2021/2022,Liverpool,Southampton,0,2,1,JURGEN KLOPP,2015-10-08,2024-05-19,257,0,0,0
2022-05-22,2021/2022,Liverpool,Wolves,1,3,1,JURGEN KLOPP,2015-10-08,2024-05-19,258,0,0,0
2022-08-06,2022/2023,Liverpool,Fulham,0,2,2,JURGEN KLOPP,2015-10-08,2024-05-19,259,0,0,0
2022-08-15,2022/2023,Liverpool,Crystal Palace,1,1,1,JURGEN KLOPP,2015-10-08,2024-05-19,260,0,0,0
2022-08-22,2022/2023,Liverpool,Manchester Utd,0,1,2,JURGEN KLOPP,2015-10-08,2024-05-19,261,0,0,0
2022-08-27,2022/2023,Liverpool,Bournemouth,1,9,0,JURGEN KLOPP,2015-10-08,2024-05-19,262,0,0,0
2022-08-31,2022/2023,Liverpool,Newcastle Utd,1,2,1,JURGEN KLOPP,2015-10-08,2024-05-19,263,0,0,0
2022-09-03,2022/2023,Liverpool,Everton,0,0,0,JURGEN KLOPP,2015-10-08,2024-05-19,264,0,0,0
2022-10-01,2022/2023,Liverpool,Brighton,1,3,3,JURGEN KLOPP,2015-10-08,2024-05-19,265,0,0,0
2022-10-09,2022/2023,Liverpool,Arsenal,0,2,3,JURGEN KLOPP,2015-10-08,2024-05-19,266,0,0,0
2022-10-16,2022/2023,Liverpool,Manchester City,1,1,0,JURGEN KLOPP,2015-10-08,2024-05-19,267,0,0,0
2022-10-19,2022/2023,Liverpool,West Ham,1,1,0,JURGEN KLOPP,2015-10-08,2024-05-19,268,0,0,0
2022-10-22,2022/2023,Liverpool,Nott'ham Forest,0,0,1,JURGEN KLOPP,2015-10-08,2024-05-19,269,0,0,0
2022-10-29,2022/2023,Liverpool,Leeds United,1,1,2,JURGEN KLOPP,2015-10-08,2024-05-19,270,0,0,0
2022-11-06,2022/2023,Liverpool,Tottenham,0,2,1,JURGEN KLOPP,2015-10-08,2024-05-19,271,0,0,0
2022-11-12,2022/2023,Liverpool,Southampton,1,3,1,JURGEN KLOPP,2015-10-08,2024-05-19,272,0,0,0
2022-12-26,2022/2023,Liverpool,Aston Villa,0,3,1,JURGEN KLOPP,2015-10-08,2024-05-19,273,0,0,0
2022-12-30,2022/2023,Liverpool,Leicester City,1,2,1,JURGEN KLOPP,2015-10-08,2024-05-19,274,0,0,0
2023-01-02,2022/2023,Liverpool,Brentford,0,1,3,JURGEN KLOPP,2015-10-08,2024-05-19,275,0,0,0
2023-01-14,2022/2023,Liverpool,Brighton,0,0,3,JURGEN KLOPP,2015-10-08,2024-05-19,276,0,0,0
2023-01-21,2022/2023,Liverpool,Chelsea,1,0,0,JURGEN KLOPP,2015-10-08,2024-05-19,277,0,0,0
2023-02-04,2022/2023,Liverpool,Wolves,0,0,3,JURGEN KLOPP,2015-10-08,2024-05-19,278,0,0,0
2023-02-13,2022/2023,Liverpool,Everton,1,2,0,JURGEN KLOPP,2015-10-08,2024-05-19,279,0,0,0
2023-02-18,2022/2023,Liverpool,Newcastle Utd,0,2,0,JURGEN KLOPP,2015-10-08,2024-05-19,280,0,0,0
2023-02-25,2022/2023,Liverpool,Crystal Palace,0,0,0,JURGEN KLOPP,2015-10-08,2024-05-19,281,0,0,0
2023-03-01,2022/2023,Liverpool,Wolves,1,2,0,JURGEN KLOPP,2015-10-08,2024-05-19,282,0,0,0
2023-03-05,2022/2023,Liverpool,Manchester Utd,1,7,0,JURGEN KLOPP,2015-10-08,2024-05-19,283,0,0,0
2023-03-11,2022/2023,Liverpool,Bournemouth,0,0,1,JURGEN KLOPP,2015-10-08,2024-05-19,284,0,0,0
2023-04-01,2022/2023,Liverpool,Manchester City,0,1,4,JURGEN KLOPP,2015-10-08,2024-05-19,285,0,0,0
2023-04-04,2022/2023,Liverpool,Chelsea,0,0,0,JURGEN KLOPP,2015-10-08,2024-05-19,286,0,0,0
2023-04-09,2022/2023,Liverpool,Arsenal,1,2,2,JURGEN KLOPP,2015-10-08,2024-05-19,287,0,0,0
2023-04-17,2022/2023,Liverpool,Leeds United,0,6,1,JURGEN KLOPP,2015-10-08,2024-05-19,288,0,0,0
2023-04-22,2022/2023,Liverpool,Nott'ham Forest,1,3,2,JURGEN KLOPP,2015-10-08,2024-05-19,289,0,0,0
2023-04-26,2022/2023,Liverpool,West Ham,0,2,1,JURGEN KLOPP,2015-10-08,2024-05-19,290,0,0,0
2023-04-30,2022/2023,Liverpool,Tottenham,1,4,3,JURGEN KLOPP,2015-10-08,2024-05-19,291,0,0,0
2023-05-03,2022/2023,Liverpool,Fulham,1,1,0,JURGEN KLOPP,2015-10-08,2024-05-19,292,0,0,0
2023-05-06,2022/2023,Liverpool,Brentford,1,1,0,JURGEN KLOPP,2015-10-08,2024-05-19,293,0,0,0
2023-05-15,2022/2023,Liverpool,Leicester City,0,3,0,JURGEN KLOPP,2015-10-08,2024-05-19,294,0,0,0
2023-05-20,2022/2023,Liverpool,Aston Villa,1,1,1,JURGEN KLOPP,2015-10-08,2024-05-19,295,0,0,0
2023-05-28,2022/2023,Liverpool,Southampton,0,4,4,JURGEN KLOPP,2015-10-08,2024-05-19,296,0,0,0
2023-08-13,2023/2024,Liverpool,Chelsea,0,1,1,JURGEN KLOPP,2015-10-08,2024-05-19,297,0,0,0
2023-08-19,2023/2024,Liverpool,Bournemouth,1,3,1,JURGEN KLOPP,2015-10-08,2024-05-19,298,0,0,0
2023-08-27,2023/2024,Liverpool,Newcastle Utd,0,2,1,JURGEN KLOPP,2015-10-08,2024-05-19,299,0,0,0
2023-09-03,2023/2024,Liverpool,Aston Villa,1,3,0,JURGEN KLOPP,2015-10-08,2024-05-19,300,0,0,0
2023-09-16,2023/2024,Liverpool,Wolves,0,3,1,JURGEN KLOPP,2015-10-08,2024-05-19,301,0,0,0
2023-09-24,2023/2024,Liverpool,West Ham,1,3,1,JURGEN KLOPP,2015-10-08,2024-05-19,302,0,0,0
2023-09-30,2023/2024,Liverpool,Tottenham,0,1,2,JURGEN KLOPP,2015-10-08,2024-05-19,303,0,0,0
2023-10-08,2023/2024,Liverpool,Brighton,0,2,2,JURGEN KLOPP,2015-10-08,2024-05-19,304,0,0,0
2023-10-21,2023/2024,Liverpool,Everton,1,2,0,JURGEN KLOPP,2015-10-08,2024-05-19,305,0,0,0
2023-10-29,2023/2024,Liverpool,Nott'ham Forest,1,3,0,JURGEN KLOPP,2015-10-08,2024-05-19,306,0,0,0
2023-11-05,2023/2024,Liverpool,Luton Town,0,1,1,JURGEN KLOPP,2015-10-08,2024-05-19,307,0,0,0
2023-11-12,2023/2024,Liverpool,Brentford,1,3,0,JURGEN KLOPP,2015-10-08,2024-05-19,308,0,0,0
2023-11-25,2023/2024,Liverpool,Manchester City,0,1,1,JURGEN KLOPP,2015-10-08,2024-05-19,309,0,0,0
2023-12-03,2023/2024,Liverpool,Fulham,1,4,3,JURGEN KLOPP,2015-10-08,2024-05-19,310,0,0,0
2023-12-06,2023/2024,Liverpool,Sheffield Utd,0,2,0,JURGEN KLOPP,2015-10-08,2024-05-19,311,0,0,0
2023-12-09,2023/2024,Liverpool,Crystal Palace,0,2,1,JURGEN KLOPP,2015-10-08,2024-05-19,312,0,0,0
2023-12-17,2023/2024,Liverpool,Manchester Utd,1,0,0,JURGEN KLOPP,2015-10-08,2024-05-19,313,0,0,0
2023-12-23,2023/2024,Liverpool,Arsenal,1,1,1,JURGEN KLOPP,2015-10-08,2024-05-19,314,0,0,0
2023-12-26,2023/2024,Liverpool,Burnley,0,2,0,JURGEN KLOPP,2015-10-08,2024-05-19,315,0,0,0
2024-01-01,2023/2024,Liverpool,Newcastle Utd,1,4,2,JURGEN KLOPP,2015-10-08,2024-05-19,316,0,0,0
2024-01-21,2023/2024,Liverpool,Bournemouth,0,4,0,JURGEN KLOPP,2015-10-08,2024-05-19,317,0,0,0
2024-01-31,2023/2024,Liverpool,Chelsea,1,4,1,JURGEN KLOPP,2015-10-08,2024-05-19,318,0,0,0
2024-02-04,2023/2024,Liverpool,Arsenal,0,1,3,JURGEN KLOPP,2015-10-08,2024-05-19,319,0,0,0
2024-02-10,2023/2024,Liverpool,Burnley,1,3,1,JURGEN KLOPP,2015-10-08,2024-05-19,320,0,0,0
2024-02-17,2023/2024,Liverpool,Brentford,0,4,1,JURGEN KLOPP,2015-10-08,2024-05-19,321,0,0,0
2024-02-21,2023/2024,Liverpool,Luton Town,1,4,1,JURGEN KLOPP,2015-10-08,2024-05-19,322,0,0,0
2024-03-02,2023/2024,Liverpool,Nott'ham Forest,0,1,0,JURGEN KLOPP,2015-10-08,2024-05-19,323,0,0,0
2024-03-10,2023/2024,Liverpool,Manchester City,1,1,1,JURGEN KLOPP,2015-10-08,2024-05-19,324,0,0,0
2024-03-31,2023/2024,Liverpool,Brighton,1,2,1,JURGEN KLOPP,2015-10-08,2024-05-19,325,0,0,0
2024-04-04,2023/2024,Liverpool,Sheffield Utd,1,3,1,JURGEN KLOPP,2015-10-08,2024-05-19,326,0,0,0
2024-04-07,2023/2024,Liverpool,Manchester Utd,0,2,2,JURGEN KLOPP,2015-10-08,2024-05-19,327,0,0,0
2024-04-14,2023/2024,Liverpool,Crystal Palace,1,0,1,JURGEN KLOPP,2015-10-08,2024-05-19,328,0,0,0
2024-04-21,2023/2024,Liverpool,Fulham,0,3,1,JURGEN KLOPP,2015-10-08,2024-05-19,329,0,0,0
2024-04-24,2023/2024,Liverpool,Everton,0,0,2,JURGEN KLOPP,2015-10-08,2024-05-19,330,0,0,0
2024-04-27,2023/2024,Liverpool,West Ham,0,2,2,JURGEN KLOPP,2015-10-08,2024-05-19,331,0,0,0
2024-05-05,2023/2024,Liverpool,Tottenham,1,4,2,JURGEN KLOPP,2015-10-08,2024-05-19,332,0,0,0
2024-05-13,2023/2024,Liverpool,Aston Villa,0,3,3,JURGEN KLOPP,2015-10-08,2024-05-19,333,0,0,0
2024-05-19,2023/2024,Liverpool,Wolves,1,2,0,JURGEN KLOPP,2015-10-08,2024-05-19,334,0,0,0
2023-08-12,2023/2024,Luton Town,Brighton,0,1,4,ROB EDWARDS,2022-02-17,2025-09-01,1,1,0,0
2023-08-25,2023/2024,Luton Town,Chelsea,0,0,3,ROB EDWARDS,2022-02-17,2025-09-01,2,1,0,0
2023-09-01,2023/2024,Luton Town,West Ham,1,1,2,ROB EDWARDS,2022-02-17,2025-09-01,3,1,0,0
2023-09-16,2023/2024,Luton Town,Fulham,0,0,1,ROB EDWARDS,2022-02-17,2025-09-01,4,0,1,0
2023-09-23,2023/2024,Luton Town,Wolves,1,1,1,ROB EDWARDS,2022-02-17,2025-09-01,5,0,1,0
2023-09-30,2023/2024,Luton Town,Everton,0,2,1,ROB EDWARDS,2022-02-17,2025-09-01,6,0,1,0
2023-10-03,2023/2024,Luton Town,Burnley,1,1,2,ROB EDWARDS,2022-02-17,2025-09-01,7,0,0,1
2023-10-07,2023/2024,Luton Town,Tottenham,1,0,1,ROB EDWARDS,2022-02-17,2025-09-01,8,0,0,1
2023-10-21,2023/2024,Luton Town,Nott'ham Forest,0,2,2,ROB EDWARDS,2022-02-17,2025-09-01,9,0,0,1
2023-10-29,2023/2024,Luton Town,Aston Villa,0,1,3,ROB EDWARDS,2022-02-17,2025-09-01,10,0,0,1
2023-11-05,2023/2024,Luton Town,Liverpool,1,1,1,ROB EDWARDS,2022-02-17,2025-09-01,11,0,0,0
2023-11-11,2023/2024,Luton Town,Manchester Utd,0,0,1,ROB EDWARDS,2022-02-17,2025-09-01,12,0,0,0
2023-11-25,2023/2024,Luton Town,Crystal Palace,1,2,1,ROB EDWARDS,2022-02-17,2025-09-01,13,0,0,0
2023-12-02,2023/2024,Luton Town,Brentford,0,1,3,ROB EDWARDS,2022-02-17,2025-09-01,14,0,0,0
2023-12-05,2023/2024,Luton Town,Arsenal,1,3,4,ROB EDWARDS,2022-02-17,2025-09-01,15,0,0,0
2023-12-10,2023/2024,Luton Town,Manchester City,1,1,2,ROB EDWARDS,2022-02-17,2025-09-01,16,0,0,0
2023-12-23,2023/2024,Luton Town,Newcastle Utd,1,1,0,ROB EDWARDS,2022-02-17,2025-09-01,17,0,0,0
2023-12-26,2023/2024,Luton Town,Sheffield Utd,0,3,2,ROB EDWARDS,2022-02-17,2025-09-01,18,0,0,0
2023-12-30,2023/2024,Luton Town,Chelsea,1,2,3,ROB EDWARDS,2022-02-17,2025-09-01,19,0,0,0
2024-01-12,2023/2024,Luton Town,Burnley,0,1,1,ROB EDWARDS,2022-02-17,2025-09-01,20,0,0,0
2024-01-30,2023/2024,Luton Town,Brighton,1,4,0,ROB EDWARDS,2022-02-17,2025-09-01,21,0,0,0
2024-02-03,2023/2024,Luton Town,Newcastle Utd,0,4,4,ROB EDWARDS,2022-02-17,2025-09-01,22,0,0,0
2024-02-10,2023/2024,Luton Town,Sheffield Utd,1,1,3,ROB EDWARDS,2022-02-17,2025-09-01,23,0,0,0
2024-02-18,2023/2024,Luton Town,Manchester Utd,1,1,2,ROB EDWARDS,2022-02-17,2025-09-01,24,0,0,0
2024-02-21,2023/2024,Luton Town,Liverpool,0,1,4,ROB EDWARDS,2022-02-17,2025-09-01,25,0,0,0
2024-03-02,2023/2024,Luton Town,Aston Villa,1,2,3,ROB EDWARDS,2022-02-17,2025-09-01,26,0,0,0
2024-03-09,2023/2024,Luton Town,Crystal Palace,0,1,1,ROB EDWARDS,2022-02-17,2025-09-01,27,0,0,0
2024-03-13,2023/2024,Luton Town,Bournemouth,0,3,4,ROB EDWARDS,2022-02-17,2025-09-01,28,0,0,0
2024-03-16,2023/2024,Luton Town,Nott'ham Forest,1,1,1,ROB EDWARDS,2022-02-17,2025-09-01,29,0,0,0
2024-03-30,2023/2024,Luton Town,Tottenham,0,1,2,ROB EDWARDS,2022-02-17,2025-09-01,30,0,0,0
2024-04-03,2023/2024,Luton Town,Arsenal,0,0,2,ROB EDWARDS,2022-02-17,2025-09-01,31,0,0,0
2024-04-06,2023/2024,Luton Town,Bournemouth,1,2,1,ROB EDWARDS,2022-02-17,2025-09-01,32,0,0,0
2024-04-13,2023/2024,Luton Town,Manchester City,0,1,5,ROB EDWARDS,2022-02-17,2025-09-01,33,0,0,0
2024-04-20,2023/2024,Luton Town,Brentford,1,1,5,ROB EDWARDS,2022-02-17,2025-09-01,34,0,0,0
2024-04-27,2023/2024,Luton Town,Wolves,0,1,2,ROB EDWARDS,2022-02-17,2025-09-01,35,0,0,0
2024-05-03,2023/2024,Luton Town,Everton,1,1,1,ROB EDWARDS,2022-02-17,2025-09-01,36,0,0,0
2024-05-11,2023/2024,Luton Town,West Ham,0,1,3,ROB EDWARDS,2022-02-17,2025-09-01,37,0,0,0
2024-05-19,2023/2024,Luton Town,Fulham,1,2,4,ROB EDWARDS,2022-02-17,2025-09-01,38,0,0,0
2014-08-17,2014/2015,Manchester City,Newcastle Utd,0,2,0,MANUEL PELLEGRINI,2013-01-07,2100-01-01,101,0,0,0
2014-08-25,2014/2015,Manchester City,Liverpool,1,3,1,MANUEL PELLEGRINI,2013-01-07,2100-01-01,102,0,0,0
2014-08-30,2014/2015,Manchester City,Stoke City,1,0,1,MANUEL PELLEGRINI,2013-01-07,2100-01-01,103,0,0,0
2014-09-13,2014/2015,Manchester City,Arsenal,0,2,2,MANUEL PELLEGRINI,2013-01-07,2100-01-01,104,0,0,0
2014-09-21,2014/2015,Manchester City,Chelsea,1,1,1,MANUEL PELLEGRINI,2013-01-07,2100-01-01,105,0,0,0
2014-09-27,2014/2015,Manchester City,Hull City,0,4,2,MANUEL PELLEGRINI,2013-01-07,2100-01-01,106,0,0,0
2014-10-04,2014/2015,Manchester City,Aston Villa,0,2,0,MANUEL PELLEGRINI,2013-01-07,2100-01-01,107,0,0,0
2014-10-18,2014/2015,Manchester City,Tottenham,1,4,1,MANUEL PELLEGRINI,2013-01-07,2100-01-01,108,0,0,0
2014-10-25,2014/2015,Manchester City,West Ham,0,1,2,MANUEL PELLEGRINI,2013-01-07,2100-01-01,109,0,0,0
2014-11-02,2014/2015,Manchester City,Manchester Utd,1,1,0,MANUEL PELLEGRINI,2013-01-07,2100-01-01,110,0,0,0
2014-11-08,2014/2015,Manchester City,QPR,0,2,2,MANUEL PELLEGRINI,2013-01-07,2100-01-01,111,0,0,0
2014-11-22,2014/2015,Manchester City,Swansea City,1,2,1,MANUEL PELLEGRINI,2013-01-07,2100-01-01,112,0,0,0
2014-11-30,2014/2015,Manchester City,Southampton,0,3,0,MANUEL PELLEGRINI,2013-01-07,2100-01-01,113,0,0,0
2014-12-03,2014/2015,Manchester City,Sunderland,0,4,1,MANUEL PELLEGRINI,2013-01-07,2100-01-01,114,0,0,0
2014-12-06,2014/2015,Manchester City,Everton,1,1,0,MANUEL PELLEGRINI,2013-01-07,2100-01-01,115,0,0,0
2014-12-13,2014/2015,Manchester City,Leicester City,0,1,0,MANUEL PELLEGRINI,2013-01-07,2100-01-01,116,0,0,0
2014-12-20,2014/2015,Manchester City,Crystal Palace,1,3,0,MANUEL PELLEGRINI,2013-01-07,2100-01-01,117,0,0,0
2014-12-26,2014/2015,Manchester City,West Brom,0,3,1,MANUEL PELLEGRINI,2013-01-07,2100-01-01,118,0,0,0
2014-12-28,2014/2015,Manchester City,Burnley,1,2,2,MANUEL PELLEGRINI,2013-01-07,2100-01-01,119,0,0,0
2015-01-01,2014/2015,Manchester City,Sunderland,1,3,2,MANUEL PELLEGRINI,2013-01-07,2100-01-01,120,0,0,0
2015-01-10,2014/2015,Manchester City,Everton,0,1,1,MANUEL PELLEGRINI,2013-01-07,2100-01-01,121,0,0,0
2015-01-18,2014/2015,Manchester City,Arsenal,1,0,2,MANUEL PELLEGRINI,2013-01-07,2100-01-01,122,0,0,0
2015-01-31,2014/2015,Manchester City,Chelsea,0,1,1,MANUEL PELLEGRINI,2013-01-07,2100-01-01,123,0,0,0
2015-02-07,2014/2015,Manchester City,Hull City,1,1,1,MANUEL PELLEGRINI,2013-01-07,2100-01-01,124,0,0,0
2015-02-11,2014/2015,Manchester City,Stoke City,0,4,1,MANUEL PELLEGRINI,2013-01-07,2100-01-01,125,0,0,0
2015-02-21,2014/2015,Manchester City,Newcastle Utd,1,5,0,MANUEL PELLEGRINI,2013-01-07,2100-01-01,126,0,0,0
2015-03-01,2014/2015,Manchester City,Liverpool,0,1,2,MANUEL PELLEGRINI,2013-01-07,2100-01-01,127,0,0,0
2015-03-04,2014/2015,Manchester City,Leicester City,1,2,0,MANUEL PELLEGRINI,2013-01-07,2100-01-01,128,0,0,0
2015-03-14,2014/2015,Manchester City,Burnley,0,0,1,MANUEL PELLEGRINI,2013-01-07,2100-01-01,129,0,0,0
2015-03-21,2014/2015,Manchester City,West Brom,1,3,0,MANUEL PELLEGRINI,2013-01-07,2100-01-01,130,0,0,0
2015-04-06,2014/2015,Manchester City,Crystal Palace,0,1,2,MANUEL PELLEGRINI,2013-01-07,2100-01-01,131,0,0,0
2015-04-12,2014/2015,Manchester City,Manchester Utd,0,2,4,MANUEL PELLEGRINI,2013-01-07,2100-01-01,132,0,0,0
2015-04-19,2014/2015,Manchester City,West Ham,1,2,0,MANUEL PELLEGRINI,2013-01-07,2100-01-01,133,0,0,0
2015-04-25,2014/2015,Manchester City,Aston Villa,1,3,2,MANUEL PELLEGRINI,2013-01-07,2100-01-01,134,0,0,0
2015-05-03,2014/2015,Manchester City,Tottenham,0,1,0,MANUEL PELLEGRINI,2013-01-07,2100-01-01,135,0,0,0
2015-05-10,2014/2015,Manchester City,QPR,1,6,0,MANUEL PELLEGRINI,2013-01-07,2100-01-01,136,0,0,0
2015-05-17,2014/2015,Manchester City,Swansea City,0,4,2,MANUEL PELLEGRINI,2013-01-07,2100-01-01,137,0,0,0
2015-05-24,2014/2015,Manchester City,Southampton,1,2,0,MANUEL PELLEGRINI,2013-01-07,2100-01-01,138,0,0,0
2015-08-10,2015/2016,Manchester City,West Brom,0,3,0,MANUEL PELLEGRINI,2013-01-07,2100-01-01,139,0,0,0
2015-08-16,2015/2016,Manchester City,Chelsea,1,3,0,MANUEL PELLEGRINI,2013-01-07,2100-01-01,140,0,0,0
2015-08-23,2015/2016,Manchester City,Everton,0,2,0,MANUEL PELLEGRINI,2013-01-07,2100-01-01,141,0,0,0
2015-08-29,2015/2016,Manchester City,Watford,1,2,0,MANUEL PELLEGRINI,2013-01-07,2100-01-01,142,0,0,0
2015-09-12,2015/2016,Manchester City,Crystal Palace,0,1,0,MANUEL PELLEGRINI,2013-01-07,2100-01-01,143,0,0,0
2015-09-19,2015/2016,Manchester City,West Ham,1,1,2,MANUEL PELLEGRINI,2013-01-07,2100-01-01,144,0,0,0
2015-09-26,2015/2016,Manchester City,Tottenham,0,1,4,MANUEL PELLEGRINI,2013-01-07,2100-01-01,145,0,0,0
2015-10-03,2015/2016,Manchester City,Newcastle Utd,1,6,1,MANUEL PELLEGRINI,2013-01-07,2100-01-01,146,0,0,0
2015-10-17,2015/2016,Manchester City,Bournemouth,1,5,1,MANUEL PELLEGRINI,2013-01-07,2100-01-01,147,0,0,0
2015-10-25,2015/2016,Manchester City,Manchester Utd,0,0,0,MANUEL PELLEGRINI,2013-01-07,2100-01-01,148,0,0,0
2015-10-31,2015/2016,Manchester City,Norwich City,1,2,1,MANUEL PELLEGRINI,2013-01-07,2100-01-01,149,0,0,0
2015-11-08,2015/2016,Manchester City,Aston Villa,0,0,0,MANUEL PELLEGRINI,2013-01-07,2100-01-01,150,0,0,0
2015-11-21,2015/2016,Manchester City,Liverpool,1,1,4,MANUEL PELLEGRINI,2013-01-07,2100-01-01,151,0,0,0
2015-11-28,2015/2016,Manchester City,Southampton,1,3,1,MANUEL PELLEGRINI,2013-01-07,2100-01-01,152,0,0,0
2015-12-05,2015/2016,Manchester City,Stoke City,0,0,2,MANUEL PELLEGRINI,2013-01-07,2100-01-01,153,0,0,0
2015-12-12,2015/2016,Manchester City,Swansea City,1,2,1,MANUEL PELLEGRINI,2013-01-07,2100-01-01,154,0,0,0
2015-12-21,2015/2016,Manchester City,Arsenal,0,1,2,MANUEL PELLEGRINI,2013-01-07,2100-01-01,155,0,0,0
2015-12-26,2015/2016,Manchester City,Sunderland,1,4,1,MANUEL PELLEGRINI,2013-01-07,2100-01-01,156,0,0,0
2015-12-29,2015/2016,Manchester City,Leicester City,0,0,0,MANUEL PELLEGRINI,2013-01-07,2100-01-01,157,0,0,0
2016-01-02,2015/2016,Manchester City,Watford,0,2,1,MANUEL PELLEGRINI,2013-01-07,2100-01-01,158,0,0,0
2016-01-13,2015/2016,Manchester City,Everton,1,0,0,PEP GUARDIOLA,2016-01-07,2100-01-01,1,1,0,0
2016-01-16,2015/2016,Manchester City,Crystal Palace,1,4,0,PEP GUARDIOLA,2016-01-07,2100-01-01,2,1,0,0
2016-01-23,2015/2016,Manchester City,West Ham,0,2,2,PEP GUARDIOLA,2016-01-07,2100-01-01,3,1,0,0
2016-02-02,2015/2016,Manchester City,Sunderland,0,1,0,PEP GUARDIOLA,2016-01-07,2100-01-01,4,0,1,0
2016-02-06,2015/2016,Manchester City,Leicester City,1,1,3,PEP GUARDIOLA,2016-01-07,2100-01-01,5,0,1,0
2016-02-14,2015/2016,Manchester City,Tottenham,1,1,2,PEP GUARDIOLA,2016-01-07,2100-01-01,6,0,1,0
2016-03-02,2015/2016,Manchester City,Liverpool,0,0,3,PEP GUARDIOLA,2016-01-07,2100-01-01,7,0,0,1
2016-03-05,2015/2016,Manchester City,Aston Villa,1,4,0,PEP GUARDIOLA,2016-01-07,2100-01-01,8,0,0,1
2016-03-12,2015/2016,Manchester City,Norwich City,0,0,0,PEP GUARDIOLA,2016-01-07,2100-01-01,9,0,0,1
2016-03-20,2015/2016,Manchester City,Manchester Utd,1,0,1,PEP GUARDIOLA,2016-01-07,2100-01-01,10,0,0,1
2016-04-02,2015/2016,Manchester City,Bournemouth,0,4,0,PEP GUARDIOLA,2016-01-07,2100-01-01,11,0,0,0
2016-04-09,2015/2016,Manchester City,West Brom,1,2,1,PEP GUARDIOLA,2016-01-07,2100-01-01,12,0,0,0
2016-04-16,2015/2016,Manchester City,Chelsea,0,3,0,PEP GUARDIOLA,2016-01-07,2100-01-01,13,0,0,0
2016-04-19,2015/2016,Manchester City,Newcastle Utd,0,1,1,PEP GUARDIOLA,2016-01-07,2100-01-01,14,0,0,0
2016-04-23,2015/2016,Manchester City,Stoke City,1,4,0,PEP GUARDIOLA,2016-01-07,2100-01-01,15,0,0,0
2016-05-01,2015/2016,Manchester City,Southampton,0,2,4,PEP GUARDIOLA,2016-01-07,2100-01-01,16,0,0,0
2016-05-08,2015/2016,Manchester City,Arsenal,1,2,2,PEP GUARDIOLA,2016-01-07,2100-01-01,17,0,0,0
2016-05-15,2015/2016,Manchester City,Swansea City,0,1,1,PEP GUARDIOLA,2016-01-07,2100-01-01,18,0,0,0
2016-08-13,2016/2017,Manchester City,Sunderland,1,2,1,PEP GUARDIOLA,2016-01-07,2100-01-01,19,0,0,0
2016-08-20,2016/2017,Manchester City,Stoke City,0,4,1,PEP GUARDIOLA,2016-01-07,2100-01-01,20,0,0,0
2016-08-28,2016/2017,Manchester City,West Ham,1,3,1,PEP GUARDIOLA,2016-01-07,2100-01-01,21,0,0,0
2016-09-10,2016/2017,Manchester City,Manchester Utd,0,2,1,PEP GUARDIOLA,2016-01-07,2100-01-01,22,0,0,0
2016-09-17,2016/2017,Manchester City,Bournemouth,1,4,0,PEP GUARDIOLA,2016-01-07,2100-01-01,23,0,0,0
2016-09-24,2016/2017,Manchester City,Swansea City,0,3,1,PEP GUARDIOLA,2016-01-07,2100-01-01,24,0,0,0
2016-10-02,2016/2017,Manchester City,Tottenham,0,0,2,PEP GUARDIOLA,2016-01-07,2100-01-01,25,0,0,0
2016-10-15,2016/2017,Manchester City,Everton,1,1,1,PEP GUARDIOLA,2016-01-07,2100-01-01,26,0,0,0
2016-10-23,2016/2017,Manchester City,Southampton,1,1,1,PEP GUARDIOLA,2016-01-07,2100-01-01,27,0,0,0
2016-10-29,2016/2017,Manchester City,West Brom,0,4,0,PEP GUARDIOLA,2016-01-07,2100-01-01,28,0,0,0
2016-11-05,2016/2017,Manchester City,Middlesbrough,1,1,1,PEP GUARDIOLA,2016-01-07,2100-01-01,29,0,0,0
2016-11-19,2016/2017,Manchester City,Crystal Palace,0,2,1,PEP GUARDIOLA,2016-01-07,2100-01-01,30,0,0,0
2016-11-26,2016/2017,Manchester City,Burnley,0,2,1,PEP GUARDIOLA,2016-01-07,2100-01-01,31,0,0,0
2016-12-03,2016/2017,Manchester City,Chelsea,1,1,3,PEP GUARDIOLA,2016-01-07,2100-01-01,32,0,0,0
2016-12-10,2016/2017,Manchester City,Leicester City,0,2,4,PEP GUARDIOLA,2016-01-07,2100-01-01,33,0,0,0
2016-12-14,2016/2017,Manchester City,Watford,1,2,0,PEP GUARDIOLA,2016-01-07,2100-01-01,34,0,0,0
2016-12-18,2016/2017,Manchester City,Arsenal,1,2,1,PEP GUARDIOLA,2016-01-07,2100-01-01,35,0,0,0
2016-12-26,2016/2017,Manchester City,Hull City,0,3,0,PEP GUARDIOLA,2016-01-07,2100-01-01,36,0,0,0
2016-12-31,2016/2017,Manchester City,Liverpool,0,0,1,PEP GUARDIOLA,2016-01-07,2100-01-01,37,0,0,0
2017-01-02,2016/2017,Manchester City,Burnley,1,2,1,PEP GUARDIOLA,2016-01-07,2100-01-01,38,0,0,0
2017-01-15,2016/2017,Manchester City,Everton,0,0,4,PEP GUARDIOLA,2016-01-07,2100-01-01,39,0,0,0
2017-01-21,2016/2017,Manchester City,Tottenham,1,2,2,PEP GUARDIOLA,2016-01-07,2100-01-01,40,0,0,0
2017-02-01,2016/2017,Manchester City,West Ham,0,4,0,PEP GUARDIOLA,2016-01-07,2100-01-01,41,0,0,0
2017-02-05,2016/2017,Manchester City,Swansea City,1,2,1,PEP GUARDIOLA,2016-01-07,2100-01-01,42,0,0,0
2017-02-13,2016/2017,Manchester City,Bournemouth,0,2,0,PEP GUARDIOLA,2016-01-07,2100-01-01,43,0,0,0
2017-03-05,2016/2017,Manchester City,Sunderland,0,2,0,PEP GUARDIOLA,2016-01-07,2100-01-01,44,0,0,0
2017-03-08,2016/2017,Manchester City,Stoke City,1,0,0,PEP GUARDIOLA,2016-01-07,2100-01-01,45,0,0,0
2017-03-19,2016/2017,Manchester City,Liverpool,1,1,1,PEP GUARDIOLA,2016-01-07,2100-01-01,46,0,0,0
2017-04-02,2016/2017,Manchester City,Arsenal,0,2,2,PEP GUARDIOLA,2016-01-07,2100-01-01,47,0,0,0
2017-04-05,2016/2017,Manchester City,Chelsea,0,1,2,PEP GUARDIOLA,2016-01-07,2100-01-01,48,0,0,0
2017-04-08,2016/2017,Manchester City,Hull City,1,3,1,PEP GUARDIOLA,2016-01-07,2100-01-01,49,0,0,0
2017-04-15,2016/2017,Manchester City,Southampton,0,3,0,PEP GUARDIOLA,2016-01-07,2100-01-01,50,0,0,0
2017-04-27,2016/2017,Manchester City,Manchester Utd,1,0,0,PEP GUARDIOLA,2016-01-07,2100-01-01,51,0,0,0
2017-04-30,2016/2017,Manchester City,Middlesbrough,0,2,2,PEP GUARDIOLA,2016-01-07,2100-01-01,52,0,0,0
2017-05-06,2016/2017,Manchester City,Crystal Palace,1,5,0,PEP GUARDIOLA,2016-01-07,2100-01-01,53,0,0,0
2017-05-13,2016/2017,Manchester City,Leicester City,1,2,1,PEP GUARDIOLA,2016-01-07,2100-01-01,54,0,0,0
2017-05-16,2016/2017,Manchester City,West Brom,1,3,1,PEP GUARDIOLA,2016-01-07,2100-01-01,55,0,0,0
2017-05-21,2016/2017,Manchester City,Watford,0,5,0,PEP GUARDIOLA,2016-01-07,2100-01-01,56,0,0,0
2017-08-12,2017/2018,Manchester City,Brighton,0,2,0,PEP GUARDIOLA,2016-01-07,2100-01-01,57,0,0,0
2017-08-21,2017/2018,Manchester City,Everton,1,1,1,PEP GUARDIOLA,2016-01-07,2100-01-01,58,0,0,0
2017-08-26,2017/2018,Manchester City,Bournemouth,0,2,1,PEP GUARDIOLA,2016-01-07,2100-01-01,59,0,0,0
2017-09-09,2017/2018,Manchester City,Liverpool,1,5,0,PEP GUARDIOLA,2016-01-07,2100-01-01,60,0,0,0
2017-09-16,2017/2018,Manchester City,Watford,0,6,0,PEP GUARDIOLA,2016-01-07,2100-01-01,61,0,0,0
2017-09-23,2017/2018,Manchester City,Crystal Palace,1,5,0,PEP GUARDIOLA,2016-01-07,2100-01-01,62,0,0,0
2017-09-30,2017/2018,Manchester City,Chelsea,0,1,0,PEP GUARDIOLA,2016-01-07,2100-01-01,63,0,0,0
2017-10-14,2017/2018,Manchester City,Stoke City,1,7,2,PEP GUARDIOLA,2016-01-07,2100-01-01,64,0,0,0
2017-10-21,2017/2018,Manchester City,Burnley,1,3,0,PEP GUARDIOLA,2016-01-07,2100-01-01,65,0,0,0
2017-10-28,2017/2018,Manchester City,West Brom,0,3,2,PEP GUARDIOLA,2016-01-07,2100-01-01,66,0,0,0
2017-11-05,2017/2018,Manchester City,Arsenal,1,3,1,PEP GUARDIOLA,2016-01-07,2100-01-01,67,0,0,0
2017-11-18,2017/2018,Manchester City,Leicester City,0,2,0,PEP GUARDIOLA,2016-01-07,2100-01-01,68,0,0,0
2017-11-26,2017/2018,Manchester City,Huddersfield,0,2,1,PEP GUARDIOLA,2016-01-07,2100-01-01,69,0,0,0
2017-11-29,2017/2018,Manchester City,Southampton,1,2,1,PEP GUARDIOLA,2016-01-07,2100-01-01,70,0,0,0
2017-12-03,2017/2018,Manchester City,West Ham,1,2,1,PEP GUARDIOLA,2016-01-07,2100-01-01,71,0,0,0
2017-12-10,2017/2018,Manchester City,Manchester Utd,0,2,1,PEP GUARDIOLA,2016-01-07,2100-01-01,72,0,0,0
2017-12-13,2017/2018,Manchester City,Swansea City,0,4,0,PEP GUARDIOLA,2016-01-07,2100-01-01,73,0,0,0
2017-12-16,2017/2018,Manchester City,Tottenham,1,4,1,PEP GUARDIOLA,2016-01-07,2100-01-01,74,0,0,0
2017-12-23,2017/2018,Manchester City,Bournemouth,1,4,0,PEP GUARDIOLA,2016-01-07,2100-01-01,75,0,0,0
2017-12-27,2017/2018,Manchester City,Newcastle Utd,0,1,0,PEP GUARDIOLA,2016-01-07,2100-01-01,76,0,0,0
2017-12-31,2017/2018,Manchester City,Crystal Palace,0,0,0,PEP GUARDIOLA,2016-01-07,2100-01-01,77,0,0,0
2018-01-02,2017/2018,Manchester City,Watford,1,3,1,PEP GUARDIOLA,2016-01-07,2100-01-01,78,0,0,0
2018-01-14,2017/2018,Manchester City,Liverpool,0,3,4,PEP GUARDIOLA,2016-01-07,2100-01-01,79,0,0,0
2018-01-20,2017/2018,Manchester City,Newcastle Utd,1,3,1,PEP GUARDIOLA,2016-01-07,2100-01-01,80,0,0,0
2018-01-31,2017/2018,Manchester City,West Brom,1,3,0,PEP GUARDIOLA,2016-01-07,2100-01-01,81,0,0,0
2018-02-03,2017/2018,Manchester City,Burnley,0,1,1,PEP GUARDIOLA,2016-01-07,2100-01-01,82,0,0,0
2018-02-10,2017/2018,Manchester City,Leicester City,1,5,1,PEP GUARDIOLA,2016-01-07,2100-01-01,83,0,0,0
2018-03-01,2017/2018,Manchester City,Arsenal,0,3,0,PEP GUARDIOLA,2016-01-07,2100-01-01,84,0,0,0
2018-03-04,2017/2018,Manchester City,Chelsea,1,1,0,PEP GUARDIOLA,2016-01-07,2100-01-01,85,0,0,0
2018-03-12,2017/2018,Manchester City,Stoke City,0,2,0,PEP GUARDIOLA,2016-01-07,2100-01-01,86,0,0,0
2018-03-31,2017/2018,Manchester City,Everton,0,3,1,PEP GUARDIOLA,2016-01-07,2100-01-01,87,0,0,0
2018-04-07,2017/2018,Manchester City,Manchester Utd,1,2,3,PEP GUARDIOLA,2016-01-07,2100-01-01,88,0,0,0
2018-04-14,2017/2018,Manchester City,Tottenham,0,3,1,PEP GUARDIOLA,2016-01-07,2100-01-01,89,0,0,0
2018-04-22,2017/2018,Manchester City,Swansea City,1,5,0,PEP GUARDIOLA,2016-01-07,2100-01-01,90,0,0,0
2018-04-29,2017/2018,Manchester City,West Ham,0,4,1,PEP GUARDIOLA,2016-01-07,2100-01-01,91,0,0,0
2018-05-06,2017/2018,Manchester City,Huddersfield,1,0,0,PEP GUARDIOLA,2016-01-07,2100-01-01,92,0,0,0
2018-05-09,2017/2018,Manchester City,Brighton,1,3,1,PEP GUARDIOLA,2016-01-07,2100-01-01,93,0,0,0
2018-05-13,2017/2018,Manchester City,Southampton,0,1,0,PEP GUARDIOLA,2016-01-07,2100-01-01,94,0,0,0
2018-08-12,2018/2019,Manchester City,Arsenal,0,2,0,PEP GUARDIOLA,2016-01-07,2100-01-01,95,0,0,0
2018-08-19,2018/2019,Manchester City,Huddersfield,1,6,1,PEP GUARDIOLA,2016-01-07,2100-01-01,96,0,0,0
2018-08-25,2018/2019,Manchester City,Wolves,0,1,1,PEP GUARDIOLA,2016-01-07,2100-01-01,97,0,0,0
2018-09-01,2018/2019,Manchester City,Newcastle Utd,1,2,1,PEP GUARDIOLA,2016-01-07,2100-01-01,98,0,0,0
2018-09-15,2018/2019,Manchester City,Fulham,1,3,0,PEP GUARDIOLA,2016-01-07,2100-01-01,99,0,0,0
2018-09-22,2018/2019,Manchester City,Cardiff City,0,5,0,PEP GUARDIOLA,2016-01-07,2100-01-01,100,0,0,0
2018-09-29,2018/2019,Manchester City,Brighton,1,2,0,PEP GUARDIOLA,2016-01-07,2100-01-01,101,0,0,0
2018-10-07,2018/2019,Manchester City,Liverpool,0,0,0,PEP GUARDIOLA,2016-01-07,2100-01-01,102,0,0,0
2018-10-20,2018/2019,Manchester City,Burnley,1,5,0,PEP GUARDIOLA,2016-01-07,2100-01-01,103,0,0,0
2018-10-29,2018/2019,Manchester City,Tottenham,0,1,0,PEP GUARDIOLA,2016-01-07,2100-01-01,104,0,0,0
2018-11-04,2018/2019,Manchester City,Southampton,1,6,1,PEP GUARDIOLA,2016-01-07,2100-01-01,105,0,0,0
2018-11-11,2018/2019,Manchester City,Manchester Utd,1,3,1,PEP GUARDIOLA,2016-01-07,2100-01-01,106,0,0,0
2018-11-24,2018/2019,Manchester City,West Ham,0,4,0,PEP GUARDIOLA,2016-01-07,2100-01-01,107,0,0,0
2018-12-01,2018/2019,Manchester City,Bournemouth,1,3,1,PEP GUARDIOLA,2016-01-07,2100-01-01,108,0,0,0
2018-12-04,2018/2019,Manchester City,Watford,0,2,1,PEP GUARDIOLA,2016-01-07,2100-01-01,109,0,0,0
2018-12-08,2018/2019,Manchester City,Chelsea,0,0,2,PEP GUARDIOLA,2016-01-07,2100-01-01,110,0,0,0
2018-12-15,2018/2019,Manchester City,Everton,1,3,1,PEP GUARDIOLA,2016-01-07,2100-01-01,111,0,0,0
2018-12-22,2018/2019,Manchester City,Crystal Palace,1,2,3,PEP GUARDIOLA,2016-01-07,2100-01-01,112,0,0,0
2018-12-26,2018/2019,Manchester City,Leicester City,0,1,2,PEP GUARDIOLA,2016-01-07,2100-01-01,113,0,0,0
2018-12-30,2018/2019,Manchester City,Southampton,0,3,1,PEP GUARDIOLA,2016-01-07,2100-01-01,114,0,0,0
2019-01-03,2018/2019,Manchester City,Liverpool,1,2,1,PEP GUARDIOLA,2016-01-07,2100-01-01,115,0,0,0
2019-01-14,2018/2019,Manchester City,Wolves,1,3,0,PEP GUARDIOLA,2016-01-07,2100-01-01,116,0,0,0
2019-01-20,2018/2019,Manchester City,Huddersfield,0,3,0,PEP GUARDIOLA,2016-01-07,2100-01-01,117,0,0,0
2019-01-29,2018/2019,Manchester City,Newcastle Utd,0,1,2,PEP GUARDIOLA,2016-01-07,2100-01-01,118,0,0,0
2019-02-03,2018/2019,Manchester City,Arsenal,1,3,1,PEP GUARDIOLA,2016-01-07,2100-01-01,119,0,0,0
2019-02-06,2018/2019,Manchester City,Everton,0,2,0,PEP GUARDIOLA,2016-01-07,2100-01-01,120,0,0,0
2019-02-10,2018/2019,Manchester City,Chelsea,1,6,0,PEP GUARDIOLA,2016-01-07,2100-01-01,121,0,0,0
2019-02-27,2018/2019,Manchester City,West Ham,1,1,0,PEP GUARDIOLA,2016-01-07,2100-01-01,122,0,0,0
2019-03-02,2018/2019,Manchester City,Bournemouth,0,1,0,PEP GUARDIOLA,2016-01-07,2100-01-01,123,0,0,0
2019-03-09,2018/2019,Manchester City,Watford,1,3,1,PEP GUARDIOLA,2016-01-07,2100-01-01,124,0,0,0
2019-03-30,2018/2019,Manchester City,Fulham,0,2,0,PEP GUARDIOLA,2016-01-07,2100-01-01,125,0,0,0
2019-04-03,2018/2019,Manchester City,Cardiff City,1,2,0,PEP GUARDIOLA,2016-01-07,2100-01-01,126,0,0,0
2019-04-14,2018/2019,Manchester City,Crystal Palace,0,3,1,PEP GUARDIOLA,2016-01-07,2100-01-01,127,0,0,0
2019-04-20,2018/2019,Manchester City,Tottenham,1,1,0,PEP GUARDIOLA,2016-01-07,2100-01-01,128,0,0,0
2019-04-24,2018/2019,Manchester City,Manchester Utd,0,2,0,PEP GUARDIOLA,2016-01-07,2100-01-01,129,0,0,0
2019-04-28,2018/2019,Manchester City,Burnley,0,1,0,PEP GUARDIOLA,2016-01-07,2100-01-01,130,0,0,0
2019-05-06,2018/2019,Manchester City,Leicester City,1,1,0,PEP GUARDIOLA,2016-01-07,2100-01-01,131,0,0,0
2019-05-12,2018/2019,Manchester City,Brighton,0,4,1,PEP GUARDIOLA,2016-01-07,2100-01-01,132,0,0,0
2019-08-10,2019/2020,Manchester City,West Ham,0,5,0,PEP GUARDIOLA,2016-01-07,2100-01-01,133,0,0,0
2019-08-17,2019/2020,Manchester City,Tottenham,1,2,2,PEP GUARDIOLA,2016-01-07,2100-01-01,134,0,0,0
2019-08-25,2019/2020,Manchester City,Bournemouth,0,3,1,PEP GUARDIOLA,2016-01-07,2100-01-01,135,0,0,0
2019-08-31,2019/2020,Manchester City,Brighton,1,4,0,PEP GUARDIOLA,2016-01-07,2100-01-01,136,0,0,0
2019-09-14,2019/2020,Manchester City,Norwich City,0,2,3,PEP GUARDIOLA,2016-01-07,2100-01-01,137,0,0,0
2019-09-21,2019/2020,Manchester City,Watford,1,8,0,PEP GUARDIOLA,2016-01-07,2100-01-01,138,0,0,0
2019-09-28,2019/2020,Manchester City,Everton,0,3,1,PEP GUARDIOLA,2016-01-07,2100-01-01,139,0,0,0
2019-10-06,2019/2020,Manchester City,Wolves,1,0,2,PEP GUARDIOLA,2016-01-07,2100-01-01,140,0,0,0
2019-10-19,2019/2020,Manchester City,Crystal Palace,0,2,0,PEP GUARDIOLA,2016-01-07,2100-01-01,141,0,0,0
2019-10-26,2019/2020,Manchester City,Aston Villa,1,3,0,PEP GUARDIOLA,2016-01-07,2100-01-01,142,0,0,0
2019-11-02,2019/2020,Manchester City,Southampton,1,2,1,PEP GUARDIOLA,2016-01-07,2100-01-01,143,0,0,0
2019-11-10,2019/2020,Manchester City,Liverpool,0,1,3,PEP GUARDIOLA,2016-01-07,2100-01-01,144,0,0,0
2019-11-23,2019/2020,Manchester City,Chelsea,1,2,1,PEP GUARDIOLA,2016-01-07,2100-01-01,145,0,0,0
2019-11-30,2019/2020,Manchester City,Newcastle Utd,0,2,2,PEP GUARDIOLA,2016-01-07,2100-01-01,146,0,0,0
2019-12-03,2019/2020,Manchester City,Burnley,0,4,1,PEP GUARDIOLA,2016-01-07,2100-01-01,147,0,0,0
2019-12-07,2019/2020,Manchester City,Manchester Utd,1,1,2,PEP GUARDIOLA,2016-01-07,2100-01-01,148,0,0,0
2019-12-15,2019/2020,Manchester City,Arsenal,0,3,0,PEP GUARDIOLA,2016-01-07,2100-01-01,149,0,0,0
2019-12-21,2019/2020,Manchester City,Leicester City,1,3,1,PEP GUARDIOLA,2016-01-07,2100-01-01,150,0,0,0
2019-12-27,2019/2020,Manchester City,Wolves,0,2,3,PEP GUARDIOLA,2016-01-07,2100-01-01,151,0,0,0
2019-12-29,2019/2020,Manchester City,Sheffield Utd,1,2,0,PEP GUARDIOLA,2016-01-07,2100-01-01,152,0,0,0
2020-01-01,2019/2020,Manchester City,Everton,1,2,1,PEP GUARDIOLA,2016-01-07,2100-01-01,153,0,0,0
2020-01-12,2019/2020,Manchester City,Aston Villa,0,6,1,PEP GUARDIOLA,2016-01-07,2100-01-01,154,0,0,0
2020-01-18,2019/2020,Manchester City,Crystal Palace,1,2,2,PEP GUARDIOLA,2016-01-07,2100-01-01,155,0,0,0
2020-01-21,2019/2020,Manchester City,Sheffield Utd,0,1,0,PEP GUARDIOLA,2016-01-07,2100-01-01,156,0,0,0
2020-02-02,2019/2020,Manchester City,Tottenham,0,0,2,PEP GUARDIOLA,2016-01-07,2100-01-01,157,0,0,0
2020-02-19,2019/2020,Manchester City,West Ham,1,2,0,PEP GUARDIOLA,2016-01-07,2100-01-01,158,0,0,0
2020-02-22,2019/2020,Manchester City,Leicester City,0,1,0,PEP GUARDIOLA,2016-01-07,2100-01-01,159,0,0,0
2020-03-08,2019/2020,Manchester City,Manchester Utd,0,0,2,PEP GUARDIOLA,2016-01-07,2100-01-01,160,0,0,0
2020-06-17,2019/2020,Manchester City,Arsenal,1,3,0,PEP GUARDIOLA,2016-01-07,2100-01-01,161,0,0,0
2020-06-22,2019/2020,Manchester City,Burnley,1,5,0,PEP GUARDIOLA,2016-01-07,2100-01-01,162,0,0,0
2020-06-25,2019/2020,Manchester City,Chelsea,0,1,2,PEP GUARDIOLA,2016-01-07,2100-01-01,163,0,0,0
2020-07-02,2019/2020,Manchester City,Liverpool,1,4,0,PEP GUARDIOLA,2016-01-07,2100-01-01,164,0,0,0
2020-07-05,2019/2020,Manchester City,Southampton,0,0,1,PEP GUARDIOLA,2016-01-07,2100-01-01,165,0,0,0
2020-07-08,2019/2020,Manchester City,Newcastle Utd,1,5,0,PEP GUARDIOLA,2016-01-07,2100-01-01,166,0,0,0
2020-07-11,2019/2020,Manchester City,Brighton,0,5,0,PEP GUARDIOLA,2016-01-07,2100-01-01,167,0,0,0
2020-07-15,2019/2020,Manchester City,Bournemouth,1,2,1,PEP GUARDIOLA,2016-01-07,2100-01-01,168,0,0,0
2020-07-21,2019/2020,Manchester City,Watford,0,4,0,PEP GUARDIOLA,2016-01-07,2100-01-01,169,0,0,0
2020-07-26,2019/2020,Manchester City,Norwich City,1,5,0,PEP GUARDIOLA,2016-01-07,2100-01-01,170,0,0,0
2020-09-21,2020/2021,Manchester City,Wolves,0,3,1,PEP GUARDIOLA,2016-01-07,2100-01-01,171,0,0,0
2020-09-27,2020/2021,Manchester City,Leicester City,1,2,5,PEP GUARDIOLA,2016-01-07,2100-01-01,172,0,0,0
2020-10-03,2020/2021,Manchester City,Leeds United,0,1,1,PEP GUARDIOLA,2016-01-07,2100-01-01,173,0,0,0
2020-10-17,2020/2021,Manchester City,Arsenal,1,1,0,PEP GUARDIOLA,2016-01-07,2100-01-01,174,0,0,0
2020-10-24,2020/2021,Manchester City,West Ham,0,1,1,PEP GUARDIOLA,2016-01-07,2100-01-01,175,0,0,0
2020-10-31,2020/2021,Manchester City,Sheffield Utd,0,1,0,PEP GUARDIOLA,2016-01-07,2100-01-01,176,0,0,0
2020-11-08,2020/2021,Manchester City,Liverpool,1,1,1,PEP GUARDIOLA,2016-01-07,2100-01-01,177,0,0,0
2020-11-21,2020/2021,Manchester City,Tottenham,0,0,2,PEP GUARDIOLA,2016-01-07,2100-01-01,178,0,0,0
2020-11-28,2020/2021,Manchester City,Burnley,1,5,0,PEP GUARDIOLA,2016-01-07,2100-01-01,179,0,0,0
2020-12-05,2020/2021,Manchester City,Fulham,1,2,0,PEP GUARDIOLA,2016-01-07,2100-01-01,180,0,0,0
2020-12-12,2020/2021,Manchester City,Manchester Utd,0,0,0,PEP GUARDIOLA,2016-01-07,2100-01-01,181,0,0,0
2020-12-15,2020/2021,Manchester City,West Brom,1,1,1,PEP GUARDIOLA,2016-01-07,2100-01-01,182,0,0,0
2020-12-19,2020/2021,Manchester City,Southampton,0,1,0,PEP GUARDIOLA,2016-01-07,2100-01-01,183,0,0,0
2020-12-26,2020/2021,Manchester City,Newcastle Utd,1,2,0,PEP GUARDIOLA,2016-01-07,2100-01-01,184,0,0,0
2021-01-03,2020/2021,Manchester City,Chelsea,0,3,1,PEP GUARDIOLA,2016-01-07,2100-01-01,185,0,0,0
2021-01-13,2020/2021,Manchester City,Brighton,1,1,0,PEP GUARDIOLA,2016-01-07,2100-01-01,186,0,0,0
2021-01-17,2020/2021,Manchester City,Crystal Palace,1,4,0,PEP GUARDIOLA,2016-01-07,2100-01-01,187,0,0,0
2021-01-20,2020/2021,Manchester City,Aston Villa,1,2,0,PEP GUARDIOLA,2016-01-07,2100-01-01,188,0,0,0
2021-01-26,2020/2021,Manchester City,West Brom,0,5,0,PEP GUARDIOLA,2016-01-07,2100-01-01,189,0,0,0
2021-01-30,2020/2021,Manchester City,Sheffield Utd,1,1,0,PEP GUARDIOLA,2016-01-07,2100-01-01,190,0,0,0
2021-02-03,2020/2021,Manchester City,Burnley,0,2,0,PEP GUARDIOLA,2016-01-07,2100-01-01,191,0,0,0
2021-02-07,2020/2021,Manchester City,Liverpool,0,4,1,PEP GUARDIOLA,2016-01-07,2100-01-01,192,0,0,0
2021-02-13,2020/2021,Manchester City,Tottenham,1,3,0,PEP GUARDIOLA,2016-01-07,2100-01-01,193,0,0,0
2021-02-17,2020/2021,Manchester City,Everton,0,3,1,PEP GUARDIOLA,2016-01-07,2100-01-01,194,0,0,0
2021-02-21,2020/2021,Manchester City,Arsenal,0,1,0,PEP GUARDIOLA,2016-01-07,2100-01-01,195,0,0,0
2021-02-27,2020/2021,Manchester City,West Ham,1,2,1,PEP GUARDIOLA,2016-01-07,2100-01-01,196,0,0,0
2021-03-02,2020/2021,Manchester City,Wolves,1,4,1,PEP GUARDIOLA,2016-01-07,2100-01-01,197,0,0,0
2021-03-07,2020/2021,Manchester City,Manchester Utd,1,0,2,PEP GUARDIOLA,2016-01-07,2100-01-01,198,0,0,0
2021-03-10,2020/2021,Manchester City,Southampton,1,5,2,PEP GUARDIOLA,2016-01-07,2100-01-01,199,0,0,0
2021-03-13,2020/2021,Manchester City,Fulham,0,3,0,PEP GUARDIOLA,2016-01-07,2100-01-01,200,0,0,0
2021-04-03,2020/2021,Manchester City,Leicester City,0,2,0,PEP GUARDIOLA,2016-01-07,2100-01-01,201,0,0,0
2021-04-10,2020/2021,Manchester City,Leeds United,1,1,2,PEP GUARDIOLA,2016-01-07,2100-01-01,202,0,0,0
2021-04-21,2020/2021,Manchester City,Aston Villa,0,2,1,PEP GUARDIOLA,2016-01-07,2100-01-01,203,0,0,0
2021-05-01,2020/2021,Manchester City,Crystal Palace,0,2,0,PEP GUARDIOLA,2016-01-07,2100-01-01,204,0,0,0
2021-05-08,2020/2021,Manchester City,Chelsea,1,1,2,PEP GUARDIOLA,2016-01-07,2100-01-01,205,0,0,0
2021-05-14,2020/2021,Manchester City,Newcastle Utd,0,4,3,PEP GUARDIOLA,2016-01-07,2100-01-01,206,0,0,0
2021-05-18,2020/2021,Manchester City,Brighton,0,2,3,PEP GUARDIOLA,2016-01-07,2100-01-01,207,0,0,0
2021-05-23,2020/2021,Manchester City,Everton,1,5,0,PEP GUARDIOLA,2016-01-07,2100-01-01,208,0,0,0
2021-08-15,2021/2022,Manchester City,Tottenham,0,0,1,PEP GUARDIOLA,2016-01-07,2100-01-01,209,0,0,0
2021-08-21,2021/2022,Manchester City,Norwich City,1,5,0,PEP GUARDIOLA,2016-01-07,2100-01-01,210,0,0,0
2021-08-28,2021/2022,Manchester City,Arsenal,1,5,0,PEP GUARDIOLA,2016-01-07,2100-01-01,211,0,0,0
2021-09-11,2021/2022,Manchester City,Leicester City,0,1,0,PEP GUARDIOLA,2016-01-07,2100-01-01,212,0,0,0
2021-09-18,2021/2022,Manchester City,Southampton,1,0,0,PEP GUARDIOLA,2016-01-07,2100-01-01,213,0,0,0
2021-09-25,2021/2022,Manchester City,Chelsea,0,1,0,PEP GUARDIOLA,2016-01-07,2100-01-01,214,0,0,0
2021-10-03,2021/2022,Manchester City,Liverpool,0,2,2,PEP GUARDIOLA,2016-01-07,2100-01-01,215,0,0,0
2021-10-16,2021/2022,Manchester City,Burnley,1,2,0,PEP GUARDIOLA,2016-01-07,2100-01-01,216,0,0,0
2021-10-23,2021/2022,Manchester City,Brighton,0,4,1,PEP GUARDIOLA,2016-01-07,2100-01-01,217,0,0,0
2021-10-30,2021/2022,Manchester City,Crystal Palace,1,0,2,PEP GUARDIOLA,2016-01-07,2100-01-01,218,0,0,0
2021-11-06,2021/2022,Manchester City,Manchester Utd,0,2,0,PEP GUARDIOLA,2016-01-07,2100-01-01,219,0,0,0
2021-11-21,2021/2022,Manchester City,Everton,1,3,0,PEP GUARDIOLA,2016-01-07,2100-01-01,220,0,0,0
2021-11-28,2021/2022,Manchester City,West Ham,1,2,1,PEP GUARDIOLA,2016-01-07,2100-01-01,221,0,0,0
2021-12-01,2021/2022,Manchester City,Aston Villa,0,2,1,PEP GUARDIOLA,2016-01-07,2100-01-01,222,0,0,0
2021-12-04,2021/2022,Manchester City,Watford,0,3,1,PEP GUARDIOLA,2016-01-07,2100-01-01,223,0,0,0
2021-12-11,2021/2022,Manchester City,Wolves,1,1,0,PEP GUARDIOLA,2016-01-07,2100-01-01,224,0,0,0
2021-12-14,2021/2022,Manchester City,Leeds United,1,7,0,PEP GUARDIOLA,2016-01-07,2100-01-01,225,0,0,0
2021-12-19,2021/2022,Manchester City,Newcastle Utd,0,4,0,PEP GUARDIOLA,2016-01-07,2100-01-01,226,0,0,0
2021-12-26,2021/2022,Manchester City,Leicester City,1,6,3,PEP GUARDIOLA,2016-01-07,2100-01-01,227,0,0,0
2021-12-29,2021/2022,Manchester City,Brentford,0,1,0,PEP GUARDIOLA,2016-01-07,2100-01-01,228,0,0,0
2022-01-01,2021/2022,Manchester City,Arsenal,0,2,1,PEP GUARDIOLA,2016-01-07,2100-01-01,229,0,0,0
2022-01-15,2021/2022,Manchester City,Chelsea,1,1,0,PEP GUARDIOLA,2016-01-07,2100-01-01,230,0,0,0
2022-01-22,2021/2022,Manchester City,Southampton,0,1,1,PEP GUARDIOLA,2016-01-07,2100-01-01,231,0,0,0
2022-02-09,2021/2022,Manchester City,Brentford,1,2,0,PEP GUARDIOLA,2016-01-07,2100-01-01,232,0,0,0
2022-02-12,2021/2022,Manchester City,Norwich City,0,4,0,PEP GUARDIOLA,2016-01-07,2100-01-01,233,0,0,0
2022-02-19,2021/2022,Manchester City,Tottenham,1,2,3,PEP GUARDIOLA,2016-01-07,2100-01-01,234,0,0,0
2022-02-26,2021/2022,Manchester City,Everton,0,1,0,PEP GUARDIOLA,2016-01-07,2100-01-01,235,0,0,0
2022-03-06,2021/2022,Manchester City,Manchester Utd,1,4,1,PEP GUARDIOLA,2016-01-07,2100-01-01,236,0,0,0
2022-03-14,2021/2022,Manchester City,Crystal Palace,0,0,0,PEP GUARDIOLA,2016-01-07,2100-01-01,237,0,0,0
2022-04-02,2021/2022,Manchester City,Burnley,0,2,0,PEP GUARDIOLA,2016-01-07,2100-01-01,238,0,0,0
2022-04-10,2021/2022,Manchester City,Liverpool,1,2,2,PEP GUARDIOLA,2016-01-07,2100-01-01,239,0,0,0
2022-04-20,2021/2022,Manchester City,Brighton,1,3,0,PEP GUARDIOLA,2016-01-07,2100-01-01,240,0,0,0
2022-04-23,2021/2022,Manchester City,Watford,1,5,1,PEP GUARDIOLA,2016-01-07,2100-01-01,241,0,0,0
2022-04-30,2021/2022,Manchester City,Leeds United,0,4,0,PEP GUARDIOLA,2016-01-07,2100-01-01,242,0,0,0
2022-05-08,2021/2022,Manchester City,Newcastle Utd,1,5,0,PEP GUARDIOLA,2016-01-07,2100-01-01,243,0,0,0
2022-05-11,2021/2022,Manchester City,Wolves,0,5,1,PEP GUARDIOLA,2016-01-07,2100-01-01,244,0,0,0
2022-05-15,2021/2022,Manchester City,West Ham,0,2,2,PEP GUARDIOLA,2016-01-07,2100-01-01,245,0,0,0
2022-05-22,2021/2022,Manchester City,Aston Villa,1,3,2,PEP GUARDIOLA,2016-01-07,2100-01-01,246,0,0,0
2022-08-07,2022/2023,Manchester City,West Ham,0,2,0,PEP GUARDIOLA,2016-01-07,2100-01-01,247,0,0,0
2022-08-13,2022/2023,Manchester City,Bournemouth,1,4,0,PEP GUARDIOLA,2016-01-07,2100-01-01,248,0,0,0
2022-08-21,2022/2023,Manchester City,Newcastle Utd,0,3,3,PEP GUARDIOLA,2016-01-07,2100-01-01,249,0,0,0
2022-08-27,2022/2023,Manchester City,Crystal Palace,1,4,2,PEP GUARDIOLA,2016-01-07,2100-01-01,250,0,0,0
2022-08-31,2022/2023,Manchester City,Nott'ham Forest,1,6,0,PEP GUARDIOLA,2016-01-07,2100-01-01,251,0,0,0
2022-09-03,2022/2023,Manchester City,Aston Villa,0,1,1,PEP GUARDIOLA,2016-01-07,2100-01-01,252,0,0,0
2022-09-17,2022/2023,Manchester City,Wolves,0,3,0,PEP GUARDIOLA,2016-01-07,2100-01-01,253,0,0,0
2022-10-02,2022/2023,Manchester City,Manchester Utd,1,6,3,PEP GUARDIOLA,2016-01-07,2100-01-01,254,0,0,0
2022-10-08,2022/2023,Manchester City,Southampton,1,4,0,PEP GUARDIOLA,2016-01-07,2100-01-01,255,0,0,0
2022-10-16,2022/2023,Manchester City,Liverpool,0,0,1,PEP GUARDIOLA,2016-01-07,2100-01-01,256,0,0,0
2022-10-22,2022/2023,Manchester City,Brighton,1,3,1,PEP GUARDIOLA,2016-01-07,2100-01-01,257,0,0,0
2022-10-29,2022/2023,Manchester City,Leicester City,0,1,0,PEP GUARDIOLA,2016-01-07,2100-01-01,258,0,0,0
2022-11-05,2022/2023,Manchester City,Fulham,1,2,1,PEP GUARDIOLA,2016-01-07,2100-01-01,259,0,0,0
2022-11-12,2022/2023,Manchester City,Brentford,1,1,2,PEP GUARDIOLA,2016-01-07,2100-01-01,260,0,0,0
2022-12-28,2022/2023,Manchester City,Leeds United,0,3,1,PEP GUARDIOLA,2016-01-07,2100-01-01,261,0,0,0
2022-12-31,2022/2023,Manchester City,Everton,1,1,1,PEP GUARDIOLA,2016-01-07,2100-01-01,262,0,0,0
2023-01-05,2022/2023,Manchester City,Chelsea,0,1,0,PEP GUARDIOLA,2016-01-07,2100-01-01,263,0,0,0
2023-01-14,2022/2023,Manchester City,Manchester Utd,0,1,2,PEP GUARDIOLA,2016-01-07,2100-01-01,264,0,0,0
2023-01-19,2022/2023,Manchester City,Tottenham,1,4,2,PEP GUARDIOLA,2016-01-07,2100-01-01,265,0,0,0
2023-01-22,2022/2023,Manchester City,Wolves,1,3,0,PEP GUARDIOLA,2016-01-07,2100-01-01,266,0,0,0
2023-02-05,2022/2023,Manchester City,Tottenham,0,0,1,PEP GUARDIOLA,2016-01-07,2100-01-01,267,0,0,0
2023-02-12,2022/2023,Manchester City,Aston Villa,1,3,1,PEP GUARDIOLA,2016-01-07,2100-01-01,268,0,0,0
2023-02-15,2022/2023,Manchester City,Arsenal,0,3,1,PEP GUARDIOLA,2016-01-07,2100-01-01,269,0,0,0
2023-02-18,2022/2023,Manchester City,Nott'ham Forest,0,1,1,PEP GUARDIOLA,2016-01-07,2100-01-01,270,0,0,0
2023-02-25,2022/2023,Manchester City,Bournemouth,0,4,1,PEP GUARDIOLA,2016-01-07,2100-01-01,271,0,0,0
2023-03-04,2022/2023,Manchester City,Newcastle Utd,1,2,0,PEP GUARDIOLA,2016-01-07,2100-01-01,272,0,0,0
2023-03-11,2022/2023,Manchester City,Crystal Palace,0,1,0,PEP GUARDIOLA,2016-01-07,2100-01-01,273,0,0,0
2023-04-01,2022/2023,Manchester City,Liverpool,1,4,1,PEP GUARDIOLA,2016-01-07,2100-01-01,274,0,0,0
2023-04-08,2022/2023,Manchester City,Southampton,0,4,1,PEP GUARDIOLA,2016-01-07,2100-01-01,275,0,0,0
2023-04-15,2022/2023,Manchester City,Leicester City,1,3,1,PEP GUARDIOLA,2016-01-07,2100-01-01,276,0,0,0
2023-04-26,2022/2023,Manchester City,Arsenal,1,4,1,PEP GUARDIOLA,2016-01-07,2100-01-01,277,0,0,0
2023-04-30,2022/2023,Manchester City,Fulham,0,2,1,PEP GUARDIOLA,2016-01-07,2100-01-01,278,0,0,0
2023-05-03,2022/2023,Manchester City,West Ham,1,3,0,PEP GUARDIOLA,2016-01-07,2100-01-01,279,0,0,0
2023-05-06,2022/2023,Manchester City,Leeds United,1,2,1,PEP GUARDIOLA,2016-01-07,2100-01-01,280,0,0,0
2023-05-14,2022/2023,Manchester City,Everton,0,3,0,PEP GUARDIOLA,2016-01-07,2100-01-01,281,0,0,0
2023-05-21,2022/2023,Manchester City,Chelsea,1,1,0,PEP GUARDIOLA,2016-01-07,2100-01-01,282,0,0,0
2023-05-24,2022/2023,Manchester City,Brighton,0,1,1,PEP GUARDIOLA,2016-01-07,2100-01-01,283,0,0,0
2023-05-28,2022/2023,Manchester City,Brentford,0,0,1,PEP GUARDIOLA,2016-01-07,2100-01-01,284,0,0,0
2023-08-11,2023/2024,Manchester City,Burnley,0,3,0,PEP GUARDIOLA,2016-01-07,2100-01-01,285,0,0,0
2023-08-19,2023/2024,Manchester City,Newcastle Utd,1,1,0,PEP GUARDIOLA,2016-01-07,2100-01-01,286,0,0,0
2023-08-27,2023/2024,Manchester City,Sheffield Utd,0,2,1,PEP GUARDIOLA,2016-01-07,2100-01-01,287,0,0,0
2023-09-02,2023/2024,Manchester City,Fulham,1,5,1,PEP GUARDIOLA,2016-01-07,2100-01-01,288,0,0,0
2023-09-16,2023/2024,Manchester City,West Ham,0,3,1,PEP GUARDIOLA,2016-01-07,2100-01-01,289,0,0,0
2023-09-23,2023/2024,Manchester City,Nott'ham Forest,1,2,0,PEP GUARDIOLA,2016-01-07,2100-01-01,290,0,0,0
2023-09-30,2023/2024,Manchester City,Wolves,0,1,2,PEP GUARDIOLA,2016-01-07,2100-01-01,291,0,0,0
2023-10-08,2023/2024,Manchester City,Arsenal,0,0,1,PEP GUARDIOLA,2016-01-07,2100-01-01,292,0,0,0
2023-10-21,2023/2024,Manchester City,Brighton,1,2,1,PEP GUARDIOLA,2016-01-07,2100-01-01,293,0,0,0
2023-10-29,2023/2024,Manchester City,Manchester Utd,0,3,0,PEP GUARDIOLA,2016-01-07,2100-01-01,294,0,0,0
2023-11-04,2023/2024,Manchester City,Bournemouth,1,6,1,PEP GUARDIOLA,2016-01-07,2100-01-01,295,0,0,0
2023-11-12,2023/2024,Manchester City,Chelsea,0,4,4,PEP GUARDIOLA,2016-01-07,2100-01-01,296,0,0,0
2023-11-25,2023/2024,Manchester City,Liverpool,1,1,1,PEP GUARDIOLA,2016-01-07,2100-01-01,297,0,0,0
2023-12-03,2023/2024,Manchester City,Tottenham,1,3,3,PEP GUARDIOLA,2016-01-07,2100-01-01,298,0,0,0
2023-12-06,2023/2024,Manchester City,Aston Villa,0,0,1,PEP GUARDIOLA,2016-01-07,2100-01-01,299,0,0,0
2023-12-10,2023/2024,Manchester City,Luton Town,0,2,1,PEP GUARDIOLA,2016-01-07,2100-01-01,300,0,0,0
2023-12-16,2023/2024,Manchester City,Crystal Palace,1,2,2,PEP GUARDIOLA,2016-01-07,2100-01-01,301,0,0,0
2023-12-27,2023/2024,Manchester City,Everton,0,3,1,PEP GUARDIOLA,2016-01-07,2100-01-01,302,0,0,0
2023-12-30,2023/2024,Manchester City,Sheffield Utd,1,2,0,PEP GUARDIOLA,2016-01-07,2100-01-01,303,0,0,0
2024-01-13,2023/2024,Manchester City,Newcastle Utd,0,3,2,PEP GUARDIOLA,2016-01-07,2100-01-01,304,0,0,0
2024-01-31,2023/2024,Manchester City,Burnley,1,3,1,PEP GUARDIOLA,2016-01-07,2100-01-01,305,0,0,0
2024-02-05,2023/2024,Manchester City,Brentford,0,3,1,PEP GUARDIOLA,2016-01-07,2100-01-01,306,0,0,0
2024-02-10,2023/2024,Manchester City,Everton,1,2,0,PEP GUARDIOLA,2016-01-07,2100-01-01,307,0,0,0
2024-02-17,2023/2024,Manchester City,Chelsea,1,1,1,PEP GUARDIOLA,2016-01-07,2100-01-01,308,0,0,0
2024-02-20,2023/2024,Manchester City,Brentford,1,1,0,PEP GUARDIOLA,2016-01-07,2100-01-01,309,0,0,0
2024-02-24,2023/2024,Manchester City,Bournemouth,0,1,0,PEP GUARDIOLA,2016-01-07,2100-01-01,310,0,0,0
2024-03-03,2023/2024,Manchester City,Manchester Utd,1,3,1,PEP GUARDIOLA,2016-01-07,2100-01-01,311,0,0,0
2024-03-10,2023/2024,Manchester City,Liverpool,0,1,1,PEP GUARDIOLA,2016-01-07,2100-01-01,312,0,0,0
2024-03-31,2023/2024,Manchester City,Arsenal,1,0,0,PEP GUARDIOLA,2016-01-07,2100-01-01,313,0,0,0
2024-04-03,2023/2024,Manchester City,Aston Villa,1,4,1,PEP GUARDIOLA,2016-01-07,2100-01-01,314,0,0,0
2024-04-06,2023/2024,Manchester City,Crystal Palace,0,4,2,PEP GUARDIOLA,2016-01-07,2100-01-01,315,0,0,0
2024-04-13,2023/2024,Manchester City,Luton Town,1,5,1,PEP GUARDIOLA,2016-01-07,2100-01-01,316,0,0,0
2024-04-25,2023/2024,Manchester City,Brighton,0,4,0,PEP GUARDIOLA,2016-01-07,2100-01-01,317,0,0,0
2024-04-28,2023/2024,Manchester City,Nott'ham Forest,0,2,0,PEP GUARDIOLA,2016-01-07,2100-01-01,318,0,0,0
2024-05-04,2023/2024,Manchester City,Wolves,1,5,1,PEP GUARDIOLA,2016-01-07,2100-01-01,319,0,0,0
2024-05-11,2023/2024,Manchester City,Fulham,0,4,0,PEP GUARDIOLA,2016-01-07,2100-01-01,320,0,0,0
2024-05-14,2023/2024,Manchester City,Tottenham,0,2,0,PEP GUARDIOLA,2016-01-07,2100-01-01,321,0,0,0
2024-05-19,2023/2024,Manchester City,West Ham,1,3,1,PEP GUARDIOLA,2016-01-07,2100-01-01,322,0,0,0
2022-01-15,2021/2022,Manchester Utd,Aston Villa,0,2,2,ERIK TEN HAG,2022-01-07,2100-01-01,1,1,0,0
2022-01-19,2021/2022,Manchester Utd,Brentford,0,3,1,ERIK TEN HAG,2022-01-07,2100-01-01,2,1,0,0
2022-01-22,2021/2022,Manchester Utd,West Ham,1,1,0,ERIK TEN HAG,2022-01-07,2100-01-01,3,1,0,0
2022-02-08,2021/2022,Manchester Utd,Burnley,0,1,1,ERIK TEN HAG,2022-01-07,2100-01-01,4,0,1,0
2022-02-12,2021/2022,Manchester Utd,Southampton,1,1,1,ERIK TEN HAG,2022-01-07,2100-01-01,5,0,1,0
2022-02-15,2021/2022,Manchester Utd,Brighton,1,2,0,ERIK TEN HAG,2022-01-07,2100-01-01,6,0,1,0
2022-02-20,2021/2022,Manchester Utd,Leeds United,0,4,2,ERIK TEN HAG,2022-01-07,2100-01-01,7,0,0,1
2022-02-26,2021/2022,Manchester Utd,Watford,1,0,0,ERIK TEN HAG,2022-01-07,2100-01-01,8,0,0,1
2022-03-06,2021/2022,Manchester Utd,Manchester City,0,1,4,ERIK TEN HAG,2022-01-07,2100-01-01,9,0,0,1
2022-03-12,2021/2022,Manchester Utd,Tottenham,1,3,2,ERIK TEN HAG,2022-01-07,2100-01-01,10,0,0,1
2022-04-02,2021/2022,Manchester Utd,Leicester City,1,1,1,ERIK TEN HAG,2022-01-07,2100-01-01,11,0,0,0
2022-04-09,2021/2022,Manchester Utd,Everton,0,0,1,ERIK TEN HAG,2022-01-07,2100-01-01,12,0,0,0
2022-04-16,2021/2022,Manchester Utd,Norwich City,1,3,2,ERIK TEN HAG,2022-01-07,2100-01-01,13,0,0,0
2022-04-19,2021/2022,Manchester Utd,Liverpool,0,0,4,ERIK TEN HAG,2022-01-07,2100-01-01,14,0,0,0
2022-04-23,2021/2022,Manchester Utd,Arsenal,0,1,3,ERIK TEN HAG,2022-01-07,2100-01-01,15,0,0,0
2022-04-28,2021/2022,Manchester Utd,Chelsea,1,1,1,ERIK TEN HAG,2022-01-07,2100-01-01,16,0,0,0
2022-05-02,2021/2022,Manchester Utd,Brentford,1,3,0,ERIK TEN HAG,2022-01-07,2100-01-01,17,0,0,0
2022-05-07,2021/2022,Manchester Utd,Brighton,0,0,4,ERIK TEN HAG,2022-01-07,2100-01-01,18,0,0,0
2022-05-22,2021/2022,Manchester Utd,Crystal Palace,0,0,1,ERIK TEN HAG,2022-01-07,2100-01-01,19,0,0,0
2022-08-07,2022/2023,Manchester Utd,Brighton,1,1,2,ERIK TEN HAG,2022-01-07,2100-01-01,20,0,0,0
2022-08-13,2022/2023,Manchester Utd,Brentford,0,0,4,ERIK TEN HAG,2022-01-07,2100-01-01,21,0,0,0
2022-08-22,2022/2023,Manchester Utd,Liverpool,1,2,1,ERIK TEN HAG,2022-01-07,2100-01-01,22,0,0,0
2022-08-27,2022/2023,Manchester Utd,Southampton,0,1,0,ERIK TEN HAG,2022-01-07,2100-01-01,23,0,0,0
2022-09-01,2022/2023,Manchester Utd,Leicester City,0,1,0,ERIK TEN HAG,2022-01-07,2100-01-01,24,0,0,0
2022-09-04,2022/2023,Manchester Utd,Arsenal,1,3,1,ERIK TEN HAG,2022-01-07,2100-01-01,25,0,0,0
2022-10-02,2022/2023,Manchester Utd,Manchester City,0,3,6,ERIK TEN HAG,2022-01-07,2100-01-01,26,0,0,0
2022-10-09,2022/2023,Manchester Utd,Everton,0,2,1,ERIK TEN HAG,2022-01-07,2100-01-01,27,0,0,0
2022-10-16,2022/2023,Manchester Utd,Newcastle Utd,1,0,0,ERIK TEN HAG,2022-01-07,2100-01-01,28,0,0,0
2022-10-19,2022/2023,Manchester Utd,Tottenham,1,2,0,ERIK TEN HAG,2022-01-07,2100-01-01,29,0,0,0
2022-10-22,2022/2023,Manchester Utd,Chelsea,0,1,1,ERIK TEN HAG,2022-01-07,2100-01-01,30,0,0,0
2022-10-30,2022/2023,Manchester Utd,West Ham,1,1,0,ERIK TEN HAG,2022-01-07,2100-01-01,31,0,0,0
2022-11-06,2022/2023,Manchester Utd,Aston Villa,0,1,3,ERIK TEN HAG,2022-01-07,2100-01-01,32,0,0,0
2022-11-13,2022/2023,Manchester Utd,Fulham,0,2,1,ERIK TEN HAG,2022-01-07,2100-01-01,33,0,0,0
2022-12-27,2022/2023,Manchester Utd,Nott'ham Forest,1,3,0,ERIK TEN HAG,2022-01-07,2100-01-01,34,0,0,0
2022-12-31,2022/2023,Manchester Utd,Wolves,0,1,0,ERIK TEN HAG,2022-01-07,2100-01-01,35,0,0,0
2023-01-03,2022/2023,Manchester Utd,Bournemouth,1,3,0,ERIK TEN HAG,2022-01-07,2100-01-01,36,0,0,0
2023-01-14,2022/2023,Manchester Utd,Manchester City,1,2,1,ERIK TEN HAG,2022-01-07,2100-01-01,37,0,0,0
2023-01-18,2022/2023,Manchester Utd,Crystal Palace,0,1,1,ERIK TEN HAG,2022-01-07,2100-01-01,38,0,0,0
2023-01-22,2022/2023,Manchester Utd,Arsenal,0,2,3,ERIK TEN HAG,2022-01-07,2100-01-01,39,0,0,0
2023-02-04,2022/2023,Manchester Utd,Crystal Palace,1,2,1,ERIK TEN HAG,2022-01-07,2100-01-01,40,0,0,0
2023-02-08,2022/2023,Manchester Utd,Leeds United,1,2,2,ERIK TEN HAG,2022-01-07,2100-01-01,41,0,0,0
2023-02-12,2022/2023,Manchester Utd,Leeds United,0,2,0,ERIK TEN HAG,2022-01-07,2100-01-01,42,0,0,0
2023-02-19,2022/2023,Manchester Utd,Leicester City,1,3,0,ERIK TEN HAG,2022-01-07,2100-01-01,43,0,0,0
2023-03-05,2022/2023,Manchester Utd,Liverpool,0,0,7,ERIK TEN HAG,2022-01-07,2100-01-01,44,0,0,0
2023-03-12,2022/2023,Manchester Utd,Southampton,1,0,0,ERIK TEN HAG,2022-01-07,2100-01-01,45,0,0,0
2023-04-02,2022/2023,Manchester Utd,Newcastle Utd,0,0,2,ERIK TEN HAG,2022-01-07,2100-01-01,46,0,0,0
2023-04-05,2022/2023,Manchester Utd,Brentford,1,1,0,ERIK TEN HAG,2022-01-07,2100-01-01,47,0,0,0
2023-04-08,2022/2023,Manchester Utd,Everton,1,2,0,ERIK TEN HAG,2022-01-07,2100-01-01,48,0,0,0
2023-04-16,2022/2023,Manchester Utd,Nott'ham Forest,0,2,0,ERIK TEN HAG,2022-01-07,2100-01-01,49,0,0,0
2023-04-27,2022/2023,Manchester Utd,Tottenham,0,2,2,ERIK TEN HAG,2022-01-07,2100-01-01,50,0,0,0
2023-04-30,2022/2023,Manchester Utd,Aston Villa,1,1,0,ERIK TEN HAG,2022-01-07,2100-01-01,51,0,0,0
2023-05-04,2022/2023,Manchester Utd,Brighton,0,0,1,ERIK TEN HAG,2022-01-07,2100-01-01,52,0,0,0
2023-05-07,2022/2023,Manchester Utd,West Ham,0,0,1,ERIK TEN HAG,2022-01-07,2100-01-01,53,0,0,0
2023-05-13,2022/2023,Manchester Utd,Wolves,1,2,0,ERIK TEN HAG,2022-01-07,2100-01-01,54,0,0,0
2023-05-20,2022/2023,Manchester Utd,Bournemouth,0,1,0,ERIK TEN HAG,2022-01-07,2100-01-01,55,0,0,0
2023-05-25,2022/2023,Manchester Utd,Chelsea,1,4,1,ERIK TEN HAG,2022-01-07,2100-01-01,56,0,0,0
2023-05-28,2022/2023,Manchester Utd,Fulham,1,2,1,ERIK TEN HAG,2022-01-07,2100-01-01,57,0,0,0
2023-08-14,2023/2024,Manchester Utd,Wolves,1,1,0,ERIK TEN HAG,2022-01-07,2100-01-01,58,0,0,0
2023-08-19,2023/2024,Manchester Utd,Tottenham,0,0,2,ERIK TEN HAG,2022-01-07,2100-01-01,59,0,0,0
2023-08-26,2023/2024,Manchester Utd,Nott'ham Forest,1,3,2,ERIK TEN HAG,2022-01-07,2100-01-01,60,0,0,0
2023-09-03,2023/2024,Manchester Utd,Arsenal,0,1,3,ERIK TEN HAG,2022-01-07,2100-01-01,61,0,0,0
2023-09-16,2023/2024,Manchester Utd,Brighton,1,1,3,ERIK TEN HAG,2022-01-07,2100-01-01,62,0,0,0
2023-09-23,2023/2024,Manchester Utd,Burnley,0,1,0,ERIK TEN HAG,2022-01-07,2100-01-01,63,0,0,0
2023-09-30,2023/2024,Manchester Utd,Crystal Palace,1,0,1,ERIK TEN HAG,2022-01-07,2100-01-01,64,0,0,0
2023-10-07,2023/2024,Manchester Utd,Brentford,1,2,1,ERIK TEN HAG,2022-01-07,2100-01-01,65,0,0,0
2023-10-21,2023/2024,Manchester Utd,Sheffield Utd,0,2,1,ERIK TEN HAG,2022-01-07,2100-01-01,66,0,0,0
2023-10-29,2023/2024,Manchester Utd,Manchester City,1,0,3,ERIK TEN HAG,2022-01-07,2100-01-01,67,0,0,0
2023-11-04,2023/2024,Manchester Utd,Fulham,0,1,0,ERIK TEN HAG,2022-01-07,2100-01-01,68,0,0,0
2023-11-11,2023/2024,Manchester Utd,Luton Town,1,1,0,ERIK TEN HAG,2022-01-07,2100-01-01,69,0,0,0
2023-11-26,2023/2024,Manchester Utd,Everton,0,3,0,ERIK TEN HAG,2022-01-07,2100-01-01,70,0,0,0
2023-12-02,2023/2024,Manchester Utd,Newcastle Utd,0,0,1,ERIK TEN HAG,2022-01-07,2100-01-01,71,0,0,0
2023-12-06,2023/2024,Manchester Utd,Chelsea,1,2,1,ERIK TEN HAG,2022-01-07,2100-01-01,72,0,0,0
2023-12-09,2023/2024,Manchester Utd,Bournemouth,1,0,3,ERIK TEN HAG,2022-01-07,2100-01-01,73,0,0,0
2023-12-17,2023/2024,Manchester Utd,Liverpool,0,0,0,ERIK TEN HAG,2022-01-07,2100-01-01,74,0,0,0
2023-12-23,2023/2024,Manchester Utd,West Ham,0,0,2,ERIK TEN HAG,2022-01-07,2100-01-01,75,0,0,0
2023-12-26,2023/2024,Manchester Utd,Aston Villa,1,3,2,ERIK TEN HAG,2022-01-07,2100-01-01,76,0,0,0
2023-12-30,2023/2024,Manchester Utd,Nott'ham Forest,0,1,2,ERIK TEN HAG,2022-01-07,2100-01-01,77,0,0,0
2024-01-14,2023/2024,Manchester Utd,Tottenham,1,2,2,ERIK TEN HAG,2022-01-07,2100-01-01,78,0,0,0
2024-02-01,2023/2024,Manchester Utd,Wolves,0,4,3,ERIK TEN HAG,2022-01-07,2100-01-01,79,0,0,0
2024-02-04,2023/2024,Manchester Utd,West Ham,1,3,0,ERIK TEN HAG,2022-01-07,2100-01-01,80,0,0,0
2024-02-11,2023/2024,Manchester Utd,Aston Villa,0,2,1,ERIK TEN HAG,2022-01-07,2100-01-01,81,0,0,0
2024-02-18,2023/2024,Manchester Utd,Luton Town,0,2,1,ERIK TEN HAG,2022-01-07,2100-01-01,82,0,0,0
2024-02-24,2023/2024,Manchester Utd,Fulham,1,1,2,ERIK TEN HAG,2022-01-07,2100-01-01,83,0,0,0
2024-03-03,2023/2024,Manchester Utd,Manchester City,0,1,3,ERIK TEN HAG,2022-01-07,2100-01-01,84,0,0,0
2024-03-09,2023/2024,Manchester Utd,Everton,1,2,0,ERIK TEN HAG,2022-01-07,2100-01-01,85,0,0,0
2024-03-30,2023/2024,Manchester Utd,Brentford,0,1,1,ERIK TEN HAG,2022-01-07,2100-01-01,86,0,0,0
2024-04-04,2023/2024,Manchester Utd,Chelsea,0,3,4,ERIK TEN HAG,2022-01-07,2100-01-01,87,0,0,0
2024-04-07,2023/2024,Manchester Utd,Liverpool,1,2,2,ERIK TEN HAG,2022-01-07,2100-01-01,88,0,0,0
2024-04-13,2023/2024,Manchester Utd,Bournemouth,0,2,2,ERIK TEN HAG,2022-01-07,2100-01-01,89,0,0,0
2024-04-24,2023/2024,Manchester Utd,Sheffield Utd,1,4,2,ERIK TEN HAG,2022-01-07,2100-01-01,90,0,0,0
2024-04-27,2023/2024,Manchester Utd,Burnley,1,1,1,ERIK TEN HAG,2022-01-07,2100-01-01,91,0,0,0
2024-05-06,2023/2024,Manchester Utd,Crystal Palace,0,0,4,ERIK TEN HAG,2022-01-07,2100-01-01,92,0,0,0
2024-05-12,2023/2024,Manchester Utd,Arsenal,1,0,1,ERIK TEN HAG,2022-01-07,2100-01-01,93,0,0,0
2024-05-15,2023/2024,Manchester Utd,Newcastle Utd,1,3,2,ERIK TEN HAG,2022-01-07,2100-01-01,94,0,0,0
2024-05-19,2023/2024,Manchester Utd,Brighton,0,2,0,ERIK TEN HAG,2022-01-07,2100-01-01,95,0,0,0
2016-01-12,2015/2016,Manchester Utd,Newcastle Utd,0,3,3,JOSE MOURINHO,2016-01-07,2100-01-01,1,1,0,0
2016-01-17,2015/2016,Manchester Utd,Liverpool,0,1,0,JOSE MOURINHO,2016-01-07,2100-01-01,2,1,0,0
2016-01-23,2015/2016,Manchester Utd,Southampton,1,0,1,JOSE MOURINHO,2016-01-07,2100-01-01,3,1,0,0
2016-02-02,2015/2016,Manchester Utd,Stoke City,1,3,0,JOSE MOURINHO,2016-01-07,2100-01-01,4,0,1,0
2016-02-07,2015/2016,Manchester Utd,Chelsea,0,1,1,JOSE MOURINHO,2016-01-07,2100-01-01,5,0,1,0
2016-02-13,2015/2016,Manchester Utd,Sunderland,0,1,2,JOSE MOURINHO,2016-01-07,2100-01-01,6,0,1,0
2016-02-28,2015/2016,Manchester Utd,Arsenal,1,3,2,JOSE MOURINHO,2016-01-07,2100-01-01,7,0,0,1
2016-03-02,2015/2016,Manchester Utd,Watford,1,1,0,JOSE MOURINHO,2016-01-07,2100-01-01,8,0,0,1
2016-03-06,2015/2016,Manchester Utd,West Brom,0,0,1,JOSE MOURINHO,2016-01-07,2100-01-01,9,0,0,1
2016-03-20,2015/2016,Manchester Utd,Manchester City,0,1,0,JOSE MOURINHO,2016-01-07,2100-01-01,10,0,0,1
2016-04-03,2015/2016,Manchester Utd,Everton,1,1,0,JOSE MOURINHO,2016-01-07,2100-01-01,11,0,0,0
2016-04-10,2015/2016,Manchester Utd,Tottenham,0,0,3,JOSE MOURINHO,2016-01-07,2100-01-01,12,0,0,0
2016-04-16,2015/2016,Manchester Utd,Aston Villa,1,1,0,JOSE MOURINHO,2016-01-07,2100-01-01,13,0,0,0
2016-04-20,2015/2016,Manchester Utd,Crystal Palace,1,2,0,JOSE MOURINHO,2016-01-07,2100-01-01,14,0,0,0
2016-05-01,2015/2016,Manchester Utd,Leicester City,1,1,1,JOSE MOURINHO,2016-01-07,2100-01-01,15,0,0,0
2016-05-07,2015/2016,Manchester Utd,Norwich City,0,1,0,JOSE MOURINHO,2016-01-07,2100-01-01,16,0,0,0
2016-05-10,2015/2016,Manchester Utd,West Ham,0,2,3,JOSE MOURINHO,2016-01-07,2100-01-01,17,0,0,0
2016-05-17,2015/2016,Manchester Utd,Bournemouth,1,3,1,JOSE MOURINHO,2016-01-07,2100-01-01,18,0,0,0
2016-08-14,2016/2017,Manchester Utd,Bournemouth,0,3,1,JOSE MOURINHO,2016-01-07,2100-01-01,19,0,0,0
2016-08-19,2016/2017,Manchester Utd,Southampton,1,2,0,JOSE MOURINHO,2016-01-07,2100-01-01,20,0,0,0
2016-08-27,2016/2017,Manchester Utd,Hull City,0,1,0,JOSE MOURINHO,2016-01-07,2100-01-01,21,0,0,0
2016-09-10,2016/2017,Manchester Utd,Manchester City,1,1,2,JOSE MOURINHO,2016-01-07,2100-01-01,22,0,0,0
2016-09-18,2016/2017,Manchester Utd,Watford,0,1,3,JOSE MOURINHO,2016-01-07,2100-01-01,23,0,0,0
2016-09-24,2016/2017,Manchester Utd,Leicester City,1,4,1,JOSE MOURINHO,2016-01-07,2100-01-01,24,0,0,0
2016-10-02,2016/2017,Manchester Utd,Stoke City,1,1,1,JOSE MOURINHO,2016-01-07,2100-01-01,25,0,0,0
2016-10-17,2016/2017,Manchester Utd,Liverpool,0,0,0,JOSE MOURINHO,2016-01-07,2100-01-01,26,0,0,0
2016-10-23,2016/2017,Manchester Utd,Chelsea,0,0,4,JOSE MOURINHO,2016-01-07,2100-01-01,27,0,0,0
2016-10-29,2016/2017,Manchester Utd,Burnley,1,0,0,JOSE MOURINHO,2016-01-07,2100-01-01,28,0,0,0
2016-11-06,2016/2017,Manchester Utd,Swansea City,0,3,1,JOSE MOURINHO,2016-01-07,2100-01-01,29,0,0,0
2016-11-19,2016/2017,Manchester Utd,Arsenal,1,1,1,JOSE MOURINHO,2016-01-07,2100-01-01,30,0,0,0
2016-11-27,2016/2017,Manchester Utd,West Ham,1,1,1,JOSE MOURINHO,2016-01-07,2100-01-01,31,0,0,0
2016-12-04,2016/2017,Manchester Utd,Everton,0,1,1,JOSE MOURINHO,2016-01-07,2100-01-01,32,0,0,0
2016-12-11,2016/2017,Manchester Utd,Tottenham,1,1,0,JOSE MOURINHO,2016-01-07,2100-01-01,33,0,0,0
2016-12-14,2016/2017,Manchester Utd,Crystal Palace,0,2,1,JOSE MOURINHO,2016-01-07,2100-01-01,34,0,0,0
2016-12-17,2016/2017,Manchester Utd,West Brom,0,2,0,JOSE MOURINHO,2016-01-07,2100-01-01,35,0,0,0
2016-12-26,2016/2017,Manchester Utd,Sunderland,1,3,1,JOSE MOURINHO,2016-01-07,2100-01-01,36,0,0,0
2016-12-31,2016/2017,Manchester Utd,Middlesbrough,1,2,1,JOSE MOURINHO,2016-01-07,2100-01-01,37,0,0,0
2017-01-02,2016/2017,Manchester Utd,West Ham,0,2,0,JOSE MOURINHO,2016-01-07,2100-01-01,38,0,0,0
2017-01-15,2016/2017,Manchester Utd,Liverpool,1,1,1,JOSE MOURINHO,2016-01-07,2100-01-01,39,0,0,0
2017-01-21,2016/2017,Manchester Utd,Stoke City,0,1,1,JOSE MOURINHO,2016-01-07,2100-01-01,40,0,0,0
2017-02-01,2016/2017,Manchester Utd,Hull City,1,0,0,JOSE MOURINHO,2016-01-07,2100-01-01,41,0,0,0
2017-02-05,2016/2017,Manchester Utd,Leicester City,0,3,0,JOSE MOURINHO,2016-01-07,2100-01-01,42,0,0,0
2017-02-11,2016/2017,Manchester Utd,Watford,1,2,0,JOSE MOURINHO,2016-01-07,2100-01-01,43,0,0,0
2017-03-04,2016/2017,Manchester Utd,Bournemouth,1,1,1,JOSE MOURINHO,2016-01-07,2100-01-01,44,0,0,0
2017-03-19,2016/2017,Manchester Utd,Middlesbrough,0,3,1,JOSE MOURINHO,2016-01-07,2100-01-01,45,0,0,0
2017-04-01,2016/2017,Manchester Utd,West Brom,1,0,0,JOSE MOURINHO,2016-01-07,2100-01-01,46,0,0,0
2017-04-04,2016/2017,Manchester Utd,Everton,1,1,1,JOSE MOURINHO,2016-01-07,2100-01-01,47,0,0,0
2017-04-09,2016/2017,Manchester Utd,Sunderland,0,3,0,JOSE MOURINHO,2016-01-07,2100-01-01,48,0,0,0
2017-04-16,2016/2017,Manchester Utd,Chelsea,1,2,0,JOSE MOURINHO,2016-01-07,2100-01-01,49,0,0,0
2017-04-23,2016/2017,Manchester Utd,Burnley,0,2,0,JOSE MOURINHO,2016-01-07,2100-01-01,50,0,0,0
2017-04-27,2016/2017,Manchester Utd,Manchester City,0,0,0,JOSE MOURINHO,2016-01-07,2100-01-01,51,0,0,0
2017-04-30,2016/2017,Manchester Utd,Swansea City,1,1,1,JOSE MOURINHO,2016-01-07,2100-01-01,52,0,0,0
2017-05-07,2016/2017,Manchester Utd,Arsenal,0,0,2,JOSE MOURINHO,2016-01-07,2100-01-01,53,0,0,0
2017-05-14,2016/2017,Manchester Utd,Tottenham,0,1,2,JOSE MOURINHO,2016-01-07,2100-01-01,54,0,0,0
2017-05-17,2016/2017,Manchester Utd,Southampton,0,0,0,JOSE MOURINHO,2016-01-07,2100-01-01,55,0,0,0
2017-05-21,2016/2017,Manchester Utd,Crystal Palace,1,2,0,JOSE MOURINHO,2016-01-07,2100-01-01,56,0,0,0
2017-08-13,2017/2018,Manchester Utd,West Ham,1,4,0,JOSE MOURINHO,2016-01-07,2100-01-01,57,0,0,0
2017-08-19,2017/2018,Manchester Utd,Swansea City,0,4,0,JOSE MOURINHO,2016-01-07,2100-01-01,58,0,0,0
2017-08-26,2017/2018,Manchester Utd,Leicester City,1,2,0,JOSE MOURINHO,2016-01-07,2100-01-01,59,0,0,0
2017-09-09,2017/2018,Manchester Utd,Stoke City,0,2,2,JOSE MOURINHO,2016-01-07,2100-01-01,60,0,0,0
2017-09-17,2017/2018,Manchester Utd,Everton,1,4,0,JOSE MOURINHO,2016-01-07,2100-01-01,61,0,0,0
2017-09-23,2017/2018,Manchester Utd,Southampton,0,1,0,JOSE MOURINHO,2016-01-07,2100-01-01,62,0,0,0
2017-09-30,2017/2018,Manchester Utd,Crystal Palace,1,4,0,JOSE MOURINHO,2016-01-07,2100-01-01,63,0,0,0
2017-10-14,2017/2018,Manchester Utd,Liverpool,0,0,0,JOSE MOURINHO,2016-01-07,2100-01-01,64,0,0,0
2017-10-21,2017/2018,Manchester Utd,Huddersfield,0,1,2,JOSE MOURINHO,2016-01-07,2100-01-01,65,0,0,0
2017-10-28,2017/2018,Manchester Utd,Tottenham,1,1,0,JOSE MOURINHO,2016-01-07,2100-01-01,66,0,0,0
2017-11-05,2017/2018,Manchester Utd,Chelsea,0,0,1,JOSE MOURINHO,2016-01-07,2100-01-01,67,0,0,0
2017-11-18,2017/2018,Manchester Utd,Newcastle Utd,1,4,1,JOSE MOURINHO,2016-01-07,2100-01-01,68,0,0,0
2017-11-25,2017/2018,Manchester Utd,Brighton,1,1,0,JOSE MOURINHO,2016-01-07,2100-01-01,69,0,0,0
2017-11-28,2017/2018,Manchester Utd,Watford,0,4,2,JOSE MOURINHO,2016-01-07,2100-01-01,70,0,0,0
2017-12-02,2017/2018,Manchester Utd,Arsenal,0,3,1,JOSE MOURINHO,2016-01-07,2100-01-01,71,0,0,0
2017-12-10,2017/2018,Manchester Utd,Manchester City,1,1,2,JOSE MOURINHO,2016-01-07,2100-01-01,72,0,0,0
2017-12-13,2017/2018,Manchester Utd,Bournemouth,1,1,0,JOSE MOURINHO,2016-01-07,2100-01-01,73,0,0,0
2017-12-17,2017/2018,Manchester Utd,West Brom,0,2,1,JOSE MOURINHO,2016-01-07,2100-01-01,74,0,0,0
2017-12-23,2017/2018,Manchester Utd,Leicester City,0,2,2,JOSE MOURINHO,2016-01-07,2100-01-01,75,0,0,0
2017-12-26,2017/2018,Manchester Utd,Burnley,1,2,2,JOSE MOURINHO,2016-01-07,2100-01-01,76,0,0,0
2017-12-30,2017/2018,Manchester Utd,Southampton,1,0,0,JOSE MOURINHO,2016-01-07,2100-01-01,77,0,0,0
2018-01-01,2017/2018,Manchester Utd,Everton,0,2,0,JOSE MOURINHO,2016-01-07,2100-01-01,78,0,0,0
2018-01-15,2017/2018,Manchester Utd,Stoke City,1,3,0,JOSE MOURINHO,2016-01-07,2100-01-01,79,0,0,0
2018-01-20,2017/2018,Manchester Utd,Burnley,0,1,0,JOSE MOURINHO,2016-01-07,2100-01-01,80,0,0,0
2018-01-31,2017/2018,Manchester Utd,Tottenham,0,0,2,JOSE MOURINHO,2016-01-07,2100-01-01,81,0,0,0
2018-02-03,2017/2018,Manchester Utd,Huddersfield,1,2,0,JOSE MOURINHO,2016-01-07,2100-01-01,82,0,0,0
2018-02-11,2017/2018,Manchester Utd,Newcastle Utd,0,0,1,JOSE MOURINHO,2016-01-07,2100-01-01,83,0,0,0
2018-02-25,2017/2018,Manchester Utd,Chelsea,1,2,1,JOSE MOURINHO,2016-01-07,2100-01-01,84,0,0,0
2018-03-05,2017/2018,Manchester Utd,Crystal Palace,0,3,2,JOSE MOURINHO,2016-01-07,2100-01-01,85,0,0,0
2018-03-10,2017/2018,Manchester Utd,Liverpool,1,2,1,JOSE MOURINHO,2016-01-07,2100-01-01,86,0,0,0
2018-03-31,2017/2018,Manchester Utd,Swansea City,1,2,0,JOSE MOURINHO,2016-01-07,2100-01-01,87,0,0,0
2018-04-07,2017/2018,Manchester Utd,Manchester City,0,3,2,JOSE MOURINHO,2016-01-07,2100-01-01,88,0,0,0
2018-04-15,2017/2018,Manchester Utd,West Brom,1,0,1,JOSE MOURINHO,2016-01-07,2100-01-01,89,0,0,0
2018-04-18,2017/2018,Manchester Utd,Bournemouth,0,2,0,JOSE MOURINHO,2016-01-07,2100-01-01,90,0,0,0
2018-04-29,2017/2018,Manchester Utd,Arsenal,1,2,1,JOSE MOURINHO,2016-01-07,2100-01-01,91,0,0,0
2018-05-04,2017/2018,Manchester Utd,Brighton,0,0,1,JOSE MOURINHO,2016-01-07,2100-01-01,92,0,0,0
2018-05-10,2017/2018,Manchester Utd,West Ham,0,0,0,JOSE MOURINHO,2016-01-07,2100-01-01,93,0,0,0
2018-05-13,2017/2018,Manchester Utd,Watford,1,1,0,JOSE MOURINHO,2016-01-07,2100-01-01,94,0,0,0
2018-08-10,2018/2019,Manchester Utd,Leicester City,1,2,1,JOSE MOURINHO,2016-01-07,2100-01-01,95,0,0,0
2018-08-19,2018/2019,Manchester Utd,Brighton,0,2,3,JOSE MOURINHO,2016-01-07,2100-01-01,96,0,0,0
2018-08-27,2018/2019,Manchester Utd,Tottenham,1,0,3,JOSE MOURINHO,2016-01-07,2100-01-01,97,0,0,0
2018-09-02,2018/2019,Manchester Utd,Burnley,0,2,0,JOSE MOURINHO,2016-01-07,2100-01-01,98,0,0,0
2018-09-15,2018/2019,Manchester Utd,Watford,0,2,1,JOSE MOURINHO,2016-01-07,2100-01-01,99,0,0,0
2018-09-22,2018/2019,Manchester Utd,Wolves,1,1,1,JOSE MOURINHO,2016-01-07,2100-01-01,100,0,0,0
2018-09-29,2018/2019,Manchester Utd,West Ham,0,1,3,JOSE MOURINHO,2016-01-07,2100-01-01,101,0,0,0
2018-10-06,2018/2019,Manchester Utd,Newcastle Utd,1,3,2,JOSE MOURINHO,2016-01-07,2100-01-01,102,0,0,0
2018-10-20,2018/2019,Manchester Utd,Chelsea,0,2,2,JOSE MOURINHO,2016-01-07,2100-01-01,103,0,0,0
2018-10-28,2018/2019,Manchester Utd,Everton,1,2,1,JOSE MOURINHO,2016-01-07,2100-01-01,104,0,0,0
2018-11-03,2018/2019,Manchester Utd,Bournemouth,0,2,1,JOSE MOURINHO,2016-01-07,2100-01-01,105,0,0,0
2018-11-11,2018/2019,Manchester Utd,Manchester City,0,1,3,JOSE MOURINHO,2016-01-07,2100-01-01,106,0,0,0
2018-11-24,2018/2019,Manchester Utd,Crystal Palace,1,0,0,JOSE MOURINHO,2016-01-07,2100-01-01,107,0,0,0
2018-12-01,2018/2019,Manchester Utd,Southampton,0,2,2,JOSE MOURINHO,2016-01-07,2100-01-01,108,0,0,0
2018-12-05,2018/2019,Manchester Utd,Arsenal,1,2,2,JOSE MOURINHO,2016-01-07,2100-01-01,109,0,0,0
2018-12-08,2018/2019,Manchester Utd,Fulham,1,4,1,JOSE MOURINHO,2016-01-07,2100-01-01,110,0,0,0
2018-12-16,2018/2019,Manchester Utd,Liverpool,0,1,3,JOSE MOURINHO,2016-01-07,2100-01-01,111,0,0,0
2014-08-16,2014/2015,Manchester Utd,Swansea City,1,1,2,LOUIS VAN GAAL,2014-07-14,2100-01-01,101,0,0,0
2014-08-24,2014/2015,Manchester Utd,Sunderland,0,1,1,LOUIS VAN GAAL,2014-07-14,2100-01-01,102,0,0,0
2014-08-30,2014/2015,Manchester Utd,Burnley,0,0,0,LOUIS VAN GAAL,2014-07-14,2100-01-01,103,0,0,0
2014-09-14,2014/2015,Manchester Utd,QPR,1,4,0,LOUIS VAN GAAL,2014-07-14,2100-01-01,104,0,0,0
2014-09-21,2014/2015,Manchester Utd,Leicester City,0,3,5,LOUIS VAN GAAL,2014-07-14,2100-01-01,105,0,0,0
2014-09-27,2014/2015,Manchester Utd,West Ham,1,2,1,LOUIS VAN GAAL,2014-07-14,2100-01-01,106,0,0,0
2014-10-05,2014/2015,Manchester Utd,Everton,1,2,1,LOUIS VAN GAAL,2014-07-14,2100-01-01,107,0,0,0
2014-10-20,2014/2015,Manchester Utd,West Brom,0,2,2,LOUIS VAN GAAL,2014-07-14,2100-01-01,108,0,0,0
2014-10-26,2014/2015,Manchester Utd,Chelsea,1,1,1,LOUIS VAN GAAL,2014-07-14,2100-01-01,109,0,0,0
2014-11-02,2014/2015,Manchester Utd,Manchester City,0,0,1,LOUIS VAN GAAL,2014-07-14,2100-01-01,110,0,0,0
2014-11-08,2014/2015,Manchester Utd,Crystal Palace,1,1,0,LOUIS VAN GAAL,2014-07-14,2100-01-01,111,0,0,0
2014-11-22,2014/2015,Manchester Utd,Arsenal,0,2,1,LOUIS VAN GAAL,2014-07-14,2100-01-01,112,0,0,0
2014-11-29,2014/2015,Manchester Utd,Hull City,1,3,0,LOUIS VAN GAAL,2014-07-14,2100-01-01,113,0,0,0
2014-12-02,2014/2015,Manchester Utd,Stoke City,1,2,1,LOUIS VAN GAAL,2014-07-14,2100-01-01,114,0,0,0
2014-12-08,2014/2015,Manchester Utd,Southampton,0,2,1,LOUIS VAN GAAL,2014-07-14,2100-01-01,115,0,0,0
2014-12-14,2014/2015,Manchester Utd,Liverpool,1,3,0,LOUIS VAN GAAL,2014-07-14,2100-01-01,116,0,0,0
2014-12-20,2014/2015,Manchester Utd,Aston Villa,0,1,1,LOUIS VAN GAAL,2014-07-14,2100-01-01,117,0,0,0
2014-12-26,2014/2015,Manchester Utd,Newcastle Utd,1,3,1,LOUIS VAN GAAL,2014-07-14,2100-01-01,118,0,0,0
2014-12-28,2014/2015,Manchester Utd,Tottenham,0,0,0,LOUIS VAN GAAL,2014-07-14,2100-01-01,119,0,0,0
2015-01-01,2014/2015,Manchester Utd,Stoke City,0,1,1,LOUIS VAN GAAL,2014-07-14,2100-01-01,120,0,0,0
2015-01-11,2014/2015,Manchester Utd,Southampton,1,0,1,LOUIS VAN GAAL,2014-07-14,2100-01-01,121,0,0,0
2015-01-17,2014/2015,Manchester Utd,QPR,0,2,0,LOUIS VAN GAAL,2014-07-14,2100-01-01,122,0,0,0
2015-01-31,2014/2015,Manchester Utd,Leicester City,1,3,1,LOUIS VAN GAAL,2014-07-14,2100-01-01,123,0,0,0
2015-02-08,2014/2015,Manchester Utd,West Ham,0,1,1,LOUIS VAN GAAL,2014-07-14,2100-01-01,124,0,0,0
2015-02-11,2014/2015,Manchester Utd,Burnley,1,3,1,LOUIS VAN GAAL,2014-07-14,2100-01-01,125,0,0,0
2015-02-21,2014/2015,Manchester Utd,Swansea City,0,1,2,LOUIS VAN GAAL,2014-07-14,2100-01-01,126,0,0,0
2015-02-28,2014/2015,Manchester Utd,Sunderland,1,2,0,LOUIS VAN GAAL,2014-07-14,2100-01-01,127,0,0,0
2015-03-04,2014/2015,Manchester Utd,Newcastle Utd,0,1,0,LOUIS VAN GAAL,2014-07-14,2100-01-01,128,0,0,0
2015-03-15,2014/2015,Manchester Utd,Tottenham,1,3,0,LOUIS VAN GAAL,2014-07-14,2100-01-01,129,0,0,0
2015-03-22,2014/2015,Manchester Utd,Liverpool,0,2,1,LOUIS VAN GAAL,2014-07-14,2100-01-01,130,0,0,0
2015-04-04,2014/2015,Manchester Utd,Aston Villa,1,3,1,LOUIS VAN GAAL,2014-07-14,2100-01-01,131,0,0,0
2015-04-12,2014/2015,Manchester Utd,Manchester City,1,4,2,LOUIS VAN GAAL,2014-07-14,2100-01-01,132,0,0,0
2015-04-18,2014/2015,Manchester Utd,Chelsea,0,0,1,LOUIS VAN GAAL,2014-07-14,2100-01-01,133,0,0,0
2015-04-26,2014/2015,Manchester Utd,Everton,0,0,3,LOUIS VAN GAAL,2014-07-14,2100-01-01,134,0,0,0
2015-05-02,2014/2015,Manchester Utd,West Brom,1,0,1,LOUIS VAN GAAL,2014-07-14,2100-01-01,135,0,0,0
2015-05-09,2014/2015,Manchester Utd,Crystal Palace,0,2,1,LOUIS VAN GAAL,2014-07-14,2100-01-01,136,0,0,0
2015-05-17,2014/2015,Manchester Utd,Arsenal,1,1,1,LOUIS VAN GAAL,2014-07-14,2100-01-01,137,0,0,0
2015-05-24,2014/2015,Manchester Utd,Hull City,0,0,0,LOUIS VAN GAAL,2014-07-14,2100-01-01,138,0,0,0
2015-08-08,2015/2016,Manchester Utd,Tottenham,1,1,0,LOUIS VAN GAAL,2014-07-14,2100-01-01,139,0,0,0
2015-08-14,2015/2016,Manchester Utd,Aston Villa,0,1,0,LOUIS VAN GAAL,2014-07-14,2100-01-01,140,0,0,0
2015-08-22,2015/2016,Manchester Utd,Newcastle Utd,1,0,0,LOUIS VAN GAAL,2014-07-14,2100-01-01,141,0,0,0
2015-08-30,2015/2016,Manchester Utd,Swansea City,0,1,2,LOUIS VAN GAAL,2014-07-14,2100-01-01,142,0,0,0
2015-09-12,2015/2016,Manchester Utd,Liverpool,1,3,1,LOUIS VAN GAAL,2014-07-14,2100-01-01,143,0,0,0
2015-09-20,2015/2016,Manchester Utd,Southampton,0,3,2,LOUIS VAN GAAL,2014-07-14,2100-01-01,144,0,0,0
2015-09-26,2015/2016,Manchester Utd,Sunderland,1,3,0,LOUIS VAN GAAL,2014-07-14,2100-01-01,145,0,0,0
2015-10-04,2015/2016,Manchester Utd,Arsenal,0,0,3,LOUIS VAN GAAL,2014-07-14,2100-01-01,146,0,0,0
2015-10-17,2015/2016,Manchester Utd,Everton,0,3,0,LOUIS VAN GAAL,2014-07-14,2100-01-01,147,0,0,0
2015-10-25,2015/2016,Manchester Utd,Manchester City,1,0,0,LOUIS VAN GAAL,2014-07-14,2100-01-01,148,0,0,0
2015-10-31,2015/2016,Manchester Utd,Crystal Palace,0,0,0,LOUIS VAN GAAL,2014-07-14,2100-01-01,149,0,0,0
2015-11-07,2015/2016,Manchester Utd,West Brom,1,2,0,LOUIS VAN GAAL,2014-07-14,2100-01-01,150,0,0,0
2015-11-21,2015/2016,Manchester Utd,Watford,0,2,1,LOUIS VAN GAAL,2014-07-14,2100-01-01,151,0,0,0
2015-11-28,2015/2016,Manchester Utd,Leicester City,0,1,1,LOUIS VAN GAAL,2014-07-14,2100-01-01,152,0,0,0
2015-12-05,2015/2016,Manchester Utd,West Ham,1,0,0,LOUIS VAN GAAL,2014-07-14,2100-01-01,153,0,0,0
2015-12-12,2015/2016,Manchester Utd,Bournemouth,0,1,2,LOUIS VAN GAAL,2014-07-14,2100-01-01,154,0,0,0
2015-12-19,2015/2016,Manchester Utd,Norwich City,1,1,2,LOUIS VAN GAAL,2014-07-14,2100-01-01,155,0,0,0
2015-12-26,2015/2016,Manchester Utd,Stoke City,0,0,2,LOUIS VAN GAAL,2014-07-14,2100-01-01,156,0,0,0
2015-12-28,2015/2016,Manchester Utd,Chelsea,1,0,0,LOUIS VAN GAAL,2014-07-14,2100-01-01,157,0,0,0
2016-01-02,2015/2016,Manchester Utd,Swansea City,1,2,1,LOUIS VAN GAAL,2014-07-14,2100-01-01,158,0,0,0
2018-12-22,2018/2019,Manchester Utd,Cardiff City,0,5,1,OLE GUNNAR SOLSKJAER,2018-12-19,2100-01-01,1,1,0,0
2018-12-26,2018/2019,Manchester Utd,Huddersfield,1,3,1,OLE GUNNAR SOLSKJAER,2018-12-19,2100-01-01,2,1,0,0
2018-12-30,2018/2019,Manchester Utd,Bournemouth,1,4,1,OLE GUNNAR SOLSKJAER,2018-12-19,2100-01-01,3,1,0,0
2019-01-02,2018/2019,Manchester Utd,Newcastle Utd,0,2,0,OLE GUNNAR SOLSKJAER,2018-12-19,2100-01-01,4,0,1,0
2019-01-13,2018/2019,Manchester Utd,Tottenham,0,1,0,OLE GUNNAR SOLSKJAER,2018-12-19,2100-01-01,5,0,1,0
2019-01-19,2018/2019,Manchester Utd,Brighton,1,2,1,OLE GUNNAR SOLSKJAER,2018-12-19,2100-01-01,6,0,1,0
2019-01-29,2018/2019,Manchester Utd,Burnley,1,2,2,OLE GUNNAR SOLSKJAER,2018-12-19,2100-01-01,7,0,0,1
2019-02-03,2018/2019,Manchester Utd,Leicester City,0,1,0,OLE GUNNAR SOLSKJAER,2018-12-19,2100-01-01,8,0,0,1
2019-02-09,2018/2019,Manchester Utd,Fulham,0,3,0,OLE GUNNAR SOLSKJAER,2018-12-19,2100-01-01,9,0,0,1
2019-02-24,2018/2019,Manchester Utd,Liverpool,1,0,0,OLE GUNNAR SOLSKJAER,2018-12-19,2100-01-01,10,0,0,1
2019-02-27,2018/2019,Manchester Utd,Crystal Palace,0,3,1,OLE GUNNAR SOLSKJAER,2018-12-19,2100-01-01,11,0,0,0
2019-03-02,2018/2019,Manchester Utd,Southampton,1,3,2,OLE GUNNAR SOLSKJAER,2018-12-19,2100-01-01,12,0,0,0
2019-03-10,2018/2019,Manchester Utd,Arsenal,0,0,2,OLE GUNNAR SOLSKJAER,2018-12-19,2100-01-01,13,0,0,0
2019-03-30,2018/2019,Manchester Utd,Watford,1,2,1,OLE GUNNAR SOLSKJAER,2018-12-19,2100-01-01,14,0,0,0
2019-04-02,2018/2019,Manchester Utd,Wolves,0,1,2,OLE GUNNAR SOLSKJAER,2018-12-19,2100-01-01,15,0,0,0
2019-04-13,2018/2019,Manchester Utd,West Ham,1,2,1,OLE GUNNAR SOLSKJAER,2018-12-19,2100-01-01,16,0,0,0
2019-04-21,2018/2019,Manchester Utd,Everton,0,0,4,OLE GUNNAR SOLSKJAER,2018-12-19,2100-01-01,17,0,0,0
2019-04-24,2018/2019,Manchester Utd,Manchester City,1,0,2,OLE GUNNAR SOLSKJAER,2018-12-19,2100-01-01,18,0,0,0
2019-04-28,2018/2019,Manchester Utd,Chelsea,1,1,1,OLE GUNNAR SOLSKJAER,2018-12-19,2100-01-01,19,0,0,0
2019-05-05,2018/2019,Manchester Utd,Huddersfield,0,1,1,OLE GUNNAR SOLSKJAER,2018-12-19,2100-01-01,20,0,0,0
2019-05-12,2018/2019,Manchester Utd,Cardiff City,1,0,2,OLE GUNNAR SOLSKJAER,2018-12-19,2100-01-01,21,0,0,0
2019-08-11,2019/2020,Manchester Utd,Chelsea,1,4,0,OLE GUNNAR SOLSKJAER,2018-12-19,2100-01-01,22,0,0,0
2019-08-19,2019/2020,Manchester Utd,Wolves,0,1,1,OLE GUNNAR SOLSKJAER,2018-12-19,2100-01-01,23,0,0,0
2019-08-24,2019/2020,Manchester Utd,Crystal Palace,1,1,2,OLE GUNNAR SOLSKJAER,2018-12-19,2100-01-01,24,0,0,0
2019-08-31,2019/2020,Manchester Utd,Southampton,0,1,1,OLE GUNNAR SOLSKJAER,2018-12-19,2100-01-01,25,0,0,0
2019-09-14,2019/2020,Manchester Utd,Leicester City,1,1,0,OLE GUNNAR SOLSKJAER,2018-12-19,2100-01-01,26,0,0,0
2019-09-22,2019/2020,Manchester Utd,West Ham,0,0,2,OLE GUNNAR SOLSKJAER,2018-12-19,2100-01-01,27,0,0,0
2019-09-30,2019/2020,Manchester Utd,Arsenal,1,1,1,OLE GUNNAR SOLSKJAER,2018-12-19,2100-01-01,28,0,0,0
2019-10-06,2019/2020,Manchester Utd,Newcastle Utd,0,0,1,OLE GUNNAR SOLSKJAER,2018-12-19,2100-01-01,29,0,0,0
2019-10-20,2019/2020,Manchester Utd,Liverpool,1,1,1,OLE GUNNAR SOLSKJAER,2018-12-19,2100-01-01,30,0,0,0
2019-10-27,2019/2020,Manchester Utd,Norwich City,0,3,1,OLE GUNNAR SOLSKJAER,2018-12-19,2100-01-01,31,0,0,0
2019-11-02,2019/2020,Manchester Utd,Bournemouth,0,0,1,OLE GUNNAR SOLSKJAER,2018-12-19,2100-01-01,32,0,0,0
2019-11-10,2019/2020,Manchester Utd,Brighton,1,3,1,OLE GUNNAR SOLSKJAER,2018-12-19,2100-01-01,33,0,0,0
2019-11-24,2019/2020,Manchester Utd,Sheffield Utd,0,3,3,OLE GUNNAR SOLSKJAER,2018-12-19,2100-01-01,34,0,0,0
2019-12-01,2019/2020,Manchester Utd,Aston Villa,1,2,2,OLE GUNNAR SOLSKJAER,2018-12-19,2100-01-01,35,0,0,0
2019-12-04,2019/2020,Manchester Utd,Tottenham,1,2,1,OLE GUNNAR SOLSKJAER,2018-12-19,2100-01-01,36,0,0,0
2019-12-07,2019/2020,Manchester Utd,Manchester City,0,2,1,OLE GUNNAR SOLSKJAER,2018-12-19,2100-01-01,37,0,0,0
2019-12-15,2019/2020,Manchester Utd,Everton,1,1,1,OLE GUNNAR SOLSKJAER,2018-12-19,2100-01-01,38,0,0,0
2019-12-22,2019/2020,Manchester Utd,Watford,0,0,2,OLE GUNNAR SOLSKJAER,2018-12-19,2100-01-01,39,0,0,0
2019-12-26,2019/2020,Manchester Utd,Newcastle Utd,1,4,1,OLE GUNNAR SOLSKJAER,2018-12-19,2100-01-01,40,0,0,0
2019-12-28,2019/2020,Manchester Utd,Burnley,0,2,0,OLE GUNNAR SOLSKJAER,2018-12-19,2100-01-01,41,0,0,0
2020-01-01,2019/2020,Manchester Utd,Arsenal,0,0,2,OLE GUNNAR SOLSKJAER,2018-12-19,2100-01-01,42,0,0,0
2020-01-11,2019/2020,Manchester Utd,Norwich City,1,4,0,OLE GUNNAR SOLSKJAER,2018-12-19,2100-01-01,43,0,0,0
2020-01-19,2019/2020,Manchester Utd,Liverpool,0,0,2,OLE GUNNAR SOLSKJAER,2018-12-19,2100-01-01,44,0,0,0
2020-01-22,2019/2020,Manchester Utd,Burnley,1,0,2,OLE GUNNAR SOLSKJAER,2018-12-19,2100-01-01,45,0,0,0
2020-02-01,2019/2020,Manchester Utd,Wolves,1,0,0,OLE GUNNAR SOLSKJAER,2018-12-19,2100-01-01,46,0,0,0
2020-02-17,2019/2020,Manchester Utd,Chelsea,0,2,0,OLE GUNNAR SOLSKJAER,2018-12-19,2100-01-01,47,0,0,0
2020-02-23,2019/2020,Manchester Utd,Watford,1,3,0,OLE GUNNAR SOLSKJAER,2018-12-19,2100-01-01,48,0,0,0
2020-03-01,2019/2020,Manchester Utd,Everton,0,1,1,OLE GUNNAR SOLSKJAER,2018-12-19,2100-01-01,49,0,0,0
2020-03-08,2019/2020,Manchester Utd,Manchester City,1,2,0,OLE GUNNAR SOLSKJAER,2018-12-19,2100-01-01,50,0,0,0
2020-06-19,2019/2020,Manchester Utd,Tottenham,0,1,1,OLE GUNNAR SOLSKJAER,2018-12-19,2100-01-01,51,0,0,0
2020-06-24,2019/2020,Manchester Utd,Sheffield Utd,1,3,0,OLE GUNNAR SOLSKJAER,2018-12-19,2100-01-01,52,0,0,0
2020-06-30,2019/2020,Manchester Utd,Brighton,0,3,0,OLE GUNNAR SOLSKJAER,2018-12-19,2100-01-01,53,0,0,0
2020-07-04,2019/2020,Manchester Utd,Bournemouth,1,5,2,OLE GUNNAR SOLSKJAER,2018-12-19,2100-01-01,54,0,0,0
2020-07-09,2019/2020,Manchester Utd,Aston Villa,0,3,0,OLE GUNNAR SOLSKJAER,2018-12-19,2100-01-01,55,0,0,0
2020-07-13,2019/2020,Manchester Utd,Southampton,1,2,2,OLE GUNNAR SOLSKJAER,2018-12-19,2100-01-01,56,0,0,0
2020-07-16,2019/2020,Manchester Utd,Crystal Palace,0,2,0,OLE GUNNAR SOLSKJAER,2018-12-19,2100-01-01,57,0,0,0
2020-07-22,2019/2020,Manchester Utd,West Ham,1,1,1,OLE GUNNAR SOLSKJAER,2018-12-19,2100-01-01,58,0,0,0
2020-07-26,2019/2020,Manchester Utd,Leicester City,0,2,0,OLE GUNNAR SOLSKJAER,2018-12-19,2100-01-01,59,0,0,0
2020-09-19,2020/2021,Manchester Utd,Crystal Palace,1,1,3,OLE GUNNAR SOLSKJAER,2018-12-19,2100-01-01,60,0,0,0
2020-09-26,2020/2021,Manchester Utd,Brighton,0,3,2,OLE GUNNAR SOLSKJAER,2018-12-19,2100-01-01,61,0,0,0
2020-10-04,2020/2021,Manchester Utd,Tottenham,1,1,6,OLE GUNNAR SOLSKJAER,2018-12-19,2100-01-01,62,0,0,0
2020-10-17,2020/2021,Manchester Utd,Newcastle Utd,0,4,1,OLE GUNNAR SOLSKJAER,2018-12-19,2100-01-01,63,0,0,0
2020-10-24,2020/2021,Manchester Utd,Chelsea,1,0,0,OLE GUNNAR SOLSKJAER,2018-12-19,2100-01-01,64,0,0,0
2020-11-01,2020/2021,Manchester Utd,Arsenal,1,0,1,OLE GUNNAR SOLSKJAER,2018-12-19,2100-01-01,65,0,0,0
2020-11-07,2020/2021,Manchester Utd,Everton,0,3,1,OLE GUNNAR SOLSKJAER,2018-12-19,2100-01-01,66,0,0,0
2020-11-21,2020/2021,Manchester Utd,West Brom,1,1,0,OLE GUNNAR SOLSKJAER,2018-12-19,2100-01-01,67,0,0,0
2020-11-29,2020/2021,Manchester Utd,Southampton,0,3,2,OLE GUNNAR SOLSKJAER,2018-12-19,2100-01-01,68,0,0,0
2020-12-05,2020/2021,Manchester Utd,West Ham,0,3,1,OLE GUNNAR SOLSKJAER,2018-12-19,2100-01-01,69,0,0,0
2020-12-12,2020/2021,Manchester Utd,Manchester City,1,0,0,OLE GUNNAR SOLSKJAER,2018-12-19,2100-01-01,70,0,0,0
2020-12-17,2020/2021,Manchester Utd,Sheffield Utd,0,3,2,OLE GUNNAR SOLSKJAER,2018-12-19,2100-01-01,71,0,0,0
2020-12-20,2020/2021,Manchester Utd,Leeds United,1,6,2,OLE GUNNAR SOLSKJAER,2018-12-19,2100-01-01,72,0,0,0
2020-12-26,2020/2021,Manchester Utd,Leicester City,0,2,2,OLE GUNNAR SOLSKJAER,2018-12-19,2100-01-01,73,0,0,0
2020-12-29,2020/2021,Manchester Utd,Wolves,1,1,0,OLE GUNNAR SOLSKJAER,2018-12-19,2100-01-01,74,0,0,0
2021-01-01,2020/2021,Manchester Utd,Aston Villa,1,2,1,OLE GUNNAR SOLSKJAER,2018-12-19,2100-01-01,75,0,0,0
2021-01-12,2020/2021,Manchester Utd,Burnley,0,1,0,OLE GUNNAR SOLSKJAER,2018-12-19,2100-01-01,76,0,0,0
2021-01-17,2020/2021,Manchester Utd,Liverpool,0,0,0,OLE GUNNAR SOLSKJAER,2018-12-19,2100-01-01,77,0,0,0
2021-01-20,2020/2021,Manchester Utd,Fulham,0,2,1,OLE GUNNAR SOLSKJAER,2018-12-19,2100-01-01,78,0,0,0
2021-01-27,2020/2021,Manchester Utd,Sheffield Utd,1,1,2,OLE GUNNAR SOLSKJAER,2018-12-19,2100-01-01,79,0,0,0
2021-01-30,2020/2021,Manchester Utd,Arsenal,0,0,0,OLE GUNNAR SOLSKJAER,2018-12-19,2100-01-01,80,0,0,0
2021-02-02,2020/2021,Manchester Utd,Southampton,1,9,0,OLE GUNNAR SOLSKJAER,2018-12-19,2100-01-01,81,0,0,0
2021-02-06,2020/2021,Manchester Utd,Everton,1,3,3,OLE GUNNAR SOLSKJAER,2018-12-19,2100-01-01,82,0,0,0
2021-02-14,2020/2021,Manchester Utd,West Brom,0,1,1,OLE GUNNAR SOLSKJAER,2018-12-19,2100-01-01,83,0,0,0
2021-02-21,2020/2021,Manchester Utd,Newcastle Utd,1,3,1,OLE GUNNAR SOLSKJAER,2018-12-19,2100-01-01,84,0,0,0
2021-02-28,2020/2021,Manchester Utd,Chelsea,0,0,0,OLE GUNNAR SOLSKJAER,2018-12-19,2100-01-01,85,0,0,0
2021-03-03,2020/2021,Manchester Utd,Crystal Palace,0,0,0,OLE GUNNAR SOLSKJAER,2018-12-19,2100-01-01,86,0,0,0
2021-03-07,2020/2021,Manchester Utd,Manchester City,0,2,0,OLE GUNNAR SOLSKJAER,2018-12-19,2100-01-01,87,0,0,0
2021-03-14,2020/2021,Manchester Utd,West Ham,1,1,0,RALF RANGNICK,2021-03-12,2100-01-01,1,1,0,0
2021-04-04,2020/2021,Manchester Utd,Brighton,1,2,1,RALF RANGNICK,2021-03-12,2100-01-01,2,1,0,0
2021-04-11,2020/2021,Manchester Utd,Tottenham,0,3,1,RALF RANGNICK,2021-03-12,2100-01-01,3,1,0,0
2021-04-18,2020/2021,Manchester Utd,Burnley,1,3,1,RALF RANGNICK,2021-03-12,2100-01-01,4,0,1,0
2021-04-25,2020/2021,Manchester Utd,Leeds United,0,0,0,RALF RANGNICK,2021-03-12,2100-01-01,5,0,1,0
2021-05-09,2020/2021,Manchester Utd,Aston Villa,0,3,1,RALF RANGNICK,2021-03-12,2100-01-01,6,0,1,0
2021-05-11,2020/2021,Manchester Utd,Leicester City,1,1,2,RALF RANGNICK,2021-03-12,2100-01-01,7,0,0,1
2021-05-13,2020/2021,Manchester Utd,Liverpool,1,2,4,RALF RANGNICK,2021-03-12,2100-01-01,8,0,0,1
2021-05-18,2020/2021,Manchester Utd,Fulham,1,1,1,RALF RANGNICK,2021-03-12,2100-01-01,9,0,0,1
2021-05-23,2020/2021,Manchester Utd,Wolves,0,2,1,RALF RANGNICK,2021-03-12,2100-01-01,10,0,0,1
2021-08-14,2021/2022,Manchester Utd,Leeds United,1,5,1,RALF RANGNICK,2021-03-12,2100-01-01,11,0,0,0
2021-08-22,2021/2022,Manchester Utd,Southampton,0,1,1,RALF RANGNICK,2021-03-12,2100-01-01,12,0,0,0
2021-08-29,2021/2022,Manchester Utd,Wolves,0,1,0,RALF RANGNICK,2021-03-12,2100-01-01,13,0,0,0
2021-09-11,2021/2022,Manchester Utd,Newcastle Utd,1,4,1,RALF RANGNICK,2021-03-12,2100-01-01,14,0,0,0
2021-09-19,2021/2022,Manchester Utd,West Ham,0,2,1,RALF RANGNICK,2021-03-12,2100-01-01,15,0,0,0
2021-09-25,2021/2022,Manchester Utd,Aston Villa,1,0,1,RALF RANGNICK,2021-03-12,2100-01-01,16,0,0,0
2021-10-02,2021/2022,Manchester Utd,Everton,1,1,1,RALF RANGNICK,2021-03-12,2100-01-01,17,0,0,0
2021-10-16,2021/2022,Manchester Utd,Leicester City,0,2,4,RALF RANGNICK,2021-03-12,2100-01-01,18,0,0,0
2021-10-24,2021/2022,Manchester Utd,Liverpool,1,0,5,RALF RANGNICK,2021-03-12,2100-01-01,19,0,0,0
2021-10-30,2021/2022,Manchester Utd,Tottenham,0,3,0,RALF RANGNICK,2021-03-12,2100-01-01,20,0,0,0
2021-11-06,2021/2022,Manchester Utd,Manchester City,1,0,2,RALF RANGNICK,2021-03-12,2100-01-01,21,0,0,0
2021-11-20,2021/2022,Manchester Utd,Watford,0,1,4,RALF RANGNICK,2021-03-12,2100-01-01,22,0,0,0
2021-11-28,2021/2022,Manchester Utd,Chelsea,0,1,1,RALF RANGNICK,2021-03-12,2100-01-01,23,0,0,0
2021-12-02,2021/2022,Manchester Utd,Arsenal,1,3,2,RALF RANGNICK,2021-03-12,2100-01-01,24,0,0,0
2021-12-05,2021/2022,Manchester Utd,Crystal Palace,1,1,0,RALF RANGNICK,2021-03-12,2100-01-01,25,0,0,0
2021-12-11,2021/2022,Manchester Utd,Norwich City,0,1,0,RALF RANGNICK,2021-03-12,2100-01-01,26,0,0,0
2021-12-27,2021/2022,Manchester Utd,Newcastle Utd,0,1,1,RALF RANGNICK,2021-03-12,2100-01-01,27,0,0,0
2021-12-30,2021/2022,Manchester Utd,Burnley,1,3,1,RALF RANGNICK,2021-03-12,2100-01-01,28,0,0,0
2022-01-03,2021/2022,Manchester Utd,Wolves,1,0,1,RALF RANGNICK,2021-03-12,2100-01-01,29,0,0,0
2016-08-13,2016/2017,Middlesbrough,Stoke City,1,1,1,AITOR KARANKA,2013-11-13,2017-03-16,101,0,0,0
2016-08-21,2016/2017,Middlesbrough,Sunderland,0,2,1,AITOR KARANKA,2013-11-13,2017-03-16,102,0,0,0
2016-08-28,2016/2017,Middlesbrough,West Brom,0,0,0,AITOR KARANKA,2013-11-13,2017-03-16,103,0,0,0
2016-09-10,2016/2017,Middlesbrough,Crystal Palace,1,1,2,AITOR KARANKA,2013-11-13,2017-03-16,104,0,0,0
2016-09-17,2016/2017,Middlesbrough,Everton,0,1,3,AITOR KARANKA,2013-11-13,2017-03-16,105,0,0,0
2016-09-24,2016/2017,Middlesbrough,Tottenham,1,1,2,AITOR KARANKA,2013-11-13,2017-03-16,106,0,0,0
2016-10-01,2016/2017,Middlesbrough,West Ham,0,1,1,AITOR KARANKA,2013-11-13,2017-03-16,107,0,0,0
2016-10-16,2016/2017,Middlesbrough,Watford,1,0,1,AITOR KARANKA,2013-11-13,2017-03-16,108,0,0,0
2016-10-22,2016/2017,Middlesbrough,Arsenal,0,0,0,AITOR KARANKA,2013-11-13,2017-03-16,109,0,0,0
2016-10-29,2016/2017,Middlesbrough,Bournemouth,1,2,0,AITOR KARANKA,2013-11-13,2017-03-16,110,0,0,0
2016-11-05,2016/2017,Middlesbrough,Manchester City,0,1,1,AITOR KARANKA,2013-11-13,2017-03-16,111,0,0,0
2016-11-20,2016/2017,Middlesbrough,Chelsea,1,0,1,AITOR KARANKA,2013-11-13,2017-03-16,112,0,0,0
2016-11-26,2016/2017,Middlesbrough,Leicester City,0,2,2,AITOR KARANKA,2013-11-13,2017-03-16,113,0,0,0
2016-12-05,2016/2017,Middlesbrough,Hull City,1,1,0,AITOR KARANKA,2013-11-13,2017-03-16,114,0,0,0
2016-12-11,2016/2017,Middlesbrough,Southampton,0,0,1,AITOR KARANKA,2013-11-13,2017-03-16,115,0,0,0
2016-12-14,2016/2017,Middlesbrough,Liverpool,1,0,3,AITOR KARANKA,2013-11-13,2017-03-16,116,0,0,0
2016-12-17,2016/2017,Middlesbrough,Swansea City,1,3,0,AITOR KARANKA,2013-11-13,2017-03-16,117,0,0,0
2016-12-26,2016/2017,Middlesbrough,Burnley,0,0,1,AITOR KARANKA,2013-11-13,2017-03-16,118,0,0,0
2016-12-31,2016/2017,Middlesbrough,Manchester Utd,0,1,2,AITOR KARANKA,2013-11-13,2017-03-16,119,0,0,0
2017-01-02,2016/2017,Middlesbrough,Leicester City,1,0,0,AITOR KARANKA,2013-11-13,2017-03-16,120,0,0,0
2017-01-14,2016/2017,Middlesbrough,Watford,0,0,0,AITOR KARANKA,2013-11-13,2017-03-16,121,0,0,0
2017-01-21,2016/2017,Middlesbrough,West Ham,1,1,3,AITOR KARANKA,2013-11-13,2017-03-16,122,0,0,0
2017-01-31,2016/2017,Middlesbrough,West Brom,1,1,1,AITOR KARANKA,2013-11-13,2017-03-16,123,0,0,0
2017-02-04,2016/2017,Middlesbrough,Tottenham,0,0,1,AITOR KARANKA,2013-11-13,2017-03-16,124,0,0,0
2017-02-11,2016/2017,Middlesbrough,Everton,1,0,0,AITOR KARANKA,2013-11-13,2017-03-16,125,0,0,0
2017-02-25,2016/2017,Middlesbrough,Crystal Palace,0,0,1,AITOR KARANKA,2013-11-13,2017-03-16,126,0,0,0
2017-03-04,2016/2017,Middlesbrough,Stoke City,0,0,2,AITOR KARANKA,2013-11-13,2017-03-16,127,0,0,0
2017-03-19,2016/2017,Middlesbrough,Manchester Utd,1,1,3,STEVE AGNEW,2017-03-16,2017-05-21,1,1,0,0
2017-04-02,2016/2017,Middlesbrough,Swansea City,0,0,0,STEVE AGNEW,2017-03-16,2017-05-21,2,1,0,0
2017-04-05,2016/2017,Middlesbrough,Hull City,0,2,4,STEVE AGNEW,2017-03-16,2017-05-21,3,1,0,0
2017-04-08,2016/2017,Middlesbrough,Burnley,1,0,0,STEVE AGNEW,2017-03-16,2017-05-21,4,0,1,0
2017-04-17,2016/2017,Middlesbrough,Arsenal,1,1,2,STEVE AGNEW,2017-03-16,2017-05-21,5,0,1,0
2017-04-22,2016/2017,Middlesbrough,Bournemouth,0,0,4,STEVE AGNEW,2017-03-16,2017-05-21,6,0,1,0
2017-04-26,2016/2017,Middlesbrough,Sunderland,1,1,0,STEVE AGNEW,2017-03-16,2017-05-21,7,0,0,1
2017-04-30,2016/2017,Middlesbrough,Manchester City,1,2,2,STEVE AGNEW,2017-03-16,2017-05-21,8,0,0,1
2017-05-08,2016/2017,Middlesbrough,Chelsea,0,0,3,STEVE AGNEW,2017-03-16,2017-05-21,9,0,0,1
2017-05-13,2016/2017,Middlesbrough,Southampton,1,1,2,STEVE AGNEW,2017-03-16,2017-05-21,10,0,0,1
2017-05-21,2016/2017,Middlesbrough,Liverpool,0,0,3,STEVE AGNEW,2017-03-16,2017-05-21,11,0,0,0
2014-08-17,2014/2015,Newcastle Utd,Manchester City,1,0,2,ALAN PARDEW,2010-09-12,2100-01-01,101,0,0,0
2014-08-23,2014/2015,Newcastle Utd,Aston Villa,0,0,0,ALAN PARDEW,2010-09-12,2100-01-01,102,0,0,0
2014-08-30,2014/2015,Newcastle Utd,Crystal Palace,1,3,3,ALAN PARDEW,2010-09-12,2100-01-01,103,0,0,0
2014-09-13,2014/2015,Newcastle Utd,Southampton,0,0,4,ALAN PARDEW,2010-09-12,2100-01-01,104,0,0,0
2014-09-20,2014/2015,Newcastle Utd,Hull City,1,2,2,ALAN PARDEW,2010-09-12,2100-01-01,105,0,0,0
2014-09-29,2014/2015,Newcastle Utd,Stoke City,0,0,1,ALAN PARDEW,2010-09-12,2100-01-01,106,0,0,0
2014-10-04,2014/2015,Newcastle Utd,Swansea City,0,2,2,ALAN PARDEW,2010-09-12,2100-01-01,107,0,0,0
2014-10-18,2014/2015,Newcastle Utd,Leicester City,1,1,0,ALAN PARDEW,2010-09-12,2100-01-01,108,0,0,0
2014-10-26,2014/2015,Newcastle Utd,Tottenham,0,2,1,ALAN PARDEW,2010-09-12,2100-01-01,109,0,0,0
2014-11-01,2014/2015,Newcastle Utd,Liverpool,1,1,0,ALAN PARDEW,2010-09-12,2100-01-01,110,0,0,0
2014-11-09,2014/2015,Newcastle Utd,West Brom,0,2,0,ALAN PARDEW,2010-09-12,2100-01-01,111,0,0,0
2014-11-22,2014/2015,Newcastle Utd,QPR,1,1,0,ALAN PARDEW,2010-09-12,2100-01-01,112,0,0,0
2014-11-29,2014/2015,Newcastle Utd,West Ham,0,0,1,ALAN PARDEW,2010-09-12,2100-01-01,113,0,0,0
2014-12-02,2014/2015,Newcastle Utd,Burnley,0,1,1,ALAN PARDEW,2010-09-12,2100-01-01,114,0,0,0
2014-12-06,2014/2015,Newcastle Utd,Chelsea,1,2,1,ALAN PARDEW,2010-09-12,2100-01-01,115,0,0,0
2014-12-13,2014/2015,Newcastle Utd,Arsenal,0,1,4,ALAN PARDEW,2010-09-12,2100-01-01,116,0,0,0
2014-12-21,2014/2015,Newcastle Utd,Sunderland,1,0,1,ALAN PARDEW,2010-09-12,2100-01-01,117,0,0,0
2014-12-26,2014/2015,Newcastle Utd,Manchester Utd,0,1,3,ALAN PARDEW,2010-09-12,2100-01-01,118,0,0,0
2014-12-28,2014/2015,Newcastle Utd,Everton,1,3,2,ALAN PARDEW,2010-09-12,2100-01-01,119,0,0,0
2015-09-14,2015/2016,Newcastle Utd,West Ham,0,0,2,ALAN PARDEW,2010-09-12,2100-01-01,120,0,0,0
2015-09-19,2015/2016,Newcastle Utd,Watford,1,1,2,ALAN PARDEW,2010-09-12,2100-01-01,121,0,0,0
2015-09-26,2015/2016,Newcastle Utd,Chelsea,1,2,2,ALAN PARDEW,2010-09-12,2100-01-01,122,0,0,0
2015-10-03,2015/2016,Newcastle Utd,Manchester City,0,1,6,ALAN PARDEW,2010-09-12,2100-01-01,123,0,0,0
2021-08-15,2021/2022,Newcastle Utd,West Ham,1,2,4,EDDIE HOWE,2021-08-07,2100-01-01,1,1,0,0
2021-08-21,2021/2022,Newcastle Utd,Aston Villa,0,0,2,EDDIE HOWE,2021-08-07,2100-01-01,2,1,0,0
2021-08-28,2021/2022,Newcastle Utd,Southampton,1,2,2,EDDIE HOWE,2021-08-07,2100-01-01,3,1,0,0
2021-09-11,2021/2022,Newcastle Utd,Manchester Utd,0,1,4,EDDIE HOWE,2021-08-07,2100-01-01,4,0,1,0
2021-09-17,2021/2022,Newcastle Utd,Leeds United,1,1,1,EDDIE HOWE,2021-08-07,2100-01-01,5,0,1,0
2021-09-25,2021/2022,Newcastle Utd,Watford,0,1,1,EDDIE HOWE,2021-08-07,2100-01-01,6,0,1,0
2021-10-02,2021/2022,Newcastle Utd,Wolves,0,1,2,EDDIE HOWE,2021-08-07,2100-01-01,7,0,0,1
2021-10-17,2021/2022,Newcastle Utd,Tottenham,1,2,3,EDDIE HOWE,2021-08-07,2100-01-01,8,0,0,1
2021-10-23,2021/2022,Newcastle Utd,Crystal Palace,0,1,1,EDDIE HOWE,2021-08-07,2100-01-01,9,0,0,1
2021-10-30,2021/2022,Newcastle Utd,Chelsea,1,0,3,EDDIE HOWE,2021-08-07,2100-01-01,10,0,0,1
2021-11-06,2021/2022,Newcastle Utd,Brighton,0,1,1,EDDIE HOWE,2021-08-07,2100-01-01,11,0,0,0
2021-11-20,2021/2022,Newcastle Utd,Brentford,1,3,3,EDDIE HOWE,2021-08-07,2100-01-01,12,0,0,0
2021-11-27,2021/2022,Newcastle Utd,Arsenal,0,0,2,EDDIE HOWE,2021-08-07,2100-01-01,13,0,0,0
2021-11-30,2021/2022,Newcastle Utd,Norwich City,1,1,1,EDDIE HOWE,2021-08-07,2100-01-01,14,0,0,0
2021-12-04,2021/2022,Newcastle Utd,Burnley,1,1,0,EDDIE HOWE,2021-08-07,2100-01-01,15,0,0,0
2021-12-12,2021/2022,Newcastle Utd,Leicester City,0,0,4,EDDIE HOWE,2021-08-07,2100-01-01,16,0,0,0
2021-12-16,2021/2022,Newcastle Utd,Liverpool,0,1,3,EDDIE HOWE,2021-08-07,2100-01-01,17,0,0,0
2021-12-19,2021/2022,Newcastle Utd,Manchester City,1,0,4,EDDIE HOWE,2021-08-07,2100-01-01,18,0,0,0
2021-12-27,2021/2022,Newcastle Utd,Manchester Utd,1,1,1,EDDIE HOWE,2021-08-07,2100-01-01,19,0,0,0
2022-01-15,2021/2022,Newcastle Utd,Watford,1,1,1,EDDIE HOWE,2021-08-07,2100-01-01,20,0,0,0
2022-01-22,2021/2022,Newcastle Utd,Leeds United,0,1,0,EDDIE HOWE,2021-08-07,2100-01-01,21,0,0,0
2022-02-08,2021/2022,Newcastle Utd,Everton,1,3,1,EDDIE HOWE,2021-08-07,2100-01-01,22,0,0,0
2022-02-13,2021/2022,Newcastle Utd,Aston Villa,1,1,0,EDDIE HOWE,2021-08-07,2100-01-01,23,0,0,0
2022-02-19,2021/2022,Newcastle Utd,West Ham,0,1,1,EDDIE HOWE,2021-08-07,2100-01-01,24,0,0,0
2022-02-26,2021/2022,Newcastle Utd,Brentford,0,2,0,EDDIE HOWE,2021-08-07,2100-01-01,25,0,0,0
2022-03-05,2021/2022,Newcastle Utd,Brighton,1,2,1,EDDIE HOWE,2021-08-07,2100-01-01,26,0,0,0
2022-03-10,2021/2022,Newcastle Utd,Southampton,0,2,1,EDDIE HOWE,2021-08-07,2100-01-01,27,0,0,0
2022-03-13,2021/2022,Newcastle Utd,Chelsea,0,0,1,EDDIE HOWE,2021-08-07,2100-01-01,28,0,0,0
2022-03-17,2021/2022,Newcastle Utd,Everton,0,0,1,EDDIE HOWE,2021-08-07,2100-01-01,29,0,0,0
2022-04-03,2021/2022,Newcastle Utd,Tottenham,0,1,5,EDDIE HOWE,2021-08-07,2100-01-01,30,0,0,0
2022-04-08,2021/2022,Newcastle Utd,Wolves,1,1,0,EDDIE HOWE,2021-08-07,2100-01-01,31,0,0,0
2022-04-17,2021/2022,Newcastle Utd,Leicester City,1,2,1,EDDIE HOWE,2021-08-07,2100-01-01,32,0,0,0
2022-04-20,2021/2022,Newcastle Utd,Crystal Palace,1,1,0,EDDIE HOWE,2021-08-07,2100-01-01,33,0,0,0
2022-04-23,2021/2022,Newcastle Utd,Norwich City,0,3,0,EDDIE HOWE,2021-08-07,2100-01-01,34,0,0,0
2022-04-30,2021/2022,Newcastle Utd,Liverpool,1,0,1,EDDIE HOWE,2021-08-07,2100-01-01,35,0,0,0
2022-05-08,2021/2022,Newcastle Utd,Manchester City,0,0,5,EDDIE HOWE,2021-08-07,2100-01-01,36,0,0,0
2022-05-16,2021/2022,Newcastle Utd,Arsenal,1,2,0,EDDIE HOWE,2021-08-07,2100-01-01,37,0,0,0
2022-05-22,2021/2022,Newcastle Utd,Burnley,0,2,1,EDDIE HOWE,2021-08-07,2100-01-01,38,0,0,0
2022-08-06,2022/2023,Newcastle Utd,Nott'ham Forest,1,2,0,EDDIE HOWE,2021-08-07,2100-01-01,39,0,0,0
2022-08-13,2022/2023,Newcastle Utd,Brighton,0,0,0,EDDIE HOWE,2021-08-07,2100-01-01,40,0,0,0
2022-08-21,2022/2023,Newcastle Utd,Manchester City,1,3,3,EDDIE HOWE,2021-08-07,2100-01-01,41,0,0,0
2022-08-28,2022/2023,Newcastle Utd,Wolves,0,1,1,EDDIE HOWE,2021-08-07,2100-01-01,42,0,0,0
2022-08-31,2022/2023,Newcastle Utd,Liverpool,0,1,2,EDDIE HOWE,2021-08-07,2100-01-01,43,0,0,0
2022-09-03,2022/2023,Newcastle Utd,Crystal Palace,1,0,0,EDDIE HOWE,2021-08-07,2100-01-01,44,0,0,0
2022-09-17,2022/2023,Newcastle Utd,Bournemouth,1,1,1,EDDIE HOWE,2021-08-07,2100-01-01,45,0,0,0
2022-10-01,2022/2023,Newcastle Utd,Fulham,0,4,1,EDDIE HOWE,2021-08-07,2100-01-01,46,0,0,0
2022-10-08,2022/2023,Newcastle Utd,Brentford,1,5,1,EDDIE HOWE,2021-08-07,2100-01-01,47,0,0,0
2022-10-16,2022/2023,Newcastle Utd,Manchester Utd,0,0,0,EDDIE HOWE,2021-08-07,2100-01-01,48,0,0,0
2022-10-19,2022/2023,Newcastle Utd,Everton,1,1,0,EDDIE HOWE,2021-08-07,2100-01-01,49,0,0,0
2022-10-23,2022/2023,Newcastle Utd,Tottenham,0,2,1,EDDIE HOWE,2021-08-07,2100-01-01,50,0,0,0
2022-10-29,2022/2023,Newcastle Utd,Aston Villa,1,4,0,EDDIE HOWE,2021-08-07,2100-01-01,51,0,0,0
2022-11-06,2022/2023,Newcastle Utd,Southampton,0,4,1,EDDIE HOWE,2021-08-07,2100-01-01,52,0,0,0
2022-11-12,2022/2023,Newcastle Utd,Chelsea,1,1,0,EDDIE HOWE,2021-08-07,2100-01-01,53,0,0,0
2022-12-26,2022/2023,Newcastle Utd,Leicester City,0,3,0,EDDIE HOWE,2021-08-07,2100-01-01,54,0,0,0
2022-12-31,2022/2023,Newcastle Utd,Leeds United,1,0,0,EDDIE HOWE,2021-08-07,2100-01-01,55,0,0,0
2023-01-03,2022/2023,Newcastle Utd,Arsenal,0,0,0,EDDIE HOWE,2021-08-07,2100-01-01,56,0,0,0
2023-01-15,2022/2023,Newcastle Utd,Fulham,1,1,0,EDDIE HOWE,2021-08-07,2100-01-01,57,0,0,0
2023-01-21,2022/2023,Newcastle Utd,Crystal Palace,0,0,0,EDDIE HOWE,2021-08-07,2100-01-01,58,0,0,0
2023-02-04,2022/2023,Newcastle Utd,West Ham,1,1,1,EDDIE HOWE,2021-08-07,2100-01-01,59,0,0,0
2023-02-11,2022/2023,Newcastle Utd,Bournemouth,0,1,1,EDDIE HOWE,2021-08-07,2100-01-01,60,0,0,0
2023-02-18,2022/2023,Newcastle Utd,Liverpool,1,0,2,EDDIE HOWE,2021-08-07,2100-01-01,61,0,0,0
2023-03-04,2022/2023,Newcastle Utd,Manchester City,0,0,2,EDDIE HOWE,2021-08-07,2100-01-01,62,0,0,0
2023-03-12,2022/2023,Newcastle Utd,Wolves,1,2,1,EDDIE HOWE,2021-08-07,2100-01-01,63,0,0,0
2023-03-17,2022/2023,Newcastle Utd,Nott'ham Forest,0,2,1,EDDIE HOWE,2021-08-07,2100-01-01,64,0,0,0
2023-04-02,2022/2023,Newcastle Utd,Manchester Utd,1,2,0,EDDIE HOWE,2021-08-07,2100-01-01,65,0,0,0
2023-04-05,2022/2023,Newcastle Utd,West Ham,0,5,1,EDDIE HOWE,2021-08-07,2100-01-01,66,0,0,0
2023-04-08,2022/2023,Newcastle Utd,Brentford,0,2,1,EDDIE HOWE,2021-08-07,2100-01-01,67,0,0,0
2023-04-15,2022/2023,Newcastle Utd,Aston Villa,0,0,3,EDDIE HOWE,2021-08-07,2100-01-01,68,0,0,0
2023-04-23,2022/2023,Newcastle Utd,Tottenham,1,6,1,EDDIE HOWE,2021-08-07,2100-01-01,69,0,0,0
2023-04-27,2022/2023,Newcastle Utd,Everton,0,4,1,EDDIE HOWE,2021-08-07,2100-01-01,70,0,0,0
2023-04-30,2022/2023,Newcastle Utd,Southampton,1,3,1,EDDIE HOWE,2021-08-07,2100-01-01,71,0,0,0
2023-05-07,2022/2023,Newcastle Utd,Arsenal,1,0,2,EDDIE HOWE,2021-08-07,2100-01-01,72,0,0,0
2023-05-13,2022/2023,Newcastle Utd,Leeds United,0,2,2,EDDIE HOWE,2021-08-07,2100-01-01,73,0,0,0
2023-05-18,2022/2023,Newcastle Utd,Brighton,1,4,1,EDDIE HOWE,2021-08-07,2100-01-01,74,0,0,0
2023-05-22,2022/2023,Newcastle Utd,Leicester City,1,0,0,EDDIE HOWE,2021-08-07,2100-01-01,75,0,0,0
2023-05-28,2022/2023,Newcastle Utd,Chelsea,0,1,1,EDDIE HOWE,2021-08-07,2100-01-01,76,0,0,0
2023-08-12,2023/2024,Newcastle Utd,Aston Villa,1,5,1,EDDIE HOWE,2021-08-07,2100-01-01,77,0,0,0
2023-08-19,2023/2024,Newcastle Utd,Manchester City,0,0,1,EDDIE HOWE,2021-08-07,2100-01-01,78,0,0,0
2023-08-27,2023/2024,Newcastle Utd,Liverpool,1,1,2,EDDIE HOWE,2021-08-07,2100-01-01,79,0,0,0
2023-09-02,2023/2024,Newcastle Utd,Brighton,0,1,3,EDDIE HOWE,2021-08-07,2100-01-01,80,0,0,0
2023-09-16,2023/2024,Newcastle Utd,Brentford,1,1,0,EDDIE HOWE,2021-08-07,2100-01-01,81,0,0,0
2023-09-24,2023/2024,Newcastle Utd,Sheffield Utd,0,8,0,EDDIE HOWE,2021-08-07,2100-01-01,82,0,0,0
2023-09-30,2023/2024,Newcastle Utd,Burnley,1,2,0,EDDIE HOWE,2021-08-07,2100-01-01,83,0,0,0
2023-10-08,2023/2024,Newcastle Utd,West Ham,0,2,2,EDDIE HOWE,2021-08-07,2100-01-01,84,0,0,0
2023-10-21,2023/2024,Newcastle Utd,Crystal Palace,1,4,0,EDDIE HOWE,2021-08-07,2100-01-01,85,0,0,0
2023-10-28,2023/2024,Newcastle Utd,Wolves,0,2,2,EDDIE HOWE,2021-08-07,2100-01-01,86,0,0,0
2023-11-04,2023/2024,Newcastle Utd,Arsenal,1,1,0,EDDIE HOWE,2021-08-07,2100-01-01,87,0,0,0
2023-11-11,2023/2024,Newcastle Utd,Bournemouth,0,0,2,EDDIE HOWE,2021-08-07,2100-01-01,88,0,0,0
2023-11-25,2023/2024,Newcastle Utd,Chelsea,1,4,1,EDDIE HOWE,2021-08-07,2100-01-01,89,0,0,0
2023-12-02,2023/2024,Newcastle Utd,Manchester Utd,1,1,0,EDDIE HOWE,2021-08-07,2100-01-01,90,0,0,0
2023-12-07,2023/2024,Newcastle Utd,Everton,0,0,3,EDDIE HOWE,2021-08-07,2100-01-01,91,0,0,0
2023-12-10,2023/2024,Newcastle Utd,Tottenham,0,1,4,EDDIE HOWE,2021-08-07,2100-01-01,92,0,0,0
2023-12-16,2023/2024,Newcastle Utd,Fulham,1,3,0,EDDIE HOWE,2021-08-07,2100-01-01,93,0,0,0
2023-12-23,2023/2024,Newcastle Utd,Luton Town,0,0,1,EDDIE HOWE,2021-08-07,2100-01-01,94,0,0,0
2023-12-26,2023/2024,Newcastle Utd,Nott'ham Forest,1,1,3,EDDIE HOWE,2021-08-07,2100-01-01,95,0,0,0
2024-01-01,2023/2024,Newcastle Utd,Liverpool,0,2,4,EDDIE HOWE,2021-08-07,2100-01-01,96,0,0,0
2024-01-13,2023/2024,Newcastle Utd,Manchester City,1,2,3,EDDIE HOWE,2021-08-07,2100-01-01,97,0,0,0
2024-01-30,2023/2024,Newcastle Utd,Aston Villa,0,3,1,EDDIE HOWE,2021-08-07,2100-01-01,98,0,0,0
2024-02-03,2023/2024,Newcastle Utd,Luton Town,1,4,4,EDDIE HOWE,2021-08-07,2100-01-01,99,0,0,0
2024-02-10,2023/2024,Newcastle Utd,Nott'ham Forest,0,3,2,EDDIE HOWE,2021-08-07,2100-01-01,100,0,0,0
2024-02-17,2023/2024,Newcastle Utd,Bournemouth,1,2,2,EDDIE HOWE,2021-08-07,2100-01-01,101,0,0,0
2024-02-24,2023/2024,Newcastle Utd,Arsenal,0,1,4,EDDIE HOWE,2021-08-07,2100-01-01,102,0,0,0
2024-03-02,2023/2024,Newcastle Utd,Wolves,1,3,0,EDDIE HOWE,2021-08-07,2100-01-01,103,0,0,0
2024-03-11,2023/2024,Newcastle Utd,Chelsea,0,2,3,EDDIE HOWE,2021-08-07,2100-01-01,104,0,0,0
2024-03-30,2023/2024,Newcastle Utd,West Ham,1,4,3,EDDIE HOWE,2021-08-07,2100-01-01,105,0,0,0
2024-04-02,2023/2024,Newcastle Utd,Everton,1,1,1,EDDIE HOWE,2021-08-07,2100-01-01,106,0,0,0
2024-04-06,2023/2024,Newcastle Utd,Fulham,0,1,0,EDDIE HOWE,2021-08-07,2100-01-01,107,0,0,0
2024-04-13,2023/2024,Newcastle Utd,Tottenham,1,4,0,EDDIE HOWE,2021-08-07,2100-01-01,108,0,0,0
2024-04-24,2023/2024,Newcastle Utd,Crystal Palace,0,0,2,EDDIE HOWE,2021-08-07,2100-01-01,109,0,0,0
2024-04-27,2023/2024,Newcastle Utd,Sheffield Utd,1,5,1,EDDIE HOWE,2021-08-07,2100-01-01,110,0,0,0
2024-05-04,2023/2024,Newcastle Utd,Burnley,0,4,1,EDDIE HOWE,2021-08-07,2100-01-01,111,0,0,0
2024-05-11,2023/2024,Newcastle Utd,Brighton,1,1,1,EDDIE HOWE,2021-08-07,2100-01-01,112,0,0,0
2024-05-15,2023/2024,Newcastle Utd,Manchester Utd,0,2,3,EDDIE HOWE,2021-08-07,2100-01-01,113,0,0,0
2024-05-19,2023/2024,Newcastle Utd,Brentford,0,4,2,EDDIE HOWE,2021-08-07,2100-01-01,114,0,0,0
2015-01-01,2014/2015,Newcastle Utd,Burnley,1,3,3,JOHN CARVER,2014-12-31,2015-09-06,1,1,0,0
2015-01-10,2014/2015,Newcastle Utd,Chelsea,0,0,2,JOHN CARVER,2014-12-31,2015-09-06,2,1,0,0
2015-01-17,2014/2015,Newcastle Utd,Southampton,1,1,2,JOHN CARVER,2014-12-31,2015-09-06,3,1,0,0
2015-01-31,2014/2015,Newcastle Utd,Hull City,0,3,0,JOHN CARVER,2014-12-31,2015-09-06,4,0,1,0
2015-02-08,2014/2015,Newcastle Utd,Stoke City,1,1,1,JOHN CARVER,2014-12-31,2015-09-06,5,0,1,0
2015-02-11,2014/2015,Newcastle Utd,Crystal Palace,0,1,1,JOHN CARVER,2014-12-31,2015-09-06,6,0,1,0
2015-02-21,2014/2015,Newcastle Utd,Manchester City,0,0,5,JOHN CARVER,2014-12-31,2015-09-06,7,0,0,1
2015-02-28,2014/2015,Newcastle Utd,Aston Villa,1,1,0,JOHN CARVER,2014-12-31,2015-09-06,8,0,0,1
2015-03-04,2014/2015,Newcastle Utd,Manchester Utd,1,0,1,JOHN CARVER,2014-12-31,2015-09-06,9,0,0,1
2015-03-15,2014/2015,Newcastle Utd,Everton,0,0,3,JOHN CARVER,2014-12-31,2015-09-06,10,0,0,1
2015-03-21,2014/2015,Newcastle Utd,Arsenal,1,1,2,JOHN CARVER,2014-12-31,2015-09-06,11,0,0,0
2015-04-05,2014/2015,Newcastle Utd,Sunderland,0,0,1,JOHN CARVER,2014-12-31,2015-09-06,12,0,0,0
2015-04-13,2014/2015,Newcastle Utd,Liverpool,0,0,2,JOHN CARVER,2014-12-31,2015-09-06,13,0,0,0
2015-04-19,2014/2015,Newcastle Utd,Tottenham,1,1,3,JOHN CARVER,2014-12-31,2015-09-06,14,0,0,0
2015-04-25,2014/2015,Newcastle Utd,Swansea City,1,2,3,JOHN CARVER,2014-12-31,2015-09-06,15,0,0,0
2015-05-02,2014/2015,Newcastle Utd,Leicester City,0,0,3,JOHN CARVER,2014-12-31,2015-09-06,16,0,0,0
2015-05-09,2014/2015,Newcastle Utd,West Brom,1,1,1,JOHN CARVER,2014-12-31,2015-09-06,17,0,0,0
2015-05-16,2014/2015,Newcastle Utd,QPR,0,1,2,JOHN CARVER,2014-12-31,2015-09-06,18,0,0,0
2015-05-24,2014/2015,Newcastle Utd,West Ham,1,2,0,JOHN CARVER,2014-12-31,2015-09-06,19,0,0,0
2015-08-09,2015/2016,Newcastle Utd,Southampton,1,2,2,JOHN CARVER,2014-12-31,2015-09-06,20,0,0,0
2015-08-15,2015/2016,Newcastle Utd,Swansea City,0,0,2,JOHN CARVER,2014-12-31,2015-09-06,21,0,0,0
2015-08-22,2015/2016,Newcastle Utd,Manchester Utd,0,0,0,JOHN CARVER,2014-12-31,2015-09-06,22,0,0,0
2015-08-29,2015/2016,Newcastle Utd,Arsenal,1,0,1,JOHN CARVER,2014-12-31,2015-09-06,23,0,0,0
2017-08-13,2017/2018,Newcastle Utd,Tottenham,1,0,2,RAFAEL BENITEZ,2016-11-03,2100-01-01,1,1,0,0
2017-08-20,2017/2018,Newcastle Utd,Huddersfield,0,0,1,RAFAEL BENITEZ,2016-11-03,2100-01-01,2,1,0,0
2017-08-26,2017/2018,Newcastle Utd,West Ham,1,3,0,RAFAEL BENITEZ,2016-11-03,2100-01-01,3,1,0,0
2017-09-10,2017/2018,Newcastle Utd,Swansea City,0,1,0,RAFAEL BENITEZ,2016-11-03,2100-01-01,4,0,1,0
2017-09-16,2017/2018,Newcastle Utd,Stoke City,1,2,1,RAFAEL BENITEZ,2016-11-03,2100-01-01,5,0,1,0
2017-09-24,2017/2018,Newcastle Utd,Brighton,0,0,1,RAFAEL BENITEZ,2016-11-03,2100-01-01,6,0,1,0
2017-10-01,2017/2018,Newcastle Utd,Liverpool,1,1,1,RAFAEL BENITEZ,2016-11-03,2100-01-01,7,0,0,1
2017-10-15,2017/2018,Newcastle Utd,Southampton,0,2,2,RAFAEL BENITEZ,2016-11-03,2100-01-01,8,0,0,1
2017-10-21,2017/2018,Newcastle Utd,Crystal Palace,1,1,0,RAFAEL BENITEZ,2016-11-03,2100-01-01,9,0,0,1
2017-10-30,2017/2018,Newcastle Utd,Burnley,0,0,1,RAFAEL BENITEZ,2016-11-03,2100-01-01,10,0,0,1
2017-11-04,2017/2018,Newcastle Utd,Bournemouth,1,0,1,RAFAEL BENITEZ,2016-11-03,2100-01-01,11,0,0,0
2017-11-18,2017/2018,Newcastle Utd,Manchester Utd,0,1,4,RAFAEL BENITEZ,2016-11-03,2100-01-01,12,0,0,0
2017-11-25,2017/2018,Newcastle Utd,Watford,1,0,3,RAFAEL BENITEZ,2016-11-03,2100-01-01,13,0,0,0
2017-11-28,2017/2018,Newcastle Utd,West Brom,0,2,2,RAFAEL BENITEZ,2016-11-03,2100-01-01,14,0,0,0
2017-12-02,2017/2018,Newcastle Utd,Chelsea,0,1,3,RAFAEL BENITEZ,2016-11-03,2100-01-01,15,0,0,0
2017-12-09,2017/2018,Newcastle Utd,Leicester City,1,2,3,RAFAEL BENITEZ,2016-11-03,2100-01-01,16,0,0,0
2017-12-13,2017/2018,Newcastle Utd,Everton,1,0,1,RAFAEL BENITEZ,2016-11-03,2100-01-01,17,0,0,0
2017-12-16,2017/2018,Newcastle Utd,Arsenal,0,0,1,RAFAEL BENITEZ,2016-11-03,2100-01-01,18,0,0,0
2017-12-23,2017/2018,Newcastle Utd,West Ham,0,3,2,RAFAEL BENITEZ,2016-11-03,2100-01-01,19,0,0,0
2017-12-27,2017/2018,Newcastle Utd,Manchester City,1,0,1,RAFAEL BENITEZ,2016-11-03,2100-01-01,20,0,0,0
2017-12-30,2017/2018,Newcastle Utd,Brighton,1,0,0,RAFAEL BENITEZ,2016-11-03,2100-01-01,21,0,0,0
2018-01-01,2017/2018,Newcastle Utd,Stoke City,0,1,0,RAFAEL BENITEZ,2016-11-03,2100-01-01,22,0,0,0
2018-01-13,2017/2018,Newcastle Utd,Swansea City,1,1,1,RAFAEL BENITEZ,2016-11-03,2100-01-01,23,0,0,0
2018-01-20,2017/2018,Newcastle Utd,Manchester City,0,1,3,RAFAEL BENITEZ,2016-11-03,2100-01-01,24,0,0,0
2018-01-31,2017/2018,Newcastle Utd,Burnley,1,1,1,RAFAEL BENITEZ,2016-11-03,2100-01-01,25,0,0,0
2018-02-04,2017/2018,Newcastle Utd,Crystal Palace,0,1,1,RAFAEL BENITEZ,2016-11-03,2100-01-01,26,0,0,0
2018-02-11,2017/2018,Newcastle Utd,Manchester Utd,1,1,0,RAFAEL BENITEZ,2016-11-03,2100-01-01,27,0,0,0
2018-02-24,2017/2018,Newcastle Utd,Bournemouth,0,2,2,RAFAEL BENITEZ,2016-11-03,2100-01-01,28,0,0,0
2018-03-03,2017/2018,Newcastle Utd,Liverpool,0,0,2,RAFAEL BENITEZ,2016-11-03,2100-01-01,29,0,0,0
2018-03-10,2017/2018,Newcastle Utd,Southampton,1,3,0,RAFAEL BENITEZ,2016-11-03,2100-01-01,30,0,0,0
2018-03-31,2017/2018,Newcastle Utd,Huddersfield,1,1,0,RAFAEL BENITEZ,2016-11-03,2100-01-01,31,0,0,0
2018-04-07,2017/2018,Newcastle Utd,Leicester City,0,2,1,RAFAEL BENITEZ,2016-11-03,2100-01-01,32,0,0,0
2018-04-15,2017/2018,Newcastle Utd,Arsenal,1,2,1,RAFAEL BENITEZ,2016-11-03,2100-01-01,33,0,0,0
2018-04-23,2017/2018,Newcastle Utd,Everton,0,0,1,RAFAEL BENITEZ,2016-11-03,2100-01-01,34,0,0,0
2018-04-28,2017/2018,Newcastle Utd,West Brom,1,0,1,RAFAEL BENITEZ,2016-11-03,2100-01-01,35,0,0,0
2018-05-05,2017/2018,Newcastle Utd,Watford,0,1,2,RAFAEL BENITEZ,2016-11-03,2100-01-01,36,0,0,0
2018-05-09,2017/2018,Newcastle Utd,Tottenham,0,0,1,RAFAEL BENITEZ,2016-11-03,2100-01-01,37,0,0,0
2018-05-13,2017/2018,Newcastle Utd,Chelsea,1,3,0,RAFAEL BENITEZ,2016-11-03,2100-01-01,38,0,0,0
2018-08-11,2018/2019,Newcastle Utd,Tottenham,1,1,2,RAFAEL BENITEZ,2016-11-03,2100-01-01,39,0,0,0
2018-08-18,2018/2019,Newcastle Utd,Cardiff City,0,0,0,RAFAEL BENITEZ,2016-11-03,2100-01-01,40,0,0,0
2018-08-26,2018/2019,Newcastle Utd,Chelsea,1,1,2,RAFAEL BENITEZ,2016-11-03,2100-01-01,41,0,0,0
2018-09-01,2018/2019,Newcastle Utd,Manchester City,0,1,2,RAFAEL BENITEZ,2016-11-03,2100-01-01,42,0,0,0
2018-09-15,2018/2019,Newcastle Utd,Arsenal,1,1,2,RAFAEL BENITEZ,2016-11-03,2100-01-01,43,0,0,0
2018-09-22,2018/2019,Newcastle Utd,Crystal Palace,0,0,0,RAFAEL BENITEZ,2016-11-03,2100-01-01,44,0,0,0
2018-09-29,2018/2019,Newcastle Utd,Leicester City,1,0,2,RAFAEL BENITEZ,2016-11-03,2100-01-01,45,0,0,0
2018-10-06,2018/2019,Newcastle Utd,Manchester Utd,0,2,3,RAFAEL BENITEZ,2016-11-03,2100-01-01,46,0,0,0
2018-10-20,2018/2019,Newcastle Utd,Brighton,1,0,1,RAFAEL BENITEZ,2016-11-03,2100-01-01,47,0,0,0
2018-10-27,2018/2019,Newcastle Utd,Southampton,0,0,0,RAFAEL BENITEZ,2016-11-03,2100-01-01,48,0,0,0
2018-11-03,2018/2019,Newcastle Utd,Watford,1,1,0,RAFAEL BENITEZ,2016-11-03,2100-01-01,49,0,0,0
2018-11-10,2018/2019,Newcastle Utd,Bournemouth,1,2,1,RAFAEL BENITEZ,2016-11-03,2100-01-01,50,0,0,0
2018-11-26,2018/2019,Newcastle Utd,Burnley,0,2,1,RAFAEL BENITEZ,2016-11-03,2100-01-01,51,0,0,0
2018-12-01,2018/2019,Newcastle Utd,West Ham,1,0,3,RAFAEL BENITEZ,2016-11-03,2100-01-01,52,0,0,0
2018-12-05,2018/2019,Newcastle Utd,Everton,0,1,1,RAFAEL BENITEZ,2016-11-03,2100-01-01,53,0,0,0
2018-12-09,2018/2019,Newcastle Utd,Wolves,1,1,2,RAFAEL BENITEZ,2016-11-03,2100-01-01,54,0,0,0
2018-12-15,2018/2019,Newcastle Utd,Huddersfield,0,1,0,RAFAEL BENITEZ,2016-11-03,2100-01-01,55,0,0,0
2018-12-22,2018/2019,Newcastle Utd,Fulham,1,0,0,RAFAEL BENITEZ,2016-11-03,2100-01-01,56,0,0,0
2018-12-26,2018/2019,Newcastle Utd,Liverpool,0,0,4,RAFAEL BENITEZ,2016-11-03,2100-01-01,57,0,0,0
2018-12-29,2018/2019,Newcastle Utd,Watford,0,1,1,RAFAEL BENITEZ,2016-11-03,2100-01-01,58,0,0,0
2019-01-02,2018/2019,Newcastle Utd,Manchester Utd,1,0,2,RAFAEL BENITEZ,2016-11-03,2100-01-01,59,0,0,0
2019-01-12,2018/2019,Newcastle Utd,Chelsea,0,1,2,RAFAEL BENITEZ,2016-11-03,2100-01-01,60,0,0,0
2019-01-19,2018/2019,Newcastle Utd,Cardiff City,1,3,0,RAFAEL BENITEZ,2016-11-03,2100-01-01,61,0,0,0
2019-01-29,2018/2019,Newcastle Utd,Manchester City,1,2,1,RAFAEL BENITEZ,2016-11-03,2100-01-01,62,0,0,0
2019-02-02,2018/2019,Newcastle Utd,Tottenham,0,0,1,RAFAEL BENITEZ,2016-11-03,2100-01-01,63,0,0,0
2019-02-11,2018/2019,Newcastle Utd,Wolves,0,1,1,RAFAEL BENITEZ,2016-11-03,2100-01-01,64,0,0,0
2019-02-23,2018/2019,Newcastle Utd,Huddersfield,1,2,0,RAFAEL BENITEZ,2016-11-03,2100-01-01,65,0,0,0
2019-02-26,2018/2019,Newcastle Utd,Burnley,1,2,0,RAFAEL BENITEZ,2016-11-03,2100-01-01,66,0,0,0
2019-03-02,2018/2019,Newcastle Utd,West Ham,0,0,2,RAFAEL BENITEZ,2016-11-03,2100-01-01,67,0,0,0
2019-03-09,2018/2019,Newcastle Utd,Everton,1,3,2,RAFAEL BENITEZ,2016-11-03,2100-01-01,68,0,0,0
2019-03-16,2018/2019,Newcastle Utd,Bournemouth,0,2,2,RAFAEL BENITEZ,2016-11-03,2100-01-01,69,0,0,0
2019-04-01,2018/2019,Newcastle Utd,Arsenal,0,0,2,RAFAEL BENITEZ,2016-11-03,2100-01-01,70,0,0,0
2019-04-06,2018/2019,Newcastle Utd,Crystal Palace,1,0,1,RAFAEL BENITEZ,2016-11-03,2100-01-01,71,0,0,0
2019-04-12,2018/2019,Newcastle Utd,Leicester City,0,1,0,RAFAEL BENITEZ,2016-11-03,2100-01-01,72,0,0,0
2019-04-20,2018/2019,Newcastle Utd,Southampton,1,3,1,RAFAEL BENITEZ,2016-11-03,2100-01-01,73,0,0,0
2019-04-27,2018/2019,Newcastle Utd,Brighton,0,1,1,RAFAEL BENITEZ,2016-11-03,2100-01-01,74,0,0,0
2019-05-04,2018/2019,Newcastle Utd,Liverpool,1,2,3,RAFAEL BENITEZ,2016-11-03,2100-01-01,75,0,0,0
2019-05-12,2018/2019,Newcastle Utd,Fulham,0,4,0,RAFAEL BENITEZ,2016-11-03,2100-01-01,76,0,0,0
2019-08-11,2019/2020,Newcastle Utd,Arsenal,1,0,1,STEVE BRUCE,2019-07-17,2100-01-01,1,1,0,0
2019-08-17,2019/2020,Newcastle Utd,Norwich City,0,1,3,STEVE BRUCE,2019-07-17,2100-01-01,2,1,0,0
2019-08-25,2019/2020,Newcastle Utd,Tottenham,0,1,0,STEVE BRUCE,2019-07-17,2100-01-01,3,1,0,0
2019-08-31,2019/2020,Newcastle Utd,Watford,1,1,1,STEVE BRUCE,2019-07-17,2100-01-01,4,0,1,0
2019-09-14,2019/2020,Newcastle Utd,Liverpool,0,1,3,STEVE BRUCE,2019-07-17,2100-01-01,5,0,1,0
2019-09-21,2019/2020,Newcastle Utd,Brighton,1,0,0,STEVE BRUCE,2019-07-17,2100-01-01,6,0,1,0
2019-09-29,2019/2020,Newcastle Utd,Leicester City,0,0,5,STEVE BRUCE,2019-07-17,2100-01-01,7,0,0,1
2019-10-06,2019/2020,Newcastle Utd,Manchester Utd,1,1,0,STEVE BRUCE,2019-07-17,2100-01-01,8,0,0,1
2019-10-19,2019/2020,Newcastle Utd,Chelsea,0,0,1,STEVE BRUCE,2019-07-17,2100-01-01,9,0,0,1
2019-10-27,2019/2020,Newcastle Utd,Wolves,1,1,1,STEVE BRUCE,2019-07-17,2100-01-01,10,0,0,1
2019-11-02,2019/2020,Newcastle Utd,West Ham,0,3,2,STEVE BRUCE,2019-07-17,2100-01-01,11,0,0,0
2019-11-09,2019/2020,Newcastle Utd,Bournemouth,1,2,1,STEVE BRUCE,2019-07-17,2100-01-01,12,0,0,0
2019-11-25,2019/2020,Newcastle Utd,Aston Villa,0,0,2,STEVE BRUCE,2019-07-17,2100-01-01,13,0,0,0
2019-11-30,2019/2020,Newcastle Utd,Manchester City,1,2,2,STEVE BRUCE,2019-07-17,2100-01-01,14,0,0,0
2019-12-05,2019/2020,Newcastle Utd,Sheffield Utd,0,2,0,STEVE BRUCE,2019-07-17,2100-01-01,15,0,0,0
2019-12-08,2019/2020,Newcastle Utd,Southampton,1,2,1,STEVE BRUCE,2019-07-17,2100-01-01,16,0,0,0
2019-12-14,2019/2020,Newcastle Utd,Burnley,0,0,1,STEVE BRUCE,2019-07-17,2100-01-01,17,0,0,0
2019-12-21,2019/2020,Newcastle Utd,Crystal Palace,1,1,0,STEVE BRUCE,2019-07-17,2100-01-01,18,0,0,0
2019-12-26,2019/2020,Newcastle Utd,Manchester Utd,0,1,4,STEVE BRUCE,2019-07-17,2100-01-01,19,0,0,0
2019-12-28,2019/2020,Newcastle Utd,Everton,1,1,2,STEVE BRUCE,2019-07-17,2100-01-01,20,0,0,0
2020-01-01,2019/2020,Newcastle Utd,Leicester City,1,0,3,STEVE BRUCE,2019-07-17,2100-01-01,21,0,0,0
2020-01-11,2019/2020,Newcastle Utd,Wolves,0,1,1,STEVE BRUCE,2019-07-17,2100-01-01,22,0,0,0
2020-01-18,2019/2020,Newcastle Utd,Chelsea,1,1,0,STEVE BRUCE,2019-07-17,2100-01-01,23,0,0,0
2020-01-21,2019/2020,Newcastle Utd,Everton,0,2,2,STEVE BRUCE,2019-07-17,2100-01-01,24,0,0,0
2020-02-01,2019/2020,Newcastle Utd,Norwich City,1,0,0,STEVE BRUCE,2019-07-17,2100-01-01,25,0,0,0
2020-02-16,2019/2020,Newcastle Utd,Arsenal,0,0,4,STEVE BRUCE,2019-07-17,2100-01-01,26,0,0,0
2020-02-22,2019/2020,Newcastle Utd,Crystal Palace,0,0,1,STEVE BRUCE,2019-07-17,2100-01-01,27,0,0,0
2020-02-29,2019/2020,Newcastle Utd,Burnley,1,0,0,STEVE BRUCE,2019-07-17,2100-01-01,28,0,0,0
2020-03-07,2019/2020,Newcastle Utd,Southampton,0,1,0,STEVE BRUCE,2019-07-17,2100-01-01,29,0,0,0
2020-06-21,2019/2020,Newcastle Utd,Sheffield Utd,1,3,0,STEVE BRUCE,2019-07-17,2100-01-01,30,0,0,0
2020-06-24,2019/2020,Newcastle Utd,Aston Villa,1,1,1,STEVE BRUCE,2019-07-17,2100-01-01,31,0,0,0
2020-07-01,2019/2020,Newcastle Utd,Bournemouth,0,4,1,STEVE BRUCE,2019-07-17,2100-01-01,32,0,0,0
2020-07-05,2019/2020,Newcastle Utd,West Ham,1,2,2,STEVE BRUCE,2019-07-17,2100-01-01,33,0,0,0
2020-07-08,2019/2020,Newcastle Utd,Manchester City,0,0,5,STEVE BRUCE,2019-07-17,2100-01-01,34,0,0,0
2020-07-11,2019/2020,Newcastle Utd,Watford,0,1,2,STEVE BRUCE,2019-07-17,2100-01-01,35,0,0,0
2020-07-15,2019/2020,Newcastle Utd,Tottenham,1,1,3,STEVE BRUCE,2019-07-17,2100-01-01,36,0,0,0
2020-07-20,2019/2020,Newcastle Utd,Brighton,0,0,0,STEVE BRUCE,2019-07-17,2100-01-01,37,0,0,0
2020-07-26,2019/2020,Newcastle Utd,Liverpool,1,1,3,STEVE BRUCE,2019-07-17,2100-01-01,38,0,0,0
2020-09-12,2020/2021,Newcastle Utd,West Ham,0,2,0,STEVE BRUCE,2019-07-17,2100-01-01,39,0,0,0
2020-09-20,2020/2021,Newcastle Utd,Brighton,1,0,3,STEVE BRUCE,2019-07-17,2100-01-01,40,0,0,0
2020-09-27,2020/2021,Newcastle Utd,Tottenham,0,1,1,STEVE BRUCE,2019-07-17,2100-01-01,41,0,0,0
2020-10-03,2020/2021,Newcastle Utd,Burnley,1,3,1,STEVE BRUCE,2019-07-17,2100-01-01,42,0,0,0
2020-10-17,2020/2021,Newcastle Utd,Manchester Utd,1,1,4,STEVE BRUCE,2019-07-17,2100-01-01,43,0,0,0
2020-10-25,2020/2021,Newcastle Utd,Wolves,0,1,1,STEVE BRUCE,2019-07-17,2100-01-01,44,0,0,0
2020-11-01,2020/2021,Newcastle Utd,Everton,1,2,1,STEVE BRUCE,2019-07-17,2100-01-01,45,0,0,0
2020-11-06,2020/2021,Newcastle Utd,Southampton,0,0,2,STEVE BRUCE,2019-07-17,2100-01-01,46,0,0,0
2020-11-21,2020/2021,Newcastle Utd,Chelsea,1,0,2,STEVE BRUCE,2019-07-17,2100-01-01,47,0,0,0
2020-11-27,2020/2021,Newcastle Utd,Crystal Palace,0,2,0,STEVE BRUCE,2019-07-17,2100-01-01,48,0,0,0
2020-12-12,2020/2021,Newcastle Utd,West Brom,1,2,1,STEVE BRUCE,2019-07-17,2100-01-01,49,0,0,0
2020-12-16,2020/2021,Newcastle Utd,Leeds United,0,2,5,STEVE BRUCE,2019-07-17,2100-01-01,50,0,0,0
2020-12-19,2020/2021,Newcastle Utd,Fulham,1,1,1,STEVE BRUCE,2019-07-17,2100-01-01,51,0,0,0
2020-12-26,2020/2021,Newcastle Utd,Manchester City,0,0,2,STEVE BRUCE,2019-07-17,2100-01-01,52,0,0,0
2020-12-30,2020/2021,Newcastle Utd,Liverpool,1,0,0,STEVE BRUCE,2019-07-17,2100-01-01,53,0,0,0
2021-01-03,2020/2021,Newcastle Utd,Leicester City,1,1,2,STEVE BRUCE,2019-07-17,2100-01-01,54,0,0,0
2021-01-12,2020/2021,Newcastle Utd,Sheffield Utd,0,0,1,STEVE BRUCE,2019-07-17,2100-01-01,55,0,0,0
2021-01-18,2020/2021,Newcastle Utd,Arsenal,0,0,3,STEVE BRUCE,2019-07-17,2100-01-01,56,0,0,0
2021-01-23,2020/2021,Newcastle Utd,Aston Villa,0,0,2,STEVE BRUCE,2019-07-17,2100-01-01,57,0,0,0
2021-01-26,2020/2021,Newcastle Utd,Leeds United,1,1,2,STEVE BRUCE,2019-07-17,2100-01-01,58,0,0,0
2021-01-30,2020/2021,Newcastle Utd,Everton,0,2,0,STEVE BRUCE,2019-07-17,2100-01-01,59,0,0,0
2021-02-02,2020/2021,Newcastle Utd,Crystal Palace,1,1,2,STEVE BRUCE,2019-07-17,2100-01-01,60,0,0,0
2021-02-06,2020/2021,Newcastle Utd,Southampton,1,3,2,STEVE BRUCE,2019-07-17,2100-01-01,61,0,0,0
2021-02-15,2020/2021,Newcastle Utd,Chelsea,0,0,2,STEVE BRUCE,2019-07-17,2100-01-01,62,0,0,0
2021-02-21,2020/2021,Newcastle Utd,Manchester Utd,0,1,3,STEVE BRUCE,2019-07-17,2100-01-01,63,0,0,0
2021-02-27,2020/2021,Newcastle Utd,Wolves,1,1,1,STEVE BRUCE,2019-07-17,2100-01-01,64,0,0,0
2021-03-07,2020/2021,Newcastle Utd,West Brom,0,0,0,STEVE BRUCE,2019-07-17,2100-01-01,65,0,0,0
2021-03-12,2020/2021,Newcastle Utd,Aston Villa,1,1,1,STEVE BRUCE,2019-07-17,2100-01-01,66,0,0,0
2021-03-20,2020/2021,Newcastle Utd,Brighton,0,0,3,STEVE BRUCE,2019-07-17,2100-01-01,67,0,0,0
2021-04-04,2020/2021,Newcastle Utd,Tottenham,1,2,2,STEVE BRUCE,2019-07-17,2100-01-01,68,0,0,0
2021-04-11,2020/2021,Newcastle Utd,Burnley,0,2,1,STEVE BRUCE,2019-07-17,2100-01-01,69,0,0,0
2021-04-17,2020/2021,Newcastle Utd,West Ham,1,3,2,STEVE BRUCE,2019-07-17,2100-01-01,70,0,0,0
2021-04-24,2020/2021,Newcastle Utd,Liverpool,0,1,1,STEVE BRUCE,2019-07-17,2100-01-01,71,0,0,0
2021-05-02,2020/2021,Newcastle Utd,Arsenal,1,0,2,STEVE BRUCE,2019-07-17,2100-01-01,72,0,0,0
2021-05-07,2020/2021,Newcastle Utd,Leicester City,0,4,2,STEVE BRUCE,2019-07-17,2100-01-01,73,0,0,0
2021-05-14,2020/2021,Newcastle Utd,Manchester City,1,3,4,STEVE BRUCE,2019-07-17,2100-01-01,74,0,0,0
2021-05-19,2020/2021,Newcastle Utd,Sheffield Utd,1,1,0,STEVE BRUCE,2019-07-17,2100-01-01,75,0,0,0
2021-05-23,2020/2021,Newcastle Utd,Fulham,0,2,0,STEVE BRUCE,2019-07-17,2100-01-01,76,0,0,0
2015-10-18,2015/2016,Newcastle Utd,Norwich City,1,6,2,STEVE MCCLAREN,2015-10-06,2016-11-03,1,1,0,0
2015-10-25,2015/2016,Newcastle Utd,Sunderland,0,0,3,STEVE MCCLAREN,2015-10-06,2016-11-03,2,1,0,0
2015-10-31,2015/2016,Newcastle Utd,Stoke City,1,0,0,STEVE MCCLAREN,2015-10-06,2016-11-03,3,1,0,0
2015-11-07,2015/2016,Newcastle Utd,Bournemouth,0,1,0,STEVE MCCLAREN,2015-10-06,2016-11-03,4,0,1,0
2015-11-21,2015/2016,Newcastle Utd,Leicester City,1,0,3,STEVE MCCLAREN,2015-10-06,2016-11-03,5,0,1,0
2015-11-28,2015/2016,Newcastle Utd,Crystal Palace,0,1,5,STEVE MCCLAREN,2015-10-06,2016-11-03,6,0,1,0
2015-12-06,2015/2016,Newcastle Utd,Liverpool,1,2,0,STEVE MCCLAREN,2015-10-06,2016-11-03,7,0,0,1
2015-12-13,2015/2016,Newcastle Utd,Tottenham,0,2,1,STEVE MCCLAREN,2015-10-06,2016-11-03,8,0,0,1
2015-12-19,2015/2016,Newcastle Utd,Aston Villa,1,1,1,STEVE MCCLAREN,2015-10-06,2016-11-03,9,0,0,1
2015-12-26,2015/2016,Newcastle Utd,Everton,1,0,1,STEVE MCCLAREN,2015-10-06,2016-11-03,10,0,0,1
2015-12-28,2015/2016,Newcastle Utd,West Brom,0,0,1,STEVE MCCLAREN,2015-10-06,2016-11-03,11,0,0,0
2016-01-02,2015/2016,Newcastle Utd,Arsenal,0,0,1,STEVE MCCLAREN,2015-10-06,2016-11-03,12,0,0,0
2016-01-12,2015/2016,Newcastle Utd,Manchester Utd,1,3,3,STEVE MCCLAREN,2015-10-06,2016-11-03,13,0,0,0
2016-01-16,2015/2016,Newcastle Utd,West Ham,1,2,1,STEVE MCCLAREN,2015-10-06,2016-11-03,14,0,0,0
2016-01-23,2015/2016,Newcastle Utd,Watford,0,1,2,STEVE MCCLAREN,2015-10-06,2016-11-03,15,0,0,0
2016-02-03,2015/2016,Newcastle Utd,Everton,0,0,3,STEVE MCCLAREN,2015-10-06,2016-11-03,16,0,0,0
2016-02-06,2015/2016,Newcastle Utd,West Brom,1,1,0,STEVE MCCLAREN,2015-10-06,2016-11-03,17,0,0,0
2016-02-13,2015/2016,Newcastle Utd,Chelsea,0,1,5,STEVE MCCLAREN,2015-10-06,2016-11-03,18,0,0,0
2016-03-02,2015/2016,Newcastle Utd,Stoke City,0,0,1,STEVE MCCLAREN,2015-10-06,2016-11-03,19,0,0,0
2016-03-05,2015/2016,Newcastle Utd,Bournemouth,1,1,3,STEVE MCCLAREN,2015-10-06,2016-11-03,20,0,0,0
2016-03-14,2015/2016,Newcastle Utd,Leicester City,0,0,1,STEVE MCCLAREN,2015-10-06,2016-11-03,21,0,0,0
2016-03-20,2015/2016,Newcastle Utd,Sunderland,1,1,1,STEVE MCCLAREN,2015-10-06,2016-11-03,22,0,0,0
2016-04-02,2015/2016,Newcastle Utd,Norwich City,0,2,3,STEVE MCCLAREN,2015-10-06,2016-11-03,23,0,0,0
2016-04-09,2015/2016,Newcastle Utd,Southampton,0,1,3,STEVE MCCLAREN,2015-10-06,2016-11-03,24,0,0,0
2016-04-16,2015/2016,Newcastle Utd,Swansea City,1,3,0,STEVE MCCLAREN,2015-10-06,2016-11-03,25,0,0,0
2016-04-19,2015/2016,Newcastle Utd,Manchester City,1,1,1,STEVE MCCLAREN,2015-10-06,2016-11-03,26,0,0,0
2016-04-23,2015/2016,Newcastle Utd,Liverpool,0,2,2,STEVE MCCLAREN,2015-10-06,2016-11-03,27,0,0,0
2016-04-30,2015/2016,Newcastle Utd,Crystal Palace,1,1,0,STEVE MCCLAREN,2015-10-06,2016-11-03,28,0,0,0
2016-05-07,2015/2016,Newcastle Utd,Aston Villa,0,0,0,STEVE MCCLAREN,2015-10-06,2016-11-03,29,0,0,0
2016-05-15,2015/2016,Newcastle Utd,Tottenham,1,5,1,STEVE MCCLAREN,2015-10-06,2016-11-03,30,0,0,0
2015-08-08,2015/2016,Norwich City,Crystal Palace,1,1,3,ALEX NEIL,2015-01-09,2017-03-10,1,1,0,0
2015-08-15,2015/2016,Norwich City,Sunderland,0,3,1,ALEX NEIL,2015-01-09,2017-03-10,2,1,0,0
2015-08-22,2015/2016,Norwich City,Stoke City,1,1,1,ALEX NEIL,2015-01-09,2017-03-10,3,1,0,0
2015-08-30,2015/2016,Norwich City,Southampton,0,0,3,ALEX NEIL,2015-01-09,2017-03-10,4,0,1,0
2015-09-12,2015/2016,Norwich City,Bournemouth,1,3,1,ALEX NEIL,2015-01-09,2017-03-10,5,0,1,0
2015-09-20,2015/2016,Norwich City,Liverpool,0,1,1,ALEX NEIL,2015-01-09,2017-03-10,6,0,1,0
2015-09-26,2015/2016,Norwich City,West Ham,0,2,2,ALEX NEIL,2015-01-09,2017-03-10,7,0,0,1
2015-10-03,2015/2016,Norwich City,Leicester City,1,1,2,ALEX NEIL,2015-01-09,2017-03-10,8,0,0,1
2015-10-18,2015/2016,Norwich City,Newcastle Utd,0,2,6,ALEX NEIL,2015-01-09,2017-03-10,9,0,0,1
2015-10-24,2015/2016,Norwich City,West Brom,1,0,1,ALEX NEIL,2015-01-09,2017-03-10,10,0,0,1
2015-10-31,2015/2016,Norwich City,Manchester City,0,1,2,ALEX NEIL,2015-01-09,2017-03-10,11,0,0,0
2015-11-07,2015/2016,Norwich City,Swansea City,1,1,0,ALEX NEIL,2015-01-09,2017-03-10,12,0,0,0
2015-11-21,2015/2016,Norwich City,Chelsea,0,0,1,ALEX NEIL,2015-01-09,2017-03-10,13,0,0,0
2015-11-29,2015/2016,Norwich City,Arsenal,1,1,1,ALEX NEIL,2015-01-09,2017-03-10,14,0,0,0
2015-12-05,2015/2016,Norwich City,Watford,0,0,2,ALEX NEIL,2015-01-09,2017-03-10,15,0,0,0
2015-12-12,2015/2016,Norwich City,Everton,1,1,1,ALEX NEIL,2015-01-09,2017-03-10,16,0,0,0
2015-12-19,2015/2016,Norwich City,Manchester Utd,0,2,1,ALEX NEIL,2015-01-09,2017-03-10,17,0,0,0
2015-12-26,2015/2016,Norwich City,Tottenham,0,0,3,ALEX NEIL,2015-01-09,2017-03-10,18,0,0,0
2015-12-28,2015/2016,Norwich City,Aston Villa,1,2,0,ALEX NEIL,2015-01-09,2017-03-10,19,0,0,0
2016-01-02,2015/2016,Norwich City,Southampton,1,1,0,ALEX NEIL,2015-01-09,2017-03-10,20,0,0,0
2016-01-13,2015/2016,Norwich City,Stoke City,0,1,3,ALEX NEIL,2015-01-09,2017-03-10,21,0,0,0
2016-01-16,2015/2016,Norwich City,Bournemouth,0,0,3,ALEX NEIL,2015-01-09,2017-03-10,22,0,0,0
2016-01-23,2015/2016,Norwich City,Liverpool,1,4,5,ALEX NEIL,2015-01-09,2017-03-10,23,0,0,0
2016-02-02,2015/2016,Norwich City,Tottenham,1,0,3,ALEX NEIL,2015-01-09,2017-03-10,24,0,0,0
2016-02-06,2015/2016,Norwich City,Aston Villa,0,0,2,ALEX NEIL,2015-01-09,2017-03-10,25,0,0,0
2016-02-13,2015/2016,Norwich City,West Ham,1,2,2,ALEX NEIL,2015-01-09,2017-03-10,26,0,0,0
2016-02-27,2015/2016,Norwich City,Leicester City,0,0,1,ALEX NEIL,2015-01-09,2017-03-10,27,0,0,0
2016-03-01,2015/2016,Norwich City,Chelsea,1,1,2,ALEX NEIL,2015-01-09,2017-03-10,28,0,0,0
2016-03-05,2015/2016,Norwich City,Swansea City,0,0,1,ALEX NEIL,2015-01-09,2017-03-10,29,0,0,0
2016-03-12,2015/2016,Norwich City,Manchester City,1,0,0,ALEX NEIL,2015-01-09,2017-03-10,30,0,0,0
2016-03-19,2015/2016,Norwich City,West Brom,0,1,0,ALEX NEIL,2015-01-09,2017-03-10,31,0,0,0
2016-04-02,2015/2016,Norwich City,Newcastle Utd,1,3,2,ALEX NEIL,2015-01-09,2017-03-10,32,0,0,0
2016-04-09,2015/2016,Norwich City,Crystal Palace,0,0,1,ALEX NEIL,2015-01-09,2017-03-10,33,0,0,0
2016-04-16,2015/2016,Norwich City,Sunderland,1,0,3,ALEX NEIL,2015-01-09,2017-03-10,34,0,0,0
2016-04-30,2015/2016,Norwich City,Arsenal,0,0,1,ALEX NEIL,2015-01-09,2017-03-10,35,0,0,0
2016-05-07,2015/2016,Norwich City,Manchester Utd,1,0,1,ALEX NEIL,2015-01-09,2017-03-10,36,0,0,0
2016-05-11,2015/2016,Norwich City,Watford,1,4,2,ALEX NEIL,2015-01-09,2017-03-10,37,0,0,0
2016-05-15,2015/2016,Norwich City,Everton,0,0,3,ALEX NEIL,2015-01-09,2017-03-10,38,0,0,0
2019-08-09,2019/2020,Norwich City,Liverpool,0,1,4,DANIEL FARKE,2017-05-25,2021-11-06,1,1,0,0
2019-08-17,2019/2020,Norwich City,Newcastle Utd,1,3,1,DANIEL FARKE,2017-05-25,2021-11-06,2,1,0,0
2019-08-24,2019/2020,Norwich City,Chelsea,1,2,3,DANIEL FARKE,2017-05-25,2021-11-06,3,1,0,0
2019-08-31,2019/2020,Norwich City,West Ham,0,0,2,DANIEL FARKE,2017-05-25,2021-11-06,4,0,1,0
2019-09-14,2019/2020,Norwich City,Manchester City,1,3,2,DANIEL FARKE,2017-05-25,2021-11-06,5,0,1,0
2019-09-21,2019/2020,Norwich City,Burnley,0,0,2,DANIEL FARKE,2017-05-25,2021-11-06,6,0,1,0
2019-09-28,2019/2020,Norwich City,Crystal Palace,0,0,2,DANIEL FARKE,2017-05-25,2021-11-06,7,0,0,1
2019-10-05,2019/2020,Norwich City,Aston Villa,1,1,5,DANIEL FARKE,2017-05-25,2021-11-06,8,0,0,1
2019-10-19,2019/2020,Norwich City,Bournemouth,0,0,0,DANIEL FARKE,2017-05-25,2021-11-06,9,0,0,1
2019-10-27,2019/2020,Norwich City,Manchester Utd,1,1,3,DANIEL FARKE,2017-05-25,2021-11-06,10,0,0,1
2019-11-02,2019/2020,Norwich City,Brighton,0,0,2,DANIEL FARKE,2017-05-25,2021-11-06,11,0,0,0
2019-11-08,2019/2020,Norwich City,Watford,1,0,2,DANIEL FARKE,2017-05-25,2021-11-06,12,0,0,0
2019-11-23,2019/2020,Norwich City,Everton,0,2,0,DANIEL FARKE,2017-05-25,2021-11-06,13,0,0,0
2019-12-01,2019/2020,Norwich City,Arsenal,1,2,2,DANIEL FARKE,2017-05-25,2021-11-06,14,0,0,0
2019-12-04,2019/2020,Norwich City,Southampton,0,1,2,DANIEL FARKE,2017-05-25,2021-11-06,15,0,0,0
2019-12-08,2019/2020,Norwich City,Sheffield Utd,1,1,2,DANIEL FARKE,2017-05-25,2021-11-06,16,0,0,0
2019-12-14,2019/2020,Norwich City,Leicester City,0,1,1,DANIEL FARKE,2017-05-25,2021-11-06,17,0,0,0
2019-12-21,2019/2020,Norwich City,Wolves,1,1,2,DANIEL FARKE,2017-05-25,2021-11-06,18,0,0,0
2019-12-26,2019/2020,Norwich City,Aston Villa,0,0,1,DANIEL FARKE,2017-05-25,2021-11-06,19,0,0,0
2019-12-28,2019/2020,Norwich City,Tottenham,1,2,2,DANIEL FARKE,2017-05-25,2021-11-06,20,0,0,0
2020-01-01,2019/2020,Norwich City,Crystal Palace,1,1,1,DANIEL FARKE,2017-05-25,2021-11-06,21,0,0,0
2020-01-11,2019/2020,Norwich City,Manchester Utd,0,0,4,DANIEL FARKE,2017-05-25,2021-11-06,22,0,0,0
2020-01-18,2019/2020,Norwich City,Bournemouth,1,1,0,DANIEL FARKE,2017-05-25,2021-11-06,23,0,0,0
2020-01-22,2019/2020,Norwich City,Tottenham,0,1,2,DANIEL FARKE,2017-05-25,2021-11-06,24,0,0,0
2020-02-01,2019/2020,Norwich City,Newcastle Utd,0,0,0,DANIEL FARKE,2017-05-25,2021-11-06,25,0,0,0
2020-02-15,2019/2020,Norwich City,Liverpool,1,0,1,DANIEL FARKE,2017-05-25,2021-11-06,26,0,0,0
2020-02-23,2019/2020,Norwich City,Wolves,0,0,3,DANIEL FARKE,2017-05-25,2021-11-06,27,0,0,0
2020-02-28,2019/2020,Norwich City,Leicester City,1,1,0,DANIEL FARKE,2017-05-25,2021-11-06,28,0,0,0
2020-03-07,2019/2020,Norwich City,Sheffield Utd,0,0,1,DANIEL FARKE,2017-05-25,2021-11-06,29,0,0,0
2020-06-19,2019/2020,Norwich City,Southampton,1,0,3,DANIEL FARKE,2017-05-25,2021-11-06,30,0,0,0
2020-06-24,2019/2020,Norwich City,Everton,1,0,1,DANIEL FARKE,2017-05-25,2021-11-06,31,0,0,0
2020-07-01,2019/2020,Norwich City,Arsenal,0,0,4,DANIEL FARKE,2017-05-25,2021-11-06,32,0,0,0
2020-07-04,2019/2020,Norwich City,Brighton,1,0,1,DANIEL FARKE,2017-05-25,2021-11-06,33,0,0,0
2020-07-07,2019/2020,Norwich City,Watford,0,1,2,DANIEL FARKE,2017-05-25,2021-11-06,34,0,0,0
2020-07-11,2019/2020,Norwich City,West Ham,1,0,4,DANIEL FARKE,2017-05-25,2021-11-06,35,0,0,0
2020-07-14,2019/2020,Norwich City,Chelsea,0,0,1,DANIEL FARKE,2017-05-25,2021-11-06,36,0,0,0
2020-07-18,2019/2020,Norwich City,Burnley,1,0,2,DANIEL FARKE,2017-05-25,2021-11-06,37,0,0,0
2020-07-26,2019/2020,Norwich City,Manchester City,0,0,5,DANIEL FARKE,2017-05-25,2021-11-06,38,0,0,0
2021-08-14,2021/2022,Norwich City,Liverpool,1,0,3,DANIEL FARKE,2017-05-25,2021-11-06,39,0,0,0
2021-08-21,2021/2022,Norwich City,Manchester City,0,0,5,DANIEL FARKE,2017-05-25,2021-11-06,40,0,0,0
2021-08-28,2021/2022,Norwich City,Leicester City,1,1,2,DANIEL FARKE,2017-05-25,2021-11-06,41,0,0,0
2021-09-11,2021/2022,Norwich City,Arsenal,0,0,1,DANIEL FARKE,2017-05-25,2021-11-06,42,0,0,0
2021-09-18,2021/2022,Norwich City,Watford,1,1,3,DANIEL FARKE,2017-05-25,2021-11-06,43,0,0,0
2021-09-25,2021/2022,Norwich City,Everton,0,0,2,DANIEL FARKE,2017-05-25,2021-11-06,44,0,0,0
2021-10-02,2021/2022,Norwich City,Burnley,0,0,0,DANIEL FARKE,2017-05-25,2021-11-06,45,0,0,0
2021-10-16,2021/2022,Norwich City,Brighton,1,0,0,DANIEL FARKE,2017-05-25,2021-11-06,46,0,0,0
2021-10-23,2021/2022,Norwich City,Chelsea,0,0,7,DANIEL FARKE,2017-05-25,2021-11-06,47,0,0,0
2021-10-31,2021/2022,Norwich City,Leeds United,1,1,2,DANIEL FARKE,2017-05-25,2021-11-06,48,0,0,0
2021-11-06,2021/2022,Norwich City,Brentford,0,2,1,DANIEL FARKE,2017-05-25,2021-11-06,49,0,0,0
2021-11-20,2021/2022,Norwich City,Southampton,1,2,1,DEAN SMITH,2021-11-15,2100-01-01,1,1,0,0
2021-11-27,2021/2022,Norwich City,Wolves,1,0,0,DEAN SMITH,2021-11-15,2100-01-01,2,1,0,0
2021-11-30,2021/2022,Norwich City,Newcastle Utd,0,1,1,DEAN SMITH,2021-11-15,2100-01-01,3,1,0,0
2021-12-05,2021/2022,Norwich City,Tottenham,0,0,3,DEAN SMITH,2021-11-15,2100-01-01,4,0,1,0
2021-12-11,2021/2022,Norwich City,Manchester Utd,1,0,1,DEAN SMITH,2021-11-15,2100-01-01,5,0,1,0
2021-12-14,2021/2022,Norwich City,Aston Villa,1,0,2,DEAN SMITH,2021-11-15,2100-01-01,6,0,1,0
2021-12-26,2021/2022,Norwich City,Arsenal,1,0,5,DEAN SMITH,2021-11-15,2100-01-01,7,0,0,1
2021-12-28,2021/2022,Norwich City,Crystal Palace,0,0,3,DEAN SMITH,2021-11-15,2100-01-01,8,0,0,1
2022-01-12,2021/2022,Norwich City,West Ham,0,0,2,DEAN SMITH,2021-11-15,2100-01-01,9,0,0,1
2022-01-15,2021/2022,Norwich City,Everton,1,2,1,DEAN SMITH,2021-11-15,2100-01-01,10,0,0,1
2022-01-21,2021/2022,Norwich City,Watford,0,3,0,DEAN SMITH,2021-11-15,2100-01-01,11,0,0,0
2022-02-09,2021/2022,Norwich City,Crystal Palace,1,1,1,DEAN SMITH,2021-11-15,2100-01-01,12,0,0,0
2022-02-12,2021/2022,Norwich City,Manchester City,1,0,4,DEAN SMITH,2021-11-15,2100-01-01,13,0,0,0
2022-02-19,2021/2022,Norwich City,Liverpool,0,1,3,DEAN SMITH,2021-11-15,2100-01-01,14,0,0,0
2022-02-25,2021/2022,Norwich City,Southampton,0,0,2,DEAN SMITH,2021-11-15,2100-01-01,15,0,0,0
2022-03-05,2021/2022,Norwich City,Brentford,1,1,3,DEAN SMITH,2021-11-15,2100-01-01,16,0,0,0
2022-03-10,2021/2022,Norwich City,Chelsea,1,1,3,DEAN SMITH,2021-11-15,2100-01-01,17,0,0,0
2022-03-13,2021/2022,Norwich City,Leeds United,0,1,2,DEAN SMITH,2021-11-15,2100-01-01,18,0,0,0
2022-04-02,2021/2022,Norwich City,Brighton,0,0,0,DEAN SMITH,2021-11-15,2100-01-01,19,0,0,0
2022-04-10,2021/2022,Norwich City,Burnley,1,2,0,DEAN SMITH,2021-11-15,2100-01-01,20,0,0,0
2022-04-16,2021/2022,Norwich City,Manchester Utd,0,2,3,DEAN SMITH,2021-11-15,2100-01-01,21,0,0,0
2022-04-23,2021/2022,Norwich City,Newcastle Utd,1,0,3,DEAN SMITH,2021-11-15,2100-01-01,22,0,0,0
2022-04-30,2021/2022,Norwich City,Aston Villa,0,0,2,DEAN SMITH,2021-11-15,2100-01-01,23,0,0,0
2022-05-08,2021/2022,Norwich City,West Ham,1,0,4,DEAN SMITH,2021-11-15,2100-01-01,24,0,0,0
2022-05-11,2021/2022,Norwich City,Leicester City,0,0,3,DEAN SMITH,2021-11-15,2100-01-01,25,0,0,0
2022-05-15,2021/2022,Norwich City,Wolves,0,1,1,DEAN SMITH,2021-11-15,2100-01-01,26,0,0,0
2022-05-22,2021/2022,Norwich City,Tottenham,1,0,5,DEAN SMITH,2021-11-15,2100-01-01,27,0,0,0
2023-12-23,2023/2024,Nott'ham Forest,Bournemouth,1,2,3,NUNO ESPIRITO SANTO,2023-12-20,2025-09-09,1,1,0,0
2023-12-26,2023/2024,Nott'ham Forest,Newcastle Utd,0,3,1,NUNO ESPIRITO SANTO,2023-12-20,2025-09-09,2,1,0,0
2023-12-30,2023/2024,Nott'ham Forest,Manchester Utd,1,2,1,NUNO ESPIRITO SANTO,2023-12-20,2025-09-09,3,1,0,0
2024-01-20,2023/2024,Nott'ham Forest,Brentford,0,2,3,NUNO ESPIRITO SANTO,2023-12-20,2025-09-09,4,0,1,0
2024-01-30,2023/2024,Nott'ham Forest,Arsenal,1,1,2,NUNO ESPIRITO SANTO,2023-12-20,2025-09-09,5,0,1,0
2024-02-04,2023/2024,Nott'ham Forest,Bournemouth,0,1,1,NUNO ESPIRITO SANTO,2023-12-20,2025-09-09,6,0,1,0
2024-02-10,2023/2024,Nott'ham Forest,Newcastle Utd,1,2,3,NUNO ESPIRITO SANTO,2023-12-20,2025-09-09,7,0,0,1
2024-02-17,2023/2024,Nott'ham Forest,West Ham,1,2,0,NUNO ESPIRITO SANTO,2023-12-20,2025-09-09,8,0,0,1
2024-02-24,2023/2024,Nott'ham Forest,Aston Villa,0,2,4,NUNO ESPIRITO SANTO,2023-12-20,2025-09-09,9,0,0,1
2024-03-02,2023/2024,Nott'ham Forest,Liverpool,1,0,1,NUNO ESPIRITO SANTO,2023-12-20,2025-09-09,10,0,0,1
2024-03-10,2023/2024,Nott'ham Forest,Brighton,0,0,1,NUNO ESPIRITO SANTO,2023-12-20,2025-09-09,11,0,0,0
2024-03-16,2023/2024,Nott'ham Forest,Luton Town,0,1,1,NUNO ESPIRITO SANTO,2023-12-20,2025-09-09,12,0,0,0
2024-03-30,2023/2024,Nott'ham Forest,Crystal Palace,1,1,1,NUNO ESPIRITO SANTO,2023-12-20,2025-09-09,13,0,0,0
2024-04-02,2023/2024,Nott'ham Forest,Fulham,1,3,1,NUNO ESPIRITO SANTO,2023-12-20,2025-09-09,14,0,0,0
2024-04-07,2023/2024,Nott'ham Forest,Tottenham,0,1,3,NUNO ESPIRITO SANTO,2023-12-20,2025-09-09,15,0,0,0
2024-04-13,2023/2024,Nott'ham Forest,Wolves,1,2,2,NUNO ESPIRITO SANTO,2023-12-20,2025-09-09,16,0,0,0
2024-04-21,2023/2024,Nott'ham Forest,Everton,0,0,2,NUNO ESPIRITO SANTO,2023-12-20,2025-09-09,17,0,0,0
2024-04-28,2023/2024,Nott'ham Forest,Manchester City,1,0,2,NUNO ESPIRITO SANTO,2023-12-20,2025-09-09,18,0,0,0
2024-05-04,2023/2024,Nott'ham Forest,Sheffield Utd,0,3,1,NUNO ESPIRITO SANTO,2023-12-20,2025-09-09,19,0,0,0
2024-05-11,2023/2024,Nott'ham Forest,Chelsea,1,2,3,NUNO ESPIRITO SANTO,2023-12-20,2025-09-09,20,0,0,0
2024-05-19,2023/2024,Nott'ham Forest,Burnley,0,2,1,NUNO ESPIRITO SANTO,2023-12-20,2025-09-09,21,0,0,0
2022-08-06,2022/2023,Nott'ham Forest,Newcastle Utd,0,0,2,STEVE COOPER,2021-09-21,2100-01-01,1,1,0,0
2022-08-14,2022/2023,Nott'ham Forest,West Ham,1,1,0,STEVE COOPER,2021-09-21,2100-01-01,2,1,0,0
2022-08-20,2022/2023,Nott'ham Forest,Everton,0,1,1,STEVE COOPER,2021-09-21,2100-01-01,3,1,0,0
2022-08-28,2022/2023,Nott'ham Forest,Tottenham,1,0,2,STEVE COOPER,2021-09-21,2100-01-01,4,0,1,0
2022-08-31,2022/2023,Nott'ham Forest,Manchester City,0,0,6,STEVE COOPER,2021-09-21,2100-01-01,5,0,1,0
2022-09-03,2022/2023,Nott'ham Forest,Bournemouth,1,2,3,STEVE COOPER,2021-09-21,2100-01-01,6,0,1,0
2022-09-16,2022/2023,Nott'ham Forest,Fulham,1,2,3,STEVE COOPER,2021-09-21,2100-01-01,7,0,0,1
2022-10-03,2022/2023,Nott'ham Forest,Leicester City,0,0,4,STEVE COOPER,2021-09-21,2100-01-01,8,0,0,1
2022-10-10,2022/2023,Nott'ham Forest,Aston Villa,1,1,1,STEVE COOPER,2021-09-21,2100-01-01,9,0,0,1
2022-10-15,2022/2023,Nott'ham Forest,Wolves,0,0,1,STEVE COOPER,2021-09-21,2100-01-01,10,0,0,1
2022-10-18,2022/2023,Nott'ham Forest,Brighton,0,0,0,STEVE COOPER,2021-09-21,2100-01-01,11,0,0,0
2022-10-22,2022/2023,Nott'ham Forest,Liverpool,1,1,0,STEVE COOPER,2021-09-21,2100-01-01,12,0,0,0
2022-10-30,2022/2023,Nott'ham Forest,Arsenal,0,0,5,STEVE COOPER,2021-09-21,2100-01-01,13,0,0,0
2022-11-05,2022/2023,Nott'ham Forest,Brentford,1,2,2,STEVE COOPER,2021-09-21,2100-01-01,14,0,0,0
2022-11-12,2022/2023,Nott'ham Forest,Crystal Palace,1,1,0,STEVE COOPER,2021-09-21,2100-01-01,15,0,0,0
2022-12-27,2022/2023,Nott'ham Forest,Manchester Utd,0,0,3,STEVE COOPER,2021-09-21,2100-01-01,16,0,0,0
2023-01-01,2022/2023,Nott'ham Forest,Chelsea,1,1,1,STEVE COOPER,2021-09-21,2100-01-01,17,0,0,0
2023-01-04,2022/2023,Nott'ham Forest,Southampton,0,1,0,STEVE COOPER,2021-09-21,2100-01-01,18,0,0,0
2023-01-14,2022/2023,Nott'ham Forest,Leicester City,1,2,0,STEVE COOPER,2021-09-21,2100-01-01,19,0,0,0
2023-01-21,2022/2023,Nott'ham Forest,Bournemouth,0,1,1,STEVE COOPER,2021-09-21,2100-01-01,20,0,0,0
2023-02-05,2022/2023,Nott'ham Forest,Leeds United,1,1,0,STEVE COOPER,2021-09-21,2100-01-01,21,0,0,0
2023-02-11,2022/2023,Nott'ham Forest,Fulham,0,0,2,STEVE COOPER,2021-09-21,2100-01-01,22,0,0,0
2023-02-18,2022/2023,Nott'ham Forest,Manchester City,1,1,1,STEVE COOPER,2021-09-21,2100-01-01,23,0,0,0
2023-02-25,2022/2023,Nott'ham Forest,West Ham,0,0,4,STEVE COOPER,2021-09-21,2100-01-01,24,0,0,0
2023-03-05,2022/2023,Nott'ham Forest,Everton,1,2,2,STEVE COOPER,2021-09-21,2100-01-01,25,0,0,0
2023-03-11,2022/2023,Nott'ham Forest,Tottenham,0,1,3,STEVE COOPER,2021-09-21,2100-01-01,26,0,0,0
2023-03-17,2022/2023,Nott'ham Forest,Newcastle Utd,1,1,2,STEVE COOPER,2021-09-21,2100-01-01,27,0,0,0
2023-04-01,2022/2023,Nott'ham Forest,Wolves,1,1,1,STEVE COOPER,2021-09-21,2100-01-01,28,0,0,0
2023-04-04,2022/2023,Nott'ham Forest,Leeds United,0,1,2,STEVE COOPER,2021-09-21,2100-01-01,29,0,0,0
2023-04-08,2022/2023,Nott'ham Forest,Aston Villa,0,0,2,STEVE COOPER,2021-09-21,2100-01-01,30,0,0,0
2023-04-16,2022/2023,Nott'ham Forest,Manchester Utd,1,0,2,STEVE COOPER,2021-09-21,2100-01-01,31,0,0,0
2023-04-22,2022/2023,Nott'ham Forest,Liverpool,0,2,3,STEVE COOPER,2021-09-21,2100-01-01,32,0,0,0
2023-04-26,2022/2023,Nott'ham Forest,Brighton,1,3,1,STEVE COOPER,2021-09-21,2100-01-01,33,0,0,0
2023-04-29,2022/2023,Nott'ham Forest,Brentford,0,1,2,STEVE COOPER,2021-09-21,2100-01-01,34,0,0,0
2023-05-08,2022/2023,Nott'ham Forest,Southampton,1,4,3,STEVE COOPER,2021-09-21,2100-01-01,35,0,0,0
2023-05-13,2022/2023,Nott'ham Forest,Chelsea,0,2,2,STEVE COOPER,2021-09-21,2100-01-01,36,0,0,0
2023-05-20,2022/2023,Nott'ham Forest,Arsenal,1,1,0,STEVE COOPER,2021-09-21,2100-01-01,37,0,0,0
2023-05-28,2022/2023,Nott'ham Forest,Crystal Palace,0,1,1,STEVE COOPER,2021-09-21,2100-01-01,38,0,0,0
2023-08-12,2023/2024,Nott'ham Forest,Arsenal,0,1,2,STEVE COOPER,2021-09-21,2100-01-01,39,0,0,0
2023-08-18,2023/2024,Nott'ham Forest,Sheffield Utd,1,2,1,STEVE COOPER,2021-09-21,2100-01-01,40,0,0,0
2023-08-26,2023/2024,Nott'ham Forest,Manchester Utd,0,2,3,STEVE COOPER,2021-09-21,2100-01-01,41,0,0,0
2023-09-02,2023/2024,Nott'ham Forest,Chelsea,0,1,0,STEVE COOPER,2021-09-21,2100-01-01,42,0,0,0
2023-09-18,2023/2024,Nott'ham Forest,Burnley,1,1,1,STEVE COOPER,2021-09-21,2100-01-01,43,0,0,0
2023-09-23,2023/2024,Nott'ham Forest,Manchester City,0,0,2,STEVE COOPER,2021-09-21,2100-01-01,44,0,0,0
2023-10-01,2023/2024,Nott'ham Forest,Brentford,1,1,1,STEVE COOPER,2021-09-21,2100-01-01,45,0,0,0
2023-10-07,2023/2024,Nott'ham Forest,Crystal Palace,0,0,0,STEVE COOPER,2021-09-21,2100-01-01,46,0,0,0
2023-10-21,2023/2024,Nott'ham Forest,Luton Town,1,2,2,STEVE COOPER,2021-09-21,2100-01-01,47,0,0,0
2023-10-29,2023/2024,Nott'ham Forest,Liverpool,0,0,3,STEVE COOPER,2021-09-21,2100-01-01,48,0,0,0
2023-11-05,2023/2024,Nott'ham Forest,Aston Villa,1,2,0,STEVE COOPER,2021-09-21,2100-01-01,49,0,0,0
2023-11-12,2023/2024,Nott'ham Forest,West Ham,0,2,3,STEVE COOPER,2021-09-21,2100-01-01,50,0,0,0
2023-11-25,2023/2024,Nott'ham Forest,Brighton,1,2,3,STEVE COOPER,2021-09-21,2100-01-01,51,0,0,0
2023-12-02,2023/2024,Nott'ham Forest,Everton,1,0,1,STEVE COOPER,2021-09-21,2100-01-01,52,0,0,0
2023-12-06,2023/2024,Nott'ham Forest,Fulham,0,0,5,STEVE COOPER,2021-09-21,2100-01-01,53,0,0,0
2023-12-09,2023/2024,Nott'ham Forest,Wolves,0,1,1,STEVE COOPER,2021-09-21,2100-01-01,54,0,0,0
2023-12-15,2023/2024,Nott'ham Forest,Tottenham,1,0,2,STEVE COOPER,2021-09-21,2100-01-01,55,0,0,0
2015-02-07,2014/2015,QPR,Southampton,1,0,1,CHRIS RAMSEY,2015-02-03,2015-05-24,1,1,0,0
2015-02-10,2014/2015,QPR,Sunderland,0,2,0,CHRIS RAMSEY,2015-02-03,2015-05-24,2,1,0,0
2015-02-21,2014/2015,QPR,Hull City,0,1,2,CHRIS RAMSEY,2015-02-03,2015-05-24,3,1,0,0
2015-03-04,2014/2015,QPR,Arsenal,1,1,2,CHRIS RAMSEY,2015-02-03,2015-05-24,4,0,1,0
2015-03-07,2014/2015,QPR,Tottenham,1,1,2,CHRIS RAMSEY,2015-02-03,2015-05-24,5,0,1,0
2015-03-14,2014/2015,QPR,Crystal Palace,0,1,3,CHRIS RAMSEY,2015-02-03,2015-05-24,6,0,1,0
2015-03-22,2014/2015,QPR,Everton,1,1,2,CHRIS RAMSEY,2015-02-03,2015-05-24,7,0,0,1
2015-04-04,2014/2015,QPR,West Brom,0,4,1,CHRIS RAMSEY,2015-02-03,2015-05-24,8,0,0,1
2015-04-07,2014/2015,QPR,Aston Villa,0,3,3,CHRIS RAMSEY,2015-02-03,2015-05-24,9,0,0,1
2015-04-12,2014/2015,QPR,Chelsea,1,0,1,CHRIS RAMSEY,2015-02-03,2015-05-24,10,0,0,1
2015-04-25,2014/2015,QPR,West Ham,1,0,0,CHRIS RAMSEY,2015-02-03,2015-05-24,11,0,0,0
2015-05-02,2014/2015,QPR,Liverpool,0,1,2,CHRIS RAMSEY,2015-02-03,2015-05-24,12,0,0,0
2015-05-10,2014/2015,QPR,Manchester City,0,0,6,CHRIS RAMSEY,2015-02-03,2015-05-24,13,0,0,0
2015-05-16,2014/2015,QPR,Newcastle Utd,1,2,1,CHRIS RAMSEY,2015-02-03,2015-05-24,14,0,0,0
2015-05-24,2014/2015,QPR,Leicester City,0,1,5,CHRIS RAMSEY,2015-02-03,2015-05-24,15,0,0,0
2014-08-16,2014/2015,QPR,Hull City,1,0,1,HARRY REDKNAPP,2012-11-24,2015-02-03,101,0,0,0
2014-08-24,2014/2015,QPR,Tottenham,0,0,4,HARRY REDKNAPP,2012-11-24,2015-02-03,102,0,0,0
2014-08-30,2014/2015,QPR,Sunderland,1,1,0,HARRY REDKNAPP,2012-11-24,2015-02-03,103,0,0,0
2014-09-14,2014/2015,QPR,Manchester Utd,0,0,4,HARRY REDKNAPP,2012-11-24,2015-02-03,104,0,0,0
2014-09-20,2014/2015,QPR,Stoke City,1,2,2,HARRY REDKNAPP,2012-11-24,2015-02-03,105,0,0,0
2014-09-27,2014/2015,QPR,Southampton,0,1,2,HARRY REDKNAPP,2012-11-24,2015-02-03,106,0,0,0
2014-10-05,2014/2015,QPR,West Ham,0,0,2,HARRY REDKNAPP,2012-11-24,2015-02-03,107,0,0,0
2014-10-19,2014/2015,QPR,Liverpool,1,2,3,HARRY REDKNAPP,2012-11-24,2015-02-03,108,0,0,0
2014-10-27,2014/2015,QPR,Aston Villa,1,2,0,HARRY REDKNAPP,2012-11-24,2015-02-03,109,0,0,0
2014-11-01,2014/2015,QPR,Chelsea,0,1,2,HARRY REDKNAPP,2012-11-24,2015-02-03,110,0,0,0
2014-11-08,2014/2015,QPR,Manchester City,1,2,2,HARRY REDKNAPP,2012-11-24,2015-02-03,111,0,0,0
2014-11-22,2014/2015,QPR,Newcastle Utd,0,0,1,HARRY REDKNAPP,2012-11-24,2015-02-03,112,0,0,0
2014-11-29,2014/2015,QPR,Leicester City,1,3,2,HARRY REDKNAPP,2012-11-24,2015-02-03,113,0,0,0
2014-12-02,2014/2015,QPR,Swansea City,0,0,2,HARRY REDKNAPP,2012-11-24,2015-02-03,114,0,0,0
2014-12-06,2014/2015,QPR,Burnley,1,2,0,HARRY REDKNAPP,2012-11-24,2015-02-03,115,0,0,0
2014-12-15,2014/2015,QPR,Everton,0,1,3,HARRY REDKNAPP,2012-11-24,2015-02-03,116,0,0,0
2014-12-20,2014/2015,QPR,West Brom,1,3,2,HARRY REDKNAPP,2012-11-24,2015-02-03,117,0,0,0
2014-12-26,2014/2015,QPR,Arsenal,0,1,2,HARRY REDKNAPP,2012-11-24,2015-02-03,118,0,0,0
2014-12-28,2014/2015,QPR,Crystal Palace,1,0,0,HARRY REDKNAPP,2012-11-24,2015-02-03,119,0,0,0
2015-01-01,2014/2015,QPR,Swansea City,1,1,1,HARRY REDKNAPP,2012-11-24,2015-02-03,120,0,0,0
2015-01-10,2014/2015,QPR,Burnley,0,1,2,HARRY REDKNAPP,2012-11-24,2015-02-03,121,0,0,0
2015-01-17,2014/2015,QPR,Manchester Utd,1,0,2,HARRY REDKNAPP,2012-11-24,2015-02-03,122,0,0,0
2015-01-31,2014/2015,QPR,Stoke City,0,1,3,HARRY REDKNAPP,2012-11-24,2015-02-03,123,0,0,0
2019-08-10,2019/2020,Sheffield Utd,Bournemouth,0,1,1,CHRIS WILDER,2016-12-05,2021-12-03,1,1,0,0
2019-08-18,2019/2020,Sheffield Utd,Crystal Palace,1,1,0,CHRIS WILDER,2016-12-05,2021-12-03,2,1,0,0
2019-08-24,2019/2020,Sheffield Utd,Leicester City,1,1,2,CHRIS WILDER,2016-12-05,2021-12-03,3,1,0,0
2019-08-31,2019/2020,Sheffield Utd,Chelsea,0,2,2,CHRIS WILDER,2016-12-05,2021-12-03,4,0,1,0
2019-09-14,2019/2020,Sheffield Utd,Southampton,1,0,1,CHRIS WILDER,2016-12-05,2021-12-03,5,0,1,0
2019-09-21,2019/2020,Sheffield Utd,Everton,0,2,0,CHRIS WILDER,2016-12-05,2021-12-03,6,0,1,0
2019-09-28,2019/2020,Sheffield Utd,Liverpool,1,0,1,CHRIS WILDER,2016-12-05,2021-12-03,7,0,0,1
2019-10-05,2019/2020,Sheffield Utd,Watford,0,0,0,CHRIS WILDER,2016-12-05,2021-12-03,8,0,0,1
2019-10-21,2019/2020,Sheffield Utd,Arsenal,1,1,0,CHRIS WILDER,2016-12-05,2021-12-03,9,0,0,1
2019-10-26,2019/2020,Sheffield Utd,West Ham,0,1,1,CHRIS WILDER,2016-12-05,2021-12-03,10,0,0,1
2019-11-02,2019/2020,Sheffield Utd,Burnley,1,3,0,CHRIS WILDER,2016-12-05,2021-12-03,11,0,0,0
2019-11-09,2019/2020,Sheffield Utd,Tottenham,0,1,1,CHRIS WILDER,2016-12-05,2021-12-03,12,0,0,0
2019-11-24,2019/2020,Sheffield Utd,Manchester Utd,1,3,3,CHRIS WILDER,2016-12-05,2021-12-03,13,0,0,0
2019-12-01,2019/2020,Sheffield Utd,Wolves,0,1,1,CHRIS WILDER,2016-12-05,2021-12-03,14,0,0,0
2019-12-05,2019/2020,Sheffield Utd,Newcastle Utd,1,0,2,CHRIS WILDER,2016-12-05,2021-12-03,15,0,0,0
2019-12-08,2019/2020,Sheffield Utd,Norwich City,0,2,1,CHRIS WILDER,2016-12-05,2021-12-03,16,0,0,0
2019-12-14,2019/2020,Sheffield Utd,Aston Villa,1,2,0,CHRIS WILDER,2016-12-05,2021-12-03,17,0,0,0
2019-12-21,2019/2020,Sheffield Utd,Brighton,0,1,0,CHRIS WILDER,2016-12-05,2021-12-03,18,0,0,0
2019-12-26,2019/2020,Sheffield Utd,Watford,1,1,1,CHRIS WILDER,2016-12-05,2021-12-03,19,0,0,0
2019-12-29,2019/2020,Sheffield Utd,Manchester City,0,0,2,CHRIS WILDER,2016-12-05,2021-12-03,20,0,0,0
2020-01-02,2019/2020,Sheffield Utd,Liverpool,0,0,2,CHRIS WILDER,2016-12-05,2021-12-03,21,0,0,0
2020-01-10,2019/2020,Sheffield Utd,West Ham,1,1,0,CHRIS WILDER,2016-12-05,2021-12-03,22,0,0,0
2020-01-18,2019/2020,Sheffield Utd,Arsenal,0,1,1,CHRIS WILDER,2016-12-05,2021-12-03,23,0,0,0
2020-01-21,2019/2020,Sheffield Utd,Manchester City,1,0,1,CHRIS WILDER,2016-12-05,2021-12-03,24,0,0,0
2020-02-01,2019/2020,Sheffield Utd,Crystal Palace,0,1,0,CHRIS WILDER,2016-12-05,2021-12-03,25,0,0,0
2020-02-09,2019/2020,Sheffield Utd,Bournemouth,1,2,1,CHRIS WILDER,2016-12-05,2021-12-03,26,0,0,0
2020-02-22,2019/2020,Sheffield Utd,Brighton,1,1,1,CHRIS WILDER,2016-12-05,2021-12-03,27,0,0,0
2020-03-07,2019/2020,Sheffield Utd,Norwich City,1,1,0,CHRIS WILDER,2016-12-05,2021-12-03,28,0,0,0
2020-06-17,2019/2020,Sheffield Utd,Aston Villa,0,0,0,CHRIS WILDER,2016-12-05,2021-12-03,29,0,0,0
2020-06-21,2019/2020,Sheffield Utd,Newcastle Utd,0,0,3,CHRIS WILDER,2016-12-05,2021-12-03,30,0,0,0
2020-06-24,2019/2020,Sheffield Utd,Manchester Utd,0,0,3,CHRIS WILDER,2016-12-05,2021-12-03,31,0,0,0
2020-07-02,2019/2020,Sheffield Utd,Tottenham,1,3,1,CHRIS WILDER,2016-12-05,2021-12-03,32,0,0,0
2020-07-05,2019/2020,Sheffield Utd,Burnley,0,1,1,CHRIS WILDER,2016-12-05,2021-12-03,33,0,0,0
2020-07-08,2019/2020,Sheffield Utd,Wolves,1,1,0,CHRIS WILDER,2016-12-05,2021-12-03,34,0,0,0
2020-07-11,2019/2020,Sheffield Utd,Chelsea,1,3,0,CHRIS WILDER,2016-12-05,2021-12-03,35,0,0,0
2020-07-16,2019/2020,Sheffield Utd,Leicester City,0,0,2,CHRIS WILDER,2016-12-05,2021-12-03,36,0,0,0
2020-07-20,2019/2020,Sheffield Utd,Everton,1,0,1,CHRIS WILDER,2016-12-05,2021-12-03,37,0,0,0
2020-07-26,2019/2020,Sheffield Utd,Southampton,0,1,3,CHRIS WILDER,2016-12-05,2021-12-03,38,0,0,0
2020-09-14,2020/2021,Sheffield Utd,Wolves,1,0,2,CHRIS WILDER,2016-12-05,2021-12-03,39,0,0,0
2020-09-21,2020/2021,Sheffield Utd,Aston Villa,0,0,1,CHRIS WILDER,2016-12-05,2021-12-03,40,0,0,0
2020-09-27,2020/2021,Sheffield Utd,Leeds United,1,0,1,CHRIS WILDER,2016-12-05,2021-12-03,41,0,0,0
2020-10-04,2020/2021,Sheffield Utd,Arsenal,0,1,2,CHRIS WILDER,2016-12-05,2021-12-03,42,0,0,0
2020-10-18,2020/2021,Sheffield Utd,Fulham,1,1,1,CHRIS WILDER,2016-12-05,2021-12-03,43,0,0,0
2020-10-24,2020/2021,Sheffield Utd,Liverpool,0,1,2,CHRIS WILDER,2016-12-05,2021-12-03,44,0,0,0
2020-10-31,2020/2021,Sheffield Utd,Manchester City,1,0,1,CHRIS WILDER,2016-12-05,2021-12-03,45,0,0,0
2020-11-07,2020/2021,Sheffield Utd,Chelsea,0,1,4,CHRIS WILDER,2016-12-05,2021-12-03,46,0,0,0
2020-11-22,2020/2021,Sheffield Utd,West Ham,1,0,1,CHRIS WILDER,2016-12-05,2021-12-03,47,0,0,0
2020-11-28,2020/2021,Sheffield Utd,West Brom,0,0,1,CHRIS WILDER,2016-12-05,2021-12-03,48,0,0,0
2020-12-06,2020/2021,Sheffield Utd,Leicester City,1,1,2,CHRIS WILDER,2016-12-05,2021-12-03,49,0,0,0
2020-12-13,2020/2021,Sheffield Utd,Southampton,0,0,3,CHRIS WILDER,2016-12-05,2021-12-03,50,0,0,0
2020-12-17,2020/2021,Sheffield Utd,Manchester Utd,1,2,3,CHRIS WILDER,2016-12-05,2021-12-03,51,0,0,0
2020-12-20,2020/2021,Sheffield Utd,Brighton,0,1,1,CHRIS WILDER,2016-12-05,2021-12-03,52,0,0,0
2020-12-26,2020/2021,Sheffield Utd,Everton,1,0,1,CHRIS WILDER,2016-12-05,2021-12-03,53,0,0,0
2020-12-29,2020/2021,Sheffield Utd,Burnley,0,0,1,CHRIS WILDER,2016-12-05,2021-12-03,54,0,0,0
2021-01-02,2020/2021,Sheffield Utd,Crystal Palace,0,0,2,CHRIS WILDER,2016-12-05,2021-12-03,55,0,0,0
2023-08-12,2023/2024,Sheffield Utd,Crystal Palace,1,0,1,CHRIS WILDER,2023-05-12,2100-01-01,1,1,0,0
2023-08-18,2023/2024,Sheffield Utd,Nott'ham Forest,0,1,2,CHRIS WILDER,2023-05-12,2100-01-01,2,1,0,0
2023-08-27,2023/2024,Sheffield Utd,Manchester City,1,1,2,CHRIS WILDER,2023-05-12,2100-01-01,3,1,0,0
2023-09-02,2023/2024,Sheffield Utd,Everton,1,2,2,CHRIS WILDER,2023-05-12,2100-01-01,4,0,1,0
2023-09-16,2023/2024,Sheffield Utd,Tottenham,0,1,2,CHRIS WILDER,2023-05-12,2100-01-01,5,0,1,0
2023-09-24,2023/2024,Sheffield Utd,Newcastle Utd,1,0,8,CHRIS WILDER,2023-05-12,2100-01-01,6,0,1,0
2023-09-30,2023/2024,Sheffield Utd,West Ham,0,0,2,CHRIS WILDER,2023-05-12,2100-01-01,7,0,0,1
2023-10-07,2023/2024,Sheffield Utd,Fulham,0,1,3,CHRIS WILDER,2023-05-12,2100-01-01,8,0,0,1
2023-10-21,2023/2024,Sheffield Utd,Manchester Utd,1,1,2,CHRIS WILDER,2023-05-12,2100-01-01,9,0,0,1
2023-10-28,2023/2024,Sheffield Utd,Arsenal,0,0,5,CHRIS WILDER,2023-05-12,2100-01-01,10,0,0,1
2023-11-04,2023/2024,Sheffield Utd,Wolves,1,2,1,CHRIS WILDER,2023-05-12,2100-01-01,11,0,0,0
2023-11-12,2023/2024,Sheffield Utd,Brighton,0,1,1,CHRIS WILDER,2023-05-12,2100-01-01,12,0,0,0
2023-11-25,2023/2024,Sheffield Utd,Bournemouth,1,1,3,CHRIS WILDER,2023-05-12,2100-01-01,13,0,0,0
2023-12-02,2023/2024,Sheffield Utd,Burnley,0,0,5,CHRIS WILDER,2023-05-12,2100-01-01,14,0,0,0
2023-12-06,2023/2024,Sheffield Utd,Liverpool,1,0,2,CHRIS WILDER,2023-05-12,2100-01-01,15,0,0,0
2023-12-09,2023/2024,Sheffield Utd,Brentford,1,1,0,CHRIS WILDER,2023-05-12,2100-01-01,16,0,0,0
2023-12-16,2023/2024,Sheffield Utd,Chelsea,0,0,2,CHRIS WILDER,2023-05-12,2100-01-01,17,0,0,0
2023-12-22,2023/2024,Sheffield Utd,Aston Villa,0,1,1,CHRIS WILDER,2023-05-12,2100-01-01,18,0,0,0
2023-12-26,2023/2024,Sheffield Utd,Luton Town,1,2,3,CHRIS WILDER,2023-05-12,2100-01-01,19,0,0,0
2023-12-30,2023/2024,Sheffield Utd,Manchester City,0,0,2,CHRIS WILDER,2023-05-12,2100-01-01,20,0,0,0
2024-01-21,2023/2024,Sheffield Utd,West Ham,1,2,2,CHRIS WILDER,2023-05-12,2100-01-01,21,0,0,0
2024-01-30,2023/2024,Sheffield Utd,Crystal Palace,0,2,3,CHRIS WILDER,2023-05-12,2100-01-01,22,0,0,0
2024-02-03,2023/2024,Sheffield Utd,Aston Villa,1,0,5,CHRIS WILDER,2023-05-12,2100-01-01,23,0,0,0
2024-02-10,2023/2024,Sheffield Utd,Luton Town,0,3,1,CHRIS WILDER,2023-05-12,2100-01-01,24,0,0,0
2024-02-18,2023/2024,Sheffield Utd,Brighton,1,0,5,CHRIS WILDER,2023-05-12,2100-01-01,25,0,0,0
2024-02-25,2023/2024,Sheffield Utd,Wolves,0,0,1,CHRIS WILDER,2023-05-12,2100-01-01,26,0,0,0
2024-03-04,2023/2024,Sheffield Utd,Arsenal,1,0,6,CHRIS WILDER,2023-05-12,2100-01-01,27,0,0,0
2024-03-09,2023/2024,Sheffield Utd,Bournemouth,0,2,2,CHRIS WILDER,2023-05-12,2100-01-01,28,0,0,0
2024-03-30,2023/2024,Sheffield Utd,Fulham,1,3,3,CHRIS WILDER,2023-05-12,2100-01-01,29,0,0,0
2024-04-04,2023/2024,Sheffield Utd,Liverpool,0,1,3,CHRIS WILDER,2023-05-12,2100-01-01,30,0,0,0
2024-04-07,2023/2024,Sheffield Utd,Chelsea,1,2,2,CHRIS WILDER,2023-05-12,2100-01-01,31,0,0,0
2024-04-13,2023/2024,Sheffield Utd,Brentford,0,0,2,CHRIS WILDER,2023-05-12,2100-01-01,32,0,0,0
2024-04-20,2023/2024,Sheffield Utd,Burnley,1,1,4,CHRIS WILDER,2023-05-12,2100-01-01,33,0,0,0
2024-04-24,2023/2024,Sheffield Utd,Manchester Utd,0,2,4,CHRIS WILDER,2023-05-12,2100-01-01,34,0,0,0
2024-04-27,2023/2024,Sheffield Utd,Newcastle Utd,0,1,5,CHRIS WILDER,2023-05-12,2100-01-01,35,0,0,0
2024-05-04,2023/2024,Sheffield Utd,Nott'ham Forest,1,1,3,CHRIS WILDER,2023-05-12,2100-01-01,36,0,0,0
2024-05-11,2023/2024,Sheffield Utd,Everton,0,0,1,CHRIS WILDER,2023-05-12,2100-01-01,37,0,0,0
2024-05-19,2023/2024,Sheffield Utd,Tottenham,1,0,3,CHRIS WILDER,2023-05-12,2100-01-01,38,0,0,0
2021-03-14,2020/2021,Sheffield Utd,Leicester City,0,0,5,PAUL HECKINGBOTTOM,2021-03-13,2100-01-01,1,1,0,0
2021-04-03,2020/2021,Sheffield Utd,Leeds United,0,1,2,PAUL HECKINGBOTTOM,2021-03-13,2100-01-01,2,1,0,0
2021-04-11,2020/2021,Sheffield Utd,Arsenal,1,0,3,PAUL HECKINGBOTTOM,2021-03-13,2100-01-01,3,1,0,0
2021-04-17,2020/2021,Sheffield Utd,Wolves,0,0,1,PAUL HECKINGBOTTOM,2021-03-13,2100-01-01,4,0,1,0
2021-04-24,2020/2021,Sheffield Utd,Brighton,1,1,0,PAUL HECKINGBOTTOM,2021-03-13,2100-01-01,5,0,1,0
2021-05-02,2020/2021,Sheffield Utd,Tottenham,0,0,4,PAUL HECKINGBOTTOM,2021-03-13,2100-01-01,6,0,1,0
2021-05-08,2020/2021,Sheffield Utd,Crystal Palace,1,0,2,PAUL HECKINGBOTTOM,2021-03-13,2100-01-01,7,0,0,1
2021-05-16,2020/2021,Sheffield Utd,Everton,0,1,0,PAUL HECKINGBOTTOM,2021-03-13,2100-01-01,8,0,0,1
2021-05-19,2020/2021,Sheffield Utd,Newcastle Utd,0,0,1,PAUL HECKINGBOTTOM,2021-03-13,2100-01-01,9,0,0,1
2021-05-23,2020/2021,Sheffield Utd,Burnley,1,1,0,PAUL HECKINGBOTTOM,2021-03-13,2100-01-01,10,0,0,1
2021-01-12,2020/2021,Sheffield Utd,Newcastle Utd,1,1,0,SLAVISA JOKANOVIC,2021-01-07,2100-01-01,1,1,0,0
2021-01-17,2020/2021,Sheffield Utd,Tottenham,1,1,3,SLAVISA JOKANOVIC,2021-01-07,2100-01-01,2,1,0,0
2021-01-27,2020/2021,Sheffield Utd,Manchester Utd,0,2,1,SLAVISA JOKANOVIC,2021-01-07,2100-01-01,3,1,0,0
2021-01-30,2020/2021,Sheffield Utd,Manchester City,0,0,1,SLAVISA JOKANOVIC,2021-01-07,2100-01-01,4,0,1,0
2021-02-02,2020/2021,Sheffield Utd,West Brom,1,2,1,SLAVISA JOKANOVIC,2021-01-07,2100-01-01,5,0,1,0
2021-02-07,2020/2021,Sheffield Utd,Chelsea,1,1,2,SLAVISA JOKANOVIC,2021-01-07,2100-01-01,6,0,1,0
2021-02-15,2020/2021,Sheffield Utd,West Ham,0,0,3,SLAVISA JOKANOVIC,2021-01-07,2100-01-01,7,0,0,1
2021-02-20,2020/2021,Sheffield Utd,Fulham,0,0,1,SLAVISA JOKANOVIC,2021-01-07,2100-01-01,8,0,0,1
2021-02-28,2020/2021,Sheffield Utd,Liverpool,1,0,2,SLAVISA JOKANOVIC,2021-01-07,2100-01-01,9,0,0,1
2021-03-03,2020/2021,Sheffield Utd,Aston Villa,1,1,0,SLAVISA JOKANOVIC,2021-01-07,2100-01-01,10,0,0,1
2021-03-06,2020/2021,Sheffield Utd,Southampton,1,0,2,SLAVISA JOKANOVIC,2021-01-07,2100-01-01,11,0,0,0
2016-01-13,2015/2016,Southampton,Watford,1,2,0,CLAUDE PUEL,2016-01-07,2100-01-01,1,1,0,0
2016-01-16,2015/2016,Southampton,West Brom,1,3,0,CLAUDE PUEL,2016-01-07,2100-01-01,2,1,0,0
2016-01-23,2015/2016,Southampton,Manchester Utd,0,1,0,CLAUDE PUEL,2016-01-07,2100-01-01,3,1,0,0
2016-02-02,2015/2016,Southampton,Arsenal,0,0,0,CLAUDE PUEL,2016-01-07,2100-01-01,4,0,1,0
2016-02-06,2015/2016,Southampton,West Ham,1,1,0,CLAUDE PUEL,2016-01-07,2100-01-01,5,0,1,0
2016-02-13,2015/2016,Southampton,Swansea City,0,1,0,CLAUDE PUEL,2016-01-07,2100-01-01,6,0,1,0
2016-02-27,2015/2016,Southampton,Chelsea,1,1,2,CLAUDE PUEL,2016-01-07,2100-01-01,7,0,0,1
2016-03-01,2015/2016,Southampton,Bournemouth,0,0,2,CLAUDE PUEL,2016-01-07,2100-01-01,8,0,0,1
2016-03-05,2015/2016,Southampton,Sunderland,1,1,1,CLAUDE PUEL,2016-01-07,2100-01-01,9,0,0,1
2016-03-12,2015/2016,Southampton,Stoke City,0,2,1,CLAUDE PUEL,2016-01-07,2100-01-01,10,0,0,1
2016-03-20,2015/2016,Southampton,Liverpool,1,3,2,CLAUDE PUEL,2016-01-07,2100-01-01,11,0,0,0
2016-04-03,2015/2016,Southampton,Leicester City,0,0,1,CLAUDE PUEL,2016-01-07,2100-01-01,12,0,0,0
2016-04-09,2015/2016,Southampton,Newcastle Utd,1,3,1,CLAUDE PUEL,2016-01-07,2100-01-01,13,0,0,0
2016-04-16,2015/2016,Southampton,Everton,0,1,1,CLAUDE PUEL,2016-01-07,2100-01-01,14,0,0,0
2016-04-23,2015/2016,Southampton,Aston Villa,0,4,2,CLAUDE PUEL,2016-01-07,2100-01-01,15,0,0,0
2016-05-01,2015/2016,Southampton,Manchester City,1,4,2,CLAUDE PUEL,2016-01-07,2100-01-01,16,0,0,0
2016-05-08,2015/2016,Southampton,Tottenham,0,2,1,CLAUDE PUEL,2016-01-07,2100-01-01,17,0,0,0
2016-05-15,2015/2016,Southampton,Crystal Palace,1,4,1,CLAUDE PUEL,2016-01-07,2100-01-01,18,0,0,0
2016-08-13,2016/2017,Southampton,Watford,1,1,1,CLAUDE PUEL,2016-01-07,2100-01-01,19,0,0,0
2016-08-19,2016/2017,Southampton,Manchester Utd,0,0,2,CLAUDE PUEL,2016-01-07,2100-01-01,20,0,0,0
2016-08-27,2016/2017,Southampton,Sunderland,1,1,1,CLAUDE PUEL,2016-01-07,2100-01-01,21,0,0,0
2016-09-10,2016/2017,Southampton,Arsenal,0,1,2,CLAUDE PUEL,2016-01-07,2100-01-01,22,0,0,0
2016-09-18,2016/2017,Southampton,Swansea City,1,1,0,CLAUDE PUEL,2016-01-07,2100-01-01,23,0,0,0
2016-09-25,2016/2017,Southampton,West Ham,0,3,0,CLAUDE PUEL,2016-01-07,2100-01-01,24,0,0,0
2016-10-02,2016/2017,Southampton,Leicester City,0,0,0,CLAUDE PUEL,2016-01-07,2100-01-01,25,0,0,0
2016-10-16,2016/2017,Southampton,Burnley,1,3,1,CLAUDE PUEL,2016-01-07,2100-01-01,26,0,0,0
2016-10-23,2016/2017,Southampton,Manchester City,0,1,1,CLAUDE PUEL,2016-01-07,2100-01-01,27,0,0,0
2016-10-30,2016/2017,Southampton,Chelsea,1,0,2,CLAUDE PUEL,2016-01-07,2100-01-01,28,0,0,0
2016-11-06,2016/2017,Southampton,Hull City,0,1,2,CLAUDE PUEL,2016-01-07,2100-01-01,29,0,0,0
2016-11-19,2016/2017,Southampton,Liverpool,1,0,0,CLAUDE PUEL,2016-01-07,2100-01-01,30,0,0,0
2016-11-27,2016/2017,Southampton,Everton,1,1,0,CLAUDE PUEL,2016-01-07,2100-01-01,31,0,0,0
2016-12-03,2016/2017,Southampton,Crystal Palace,0,0,3,CLAUDE PUEL,2016-01-07,2100-01-01,32,0,0,0
2016-12-11,2016/2017,Southampton,Middlesbrough,1,1,0,CLAUDE PUEL,2016-01-07,2100-01-01,33,0,0,0
2016-12-14,2016/2017,Southampton,Stoke City,0,0,0,CLAUDE PUEL,2016-01-07,2100-01-01,34,0,0,0
2016-12-18,2016/2017,Southampton,Bournemouth,0,3,1,CLAUDE PUEL,2016-01-07,2100-01-01,35,0,0,0
2016-12-28,2016/2017,Southampton,Tottenham,1,1,4,CLAUDE PUEL,2016-01-07,2100-01-01,36,0,0,0
2016-12-31,2016/2017,Southampton,West Brom,1,1,2,CLAUDE PUEL,2016-01-07,2100-01-01,37,0,0,0
2017-01-02,2016/2017,Southampton,Everton,0,0,3,CLAUDE PUEL,2016-01-07,2100-01-01,38,0,0,0
2022-08-06,2022/2023,Southampton,Tottenham,0,1,4,CLAUDE PUEL,2016-01-07,2100-01-01,39,0,0,0
2022-08-13,2022/2023,Southampton,Leeds United,1,2,2,CLAUDE PUEL,2016-01-07,2100-01-01,40,0,0,0
2022-08-20,2022/2023,Southampton,Leicester City,0,2,1,CLAUDE PUEL,2016-01-07,2100-01-01,41,0,0,0
2022-08-27,2022/2023,Southampton,Manchester Utd,1,0,1,CLAUDE PUEL,2016-01-07,2100-01-01,42,0,0,0
2022-08-30,2022/2023,Southampton,Chelsea,1,2,1,CLAUDE PUEL,2016-01-07,2100-01-01,43,0,0,0
2022-09-03,2022/2023,Southampton,Wolves,0,0,1,CLAUDE PUEL,2016-01-07,2100-01-01,44,0,0,0
2022-09-16,2022/2023,Southampton,Aston Villa,0,0,1,CLAUDE PUEL,2016-01-07,2100-01-01,45,0,0,0
2022-10-01,2022/2023,Southampton,Everton,1,1,2,CLAUDE PUEL,2016-01-07,2100-01-01,46,0,0,0
2022-10-08,2022/2023,Southampton,Manchester City,0,0,4,CLAUDE PUEL,2016-01-07,2100-01-01,47,0,0,0
2018-03-31,2017/2018,Southampton,West Ham,0,0,3,KELVIN DAVIS,2018-03-12,2018-05-12,1,1,0,0
2018-04-08,2017/2018,Southampton,Arsenal,0,2,3,KELVIN DAVIS,2018-03-12,2018-05-12,2,1,0,0
2018-04-14,2017/2018,Southampton,Chelsea,1,2,3,KELVIN DAVIS,2018-03-12,2018-05-12,3,1,0,0
2018-04-19,2017/2018,Southampton,Leicester City,0,0,0,KELVIN DAVIS,2018-03-12,2018-05-12,4,0,1,0
2018-04-28,2017/2018,Southampton,Bournemouth,1,2,1,KELVIN DAVIS,2018-03-12,2018-05-12,5,0,1,0
2018-05-05,2017/2018,Southampton,Everton,0,1,1,KELVIN DAVIS,2018-03-12,2018-05-12,6,0,1,0
2018-05-08,2017/2018,Southampton,Swansea City,0,1,0,KELVIN DAVIS,2018-03-12,2018-05-12,7,0,0,1
2017-01-14,2016/2017,Southampton,Burnley,0,0,1,MAURICIO PELLEGRINO,2017-01-07,2018-12-03,1,1,0,0
2017-01-22,2016/2017,Southampton,Leicester City,1,3,0,MAURICIO PELLEGRINO,2017-01-07,2018-12-03,2,1,0,0
2017-01-31,2016/2017,Southampton,Swansea City,0,1,2,MAURICIO PELLEGRINO,2017-01-07,2018-12-03,3,1,0,0
2017-02-04,2016/2017,Southampton,West Ham,1,1,3,MAURICIO PELLEGRINO,2017-01-07,2018-12-03,4,0,1,0
2017-02-11,2016/2017,Southampton,Sunderland,0,4,0,MAURICIO PELLEGRINO,2017-01-07,2018-12-03,5,0,1,0
2017-03-04,2016/2017,Southampton,Watford,0,4,3,MAURICIO PELLEGRINO,2017-01-07,2018-12-03,6,0,1,0
2017-03-19,2016/2017,Southampton,Tottenham,0,1,2,MAURICIO PELLEGRINO,2017-01-07,2018-12-03,7,0,0,1
2017-04-01,2016/2017,Southampton,Bournemouth,1,0,0,MAURICIO PELLEGRINO,2017-01-07,2018-12-03,8,0,0,1
2017-04-05,2016/2017,Southampton,Crystal Palace,1,3,1,MAURICIO PELLEGRINO,2017-01-07,2018-12-03,9,0,0,1
2017-04-08,2016/2017,Southampton,West Brom,0,1,0,MAURICIO PELLEGRINO,2017-01-07,2018-12-03,10,0,0,1
2017-04-15,2016/2017,Southampton,Manchester City,1,0,3,MAURICIO PELLEGRINO,2017-01-07,2018-12-03,11,0,0,0
2017-04-25,2016/2017,Southampton,Chelsea,0,2,4,MAURICIO PELLEGRINO,2017-01-07,2018-12-03,12,0,0,0
2017-04-29,2016/2017,Southampton,Hull City,1,0,0,MAURICIO PELLEGRINO,2017-01-07,2018-12-03,13,0,0,0
2017-05-07,2016/2017,Southampton,Liverpool,0,0,0,MAURICIO PELLEGRINO,2017-01-07,2018-12-03,14,0,0,0
2017-05-10,2016/2017,Southampton,Arsenal,1,0,2,MAURICIO PELLEGRINO,2017-01-07,2018-12-03,15,0,0,0
2017-05-13,2016/2017,Southampton,Middlesbrough,0,2,1,MAURICIO PELLEGRINO,2017-01-07,2018-12-03,16,0,0,0
2017-05-17,2016/2017,Southampton,Manchester Utd,1,0,0,MAURICIO PELLEGRINO,2017-01-07,2018-12-03,17,0,0,0
2017-05-21,2016/2017,Southampton,Stoke City,1,0,1,MAURICIO PELLEGRINO,2017-01-07,2018-12-03,18,0,0,0
2017-08-12,2017/2018,Southampton,Swansea City,1,0,0,MAURICIO PELLEGRINO,2017-01-07,2018-12-03,19,0,0,0
2017-08-19,2017/2018,Southampton,West Ham,1,3,2,MAURICIO PELLEGRINO,2017-01-07,2018-12-03,20,0,0,0
2017-08-26,2017/2018,Southampton,Huddersfield,0,0,0,MAURICIO PELLEGRINO,2017-01-07,2018-12-03,21,0,0,0
2017-09-09,2017/2018,Southampton,Watford,1,0,2,MAURICIO PELLEGRINO,2017-01-07,2018-12-03,22,0,0,0
2017-09-16,2017/2018,Southampton,Crystal Palace,0,1,0,MAURICIO PELLEGRINO,2017-01-07,2018-12-03,23,0,0,0
2017-09-23,2017/2018,Southampton,Manchester Utd,1,0,1,MAURICIO PELLEGRINO,2017-01-07,2018-12-03,24,0,0,0
2017-09-30,2017/2018,Southampton,Stoke City,0,1,2,MAURICIO PELLEGRINO,2017-01-07,2018-12-03,25,0,0,0
2017-10-15,2017/2018,Southampton,Newcastle Utd,1,2,2,MAURICIO PELLEGRINO,2017-01-07,2018-12-03,26,0,0,0
2017-10-21,2017/2018,Southampton,West Brom,1,1,0,MAURICIO PELLEGRINO,2017-01-07,2018-12-03,27,0,0,0
2017-10-29,2017/2018,Southampton,Brighton,0,1,1,MAURICIO PELLEGRINO,2017-01-07,2018-12-03,28,0,0,0
2017-11-04,2017/2018,Southampton,Burnley,1,0,1,MAURICIO PELLEGRINO,2017-01-07,2018-12-03,29,0,0,0
2017-11-18,2017/2018,Southampton,Liverpool,0,0,3,MAURICIO PELLEGRINO,2017-01-07,2018-12-03,30,0,0,0
2017-11-26,2017/2018,Southampton,Everton,1,4,1,MAURICIO PELLEGRINO,2017-01-07,2018-12-03,31,0,0,0
2017-11-29,2017/2018,Southampton,Manchester City,0,1,2,MAURICIO PELLEGRINO,2017-01-07,2018-12-03,32,0,0,0
2017-12-03,2017/2018,Southampton,Bournemouth,0,1,1,MAURICIO PELLEGRINO,2017-01-07,2018-12-03,33,0,0,0
2017-12-10,2017/2018,Southampton,Arsenal,1,1,1,MAURICIO PELLEGRINO,2017-01-07,2018-12-03,34,0,0,0
2017-12-13,2017/2018,Southampton,Leicester City,1,1,4,MAURICIO PELLEGRINO,2017-01-07,2018-12-03,35,0,0,0
2017-12-16,2017/2018,Southampton,Chelsea,0,0,1,MAURICIO PELLEGRINO,2017-01-07,2018-12-03,36,0,0,0
2017-12-23,2017/2018,Southampton,Huddersfield,1,1,1,MAURICIO PELLEGRINO,2017-01-07,2018-12-03,37,0,0,0
2017-12-26,2017/2018,Southampton,Tottenham,0,2,5,MAURICIO PELLEGRINO,2017-01-07,2018-12-03,38,0,0,0
2017-12-30,2017/2018,Southampton,Manchester Utd,0,0,0,MAURICIO PELLEGRINO,2017-01-07,2018-12-03,39,0,0,0
2018-01-02,2017/2018,Southampton,Crystal Palace,1,1,2,MAURICIO PELLEGRINO,2017-01-07,2018-12-03,40,0,0,0
2018-01-13,2017/2018,Southampton,Watford,0,2,2,MAURICIO PELLEGRINO,2017-01-07,2018-12-03,41,0,0,0
2018-01-21,2017/2018,Southampton,Tottenham,1,1,1,MAURICIO PELLEGRINO,2017-01-07,2018-12-03,42,0,0,0
2018-01-31,2017/2018,Southampton,Brighton,1,1,1,MAURICIO PELLEGRINO,2017-01-07,2018-12-03,43,0,0,0
2018-02-03,2017/2018,Southampton,West Brom,0,3,2,MAURICIO PELLEGRINO,2017-01-07,2018-12-03,44,0,0,0
2018-02-11,2017/2018,Southampton,Liverpool,1,0,2,MAURICIO PELLEGRINO,2017-01-07,2018-12-03,45,0,0,0
2018-02-24,2017/2018,Southampton,Burnley,0,1,1,MAURICIO PELLEGRINO,2017-01-07,2018-12-03,46,0,0,0
2018-03-03,2017/2018,Southampton,Stoke City,1,0,0,MAURICIO PELLEGRINO,2017-01-07,2018-12-03,47,0,0,0
2018-03-10,2017/2018,Southampton,Newcastle Utd,0,0,3,MAURICIO PELLEGRINO,2017-01-07,2018-12-03,48,0,0,0
2018-05-13,2017/2018,Southampton,Manchester City,1,0,1,MAURICIO PELLEGRINO,2017-01-07,2018-12-03,49,0,0,0
2022-10-16,2022/2023,Southampton,West Ham,1,1,1,NATHAN JONES,2022-10-11,2023-12-02,1,1,0,0
2022-10-19,2022/2023,Southampton,Bournemouth,0,1,0,NATHAN JONES,2022-10-11,2023-12-02,2,1,0,0
2022-10-23,2022/2023,Southampton,Arsenal,1,1,1,NATHAN JONES,2022-10-11,2023-12-02,3,1,0,0
2022-10-29,2022/2023,Southampton,Crystal Palace,0,0,1,NATHAN JONES,2022-10-11,2023-12-02,4,0,1,0
2022-11-06,2022/2023,Southampton,Newcastle Utd,1,1,4,NATHAN JONES,2022-10-11,2023-12-02,5,0,1,0
2022-11-12,2022/2023,Southampton,Liverpool,0,1,3,NATHAN JONES,2022-10-11,2023-12-02,6,0,1,0
2022-12-26,2022/2023,Southampton,Brighton,1,1,3,NATHAN JONES,2022-10-11,2023-12-02,7,0,0,1
2022-12-31,2022/2023,Southampton,Fulham,0,1,2,NATHAN JONES,2022-10-11,2023-12-02,8,0,0,1
2023-01-04,2022/2023,Southampton,Nott'ham Forest,1,0,1,NATHAN JONES,2022-10-11,2023-12-02,9,0,0,1
2023-01-14,2022/2023,Southampton,Everton,0,2,1,NATHAN JONES,2022-10-11,2023-12-02,10,0,0,1
2023-01-21,2022/2023,Southampton,Aston Villa,1,0,1,NATHAN JONES,2022-10-11,2023-12-02,11,0,0,0
2023-02-04,2022/2023,Southampton,Brentford,0,0,3,NATHAN JONES,2022-10-11,2023-12-02,12,0,0,0
2023-02-11,2022/2023,Southampton,Wolves,1,1,2,NATHAN JONES,2022-10-11,2023-12-02,13,0,0,0
2018-08-12,2018/2019,Southampton,Burnley,1,0,0,RALPH HASENHUTTL,2018-06-12,2022-07-11,1,1,0,0
2018-08-18,2018/2019,Southampton,Everton,0,1,2,RALPH HASENHUTTL,2018-06-12,2022-07-11,2,1,0,0
2018-08-25,2018/2019,Southampton,Leicester City,1,1,2,RALPH HASENHUTTL,2018-06-12,2022-07-11,3,1,0,0
2018-09-01,2018/2019,Southampton,Crystal Palace,0,2,0,RALPH HASENHUTTL,2018-06-12,2022-07-11,4,0,1,0
2018-09-17,2018/2019,Southampton,Brighton,1,2,2,RALPH HASENHUTTL,2018-06-12,2022-07-11,5,0,1,0
2018-09-22,2018/2019,Southampton,Liverpool,0,0,3,RALPH HASENHUTTL,2018-06-12,2022-07-11,6,0,1,0
2018-09-29,2018/2019,Southampton,Wolves,0,0,2,RALPH HASENHUTTL,2018-06-12,2022-07-11,7,0,0,1
2018-10-07,2018/2019,Southampton,Chelsea,1,0,3,RALPH HASENHUTTL,2018-06-12,2022-07-11,8,0,0,1
2018-10-20,2018/2019,Southampton,Bournemouth,0,0,0,RALPH HASENHUTTL,2018-06-12,2022-07-11,9,0,0,1
2018-10-27,2018/2019,Southampton,Newcastle Utd,1,0,0,RALPH HASENHUTTL,2018-06-12,2022-07-11,10,0,0,1
2018-11-04,2018/2019,Southampton,Manchester City,0,1,6,RALPH HASENHUTTL,2018-06-12,2022-07-11,11,0,0,0
2018-11-10,2018/2019,Southampton,Watford,1,1,1,RALPH HASENHUTTL,2018-06-12,2022-07-11,12,0,0,0
2018-11-24,2018/2019,Southampton,Fulham,0,2,3,RALPH HASENHUTTL,2018-06-12,2022-07-11,13,0,0,0
2018-12-01,2018/2019,Southampton,Manchester Utd,1,2,2,RALPH HASENHUTTL,2018-06-12,2022-07-11,14,0,0,0
2018-12-05,2018/2019,Southampton,Tottenham,0,1,3,RALPH HASENHUTTL,2018-06-12,2022-07-11,15,0,0,0
2018-12-08,2018/2019,Southampton,Cardiff City,0,0,1,RALPH HASENHUTTL,2018-06-12,2022-07-11,16,0,0,0
2018-12-16,2018/2019,Southampton,Arsenal,1,3,2,RALPH HASENHUTTL,2018-06-12,2022-07-11,17,0,0,0
2018-12-22,2018/2019,Southampton,Huddersfield,0,3,1,RALPH HASENHUTTL,2018-06-12,2022-07-11,18,0,0,0
2018-12-27,2018/2019,Southampton,West Ham,1,1,2,RALPH HASENHUTTL,2018-06-12,2022-07-11,19,0,0,0
2018-12-30,2018/2019,Southampton,Manchester City,1,1,3,RALPH HASENHUTTL,2018-06-12,2022-07-11,20,0,0,0
2019-01-02,2018/2019,Southampton,Chelsea,0,0,0,RALPH HASENHUTTL,2018-06-12,2022-07-11,21,0,0,0
2019-01-12,2018/2019,Southampton,Leicester City,0,2,1,RALPH HASENHUTTL,2018-06-12,2022-07-11,22,0,0,0
2019-01-19,2018/2019,Southampton,Everton,1,2,1,RALPH HASENHUTTL,2018-06-12,2022-07-11,23,0,0,0
2019-01-30,2018/2019,Southampton,Crystal Palace,1,1,1,RALPH HASENHUTTL,2018-06-12,2022-07-11,24,0,0,0
2019-02-02,2018/2019,Southampton,Burnley,0,1,1,RALPH HASENHUTTL,2018-06-12,2022-07-11,25,0,0,0
2019-02-09,2018/2019,Southampton,Cardiff City,1,1,2,RALPH HASENHUTTL,2018-06-12,2022-07-11,26,0,0,0
2019-02-24,2018/2019,Southampton,Arsenal,0,0,2,RALPH HASENHUTTL,2018-06-12,2022-07-11,27,0,0,0
2019-02-27,2018/2019,Southampton,Fulham,1,2,0,RALPH HASENHUTTL,2018-06-12,2022-07-11,28,0,0,0
2019-03-02,2018/2019,Southampton,Manchester Utd,0,2,3,RALPH HASENHUTTL,2018-06-12,2022-07-11,29,0,0,0
2019-03-09,2018/2019,Southampton,Tottenham,1,2,1,RALPH HASENHUTTL,2018-06-12,2022-07-11,30,0,0,0
2019-03-30,2018/2019,Southampton,Brighton,0,1,0,RALPH HASENHUTTL,2018-06-12,2022-07-11,31,0,0,0
2019-04-05,2018/2019,Southampton,Liverpool,1,1,3,RALPH HASENHUTTL,2018-06-12,2022-07-11,32,0,0,0
2019-04-13,2018/2019,Southampton,Wolves,1,3,1,RALPH HASENHUTTL,2018-06-12,2022-07-11,33,0,0,0
2019-04-20,2018/2019,Southampton,Newcastle Utd,0,1,3,RALPH HASENHUTTL,2018-06-12,2022-07-11,34,0,0,0
2019-04-23,2018/2019,Southampton,Watford,0,1,1,RALPH HASENHUTTL,2018-06-12,2022-07-11,35,0,0,0
2019-04-27,2018/2019,Southampton,Bournemouth,1,3,3,RALPH HASENHUTTL,2018-06-12,2022-07-11,36,0,0,0
2019-05-04,2018/2019,Southampton,West Ham,0,0,3,RALPH HASENHUTTL,2018-06-12,2022-07-11,37,0,0,0
2019-05-12,2018/2019,Southampton,Huddersfield,1,1,1,RALPH HASENHUTTL,2018-06-12,2022-07-11,38,0,0,0
2019-08-10,2019/2020,Southampton,Burnley,0,0,3,RALPH HASENHUTTL,2018-06-12,2022-07-11,39,0,0,0
2019-08-17,2019/2020,Southampton,Liverpool,1,1,2,RALPH HASENHUTTL,2018-06-12,2022-07-11,40,0,0,0
2019-08-24,2019/2020,Southampton,Brighton,0,2,0,RALPH HASENHUTTL,2018-06-12,2022-07-11,41,0,0,0
2019-08-31,2019/2020,Southampton,Manchester Utd,1,1,1,RALPH HASENHUTTL,2018-06-12,2022-07-11,42,0,0,0
2019-09-14,2019/2020,Southampton,Sheffield Utd,0,1,0,RALPH HASENHUTTL,2018-06-12,2022-07-11,43,0,0,0
2019-09-20,2019/2020,Southampton,Bournemouth,1,1,3,RALPH HASENHUTTL,2018-06-12,2022-07-11,44,0,0,0
2019-09-28,2019/2020,Southampton,Tottenham,0,1,2,RALPH HASENHUTTL,2018-06-12,2022-07-11,45,0,0,0
2019-10-06,2019/2020,Southampton,Chelsea,1,1,4,RALPH HASENHUTTL,2018-06-12,2022-07-11,46,0,0,0
2019-10-19,2019/2020,Southampton,Wolves,0,1,1,RALPH HASENHUTTL,2018-06-12,2022-07-11,47,0,0,0
2019-10-25,2019/2020,Southampton,Leicester City,1,0,9,RALPH HASENHUTTL,2018-06-12,2022-07-11,48,0,0,0
2019-11-02,2019/2020,Southampton,Manchester City,0,1,2,RALPH HASENHUTTL,2018-06-12,2022-07-11,49,0,0,0
2019-11-09,2019/2020,Southampton,Everton,1,1,2,RALPH HASENHUTTL,2018-06-12,2022-07-11,50,0,0,0
2019-11-23,2019/2020,Southampton,Arsenal,0,2,2,RALPH HASENHUTTL,2018-06-12,2022-07-11,51,0,0,0
2019-11-30,2019/2020,Southampton,Watford,1,2,1,RALPH HASENHUTTL,2018-06-12,2022-07-11,52,0,0,0
2019-12-04,2019/2020,Southampton,Norwich City,1,2,1,RALPH HASENHUTTL,2018-06-12,2022-07-11,53,0,0,0
2019-12-08,2019/2020,Southampton,Newcastle Utd,0,1,2,RALPH HASENHUTTL,2018-06-12,2022-07-11,54,0,0,0
2019-12-14,2019/2020,Southampton,West Ham,1,0,1,RALPH HASENHUTTL,2018-06-12,2022-07-11,55,0,0,0
2019-12-21,2019/2020,Southampton,Aston Villa,0,3,1,RALPH HASENHUTTL,2018-06-12,2022-07-11,56,0,0,0
2019-12-26,2019/2020,Southampton,Chelsea,0,2,0,RALPH HASENHUTTL,2018-06-12,2022-07-11,57,0,0,0
2019-12-28,2019/2020,Southampton,Crystal Palace,1,1,1,RALPH HASENHUTTL,2018-06-12,2022-07-11,58,0,0,0
2020-01-01,2019/2020,Southampton,Tottenham,1,1,0,RALPH HASENHUTTL,2018-06-12,2022-07-11,59,0,0,0
2020-01-11,2019/2020,Southampton,Leicester City,0,2,1,RALPH HASENHUTTL,2018-06-12,2022-07-11,60,0,0,0
2020-01-18,2019/2020,Southampton,Wolves,1,2,3,RALPH HASENHUTTL,2018-06-12,2022-07-11,61,0,0,0
2020-01-21,2019/2020,Southampton,Crystal Palace,0,2,0,RALPH HASENHUTTL,2018-06-12,2022-07-11,62,0,0,0
2020-02-01,2019/2020,Southampton,Liverpool,0,0,4,RALPH HASENHUTTL,2018-06-12,2022-07-11,63,0,0,0
2020-02-15,2019/2020,Southampton,Burnley,1,1,2,RALPH HASENHUTTL,2018-06-12,2022-07-11,64,0,0,0
2020-02-22,2019/2020,Southampton,Aston Villa,1,2,0,RALPH HASENHUTTL,2018-06-12,2022-07-11,65,0,0,0
2020-02-29,2019/2020,Southampton,West Ham,0,1,3,RALPH HASENHUTTL,2018-06-12,2022-07-11,66,0,0,0
2020-03-07,2019/2020,Southampton,Newcastle Utd,1,0,1,RALPH HASENHUTTL,2018-06-12,2022-07-11,67,0,0,0
2020-06-19,2019/2020,Southampton,Norwich City,0,3,0,RALPH HASENHUTTL,2018-06-12,2022-07-11,68,0,0,0
2020-06-25,2019/2020,Southampton,Arsenal,1,0,2,RALPH HASENHUTTL,2018-06-12,2022-07-11,69,0,0,0
2020-06-28,2019/2020,Southampton,Watford,0,3,1,RALPH HASENHUTTL,2018-06-12,2022-07-11,70,0,0,0
2020-07-05,2019/2020,Southampton,Manchester City,1,1,0,RALPH HASENHUTTL,2018-06-12,2022-07-11,71,0,0,0
2020-07-09,2019/2020,Southampton,Everton,0,1,1,RALPH HASENHUTTL,2018-06-12,2022-07-11,72,0,0,0
2020-07-13,2019/2020,Southampton,Manchester Utd,0,2,2,RALPH HASENHUTTL,2018-06-12,2022-07-11,73,0,0,0
2020-07-16,2019/2020,Southampton,Brighton,1,1,1,RALPH HASENHUTTL,2018-06-12,2022-07-11,74,0,0,0
2020-07-19,2019/2020,Southampton,Bournemouth,0,2,0,RALPH HASENHUTTL,2018-06-12,2022-07-11,75,0,0,0
2020-07-26,2019/2020,Southampton,Sheffield Utd,1,3,1,RALPH HASENHUTTL,2018-06-12,2022-07-11,76,0,0,0
2020-09-12,2020/2021,Southampton,Crystal Palace,0,0,1,RALPH HASENHUTTL,2018-06-12,2022-07-11,77,0,0,0
2020-09-20,2020/2021,Southampton,Tottenham,1,2,5,RALPH HASENHUTTL,2018-06-12,2022-07-11,78,0,0,0
2020-09-26,2020/2021,Southampton,Burnley,0,1,0,RALPH HASENHUTTL,2018-06-12,2022-07-11,79,0,0,0
2020-10-04,2020/2021,Southampton,West Brom,1,2,0,RALPH HASENHUTTL,2018-06-12,2022-07-11,80,0,0,0
2020-10-17,2020/2021,Southampton,Chelsea,0,3,3,RALPH HASENHUTTL,2018-06-12,2022-07-11,81,0,0,0
2020-10-25,2020/2021,Southampton,Everton,1,2,0,RALPH HASENHUTTL,2018-06-12,2022-07-11,82,0,0,0
2020-11-01,2020/2021,Southampton,Aston Villa,0,4,3,RALPH HASENHUTTL,2018-06-12,2022-07-11,83,0,0,0
2020-11-06,2020/2021,Southampton,Newcastle Utd,1,2,0,RALPH HASENHUTTL,2018-06-12,2022-07-11,84,0,0,0
2020-11-23,2020/2021,Southampton,Wolves,0,1,1,RALPH HASENHUTTL,2018-06-12,2022-07-11,85,0,0,0
2020-11-29,2020/2021,Southampton,Manchester Utd,1,2,3,RALPH HASENHUTTL,2018-06-12,2022-07-11,86,0,0,0
2020-12-07,2020/2021,Southampton,Brighton,0,2,1,RALPH HASENHUTTL,2018-06-12,2022-07-11,87,0,0,0
2020-12-13,2020/2021,Southampton,Sheffield Utd,1,3,0,RALPH HASENHUTTL,2018-06-12,2022-07-11,88,0,0,0
2020-12-16,2020/2021,Southampton,Arsenal,0,1,1,RALPH HASENHUTTL,2018-06-12,2022-07-11,89,0,0,0
2020-12-19,2020/2021,Southampton,Manchester City,1,0,1,RALPH HASENHUTTL,2018-06-12,2022-07-11,90,0,0,0
2020-12-26,2020/2021,Southampton,Fulham,0,0,0,RALPH HASENHUTTL,2018-06-12,2022-07-11,91,0,0,0
2020-12-29,2020/2021,Southampton,West Ham,1,0,0,RALPH HASENHUTTL,2018-06-12,2022-07-11,92,0,0,0
2021-01-04,2020/2021,Southampton,Liverpool,1,1,0,RALPH HASENHUTTL,2018-06-12,2022-07-11,93,0,0,0
2021-01-16,2020/2021,Southampton,Leicester City,0,0,2,RALPH HASENHUTTL,2018-06-12,2022-07-11,94,0,0,0
2021-01-26,2020/2021,Southampton,Arsenal,1,1,3,RALPH HASENHUTTL,2018-06-12,2022-07-11,95,0,0,0
2021-01-30,2020/2021,Southampton,Aston Villa,1,0,1,RALPH HASENHUTTL,2018-06-12,2022-07-11,96,0,0,0
2021-02-02,2020/2021,Southampton,Manchester Utd,0,0,9,RALPH HASENHUTTL,2018-06-12,2022-07-11,97,0,0,0
2021-02-06,2020/2021,Southampton,Newcastle Utd,0,2,3,RALPH HASENHUTTL,2018-06-12,2022-07-11,98,0,0,0
2021-02-14,2020/2021,Southampton,Wolves,1,1,2,RALPH HASENHUTTL,2018-06-12,2022-07-11,99,0,0,0
2021-02-20,2020/2021,Southampton,Chelsea,1,1,1,RALPH HASENHUTTL,2018-06-12,2022-07-11,100,0,0,0
2021-02-23,2020/2021,Southampton,Leeds United,0,0,3,RALPH HASENHUTTL,2018-06-12,2022-07-11,101,0,0,0
2021-03-01,2020/2021,Southampton,Everton,0,0,1,RALPH HASENHUTTL,2018-06-12,2022-07-11,102,0,0,0
2021-03-06,2020/2021,Southampton,Sheffield Utd,0,2,0,RALPH HASENHUTTL,2018-06-12,2022-07-11,103,0,0,0
2021-03-10,2020/2021,Southampton,Manchester City,0,2,5,RALPH HASENHUTTL,2018-06-12,2022-07-11,104,0,0,0
2021-03-14,2020/2021,Southampton,Brighton,1,1,2,RALPH HASENHUTTL,2018-06-12,2022-07-11,105,0,0,0
2021-04-04,2020/2021,Southampton,Burnley,1,3,2,RALPH HASENHUTTL,2018-06-12,2022-07-11,106,0,0,0
2021-04-12,2020/2021,Southampton,West Brom,0,0,3,RALPH HASENHUTTL,2018-06-12,2022-07-11,107,0,0,0
2021-04-21,2020/2021,Southampton,Tottenham,0,1,2,RALPH HASENHUTTL,2018-06-12,2022-07-11,108,0,0,0
2021-04-30,2020/2021,Southampton,Leicester City,1,1,1,RALPH HASENHUTTL,2018-06-12,2022-07-11,109,0,0,0
2021-05-08,2020/2021,Southampton,Liverpool,0,0,2,RALPH HASENHUTTL,2018-06-12,2022-07-11,110,0,0,0
2021-05-11,2020/2021,Southampton,Crystal Palace,1,3,1,RALPH HASENHUTTL,2018-06-12,2022-07-11,111,0,0,0
2021-05-15,2020/2021,Southampton,Fulham,1,3,1,RALPH HASENHUTTL,2018-06-12,2022-07-11,112,0,0,0
2021-05-18,2020/2021,Southampton,Leeds United,1,0,2,RALPH HASENHUTTL,2018-06-12,2022-07-11,113,0,0,0
2021-05-23,2020/2021,Southampton,West Ham,0,0,3,RALPH HASENHUTTL,2018-06-12,2022-07-11,114,0,0,0
2021-08-14,2021/2022,Southampton,Everton,0,1,3,RALPH HASENHUTTL,2018-06-12,2022-07-11,115,0,0,0
2021-08-22,2021/2022,Southampton,Manchester Utd,1,1,1,RALPH HASENHUTTL,2018-06-12,2022-07-11,116,0,0,0
2021-08-28,2021/2022,Southampton,Newcastle Utd,0,2,2,RALPH HASENHUTTL,2018-06-12,2022-07-11,117,0,0,0
2021-09-11,2021/2022,Southampton,West Ham,1,0,0,RALPH HASENHUTTL,2018-06-12,2022-07-11,118,0,0,0
2021-09-18,2021/2022,Southampton,Manchester City,0,0,0,RALPH HASENHUTTL,2018-06-12,2022-07-11,119,0,0,0
2021-09-26,2021/2022,Southampton,Wolves,1,0,1,RALPH HASENHUTTL,2018-06-12,2022-07-11,120,0,0,0
2021-10-02,2021/2022,Southampton,Chelsea,0,1,3,RALPH HASENHUTTL,2018-06-12,2022-07-11,121,0,0,0
2021-10-16,2021/2022,Southampton,Leeds United,1,1,0,RALPH HASENHUTTL,2018-06-12,2022-07-11,122,0,0,0
2021-10-23,2021/2022,Southampton,Burnley,1,2,2,RALPH HASENHUTTL,2018-06-12,2022-07-11,123,0,0,0
2021-10-30,2021/2022,Southampton,Watford,0,1,0,RALPH HASENHUTTL,2018-06-12,2022-07-11,124,0,0,0
2021-11-05,2021/2022,Southampton,Aston Villa,1,1,0,RALPH HASENHUTTL,2018-06-12,2022-07-11,125,0,0,0
2021-11-20,2021/2022,Southampton,Norwich City,0,1,2,RALPH HASENHUTTL,2018-06-12,2022-07-11,126,0,0,0
2021-11-27,2021/2022,Southampton,Liverpool,0,0,4,RALPH HASENHUTTL,2018-06-12,2022-07-11,127,0,0,0
2021-12-01,2021/2022,Southampton,Leicester City,1,2,2,RALPH HASENHUTTL,2018-06-12,2022-07-11,128,0,0,0
2021-12-04,2021/2022,Southampton,Brighton,1,1,1,RALPH HASENHUTTL,2018-06-12,2022-07-11,129,0,0,0
2021-12-11,2021/2022,Southampton,Arsenal,0,0,3,RALPH HASENHUTTL,2018-06-12,2022-07-11,130,0,0,0
2021-12-15,2021/2022,Southampton,Crystal Palace,0,2,2,RALPH HASENHUTTL,2018-06-12,2022-07-11,131,0,0,0
2021-12-26,2021/2022,Southampton,West Ham,0,3,2,RALPH HASENHUTTL,2018-06-12,2022-07-11,132,0,0,0
2021-12-28,2021/2022,Southampton,Tottenham,1,1,1,RALPH HASENHUTTL,2018-06-12,2022-07-11,133,0,0,0
2022-01-11,2021/2022,Southampton,Brentford,1,4,1,RALPH HASENHUTTL,2018-06-12,2022-07-11,134,0,0,0
2022-01-15,2021/2022,Southampton,Wolves,0,1,3,RALPH HASENHUTTL,2018-06-12,2022-07-11,135,0,0,0
2022-01-22,2021/2022,Southampton,Manchester City,1,1,1,RALPH HASENHUTTL,2018-06-12,2022-07-11,136,0,0,0
2022-02-09,2021/2022,Southampton,Tottenham,0,3,2,RALPH HASENHUTTL,2018-06-12,2022-07-11,137,0,0,0
2022-02-12,2021/2022,Southampton,Manchester Utd,0,1,1,RALPH HASENHUTTL,2018-06-12,2022-07-11,138,0,0,0
2022-02-19,2021/2022,Southampton,Everton,1,2,0,RALPH HASENHUTTL,2018-06-12,2022-07-11,139,0,0,0
2022-02-25,2021/2022,Southampton,Norwich City,1,2,0,RALPH HASENHUTTL,2018-06-12,2022-07-11,140,0,0,0
2022-03-05,2021/2022,Southampton,Aston Villa,0,0,4,RALPH HASENHUTTL,2018-06-12,2022-07-11,141,0,0,0
2022-03-10,2021/2022,Southampton,Newcastle Utd,1,1,2,RALPH HASENHUTTL,2018-06-12,2022-07-11,142,0,0,0
2022-03-13,2021/2022,Southampton,Watford,1,1,2,RALPH HASENHUTTL,2018-06-12,2022-07-11,143,0,0,0
2022-04-02,2021/2022,Southampton,Leeds United,0,1,1,RALPH HASENHUTTL,2018-06-12,2022-07-11,144,0,0,0
2022-04-09,2021/2022,Southampton,Chelsea,1,0,6,RALPH HASENHUTTL,2018-06-12,2022-07-11,145,0,0,0
2022-04-16,2021/2022,Southampton,Arsenal,1,1,0,RALPH HASENHUTTL,2018-06-12,2022-07-11,146,0,0,0
2022-04-21,2021/2022,Southampton,Burnley,0,0,2,RALPH HASENHUTTL,2018-06-12,2022-07-11,147,0,0,0
2022-04-24,2021/2022,Southampton,Brighton,0,2,2,RALPH HASENHUTTL,2018-06-12,2022-07-11,148,0,0,0
2022-04-30,2021/2022,Southampton,Crystal Palace,1,1,2,RALPH HASENHUTTL,2018-06-12,2022-07-11,149,0,0,0
2022-05-07,2021/2022,Southampton,Brentford,0,0,3,RALPH HASENHUTTL,2018-06-12,2022-07-11,150,0,0,0
2022-05-17,2021/2022,Southampton,Liverpool,1,1,2,RALPH HASENHUTTL,2018-06-12,2022-07-11,151,0,0,0
2022-05-22,2021/2022,Southampton,Leicester City,0,1,4,RALPH HASENHUTTL,2018-06-12,2022-07-11,152,0,0,0
2014-08-17,2014/2015,Southampton,Liverpool,0,1,2,RONALD KOEMAN,2014-01-07,2100-01-01,101,0,0,0
2014-08-23,2014/2015,Southampton,West Brom,1,0,0,RONALD KOEMAN,2014-01-07,2100-01-01,102,0,0,0
2014-08-30,2014/2015,Southampton,West Ham,0,3,1,RONALD KOEMAN,2014-01-07,2100-01-01,103,0,0,0
2014-09-13,2014/2015,Southampton,Newcastle Utd,1,4,0,RONALD KOEMAN,2014-01-07,2100-01-01,104,0,0,0
2014-09-20,2014/2015,Southampton,Swansea City,0,1,0,RONALD KOEMAN,2014-01-07,2100-01-01,105,0,0,0
2014-09-27,2014/2015,Southampton,QPR,1,2,1,RONALD KOEMAN,2014-01-07,2100-01-01,106,0,0,0
2014-10-05,2014/2015,Southampton,Tottenham,0,0,1,RONALD KOEMAN,2014-01-07,2100-01-01,107,0,0,0
2014-10-18,2014/2015,Southampton,Sunderland,1,8,0,RONALD KOEMAN,2014-01-07,2100-01-01,108,0,0,0
2014-10-25,2014/2015,Southampton,Stoke City,1,1,0,RONALD KOEMAN,2014-01-07,2100-01-01,109,0,0,0
2014-11-01,2014/2015,Southampton,Hull City,0,1,0,RONALD KOEMAN,2014-01-07,2100-01-01,110,0,0,0
2014-11-08,2014/2015,Southampton,Leicester City,1,2,0,RONALD KOEMAN,2014-01-07,2100-01-01,111,0,0,0
2014-11-24,2014/2015,Southampton,Aston Villa,0,1,1,RONALD KOEMAN,2014-01-07,2100-01-01,112,0,0,0
2014-11-30,2014/2015,Southampton,Manchester City,1,0,3,RONALD KOEMAN,2014-01-07,2100-01-01,113,0,0,0
2014-12-03,2014/2015,Southampton,Arsenal,0,0,1,RONALD KOEMAN,2014-01-07,2100-01-01,114,0,0,0
2014-12-08,2014/2015,Southampton,Manchester Utd,1,1,2,RONALD KOEMAN,2014-01-07,2100-01-01,115,0,0,0
2014-12-13,2014/2015,Southampton,Burnley,0,0,1,RONALD KOEMAN,2014-01-07,2100-01-01,116,0,0,0
2014-12-20,2014/2015,Southampton,Everton,1,3,0,RONALD KOEMAN,2014-01-07,2100-01-01,117,0,0,0
2014-12-26,2014/2015,Southampton,Crystal Palace,0,3,1,RONALD KOEMAN,2014-01-07,2100-01-01,118,0,0,0
2014-12-28,2014/2015,Southampton,Chelsea,1,1,1,RONALD KOEMAN,2014-01-07,2100-01-01,119,0,0,0
2015-01-01,2014/2015,Southampton,Arsenal,1,2,0,RONALD KOEMAN,2014-01-07,2100-01-01,120,0,0,0
2015-01-11,2014/2015,Southampton,Manchester Utd,0,1,0,RONALD KOEMAN,2014-01-07,2100-01-01,121,0,0,0
2015-01-17,2014/2015,Southampton,Newcastle Utd,0,2,1,RONALD KOEMAN,2014-01-07,2100-01-01,122,0,0,0
2015-02-01,2014/2015,Southampton,Swansea City,1,0,1,RONALD KOEMAN,2014-01-07,2100-01-01,123,0,0,0
2015-02-07,2014/2015,Southampton,QPR,0,1,0,RONALD KOEMAN,2014-01-07,2100-01-01,124,0,0,0
2015-02-11,2014/2015,Southampton,West Ham,1,0,0,RONALD KOEMAN,2014-01-07,2100-01-01,125,0,0,0
2015-02-22,2014/2015,Southampton,Liverpool,1,0,2,RONALD KOEMAN,2014-01-07,2100-01-01,126,0,0,0
2015-02-28,2014/2015,Southampton,West Brom,0,0,1,RONALD KOEMAN,2014-01-07,2100-01-01,127,0,0,0
2015-03-03,2014/2015,Southampton,Crystal Palace,1,1,0,RONALD KOEMAN,2014-01-07,2100-01-01,128,0,0,0
2015-03-15,2014/2015,Southampton,Chelsea,0,1,1,RONALD KOEMAN,2014-01-07,2100-01-01,129,0,0,0
2015-03-21,2014/2015,Southampton,Burnley,1,2,0,RONALD KOEMAN,2014-01-07,2100-01-01,130,0,0,0
2015-04-04,2014/2015,Southampton,Everton,0,0,1,RONALD KOEMAN,2014-01-07,2100-01-01,131,0,0,0
2015-04-11,2014/2015,Southampton,Hull City,1,2,0,RONALD KOEMAN,2014-01-07,2100-01-01,132,0,0,0
2015-04-18,2014/2015,Southampton,Stoke City,0,1,2,RONALD KOEMAN,2014-01-07,2100-01-01,133,0,0,0
2015-04-25,2014/2015,Southampton,Tottenham,1,2,2,RONALD KOEMAN,2014-01-07,2100-01-01,134,0,0,0
2015-05-02,2014/2015,Southampton,Sunderland,0,1,2,RONALD KOEMAN,2014-01-07,2100-01-01,135,0,0,0
2015-05-09,2014/2015,Southampton,Leicester City,0,0,2,RONALD KOEMAN,2014-01-07,2100-01-01,136,0,0,0
2015-05-16,2014/2015,Southampton,Aston Villa,1,6,1,RONALD KOEMAN,2014-01-07,2100-01-01,137,0,0,0
2015-05-24,2014/2015,Southampton,Manchester City,0,0,2,RONALD KOEMAN,2014-01-07,2100-01-01,138,0,0,0
2015-08-09,2015/2016,Southampton,Newcastle Utd,0,2,2,RONALD KOEMAN,2014-01-07,2100-01-01,139,0,0,0
2015-08-15,2015/2016,Southampton,Everton,1,0,3,RONALD KOEMAN,2014-01-07,2100-01-01,140,0,0,0
2015-08-23,2015/2016,Southampton,Watford,0,0,0,RONALD KOEMAN,2014-01-07,2100-01-01,141,0,0,0
2015-08-30,2015/2016,Southampton,Norwich City,1,3,0,RONALD KOEMAN,2014-01-07,2100-01-01,142,0,0,0
2015-09-12,2015/2016,Southampton,West Brom,0,0,0,RONALD KOEMAN,2014-01-07,2100-01-01,143,0,0,0
2015-09-20,2015/2016,Southampton,Manchester Utd,1,2,3,RONALD KOEMAN,2014-01-07,2100-01-01,144,0,0,0
2015-09-26,2015/2016,Southampton,Swansea City,1,3,1,RONALD KOEMAN,2014-01-07,2100-01-01,145,0,0,0
2015-10-03,2015/2016,Southampton,Chelsea,0,3,1,RONALD KOEMAN,2014-01-07,2100-01-01,146,0,0,0
2015-10-17,2015/2016,Southampton,Leicester City,1,2,2,RONALD KOEMAN,2014-01-07,2100-01-01,147,0,0,0
2015-10-25,2015/2016,Southampton,Liverpool,0,1,1,RONALD KOEMAN,2014-01-07,2100-01-01,148,0,0,0
2015-11-01,2015/2016,Southampton,Bournemouth,1,2,0,RONALD KOEMAN,2014-01-07,2100-01-01,149,0,0,0
2015-11-07,2015/2016,Southampton,Sunderland,0,1,0,RONALD KOEMAN,2014-01-07,2100-01-01,150,0,0,0
2015-11-21,2015/2016,Southampton,Stoke City,1,0,1,RONALD KOEMAN,2014-01-07,2100-01-01,151,0,0,0
2015-11-28,2015/2016,Southampton,Manchester City,0,1,3,RONALD KOEMAN,2014-01-07,2100-01-01,152,0,0,0
2015-12-05,2015/2016,Southampton,Aston Villa,1,1,1,RONALD KOEMAN,2014-01-07,2100-01-01,153,0,0,0
2015-12-12,2015/2016,Southampton,Crystal Palace,0,0,1,RONALD KOEMAN,2014-01-07,2100-01-01,154,0,0,0
2015-12-19,2015/2016,Southampton,Tottenham,1,0,2,RONALD KOEMAN,2014-01-07,2100-01-01,155,0,0,0
2015-12-26,2015/2016,Southampton,Arsenal,1,4,0,RONALD KOEMAN,2014-01-07,2100-01-01,156,0,0,0
2015-12-28,2015/2016,Southampton,West Ham,0,1,2,RONALD KOEMAN,2014-01-07,2100-01-01,157,0,0,0
2016-01-02,2015/2016,Southampton,Norwich City,0,0,1,RONALD KOEMAN,2014-01-07,2100-01-01,158,0,0,0
2023-02-18,2022/2023,Southampton,Chelsea,0,1,0,RUBEN SELLES,2023-02-13,2100-01-01,1,1,0,0
2023-02-25,2022/2023,Southampton,Leeds United,0,0,1,RUBEN SELLES,2023-02-13,2100-01-01,2,1,0,0
2023-03-04,2022/2023,Southampton,Leicester City,1,1,0,RUBEN SELLES,2023-02-13,2100-01-01,3,1,0,0
2023-03-12,2022/2023,Southampton,Manchester Utd,0,0,0,RUBEN SELLES,2023-02-13,2100-01-01,4,0,1,0
2023-03-15,2022/2023,Southampton,Brentford,1,0,2,RUBEN SELLES,2023-02-13,2100-01-01,5,0,1,0
2023-03-18,2022/2023,Southampton,Tottenham,1,3,3,RUBEN SELLES,2023-02-13,2100-01-01,6,0,1,0
2023-04-02,2022/2023,Southampton,West Ham,0,0,1,RUBEN SELLES,2023-02-13,2100-01-01,7,0,0,1
2023-04-08,2022/2023,Southampton,Manchester City,1,1,4,RUBEN SELLES,2023-02-13,2100-01-01,8,0,0,1
2023-04-15,2022/2023,Southampton,Crystal Palace,1,0,2,RUBEN SELLES,2023-02-13,2100-01-01,9,0,0,1
2023-04-21,2022/2023,Southampton,Arsenal,0,3,3,RUBEN SELLES,2023-02-13,2100-01-01,10,0,0,1
2023-04-27,2022/2023,Southampton,Bournemouth,1,0,1,RUBEN SELLES,2023-02-13,2100-01-01,11,0,0,0
2023-04-30,2022/2023,Southampton,Newcastle Utd,0,1,3,RUBEN SELLES,2023-02-13,2100-01-01,12,0,0,0
2023-05-08,2022/2023,Southampton,Nott'ham Forest,0,3,4,RUBEN SELLES,2023-02-13,2100-01-01,13,0,0,0
2023-05-13,2022/2023,Southampton,Fulham,1,0,2,RUBEN SELLES,2023-02-13,2100-01-01,14,0,0,0
2023-05-21,2022/2023,Southampton,Brighton,0,1,3,RUBEN SELLES,2023-02-13,2100-01-01,15,0,0,0
2023-05-28,2022/2023,Southampton,Liverpool,1,4,4,RUBEN SELLES,2023-02-13,2100-01-01,16,0,0,0
2014-08-16,2014/2015,Stoke City,Aston Villa,1,0,1,MARK HUGHES,2013-05-30,2018-06-01,101,0,0,0
2014-08-24,2014/2015,Stoke City,Hull City,0,1,1,MARK HUGHES,2013-05-30,2018-06-01,102,0,0,0
2014-08-30,2014/2015,Stoke City,Manchester City,0,1,0,MARK HUGHES,2013-05-30,2018-06-01,103,0,0,0
2014-09-13,2014/2015,Stoke City,Leicester City,1,0,1,MARK HUGHES,2013-05-30,2018-06-01,104,0,0,0
2014-09-20,2014/2015,Stoke City,QPR,0,2,2,MARK HUGHES,2013-05-30,2018-06-01,105,0,0,0
2014-09-29,2014/2015,Stoke City,Newcastle Utd,1,1,0,MARK HUGHES,2013-05-30,2018-06-01,106,0,0,0
2014-10-04,2014/2015,Stoke City,Sunderland,0,1,3,MARK HUGHES,2013-05-30,2018-06-01,107,0,0,0
2014-10-19,2014/2015,Stoke City,Swansea City,1,2,1,MARK HUGHES,2013-05-30,2018-06-01,108,0,0,0
2014-10-25,2014/2015,Stoke City,Southampton,0,0,1,MARK HUGHES,2013-05-30,2018-06-01,109,0,0,0
2014-11-01,2014/2015,Stoke City,West Ham,1,2,2,MARK HUGHES,2013-05-30,2018-06-01,110,0,0,0
2014-11-09,2014/2015,Stoke City,Tottenham,0,2,1,MARK HUGHES,2013-05-30,2018-06-01,111,0,0,0
2014-11-22,2014/2015,Stoke City,Burnley,1,1,2,MARK HUGHES,2013-05-30,2018-06-01,112,0,0,0
2014-11-29,2014/2015,Stoke City,Liverpool,0,0,1,MARK HUGHES,2013-05-30,2018-06-01,113,0,0,0
2014-12-02,2014/2015,Stoke City,Manchester Utd,0,1,2,MARK HUGHES,2013-05-30,2018-06-01,114,0,0,0
2014-12-06,2014/2015,Stoke City,Arsenal,1,3,2,MARK HUGHES,2013-05-30,2018-06-01,115,0,0,0
2014-12-13,2014/2015,Stoke City,Crystal Palace,0,1,1,MARK HUGHES,2013-05-30,2018-06-01,116,0,0,0
2014-12-22,2014/2015,Stoke City,Chelsea,1,0,2,MARK HUGHES,2013-05-30,2018-06-01,117,0,0,0
2014-12-26,2014/2015,Stoke City,Everton,0,1,0,MARK HUGHES,2013-05-30,2018-06-01,118,0,0,0
2014-12-28,2014/2015,Stoke City,West Brom,1,2,0,MARK HUGHES,2013-05-30,2018-06-01,119,0,0,0
2015-01-01,2014/2015,Stoke City,Manchester Utd,1,1,1,MARK HUGHES,2013-05-30,2018-06-01,120,0,0,0
2015-01-11,2014/2015,Stoke City,Arsenal,0,0,3,MARK HUGHES,2013-05-30,2018-06-01,121,0,0,0
2015-01-17,2014/2015,Stoke City,Leicester City,0,1,0,MARK HUGHES,2013-05-30,2018-06-01,122,0,0,0
2015-01-31,2014/2015,Stoke City,QPR,1,3,1,MARK HUGHES,2013-05-30,2018-06-01,123,0,0,0
2015-02-08,2014/2015,Stoke City,Newcastle Utd,0,1,1,MARK HUGHES,2013-05-30,2018-06-01,124,0,0,0
2015-02-11,2014/2015,Stoke City,Manchester City,1,1,4,MARK HUGHES,2013-05-30,2018-06-01,125,0,0,0
2015-02-21,2014/2015,Stoke City,Aston Villa,0,2,1,MARK HUGHES,2013-05-30,2018-06-01,126,0,0,0
2015-02-28,2014/2015,Stoke City,Hull City,1,1,0,MARK HUGHES,2013-05-30,2018-06-01,127,0,0,0
2015-03-04,2014/2015,Stoke City,Everton,1,2,0,MARK HUGHES,2013-05-30,2018-06-01,128,0,0,0
2015-03-14,2014/2015,Stoke City,West Brom,0,0,1,MARK HUGHES,2013-05-30,2018-06-01,129,0,0,0
2015-03-21,2014/2015,Stoke City,Crystal Palace,1,1,2,MARK HUGHES,2013-05-30,2018-06-01,130,0,0,0
2015-04-04,2014/2015,Stoke City,Chelsea,0,1,2,MARK HUGHES,2013-05-30,2018-06-01,131,0,0,0
2015-04-11,2014/2015,Stoke City,West Ham,0,1,1,MARK HUGHES,2013-05-30,2018-06-01,132,0,0,0
2015-04-18,2014/2015,Stoke City,Southampton,1,2,1,MARK HUGHES,2013-05-30,2018-06-01,133,0,0,0
2015-04-25,2014/2015,Stoke City,Sunderland,1,1,1,MARK HUGHES,2013-05-30,2018-06-01,134,0,0,0
2015-05-02,2014/2015,Stoke City,Swansea City,0,0,2,MARK HUGHES,2013-05-30,2018-06-01,135,0,0,0
2015-05-09,2014/2015,Stoke City,Tottenham,1,3,0,MARK HUGHES,2013-05-30,2018-06-01,136,0,0,0
2015-05-16,2014/2015,Stoke City,Burnley,0,0,0,MARK HUGHES,2013-05-30,2018-06-01,137,0,0,0
2015-05-24,2014/2015,Stoke City,Liverpool,1,6,1,MARK HUGHES,2013-05-30,2018-06-01,138,0,0,0
2015-08-09,2015/2016,Stoke City,Liverpool,1,0,1,MARK HUGHES,2013-05-30,2018-06-01,139,0,0,0
2015-08-15,2015/2016,Stoke City,Tottenham,0,2,2,MARK HUGHES,2013-05-30,2018-06-01,140,0,0,0
2015-08-22,2015/2016,Stoke City,Norwich City,0,1,1,MARK HUGHES,2013-05-30,2018-06-01,141,0,0,0
2015-08-29,2015/2016,Stoke City,West Brom,1,0,1,MARK HUGHES,2013-05-30,2018-06-01,142,0,0,0
2015-09-12,2015/2016,Stoke City,Arsenal,0,0,2,MARK HUGHES,2013-05-30,2018-06-01,143,0,0,0
2015-09-19,2015/2016,Stoke City,Leicester City,1,2,2,MARK HUGHES,2013-05-30,2018-06-01,144,0,0,0
2015-09-26,2015/2016,Stoke City,Bournemouth,1,2,1,MARK HUGHES,2013-05-30,2018-06-01,145,0,0,0
2015-10-03,2015/2016,Stoke City,Aston Villa,0,1,0,MARK HUGHES,2013-05-30,2018-06-01,146,0,0,0
2015-10-19,2015/2016,Stoke City,Swansea City,0,1,0,MARK HUGHES,2013-05-30,2018-06-01,147,0,0,0
2015-10-24,2015/2016,Stoke City,Watford,1,0,2,MARK HUGHES,2013-05-30,2018-06-01,148,0,0,0
2015-10-31,2015/2016,Stoke City,Newcastle Utd,0,0,0,MARK HUGHES,2013-05-30,2018-06-01,149,0,0,0
2015-11-07,2015/2016,Stoke City,Chelsea,1,1,0,MARK HUGHES,2013-05-30,2018-06-01,150,0,0,0
2015-11-21,2015/2016,Stoke City,Southampton,0,1,0,MARK HUGHES,2013-05-30,2018-06-01,151,0,0,0
2015-11-28,2015/2016,Stoke City,Sunderland,0,0,2,MARK HUGHES,2013-05-30,2018-06-01,152,0,0,0
2015-12-05,2015/2016,Stoke City,Manchester City,1,2,0,MARK HUGHES,2013-05-30,2018-06-01,153,0,0,0
2015-12-12,2015/2016,Stoke City,West Ham,0,0,0,MARK HUGHES,2013-05-30,2018-06-01,154,0,0,0
2015-12-19,2015/2016,Stoke City,Crystal Palace,1,1,2,MARK HUGHES,2013-05-30,2018-06-01,155,0,0,0
2015-12-26,2015/2016,Stoke City,Manchester Utd,1,2,0,MARK HUGHES,2013-05-30,2018-06-01,156,0,0,0
2015-12-28,2015/2016,Stoke City,Everton,0,4,3,MARK HUGHES,2013-05-30,2018-06-01,157,0,0,0
2016-01-02,2015/2016,Stoke City,West Brom,0,1,2,MARK HUGHES,2013-05-30,2018-06-01,158,0,0,0
2016-01-13,2015/2016,Stoke City,Norwich City,1,3,1,MARK HUGHES,2013-05-30,2018-06-01,159,0,0,0
2016-01-17,2015/2016,Stoke City,Arsenal,1,0,0,MARK HUGHES,2013-05-30,2018-06-01,160,0,0,0
2016-01-23,2015/2016,Stoke City,Leicester City,0,0,3,MARK HUGHES,2013-05-30,2018-06-01,161,0,0,0
2016-02-02,2015/2016,Stoke City,Manchester Utd,0,0,3,MARK HUGHES,2013-05-30,2018-06-01,162,0,0,0
2016-02-06,2015/2016,Stoke City,Everton,1,0,3,MARK HUGHES,2013-05-30,2018-06-01,163,0,0,0
2016-02-13,2015/2016,Stoke City,Bournemouth,0,3,1,MARK HUGHES,2013-05-30,2018-06-01,164,0,0,0
2016-02-27,2015/2016,Stoke City,Aston Villa,1,2,1,MARK HUGHES,2013-05-30,2018-06-01,165,0,0,0
2016-03-02,2015/2016,Stoke City,Newcastle Utd,1,1,0,MARK HUGHES,2013-05-30,2018-06-01,166,0,0,0
2016-03-05,2015/2016,Stoke City,Chelsea,0,1,1,MARK HUGHES,2013-05-30,2018-06-01,167,0,0,0
2016-03-12,2015/2016,Stoke City,Southampton,1,1,2,MARK HUGHES,2013-05-30,2018-06-01,168,0,0,0
2016-03-19,2015/2016,Stoke City,Watford,0,2,1,MARK HUGHES,2013-05-30,2018-06-01,169,0,0,0
2016-04-02,2015/2016,Stoke City,Swansea City,1,2,2,MARK HUGHES,2013-05-30,2018-06-01,170,0,0,0
2016-04-10,2015/2016,Stoke City,Liverpool,0,1,4,MARK HUGHES,2013-05-30,2018-06-01,171,0,0,0
2016-04-18,2015/2016,Stoke City,Tottenham,1,0,4,MARK HUGHES,2013-05-30,2018-06-01,172,0,0,0
2016-04-23,2015/2016,Stoke City,Manchester City,0,0,4,MARK HUGHES,2013-05-30,2018-06-01,173,0,0,0
2016-04-30,2015/2016,Stoke City,Sunderland,1,1,1,MARK HUGHES,2013-05-30,2018-06-01,174,0,0,0
2016-05-07,2015/2016,Stoke City,Crystal Palace,0,1,2,MARK HUGHES,2013-05-30,2018-06-01,175,0,0,0
2016-05-15,2015/2016,Stoke City,West Ham,1,2,1,MARK HUGHES,2013-05-30,2018-06-01,176,0,0,0
2016-08-13,2016/2017,Stoke City,Middlesbrough,0,1,1,MARK HUGHES,2013-05-30,2018-06-01,177,0,0,0
2016-08-20,2016/2017,Stoke City,Manchester City,1,1,4,MARK HUGHES,2013-05-30,2018-06-01,178,0,0,0
2016-08-27,2016/2017,Stoke City,Everton,0,0,1,MARK HUGHES,2013-05-30,2018-06-01,179,0,0,0
2016-09-10,2016/2017,Stoke City,Tottenham,1,0,4,MARK HUGHES,2013-05-30,2018-06-01,180,0,0,0
2016-09-18,2016/2017,Stoke City,Crystal Palace,0,1,4,MARK HUGHES,2013-05-30,2018-06-01,181,0,0,0
2016-09-24,2016/2017,Stoke City,West Brom,1,1,1,MARK HUGHES,2013-05-30,2018-06-01,182,0,0,0
2016-10-02,2016/2017,Stoke City,Manchester Utd,0,1,1,MARK HUGHES,2013-05-30,2018-06-01,183,0,0,0
2016-10-15,2016/2017,Stoke City,Sunderland,1,2,0,MARK HUGHES,2013-05-30,2018-06-01,184,0,0,0
2016-10-22,2016/2017,Stoke City,Hull City,0,2,0,MARK HUGHES,2013-05-30,2018-06-01,185,0,0,0
2016-10-31,2016/2017,Stoke City,Swansea City,1,3,1,MARK HUGHES,2013-05-30,2018-06-01,186,0,0,0
2016-11-05,2016/2017,Stoke City,West Ham,0,1,1,MARK HUGHES,2013-05-30,2018-06-01,187,0,0,0
2016-11-19,2016/2017,Stoke City,Bournemouth,1,0,1,MARK HUGHES,2013-05-30,2018-06-01,188,0,0,0
2016-11-27,2016/2017,Stoke City,Watford,0,1,0,MARK HUGHES,2013-05-30,2018-06-01,189,0,0,0
2016-12-03,2016/2017,Stoke City,Burnley,1,2,0,MARK HUGHES,2013-05-30,2018-06-01,190,0,0,0
2016-12-10,2016/2017,Stoke City,Arsenal,0,1,3,MARK HUGHES,2013-05-30,2018-06-01,191,0,0,0
2016-12-14,2016/2017,Stoke City,Southampton,1,0,0,MARK HUGHES,2013-05-30,2018-06-01,192,0,0,0
2016-12-17,2016/2017,Stoke City,Leicester City,1,2,2,MARK HUGHES,2013-05-30,2018-06-01,193,0,0,0
2016-12-27,2016/2017,Stoke City,Liverpool,0,1,4,MARK HUGHES,2013-05-30,2018-06-01,194,0,0,0
2016-12-31,2016/2017,Stoke City,Chelsea,0,2,4,MARK HUGHES,2013-05-30,2018-06-01,195,0,0,0
2017-01-03,2016/2017,Stoke City,Watford,1,2,0,MARK HUGHES,2013-05-30,2018-06-01,196,0,0,0
2017-01-14,2016/2017,Stoke City,Sunderland,0,3,1,MARK HUGHES,2013-05-30,2018-06-01,197,0,0,0
2017-01-21,2016/2017,Stoke City,Manchester Utd,1,1,1,MARK HUGHES,2013-05-30,2018-06-01,198,0,0,0
2017-02-01,2016/2017,Stoke City,Everton,1,1,1,MARK HUGHES,2013-05-30,2018-06-01,199,0,0,0
2017-02-04,2016/2017,Stoke City,West Brom,0,0,1,MARK HUGHES,2013-05-30,2018-06-01,200,0,0,0
2017-02-11,2016/2017,Stoke City,Crystal Palace,1,1,0,MARK HUGHES,2013-05-30,2018-06-01,201,0,0,0
2017-02-26,2016/2017,Stoke City,Tottenham,0,0,4,MARK HUGHES,2013-05-30,2018-06-01,202,0,0,0
2017-03-04,2016/2017,Stoke City,Middlesbrough,1,2,0,MARK HUGHES,2013-05-30,2018-06-01,203,0,0,0
2017-03-08,2016/2017,Stoke City,Manchester City,0,0,0,MARK HUGHES,2013-05-30,2018-06-01,204,0,0,0
2017-03-18,2016/2017,Stoke City,Chelsea,1,1,2,MARK HUGHES,2013-05-30,2018-06-01,205,0,0,0
2017-04-01,2016/2017,Stoke City,Leicester City,0,0,2,MARK HUGHES,2013-05-30,2018-06-01,206,0,0,0
2017-04-04,2016/2017,Stoke City,Burnley,0,0,1,MARK HUGHES,2013-05-30,2018-06-01,207,0,0,0
2017-04-08,2016/2017,Stoke City,Liverpool,1,1,2,MARK HUGHES,2013-05-30,2018-06-01,208,0,0,0
2017-04-15,2016/2017,Stoke City,Hull City,1,3,1,MARK HUGHES,2013-05-30,2018-06-01,209,0,0,0
2017-04-22,2016/2017,Stoke City,Swansea City,0,0,2,MARK HUGHES,2013-05-30,2018-06-01,210,0,0,0
2017-04-29,2016/2017,Stoke City,West Ham,1,0,0,MARK HUGHES,2013-05-30,2018-06-01,211,0,0,0
2017-05-06,2016/2017,Stoke City,Bournemouth,0,2,2,MARK HUGHES,2013-05-30,2018-06-01,212,0,0,0
2017-05-13,2016/2017,Stoke City,Arsenal,1,1,4,MARK HUGHES,2013-05-30,2018-06-01,213,0,0,0
2017-05-21,2016/2017,Stoke City,Southampton,0,1,0,MARK HUGHES,2013-05-30,2018-06-01,214,0,0,0
2017-08-12,2017/2018,Stoke City,Everton,0,0,1,MARK HUGHES,2013-05-30,2018-06-01,215,0,0,0
2017-08-19,2017/2018,Stoke City,Arsenal,1,1,0,MARK HUGHES,2013-05-30,2018-06-01,216,0,0,0
2017-08-27,2017/2018,Stoke City,West Brom,0,1,1,MARK HUGHES,2013-05-30,2018-06-01,217,0,0,0
2017-09-09,2017/2018,Stoke City,Manchester Utd,1,2,2,MARK HUGHES,2013-05-30,2018-06-01,218,0,0,0
2017-09-16,2017/2018,Stoke City,Newcastle Utd,0,1,2,MARK HUGHES,2013-05-30,2018-06-01,219,0,0,0
2017-09-23,2017/2018,Stoke City,Chelsea,1,0,4,MARK HUGHES,2013-05-30,2018-06-01,220,0,0,0
2017-09-30,2017/2018,Stoke City,Southampton,1,2,1,MARK HUGHES,2013-05-30,2018-06-01,221,0,0,0
2017-10-14,2017/2018,Stoke City,Manchester City,0,2,7,MARK HUGHES,2013-05-30,2018-06-01,222,0,0,0
2017-10-21,2017/2018,Stoke City,Bournemouth,1,1,2,MARK HUGHES,2013-05-30,2018-06-01,223,0,0,0
2017-10-28,2017/2018,Stoke City,Watford,0,1,0,MARK HUGHES,2013-05-30,2018-06-01,224,0,0,0
2017-11-04,2017/2018,Stoke City,Leicester City,1,2,2,MARK HUGHES,2013-05-30,2018-06-01,225,0,0,0
2017-11-20,2017/2018,Stoke City,Brighton,0,2,2,MARK HUGHES,2013-05-30,2018-06-01,226,0,0,0
2017-11-25,2017/2018,Stoke City,Crystal Palace,0,1,2,MARK HUGHES,2013-05-30,2018-06-01,227,0,0,0
2017-11-29,2017/2018,Stoke City,Liverpool,1,0,3,MARK HUGHES,2013-05-30,2018-06-01,228,0,0,0
2017-12-02,2017/2018,Stoke City,Swansea City,1,2,1,MARK HUGHES,2013-05-30,2018-06-01,229,0,0,0
2017-12-09,2017/2018,Stoke City,Tottenham,0,1,5,MARK HUGHES,2013-05-30,2018-06-01,230,0,0,0
2017-12-12,2017/2018,Stoke City,Burnley,0,0,1,MARK HUGHES,2013-05-30,2018-06-01,231,0,0,0
2017-12-16,2017/2018,Stoke City,West Ham,1,0,3,MARK HUGHES,2013-05-30,2018-06-01,232,0,0,0
2017-12-23,2017/2018,Stoke City,West Brom,1,3,1,MARK HUGHES,2013-05-30,2018-06-01,233,0,0,0
2017-12-26,2017/2018,Stoke City,Huddersfield,0,1,1,MARK HUGHES,2013-05-30,2018-06-01,234,0,0,0
2017-12-30,2017/2018,Stoke City,Chelsea,0,0,5,MARK HUGHES,2013-05-30,2018-06-01,235,0,0,0
2018-01-01,2017/2018,Stoke City,Newcastle Utd,1,0,1,MARK HUGHES,2013-05-30,2018-06-01,236,0,0,0
2018-01-15,2017/2018,Stoke City,Manchester Utd,0,0,3,MARK HUGHES,2013-05-30,2018-06-01,237,0,0,0
2018-01-20,2017/2018,Stoke City,Huddersfield,1,2,0,PAUL LAMBERT,2018-01-16,2100-01-01,1,1,0,0
2018-01-31,2017/2018,Stoke City,Watford,1,0,0,PAUL LAMBERT,2018-01-16,2100-01-01,2,1,0,0
2018-02-03,2017/2018,Stoke City,Bournemouth,0,1,2,PAUL LAMBERT,2018-01-16,2100-01-01,3,1,0,0
2018-02-10,2017/2018,Stoke City,Brighton,1,1,1,PAUL LAMBERT,2018-01-16,2100-01-01,4,0,1,0
2018-02-24,2017/2018,Stoke City,Leicester City,0,1,1,PAUL LAMBERT,2018-01-16,2100-01-01,5,0,1,0
2018-03-03,2017/2018,Stoke City,Southampton,0,0,0,PAUL LAMBERT,2018-01-16,2100-01-01,6,0,1,0
2018-03-12,2017/2018,Stoke City,Manchester City,1,0,2,PAUL LAMBERT,2018-01-16,2100-01-01,7,0,0,1
2018-03-17,2017/2018,Stoke City,Everton,1,1,2,PAUL LAMBERT,2018-01-16,2100-01-01,8,0,0,1
2018-04-01,2017/2018,Stoke City,Arsenal,0,0,3,PAUL LAMBERT,2018-01-16,2100-01-01,9,0,0,1
2018-04-07,2017/2018,Stoke City,Tottenham,1,1,2,PAUL LAMBERT,2018-01-16,2100-01-01,10,0,0,1
2018-04-16,2017/2018,Stoke City,West Ham,0,1,1,PAUL LAMBERT,2018-01-16,2100-01-01,11,0,0,0
2018-04-22,2017/2018,Stoke City,Burnley,1,1,1,PAUL LAMBERT,2018-01-16,2100-01-01,12,0,0,0
2018-04-28,2017/2018,Stoke City,Liverpool,0,0,0,PAUL LAMBERT,2018-01-16,2100-01-01,13,0,0,0
2018-05-05,2017/2018,Stoke City,Crystal Palace,1,1,2,PAUL LAMBERT,2018-01-16,2100-01-01,14,0,0,0
2018-05-13,2017/2018,Stoke City,Swansea City,0,2,1,PAUL LAMBERT,2018-01-16,2100-01-01,15,0,0,0
2016-08-13,2016/2017,Sunderland,Manchester City,0,1,2,DAVID MOYES,2016-07-23,2100-01-01,1,1,0,0
2016-08-21,2016/2017,Sunderland,Middlesbrough,1,1,2,DAVID MOYES,2016-07-23,2100-01-01,2,1,0,0
2016-08-27,2016/2017,Sunderland,Southampton,0,1,1,DAVID MOYES,2016-07-23,2100-01-01,3,1,0,0
2016-09-12,2016/2017,Sunderland,Everton,1,0,3,DAVID MOYES,2016-07-23,2100-01-01,4,0,1,0
2016-09-18,2016/2017,Sunderland,Tottenham,0,0,1,DAVID MOYES,2016-07-23,2100-01-01,5,0,1,0
2016-09-24,2016/2017,Sunderland,Crystal Palace,1,2,3,DAVID MOYES,2016-07-23,2100-01-01,6,0,1,0
2016-10-01,2016/2017,Sunderland,West Brom,1,1,1,DAVID MOYES,2016-07-23,2100-01-01,7,0,0,1
2016-10-15,2016/2017,Sunderland,Stoke City,0,0,2,DAVID MOYES,2016-07-23,2100-01-01,8,0,0,1
2016-10-22,2016/2017,Sunderland,West Ham,0,0,1,DAVID MOYES,2016-07-23,2100-01-01,9,0,0,1
2016-10-29,2016/2017,Sunderland,Arsenal,1,1,4,DAVID MOYES,2016-07-23,2100-01-01,10,0,0,1
2016-11-05,2016/2017,Sunderland,Bournemouth,0,2,1,DAVID MOYES,2016-07-23,2100-01-01,11,0,0,0
2016-11-19,2016/2017,Sunderland,Hull City,1,3,0,DAVID MOYES,2016-07-23,2100-01-01,12,0,0,0
2016-11-26,2016/2017,Sunderland,Liverpool,0,0,2,DAVID MOYES,2016-07-23,2100-01-01,13,0,0,0
2016-12-03,2016/2017,Sunderland,Leicester City,1,2,1,DAVID MOYES,2016-07-23,2100-01-01,14,0,0,0
2016-12-10,2016/2017,Sunderland,Swansea City,0,0,3,DAVID MOYES,2016-07-23,2100-01-01,15,0,0,0
2016-12-14,2016/2017,Sunderland,Chelsea,1,0,1,DAVID MOYES,2016-07-23,2100-01-01,16,0,0,0
2016-12-17,2016/2017,Sunderland,Watford,1,1,0,DAVID MOYES,2016-07-23,2100-01-01,17,0,0,0
2016-12-26,2016/2017,Sunderland,Manchester Utd,0,1,3,DAVID MOYES,2016-07-23,2100-01-01,18,0,0,0
2016-12-31,2016/2017,Sunderland,Burnley,0,1,4,DAVID MOYES,2016-07-23,2100-01-01,19,0,0,0
2017-01-02,2016/2017,Sunderland,Liverpool,1,2,2,DAVID MOYES,2016-07-23,2100-01-01,20,0,0,0
2017-01-14,2016/2017,Sunderland,Stoke City,1,1,3,DAVID MOYES,2016-07-23,2100-01-01,21,0,0,0
2017-01-21,2016/2017,Sunderland,West Brom,0,0,2,DAVID MOYES,2016-07-23,2100-01-01,22,0,0,0
2017-01-31,2016/2017,Sunderland,Tottenham,1,0,0,DAVID MOYES,2016-07-23,2100-01-01,23,0,0,0
2017-02-04,2016/2017,Sunderland,Crystal Palace,0,4,0,DAVID MOYES,2016-07-23,2100-01-01,24,0,0,0
2017-02-11,2016/2017,Sunderland,Southampton,1,0,4,DAVID MOYES,2016-07-23,2100-01-01,25,0,0,0
2017-02-25,2016/2017,Sunderland,Everton,0,0,2,DAVID MOYES,2016-07-23,2100-01-01,26,0,0,0
2017-03-05,2016/2017,Sunderland,Manchester City,1,0,2,DAVID MOYES,2016-07-23,2100-01-01,27,0,0,0
2017-03-18,2016/2017,Sunderland,Burnley,1,0,0,DAVID MOYES,2016-07-23,2100-01-01,28,0,0,0
2017-04-01,2016/2017,Sunderland,Watford,0,0,1,DAVID MOYES,2016-07-23,2100-01-01,29,0,0,0
2017-04-04,2016/2017,Sunderland,Leicester City,0,0,2,DAVID MOYES,2016-07-23,2100-01-01,30,0,0,0
2017-04-09,2016/2017,Sunderland,Manchester Utd,1,0,3,DAVID MOYES,2016-07-23,2100-01-01,31,0,0,0
2017-04-15,2016/2017,Sunderland,West Ham,1,2,2,DAVID MOYES,2016-07-23,2100-01-01,32,0,0,0
2017-04-26,2016/2017,Sunderland,Middlesbrough,0,0,1,DAVID MOYES,2016-07-23,2100-01-01,33,0,0,0
2017-04-29,2016/2017,Sunderland,Bournemouth,1,0,1,DAVID MOYES,2016-07-23,2100-01-01,34,0,0,0
2017-05-06,2016/2017,Sunderland,Hull City,0,2,0,DAVID MOYES,2016-07-23,2100-01-01,35,0,0,0
2017-05-13,2016/2017,Sunderland,Swansea City,1,0,2,DAVID MOYES,2016-07-23,2100-01-01,36,0,0,0
2017-05-16,2016/2017,Sunderland,Arsenal,0,0,2,DAVID MOYES,2016-07-23,2100-01-01,37,0,0,0
2017-05-21,2016/2017,Sunderland,Chelsea,0,1,5,DAVID MOYES,2016-07-23,2100-01-01,38,0,0,0
2015-04-11,2014/2015,Sunderland,Crystal Palace,1,1,4,DICK ADVOCAAT,2015-04-10,2016-03-17,1,1,0,0
2015-04-25,2014/2015,Sunderland,Stoke City,0,1,1,DICK ADVOCAAT,2015-04-10,2016-03-17,2,1,0,0
2015-05-02,2014/2015,Sunderland,Southampton,1,2,1,DICK ADVOCAAT,2015-04-10,2016-03-17,3,1,0,0
2015-05-09,2014/2015,Sunderland,Everton,0,2,0,DICK ADVOCAAT,2015-04-10,2016-03-17,4,0,1,0
2015-05-16,2014/2015,Sunderland,Leicester City,1,0,0,DICK ADVOCAAT,2015-04-10,2016-03-17,5,0,1,0
2015-05-20,2014/2015,Sunderland,Arsenal,0,0,0,DICK ADVOCAAT,2015-04-10,2016-03-17,6,0,1,0
2015-05-24,2014/2015,Sunderland,Chelsea,0,1,3,DICK ADVOCAAT,2015-04-10,2016-03-17,7,0,0,1
2015-08-08,2015/2016,Sunderland,Leicester City,0,2,4,DICK ADVOCAAT,2015-04-10,2016-03-17,8,0,0,1
2015-08-15,2015/2016,Sunderland,Norwich City,1,1,3,DICK ADVOCAAT,2015-04-10,2016-03-17,9,0,0,1
2015-08-22,2015/2016,Sunderland,Swansea City,1,1,1,DICK ADVOCAAT,2015-04-10,2016-03-17,10,0,0,1
2015-08-29,2015/2016,Sunderland,Aston Villa,0,2,2,DICK ADVOCAAT,2015-04-10,2016-03-17,11,0,0,0
2014-08-16,2014/2015,Sunderland,West Brom,0,2,2,GUSTAVO POYET,2013-08-10,2100-01-01,101,0,0,0
2014-08-24,2014/2015,Sunderland,Manchester Utd,1,1,1,GUSTAVO POYET,2013-08-10,2100-01-01,102,0,0,0
2014-08-30,2014/2015,Sunderland,QPR,0,0,1,GUSTAVO POYET,2013-08-10,2100-01-01,103,0,0,0
2014-09-13,2014/2015,Sunderland,Tottenham,1,2,2,GUSTAVO POYET,2013-08-10,2100-01-01,104,0,0,0
2014-09-20,2014/2015,Sunderland,Burnley,0,0,0,GUSTAVO POYET,2013-08-10,2100-01-01,105,0,0,0
2014-09-27,2014/2015,Sunderland,Swansea City,1,0,0,GUSTAVO POYET,2013-08-10,2100-01-01,106,0,0,0
2014-10-04,2014/2015,Sunderland,Stoke City,1,3,1,GUSTAVO POYET,2013-08-10,2100-01-01,107,0,0,0
2014-10-18,2014/2015,Sunderland,Southampton,0,0,8,GUSTAVO POYET,2013-08-10,2100-01-01,108,0,0,0
2014-10-25,2014/2015,Sunderland,Arsenal,1,0,2,GUSTAVO POYET,2013-08-10,2100-01-01,109,0,0,0
2014-11-03,2014/2015,Sunderland,Crystal Palace,0,3,1,GUSTAVO POYET,2013-08-10,2100-01-01,110,0,0,0
2014-11-09,2014/2015,Sunderland,Everton,1,1,1,GUSTAVO POYET,2013-08-10,2100-01-01,111,0,0,0
2014-11-22,2014/2015,Sunderland,Leicester City,0,0,0,GUSTAVO POYET,2013-08-10,2100-01-01,112,0,0,0
2014-11-29,2014/2015,Sunderland,Chelsea,1,0,0,GUSTAVO POYET,2013-08-10,2100-01-01,113,0,0,0
2014-12-03,2014/2015,Sunderland,Manchester City,1,1,4,GUSTAVO POYET,2013-08-10,2100-01-01,114,0,0,0
2014-12-06,2014/2015,Sunderland,Liverpool,0,0,0,GUSTAVO POYET,2013-08-10,2100-01-01,115,0,0,0
2014-12-13,2014/2015,Sunderland,West Ham,1,1,1,GUSTAVO POYET,2013-08-10,2100-01-01,116,0,0,0
2014-12-21,2014/2015,Sunderland,Newcastle Utd,0,1,0,GUSTAVO POYET,2013-08-10,2100-01-01,117,0,0,0
2014-12-26,2014/2015,Sunderland,Hull City,1,1,3,GUSTAVO POYET,2013-08-10,2100-01-01,118,0,0,0
2014-12-28,2014/2015,Sunderland,Aston Villa,0,0,0,GUSTAVO POYET,2013-08-10,2100-01-01,119,0,0,0
2015-01-01,2014/2015,Sunderland,Manchester City,0,2,3,GUSTAVO POYET,2013-08-10,2100-01-01,120,0,0,0
2015-01-10,2014/2015,Sunderland,Liverpool,1,0,1,GUSTAVO POYET,2013-08-10,2100-01-01,121,0,0,0
2015-01-17,2014/2015,Sunderland,Tottenham,0,1,2,GUSTAVO POYET,2013-08-10,2100-01-01,122,0,0,0
2015-01-31,2014/2015,Sunderland,Burnley,1,2,0,GUSTAVO POYET,2013-08-10,2100-01-01,123,0,0,0
2015-02-07,2014/2015,Sunderland,Swansea City,0,1,1,GUSTAVO POYET,2013-08-10,2100-01-01,124,0,0,0
2015-02-10,2014/2015,Sunderland,QPR,1,0,2,GUSTAVO POYET,2013-08-10,2100-01-01,125,0,0,0
2015-02-21,2014/2015,Sunderland,West Brom,1,0,0,GUSTAVO POYET,2013-08-10,2100-01-01,126,0,0,0
2015-02-28,2014/2015,Sunderland,Manchester Utd,0,0,2,GUSTAVO POYET,2013-08-10,2100-01-01,127,0,0,0
2015-03-03,2014/2015,Sunderland,Hull City,0,1,1,GUSTAVO POYET,2013-08-10,2100-01-01,128,0,0,0
2015-03-14,2014/2015,Sunderland,Aston Villa,1,0,4,GUSTAVO POYET,2013-08-10,2100-01-01,129,0,0,0
2015-03-21,2014/2015,Sunderland,West Ham,0,0,1,GUSTAVO POYET,2013-08-10,2100-01-01,130,0,0,0
2015-04-05,2014/2015,Sunderland,Newcastle Utd,1,1,0,GUSTAVO POYET,2013-08-10,2100-01-01,131,0,0,0
2015-09-13,2015/2016,Sunderland,Tottenham,1,0,1,SAM ALLARDYCE,2015-09-10,2100-01-01,1,1,0,0
2015-09-19,2015/2016,Sunderland,Bournemouth,0,0,2,SAM ALLARDYCE,2015-09-10,2100-01-01,2,1,0,0
2015-09-26,2015/2016,Sunderland,Manchester Utd,0,0,3,SAM ALLARDYCE,2015-09-10,2100-01-01,3,1,0,0
2015-10-03,2015/2016,Sunderland,West Ham,1,2,2,SAM ALLARDYCE,2015-09-10,2100-01-01,4,0,1,0
2015-10-17,2015/2016,Sunderland,West Brom,0,0,1,SAM ALLARDYCE,2015-09-10,2100-01-01,5,0,1,0
2015-10-25,2015/2016,Sunderland,Newcastle Utd,1,3,0,SAM ALLARDYCE,2015-09-10,2100-01-01,6,0,1,0
2015-11-01,2015/2016,Sunderland,Everton,0,2,6,SAM ALLARDYCE,2015-09-10,2100-01-01,7,0,0,1
2015-11-07,2015/2016,Sunderland,Southampton,1,0,1,SAM ALLARDYCE,2015-09-10,2100-01-01,8,0,0,1
2015-11-23,2015/2016,Sunderland,Crystal Palace,0,1,0,SAM ALLARDYCE,2015-09-10,2100-01-01,9,0,0,1
2015-11-28,2015/2016,Sunderland,Stoke City,1,2,0,SAM ALLARDYCE,2015-09-10,2100-01-01,10,0,0,1
2015-12-05,2015/2016,Sunderland,Arsenal,0,1,3,SAM ALLARDYCE,2015-09-10,2100-01-01,11,0,0,0
2015-12-12,2015/2016,Sunderland,Watford,1,0,1,SAM ALLARDYCE,2015-09-10,2100-01-01,12,0,0,0
2015-12-19,2015/2016,Sunderland,Chelsea,0,1,3,SAM ALLARDYCE,2015-09-10,2100-01-01,13,0,0,0
2015-12-26,2015/2016,Sunderland,Manchester City,0,1,4,SAM ALLARDYCE,2015-09-10,2100-01-01,14,0,0,0
2015-12-30,2015/2016,Sunderland,Liverpool,1,0,1,SAM ALLARDYCE,2015-09-10,2100-01-01,15,0,0,0
2016-01-02,2015/2016,Sunderland,Aston Villa,1,3,1,SAM ALLARDYCE,2015-09-10,2100-01-01,16,0,0,0
2016-01-13,2015/2016,Sunderland,Swansea City,0,4,2,SAM ALLARDYCE,2015-09-10,2100-01-01,17,0,0,0
2016-01-16,2015/2016,Sunderland,Tottenham,0,1,4,SAM ALLARDYCE,2015-09-10,2100-01-01,18,0,0,0
2016-01-23,2015/2016,Sunderland,Bournemouth,1,1,1,SAM ALLARDYCE,2015-09-10,2100-01-01,19,0,0,0
2016-02-02,2015/2016,Sunderland,Manchester City,1,0,1,SAM ALLARDYCE,2015-09-10,2100-01-01,20,0,0,0
2016-02-06,2015/2016,Sunderland,Liverpool,0,2,2,SAM ALLARDYCE,2015-09-10,2100-01-01,21,0,0,0
2016-02-13,2015/2016,Sunderland,Manchester Utd,1,2,1,SAM ALLARDYCE,2015-09-10,2100-01-01,22,0,0,0
2016-02-27,2015/2016,Sunderland,West Ham,0,0,1,SAM ALLARDYCE,2015-09-10,2100-01-01,23,0,0,0
2016-03-01,2015/2016,Sunderland,Crystal Palace,1,2,2,SAM ALLARDYCE,2015-09-10,2100-01-01,24,0,0,0
2016-03-05,2015/2016,Sunderland,Southampton,0,1,1,SAM ALLARDYCE,2015-09-10,2100-01-01,25,0,0,0
2016-03-20,2015/2016,Sunderland,Newcastle Utd,0,1,1,SAM ALLARDYCE,2015-09-10,2100-01-01,26,0,0,0
2016-04-02,2015/2016,Sunderland,West Brom,1,0,0,SAM ALLARDYCE,2015-09-10,2100-01-01,27,0,0,0
2016-04-10,2015/2016,Sunderland,Leicester City,1,0,2,SAM ALLARDYCE,2015-09-10,2100-01-01,28,0,0,0
2016-04-16,2015/2016,Sunderland,Norwich City,0,3,0,SAM ALLARDYCE,2015-09-10,2100-01-01,29,0,0,0
2016-04-24,2015/2016,Sunderland,Arsenal,1,0,0,SAM ALLARDYCE,2015-09-10,2100-01-01,30,0,0,0
2016-04-30,2015/2016,Sunderland,Stoke City,0,1,1,SAM ALLARDYCE,2015-09-10,2100-01-01,31,0,0,0
2016-05-07,2015/2016,Sunderland,Chelsea,1,3,2,SAM ALLARDYCE,2015-09-10,2100-01-01,32,0,0,0
2016-05-11,2015/2016,Sunderland,Everton,1,3,0,SAM ALLARDYCE,2015-09-10,2100-01-01,33,0,0,0
2016-05-15,2015/2016,Sunderland,Watford,0,2,2,SAM ALLARDYCE,2015-09-10,2100-01-01,34,0,0,0
2015-12-12,2015/2016,Swansea City,Manchester City,0,1,2,ALAN CURTIS,2015-12-10,2016-01-18,1,1,0,0
2015-12-20,2015/2016,Swansea City,West Ham,1,0,0,ALAN CURTIS,2015-12-10,2016-01-18,2,1,0,0
2015-12-26,2015/2016,Swansea City,West Brom,1,1,0,ALAN CURTIS,2015-12-10,2016-01-18,3,1,0,0
2015-12-28,2015/2016,Swansea City,Crystal Palace,0,0,0,ALAN CURTIS,2015-12-10,2016-01-18,4,0,1,0
2016-01-02,2015/2016,Swansea City,Manchester Utd,0,1,2,ALAN CURTIS,2015-12-10,2016-01-18,5,0,1,0
2016-01-13,2015/2016,Swansea City,Sunderland,1,2,4,ALAN CURTIS,2015-12-10,2016-01-18,6,0,1,0
2016-01-18,2015/2016,Swansea City,Watford,1,1,0,ALAN CURTIS,2015-12-10,2016-01-18,7,0,0,1
2016-03-12,2015/2016,Swansea City,Bournemouth,0,2,3,ALAN CURTIS,2015-10-12,2100-01-01,1,1,0,0
2016-03-19,2015/2016,Swansea City,Aston Villa,1,1,0,ALAN CURTIS,2015-10-12,2100-01-01,2,1,0,0
2016-04-02,2015/2016,Swansea City,Stoke City,0,2,2,ALAN CURTIS,2015-10-12,2100-01-01,3,1,0,0
2016-04-09,2015/2016,Swansea City,Chelsea,1,1,0,ALAN CURTIS,2015-10-12,2100-01-01,4,0,1,0
2016-12-31,2016/2017,Swansea City,Bournemouth,1,0,3,ALAN CURTIS,2016-12-27,2017-03-01,1,1,0,0
2017-01-03,2016/2017,Swansea City,Crystal Palace,0,2,1,ALAN CURTIS,2016-12-27,2017-03-01,2,1,0,0
2017-01-14,2016/2017,Swansea City,Arsenal,1,0,4,ALAN CURTIS,2016-12-27,2017-03-01,3,1,0,0
2017-01-21,2016/2017,Swansea City,Liverpool,0,3,2,ALAN CURTIS,2016-12-27,2017-03-01,4,0,1,0
2017-01-31,2016/2017,Swansea City,Southampton,1,2,1,ALAN CURTIS,2016-12-27,2017-03-01,5,0,1,0
2017-02-05,2016/2017,Swansea City,Manchester City,0,1,2,ALAN CURTIS,2016-12-27,2017-03-01,6,0,1,0
2017-02-12,2016/2017,Swansea City,Leicester City,1,2,0,ALAN CURTIS,2016-12-27,2017-03-01,7,0,0,1
2017-02-25,2016/2017,Swansea City,Chelsea,0,1,3,ALAN CURTIS,2016-12-27,2017-03-01,8,0,0,1
2016-04-16,2015/2016,Swansea City,Newcastle Utd,0,0,3,BOB BRADLEY,2016-04-10,2100-01-01,1,1,0,0
2016-04-24,2015/2016,Swansea City,Leicester City,0,0,4,BOB BRADLEY,2016-04-10,2100-01-01,2,1,0,0
2016-05-01,2015/2016,Swansea City,Liverpool,1,3,1,BOB BRADLEY,2016-04-10,2100-01-01,3,1,0,0
2016-05-07,2015/2016,Swansea City,West Ham,0,4,1,BOB BRADLEY,2016-04-10,2100-01-01,4,0,1,0
2016-05-15,2015/2016,Swansea City,Manchester City,1,1,1,BOB BRADLEY,2016-04-10,2100-01-01,5,0,1,0
2016-08-13,2016/2017,Swansea City,Burnley,0,1,0,BOB BRADLEY,2016-04-10,2100-01-01,6,0,1,0
2016-08-20,2016/2017,Swansea City,Hull City,1,0,2,BOB BRADLEY,2016-04-10,2100-01-01,7,0,0,1
2016-08-27,2016/2017,Swansea City,Leicester City,0,1,2,BOB BRADLEY,2016-04-10,2100-01-01,8,0,0,1
2016-09-11,2016/2017,Swansea City,Chelsea,1,2,2,BOB BRADLEY,2016-04-10,2100-01-01,9,0,0,1
2016-09-18,2016/2017,Swansea City,Southampton,0,0,1,BOB BRADLEY,2016-04-10,2100-01-01,10,0,0,1
2016-09-24,2016/2017,Swansea City,Manchester City,1,1,3,BOB BRADLEY,2016-04-10,2100-01-01,11,0,0,0
2016-10-01,2016/2017,Swansea City,Liverpool,1,1,2,BOB BRADLEY,2016-04-10,2100-01-01,12,0,0,0
2016-10-15,2016/2017,Swansea City,Arsenal,0,2,3,BOB BRADLEY,2016-04-10,2100-01-01,13,0,0,0
2016-10-22,2016/2017,Swansea City,Watford,1,0,0,BOB BRADLEY,2016-04-10,2100-01-01,14,0,0,0
2016-10-31,2016/2017,Swansea City,Stoke City,0,1,3,BOB BRADLEY,2016-04-10,2100-01-01,15,0,0,0
2016-11-06,2016/2017,Swansea City,Manchester Utd,1,1,3,BOB BRADLEY,2016-04-10,2100-01-01,16,0,0,0
2016-11-19,2016/2017,Swansea City,Everton,0,1,1,BOB BRADLEY,2016-04-10,2100-01-01,17,0,0,0
2016-11-26,2016/2017,Swansea City,Crystal Palace,1,5,4,BOB BRADLEY,2016-04-10,2100-01-01,18,0,0,0
2016-12-03,2016/2017,Swansea City,Tottenham,0,0,5,BOB BRADLEY,2016-04-10,2100-01-01,19,0,0,0
2016-12-10,2016/2017,Swansea City,Sunderland,1,3,0,BOB BRADLEY,2016-04-10,2100-01-01,20,0,0,0
2016-12-14,2016/2017,Swansea City,West Brom,0,1,3,BOB BRADLEY,2016-04-10,2100-01-01,21,0,0,0
2016-12-17,2016/2017,Swansea City,Middlesbrough,0,0,3,BOB BRADLEY,2016-04-10,2100-01-01,22,0,0,0
2016-12-26,2016/2017,Swansea City,West Ham,1,1,4,BOB BRADLEY,2016-04-10,2100-01-01,23,0,0,0
2017-03-04,2016/2017,Swansea City,Burnley,1,3,2,BOB BRADLEY,2016-04-10,2100-01-01,24,0,0,0
2017-03-11,2016/2017,Swansea City,Hull City,0,1,2,BOB BRADLEY,2016-04-10,2100-01-01,25,0,0,0
2017-03-18,2016/2017,Swansea City,Bournemouth,0,0,2,BOB BRADLEY,2016-04-10,2100-01-01,26,0,0,0
2017-12-30,2017/2018,Swansea City,Watford,0,2,1,CARLOS CARVAHAL,2017-12-28,2100-01-01,1,1,0,0
2018-01-02,2017/2018,Swansea City,Tottenham,1,0,2,CARLOS CARVAHAL,2017-12-28,2100-01-01,2,1,0,0
2018-01-13,2017/2018,Swansea City,Newcastle Utd,0,1,1,CARLOS CARVAHAL,2017-12-28,2100-01-01,3,1,0,0
2018-01-22,2017/2018,Swansea City,Liverpool,1,1,0,CARLOS CARVAHAL,2017-12-28,2100-01-01,4,0,1,0
2018-01-30,2017/2018,Swansea City,Arsenal,1,3,1,CARLOS CARVAHAL,2017-12-28,2100-01-01,5,0,1,0
2018-02-03,2017/2018,Swansea City,Leicester City,0,1,1,CARLOS CARVAHAL,2017-12-28,2100-01-01,6,0,1,0
2018-02-10,2017/2018,Swansea City,Burnley,1,1,0,CARLOS CARVAHAL,2017-12-28,2100-01-01,7,0,0,1
2018-02-24,2017/2018,Swansea City,Brighton,0,1,4,CARLOS CARVAHAL,2017-12-28,2100-01-01,8,0,0,1
2018-03-03,2017/2018,Swansea City,West Ham,1,4,1,CARLOS CARVAHAL,2017-12-28,2100-01-01,9,0,0,1
2018-03-10,2017/2018,Swansea City,Huddersfield,0,0,0,CARLOS CARVAHAL,2017-12-28,2100-01-01,10,0,0,1
2018-03-31,2017/2018,Swansea City,Manchester Utd,0,0,2,CARLOS CARVAHAL,2017-12-28,2100-01-01,11,0,0,0
2018-04-07,2017/2018,Swansea City,West Brom,0,1,1,CARLOS CARVAHAL,2017-12-28,2100-01-01,12,0,0,0
2018-04-14,2017/2018,Swansea City,Everton,1,1,1,CARLOS CARVAHAL,2017-12-28,2100-01-01,13,0,0,0
2018-04-22,2017/2018,Swansea City,Manchester City,0,0,5,CARLOS CARVAHAL,2017-12-28,2100-01-01,14,0,0,0
2018-04-28,2017/2018,Swansea City,Chelsea,1,0,1,CARLOS CARVAHAL,2017-12-28,2100-01-01,15,0,0,0
2018-05-05,2017/2018,Swansea City,Bournemouth,0,0,1,CARLOS CARVAHAL,2017-12-28,2100-01-01,16,0,0,0
2018-05-08,2017/2018,Swansea City,Southampton,1,0,1,CARLOS CARVAHAL,2017-12-28,2100-01-01,17,0,0,0
2018-05-13,2017/2018,Swansea City,Stoke City,1,1,2,CARLOS CARVAHAL,2017-12-28,2100-01-01,18,0,0,0
2016-01-24,2015/2016,Swansea City,Everton,0,2,1,FRNCESCO GUIDOLIN,2016-01-18,2016-03-10,1,1,0,0
2016-02-02,2015/2016,Swansea City,West Brom,0,1,1,FRNCESCO GUIDOLIN,2016-01-18,2016-03-10,2,1,0,0
2016-02-06,2015/2016,Swansea City,Crystal Palace,1,1,1,FRNCESCO GUIDOLIN,2016-01-18,2016-03-10,3,1,0,0
2016-02-13,2015/2016,Swansea City,Southampton,1,0,1,FRNCESCO GUIDOLIN,2016-01-18,2016-03-10,4,0,1,0
2016-02-28,2015/2016,Swansea City,Tottenham,0,1,2,FRNCESCO GUIDOLIN,2016-01-18,2016-03-10,5,0,1,0
2016-03-02,2015/2016,Swansea City,Arsenal,0,2,1,FRNCESCO GUIDOLIN,2016-01-18,2016-03-10,6,0,1,0
2016-03-05,2015/2016,Swansea City,Norwich City,1,1,0,FRNCESCO GUIDOLIN,2016-01-18,2016-03-10,7,0,0,1
2014-08-16,2014/2015,Swansea City,Manchester Utd,0,2,1,GARRY MONK,2014-02-04,2015-12-09,101,0,0,0
2014-08-23,2014/2015,Swansea City,Burnley,1,1,0,GARRY MONK,2014-02-04,2015-12-09,102,0,0,0
2014-08-30,2014/2015,Swansea City,West Brom,1,3,0,GARRY MONK,2014-02-04,2015-12-09,103,0,0,0
2014-09-13,2014/2015,Swansea City,Chelsea,0,2,4,GARRY MONK,2014-02-04,2015-12-09,104,0,0,0
2014-09-20,2014/2015,Swansea City,Southampton,1,0,1,GARRY MONK,2014-02-04,2015-12-09,105,0,0,0
2014-09-27,2014/2015,Swansea City,Sunderland,0,0,0,GARRY MONK,2014-02-04,2015-12-09,106,0,0,0
2014-10-04,2014/2015,Swansea City,Newcastle Utd,1,2,2,GARRY MONK,2014-02-04,2015-12-09,107,0,0,0
2014-10-19,2014/2015,Swansea City,Stoke City,0,1,2,GARRY MONK,2014-02-04,2015-12-09,108,0,0,0
2014-10-25,2014/2015,Swansea City,Leicester City,1,2,0,GARRY MONK,2014-02-04,2015-12-09,109,0,0,0
2014-11-01,2014/2015,Swansea City,Everton,0,0,0,GARRY MONK,2014-02-04,2015-12-09,110,0,0,0
2014-11-09,2014/2015,Swansea City,Arsenal,1,2,1,GARRY MONK,2014-02-04,2015-12-09,111,0,0,0
2014-11-22,2014/2015,Swansea City,Manchester City,0,1,2,GARRY MONK,2014-02-04,2015-12-09,112,0,0,0
2014-11-29,2014/2015,Swansea City,Crystal Palace,1,1,1,GARRY MONK,2014-02-04,2015-12-09,113,0,0,0
2014-12-02,2014/2015,Swansea City,QPR,1,2,0,GARRY MONK,2014-02-04,2015-12-09,114,0,0,0
2014-12-07,2014/2015,Swansea City,West Ham,0,1,3,GARRY MONK,2014-02-04,2015-12-09,115,0,0,0
2014-12-14,2014/2015,Swansea City,Tottenham,1,1,2,GARRY MONK,2014-02-04,2015-12-09,116,0,0,0
2014-12-20,2014/2015,Swansea City,Hull City,0,1,0,GARRY MONK,2014-02-04,2015-12-09,117,0,0,0
2014-12-26,2014/2015,Swansea City,Aston Villa,1,1,0,GARRY MONK,2014-02-04,2015-12-09,118,0,0,0
2014-12-29,2014/2015,Swansea City,Liverpool,0,1,4,GARRY MONK,2014-02-04,2015-12-09,119,0,0,0
2015-01-01,2014/2015,Swansea City,QPR,0,1,1,GARRY MONK,2014-02-04,2015-12-09,120,0,0,0
2015-01-10,2014/2015,Swansea City,West Ham,1,1,1,GARRY MONK,2014-02-04,2015-12-09,121,0,0,0
2015-01-17,2014/2015,Swansea City,Chelsea,1,0,5,GARRY MONK,2014-02-04,2015-12-09,122,0,0,0
2015-02-01,2014/2015,Swansea City,Southampton,0,1,0,GARRY MONK,2014-02-04,2015-12-09,123,0,0,0
2015-02-07,2014/2015,Swansea City,Sunderland,1,1,1,GARRY MONK,2014-02-04,2015-12-09,124,0,0,0
2015-02-11,2014/2015,Swansea City,West Brom,0,0,2,GARRY MONK,2014-02-04,2015-12-09,125,0,0,0
2015-02-21,2014/2015,Swansea City,Manchester Utd,1,2,1,GARRY MONK,2014-02-04,2015-12-09,126,0,0,0
2015-02-28,2014/2015,Swansea City,Burnley,0,1,0,GARRY MONK,2014-02-04,2015-12-09,127,0,0,0
2015-03-04,2014/2015,Swansea City,Tottenham,0,2,3,GARRY MONK,2014-02-04,2015-12-09,128,0,0,0
2015-03-16,2014/2015,Swansea City,Liverpool,1,0,1,GARRY MONK,2014-02-04,2015-12-09,129,0,0,0
2015-03-21,2014/2015,Swansea City,Aston Villa,0,1,0,GARRY MONK,2014-02-04,2015-12-09,130,0,0,0
2015-04-04,2014/2015,Swansea City,Hull City,1,3,1,GARRY MONK,2014-02-04,2015-12-09,131,0,0,0
2015-04-11,2014/2015,Swansea City,Everton,1,1,1,GARRY MONK,2014-02-04,2015-12-09,132,0,0,0
2015-04-18,2014/2015,Swansea City,Leicester City,0,0,2,GARRY MONK,2014-02-04,2015-12-09,133,0,0,0
2015-04-25,2014/2015,Swansea City,Newcastle Utd,0,3,2,GARRY MONK,2014-02-04,2015-12-09,134,0,0,0
2015-05-02,2014/2015,Swansea City,Stoke City,1,2,0,GARRY MONK,2014-02-04,2015-12-09,135,0,0,0
2015-05-11,2014/2015,Swansea City,Arsenal,0,1,0,GARRY MONK,2014-02-04,2015-12-09,136,0,0,0
2015-05-17,2014/2015,Swansea City,Manchester City,1,2,4,GARRY MONK,2014-02-04,2015-12-09,137,0,0,0
2015-05-24,2014/2015,Swansea City,Crystal Palace,0,0,1,GARRY MONK,2014-02-04,2015-12-09,138,0,0,0
2015-08-08,2015/2016,Swansea City,Chelsea,0,2,2,GARRY MONK,2014-02-04,2015-12-09,139,0,0,0
2015-08-15,2015/2016,Swansea City,Newcastle Utd,1,2,0,GARRY MONK,2014-02-04,2015-12-09,140,0,0,0
2015-08-22,2015/2016,Swansea City,Sunderland,0,1,1,GARRY MONK,2014-02-04,2015-12-09,141,0,0,0
2015-08-30,2015/2016,Swansea City,Manchester Utd,1,2,1,GARRY MONK,2014-02-04,2015-12-09,142,0,0,0
2015-09-12,2015/2016,Swansea City,Watford,0,0,1,GARRY MONK,2014-02-04,2015-12-09,143,0,0,0
2015-09-19,2015/2016,Swansea City,Everton,1,0,0,GARRY MONK,2014-02-04,2015-12-09,144,0,0,0
2015-09-26,2015/2016,Swansea City,Southampton,0,1,3,GARRY MONK,2014-02-04,2015-12-09,145,0,0,0
2015-10-04,2015/2016,Swansea City,Tottenham,1,2,2,GARRY MONK,2014-02-04,2015-12-09,146,0,0,0
2015-10-19,2015/2016,Swansea City,Stoke City,1,0,1,GARRY MONK,2014-02-04,2015-12-09,147,0,0,0
2015-10-24,2015/2016,Swansea City,Aston Villa,0,2,1,GARRY MONK,2014-02-04,2015-12-09,148,0,0,0
2015-10-31,2015/2016,Swansea City,Arsenal,1,0,3,GARRY MONK,2014-02-04,2015-12-09,149,0,0,0
2015-11-07,2015/2016,Swansea City,Norwich City,0,0,1,GARRY MONK,2014-02-04,2015-12-09,150,0,0,0
2015-11-21,2015/2016,Swansea City,Bournemouth,1,2,2,GARRY MONK,2014-02-04,2015-12-09,151,0,0,0
2015-11-29,2015/2016,Swansea City,Liverpool,0,0,1,GARRY MONK,2014-02-04,2015-12-09,152,0,0,0
2015-12-05,2015/2016,Swansea City,Leicester City,1,0,3,GARRY MONK,2014-02-04,2015-12-09,153,0,0,0
2017-12-23,2017/2018,Swansea City,Crystal Palace,1,1,1,LEON BRITTON,2017-12-21,2100-01-01,1,1,0,0
2017-12-26,2017/2018,Swansea City,Liverpool,0,0,5,LEON BRITTON,2017-12-21,2100-01-01,2,1,0,0
2017-04-02,2016/2017,Swansea City,Middlesbrough,1,0,0,PAUL CLEMENT,2017-04-01,2100-01-01,1,1,0,0
2017-04-05,2016/2017,Swansea City,Tottenham,1,1,3,PAUL CLEMENT,2017-04-01,2100-01-01,2,1,0,0
2017-04-08,2016/2017,Swansea City,West Ham,0,0,1,PAUL CLEMENT,2017-04-01,2100-01-01,3,1,0,0
2017-04-15,2016/2017,Swansea City,Watford,0,0,1,PAUL CLEMENT,2017-04-01,2100-01-01,4,0,1,0
2017-04-22,2016/2017,Swansea City,Stoke City,1,2,0,PAUL CLEMENT,2017-04-01,2100-01-01,5,0,1,0
2017-04-30,2016/2017,Swansea City,Manchester Utd,0,1,1,PAUL CLEMENT,2017-04-01,2100-01-01,6,0,1,0
2017-05-06,2016/2017,Swansea City,Everton,1,1,0,PAUL CLEMENT,2017-04-01,2100-01-01,7,0,0,1
2017-05-13,2016/2017,Swansea City,Sunderland,0,2,0,PAUL CLEMENT,2017-04-01,2100-01-01,8,0,0,1
2017-05-21,2016/2017,Swansea City,West Brom,1,2,1,PAUL CLEMENT,2017-04-01,2100-01-01,9,0,0,1
2017-08-12,2017/2018,Swansea City,Southampton,0,0,0,PAUL CLEMENT,2017-04-01,2100-01-01,10,0,0,1
2017-08-19,2017/2018,Swansea City,Manchester Utd,1,0,4,PAUL CLEMENT,2017-04-01,2100-01-01,11,0,0,0
2017-08-26,2017/2018,Swansea City,Crystal Palace,0,2,0,PAUL CLEMENT,2017-04-01,2100-01-01,12,0,0,0
2017-09-10,2017/2018,Swansea City,Newcastle Utd,1,0,1,PAUL CLEMENT,2017-04-01,2100-01-01,13,0,0,0
2017-09-16,2017/2018,Swansea City,Tottenham,0,0,0,PAUL CLEMENT,2017-04-01,2100-01-01,14,0,0,0
2017-09-23,2017/2018,Swansea City,Watford,1,1,2,PAUL CLEMENT,2017-04-01,2100-01-01,15,0,0,0
2017-09-30,2017/2018,Swansea City,West Ham,0,0,1,PAUL CLEMENT,2017-04-01,2100-01-01,16,0,0,0
2017-10-14,2017/2018,Swansea City,Huddersfield,1,2,0,PAUL CLEMENT,2017-04-01,2100-01-01,17,0,0,0
2017-10-21,2017/2018,Swansea City,Leicester City,1,1,2,PAUL CLEMENT,2017-04-01,2100-01-01,18,0,0,0
2017-10-28,2017/2018,Swansea City,Arsenal,0,1,2,PAUL CLEMENT,2017-04-01,2100-01-01,19,0,0,0
2017-11-04,2017/2018,Swansea City,Brighton,1,0,1,PAUL CLEMENT,2017-04-01,2100-01-01,20,0,0,0
2017-11-18,2017/2018,Swansea City,Burnley,0,0,2,PAUL CLEMENT,2017-04-01,2100-01-01,21,0,0,0
2017-11-25,2017/2018,Swansea City,Bournemouth,1,0,0,PAUL CLEMENT,2017-04-01,2100-01-01,22,0,0,0
2017-11-29,2017/2018,Swansea City,Chelsea,0,0,1,PAUL CLEMENT,2017-04-01,2100-01-01,23,0,0,0
2017-12-02,2017/2018,Swansea City,Stoke City,0,1,2,PAUL CLEMENT,2017-04-01,2100-01-01,24,0,0,0
2017-12-09,2017/2018,Swansea City,West Brom,1,1,0,PAUL CLEMENT,2017-04-01,2100-01-01,25,0,0,0
2017-12-13,2017/2018,Swansea City,Manchester City,1,0,4,PAUL CLEMENT,2017-04-01,2100-01-01,26,0,0,0
2017-12-18,2017/2018,Swansea City,Everton,0,1,3,PAUL CLEMENT,2017-04-01,2100-01-01,27,0,0,0
2023-01-15,2022/2023,Tottenham,Arsenal,1,0,2,ANGE POSTECOGLOU,2023-01-07,2025-06-06,1,1,0,0
2023-01-19,2022/2023,Tottenham,Manchester City,0,2,4,ANGE POSTECOGLOU,2023-01-07,2025-06-06,2,1,0,0
2023-01-23,2022/2023,Tottenham,Fulham,0,1,0,ANGE POSTECOGLOU,2023-01-07,2025-06-06,3,1,0,0
2023-02-05,2022/2023,Tottenham,Manchester City,1,1,0,ANGE POSTECOGLOU,2023-01-07,2025-06-06,4,0,1,0
2023-02-11,2022/2023,Tottenham,Leicester City,0,1,4,ANGE POSTECOGLOU,2023-01-07,2025-06-06,5,0,1,0
2023-02-19,2022/2023,Tottenham,West Ham,1,2,0,ANGE POSTECOGLOU,2023-01-07,2025-06-06,6,0,1,0
2023-02-26,2022/2023,Tottenham,Chelsea,1,2,0,ANGE POSTECOGLOU,2023-01-07,2025-06-06,7,0,0,1
2023-03-04,2022/2023,Tottenham,Wolves,0,0,1,ANGE POSTECOGLOU,2023-01-07,2025-06-06,8,0,0,1
2023-03-11,2022/2023,Tottenham,Nott'ham Forest,1,3,1,ANGE POSTECOGLOU,2023-01-07,2025-06-06,9,0,0,1
2023-03-18,2022/2023,Tottenham,Southampton,0,3,3,ANGE POSTECOGLOU,2023-01-07,2025-06-06,10,0,0,1
2021-02-13,2020/2021,Tottenham,Manchester City,0,0,3,ANTONIO CONTE,2021-02-11,2100-01-01,1,1,0,0
2021-02-21,2020/2021,Tottenham,West Ham,0,1,2,ANTONIO CONTE,2021-02-11,2100-01-01,2,1,0,0
2021-02-28,2020/2021,Tottenham,Burnley,1,4,0,ANTONIO CONTE,2021-02-11,2100-01-01,3,1,0,0
2021-03-04,2020/2021,Tottenham,Fulham,0,1,0,ANTONIO CONTE,2021-02-11,2100-01-01,4,0,1,0
2021-03-07,2020/2021,Tottenham,Crystal Palace,1,4,1,ANTONIO CONTE,2021-02-11,2100-01-01,5,0,1,0
2021-03-14,2020/2021,Tottenham,Arsenal,0,1,2,ANTONIO CONTE,2021-02-11,2100-01-01,6,0,1,0
2021-03-21,2020/2021,Tottenham,Aston Villa,0,2,0,ANTONIO CONTE,2021-02-11,2100-01-01,7,0,0,1
2021-04-04,2020/2021,Tottenham,Newcastle Utd,0,2,2,ANTONIO CONTE,2021-02-11,2100-01-01,8,0,0,1
2021-04-11,2020/2021,Tottenham,Manchester Utd,1,1,3,ANTONIO CONTE,2021-02-11,2100-01-01,9,0,0,1
2021-04-16,2020/2021,Tottenham,Everton,0,2,2,ANTONIO CONTE,2021-02-11,2100-01-01,10,0,0,1
2023-04-03,2022/2023,Tottenham,Everton,0,1,1,CRISTAIN STELLINI,2023-03-26,2100-01-01,1,1,0,0
2023-04-08,2022/2023,Tottenham,Brighton,1,2,1,CRISTAIN STELLINI,2023-03-26,2100-01-01,2,1,0,0
2023-04-15,2022/2023,Tottenham,Bournemouth,1,2,3,CRISTAIN STELLINI,2023-03-26,2100-01-01,3,1,0,0
2023-04-23,2022/2023,Tottenham,Newcastle Utd,0,1,6,CRISTAIN STELLINI,2023-03-26,2100-01-01,4,0,1,0
2019-11-23,2019/2020,Tottenham,West Ham,0,3,2,JOSE MOURINHO,2019-11-20,2100-01-01,1,1,0,0
2019-11-30,2019/2020,Tottenham,Bournemouth,1,3,2,JOSE MOURINHO,2019-11-20,2100-01-01,2,1,0,0
2019-12-04,2019/2020,Tottenham,Manchester Utd,0,1,2,JOSE MOURINHO,2019-11-20,2100-01-01,3,1,0,0
2019-12-07,2019/2020,Tottenham,Burnley,1,5,0,JOSE MOURINHO,2019-11-20,2100-01-01,4,0,1,0
2019-12-15,2019/2020,Tottenham,Wolves,0,2,1,JOSE MOURINHO,2019-11-20,2100-01-01,5,0,1,0
2019-12-22,2019/2020,Tottenham,Chelsea,1,0,2,JOSE MOURINHO,2019-11-20,2100-01-01,6,0,1,0
2019-12-26,2019/2020,Tottenham,Brighton,1,2,1,JOSE MOURINHO,2019-11-20,2100-01-01,7,0,0,1
2019-12-28,2019/2020,Tottenham,Norwich City,0,2,2,JOSE MOURINHO,2019-11-20,2100-01-01,8,0,0,1
2020-01-01,2019/2020,Tottenham,Southampton,0,0,1,JOSE MOURINHO,2019-11-20,2100-01-01,9,0,0,1
2020-01-11,2019/2020,Tottenham,Liverpool,1,0,1,JOSE MOURINHO,2019-11-20,2100-01-01,10,0,0,1
2020-01-18,2019/2020,Tottenham,Watford,0,0,0,JOSE MOURINHO,2019-11-20,2100-01-01,11,0,0,0
2020-01-22,2019/2020,Tottenham,Norwich City,1,2,1,JOSE MOURINHO,2019-11-20,2100-01-01,12,0,0,0
2020-02-02,2019/2020,Tottenham,Manchester City,1,2,0,JOSE MOURINHO,2019-11-20,2100-01-01,13,0,0,0
2020-02-16,2019/2020,Tottenham,Aston Villa,0,3,2,JOSE MOURINHO,2019-11-20,2100-01-01,14,0,0,0
2020-02-22,2019/2020,Tottenham,Chelsea,0,1,2,JOSE MOURINHO,2019-11-20,2100-01-01,15,0,0,0
2020-03-01,2019/2020,Tottenham,Wolves,1,2,3,JOSE MOURINHO,2019-11-20,2100-01-01,16,0,0,0
2020-03-07,2019/2020,Tottenham,Burnley,0,1,1,JOSE MOURINHO,2019-11-20,2100-01-01,17,0,0,0
2020-06-19,2019/2020,Tottenham,Manchester Utd,1,1,1,JOSE MOURINHO,2019-11-20,2100-01-01,18,0,0,0
2020-06-23,2019/2020,Tottenham,West Ham,1,2,0,JOSE MOURINHO,2019-11-20,2100-01-01,19,0,0,0
2020-07-02,2019/2020,Tottenham,Sheffield Utd,0,1,3,JOSE MOURINHO,2019-11-20,2100-01-01,20,0,0,0
2020-07-06,2019/2020,Tottenham,Everton,1,1,0,JOSE MOURINHO,2019-11-20,2100-01-01,21,0,0,0
2020-07-09,2019/2020,Tottenham,Bournemouth,0,0,0,JOSE MOURINHO,2019-11-20,2100-01-01,22,0,0,0
2020-07-12,2019/2020,Tottenham,Arsenal,1,2,1,JOSE MOURINHO,2019-11-20,2100-01-01,23,0,0,0
2020-07-15,2019/2020,Tottenham,Newcastle Utd,0,3,1,JOSE MOURINHO,2019-11-20,2100-01-01,24,0,0,0
2020-07-19,2019/2020,Tottenham,Leicester City,1,3,0,JOSE MOURINHO,2019-11-20,2100-01-01,25,0,0,0
2020-07-26,2019/2020,Tottenham,Crystal Palace,0,1,1,JOSE MOURINHO,2019-11-20,2100-01-01,26,0,0,0
2020-09-13,2020/2021,Tottenham,Everton,1,0,1,JOSE MOURINHO,2019-11-20,2100-01-01,27,0,0,0
2020-09-20,2020/2021,Tottenham,Southampton,0,5,2,JOSE MOURINHO,2019-11-20,2100-01-01,28,0,0,0
2020-09-27,2020/2021,Tottenham,Newcastle Utd,1,1,1,JOSE MOURINHO,2019-11-20,2100-01-01,29,0,0,0
2020-10-04,2020/2021,Tottenham,Manchester Utd,0,6,1,JOSE MOURINHO,2019-11-20,2100-01-01,30,0,0,0
2020-10-18,2020/2021,Tottenham,West Ham,1,3,3,JOSE MOURINHO,2019-11-20,2100-01-01,31,0,0,0
2020-10-26,2020/2021,Tottenham,Burnley,0,1,0,JOSE MOURINHO,2019-11-20,2100-01-01,32,0,0,0
2020-11-01,2020/2021,Tottenham,Brighton,1,2,1,JOSE MOURINHO,2019-11-20,2100-01-01,33,0,0,0
2020-11-08,2020/2021,Tottenham,West Brom,0,1,0,JOSE MOURINHO,2019-11-20,2100-01-01,34,0,0,0
2020-11-21,2020/2021,Tottenham,Manchester City,1,2,0,JOSE MOURINHO,2019-11-20,2100-01-01,35,0,0,0
2020-11-29,2020/2021,Tottenham,Chelsea,0,0,0,JOSE MOURINHO,2019-11-20,2100-01-01,36,0,0,0
2020-12-06,2020/2021,Tottenham,Arsenal,1,2,0,JOSE MOURINHO,2019-11-20,2100-01-01,37,0,0,0
2020-12-13,2020/2021,Tottenham,Crystal Palace,0,1,1,JOSE MOURINHO,2019-11-20,2100-01-01,38,0,0,0
2020-12-16,2020/2021,Tottenham,Liverpool,0,1,2,JOSE MOURINHO,2019-11-20,2100-01-01,39,0,0,0
2020-12-20,2020/2021,Tottenham,Leicester City,1,0,2,JOSE MOURINHO,2019-11-20,2100-01-01,40,0,0,0
2020-12-27,2020/2021,Tottenham,Wolves,0,1,1,JOSE MOURINHO,2019-11-20,2100-01-01,41,0,0,0
2021-01-02,2020/2021,Tottenham,Leeds United,1,3,0,JOSE MOURINHO,2019-11-20,2100-01-01,42,0,0,0
2021-01-13,2020/2021,Tottenham,Fulham,1,1,1,JOSE MOURINHO,2019-11-20,2100-01-01,43,0,0,0
2021-01-17,2020/2021,Tottenham,Sheffield Utd,0,3,1,JOSE MOURINHO,2019-11-20,2100-01-01,44,0,0,0
2021-01-28,2020/2021,Tottenham,Liverpool,1,1,3,JOSE MOURINHO,2019-11-20,2100-01-01,45,0,0,0
2021-01-31,2020/2021,Tottenham,Brighton,0,0,1,JOSE MOURINHO,2019-11-20,2100-01-01,46,0,0,0
2021-02-04,2020/2021,Tottenham,Chelsea,1,0,1,JOSE MOURINHO,2019-11-20,2100-01-01,47,0,0,0
2021-02-07,2020/2021,Tottenham,West Brom,1,2,0,JOSE MOURINHO,2019-11-20,2100-01-01,48,0,0,0
2014-08-16,2014/2015,Tottenham,West Ham,0,1,0,MAURICIO POCHETTINO,2014-01-07,2100-01-01,101,0,0,0
2014-08-24,2014/2015,Tottenham,QPR,1,4,0,MAURICIO POCHETTINO,2014-01-07,2100-01-01,102,0,0,0
2014-08-31,2014/2015,Tottenham,Liverpool,1,0,3,MAURICIO POCHETTINO,2014-01-07,2100-01-01,103,0,0,0
2014-09-13,2014/2015,Tottenham,Sunderland,0,2,2,MAURICIO POCHETTINO,2014-01-07,2100-01-01,104,0,0,0
2014-09-21,2014/2015,Tottenham,West Brom,1,0,1,MAURICIO POCHETTINO,2014-01-07,2100-01-01,105,0,0,0
2014-09-27,2014/2015,Tottenham,Arsenal,0,1,1,MAURICIO POCHETTINO,2014-01-07,2100-01-01,106,0,0,0
2014-10-05,2014/2015,Tottenham,Southampton,1,1,0,MAURICIO POCHETTINO,2014-01-07,2100-01-01,107,0,0,0
2014-10-18,2014/2015,Tottenham,Manchester City,0,1,4,MAURICIO POCHETTINO,2014-01-07,2100-01-01,108,0,0,0
2014-10-26,2014/2015,Tottenham,Newcastle Utd,1,1,2,MAURICIO POCHETTINO,2014-01-07,2100-01-01,109,0,0,0
2014-11-02,2014/2015,Tottenham,Aston Villa,0,2,1,MAURICIO POCHETTINO,2014-01-07,2100-01-01,110,0,0,0
2014-11-09,2014/2015,Tottenham,Stoke City,1,1,2,MAURICIO POCHETTINO,2014-01-07,2100-01-01,111,0,0,0
2014-11-23,2014/2015,Tottenham,Hull City,0,2,1,MAURICIO POCHETTINO,2014-01-07,2100-01-01,112,0,0,0
2014-11-30,2014/2015,Tottenham,Everton,1,2,1,MAURICIO POCHETTINO,2014-01-07,2100-01-01,113,0,0,0
2014-12-03,2014/2015,Tottenham,Chelsea,0,0,3,MAURICIO POCHETTINO,2014-01-07,2100-01-01,114,0,0,0
2014-12-06,2014/2015,Tottenham,Crystal Palace,1,0,0,MAURICIO POCHETTINO,2014-01-07,2100-01-01,115,0,0,0
2014-12-14,2014/2015,Tottenham,Swansea City,0,2,1,MAURICIO POCHETTINO,2014-01-07,2100-01-01,116,0,0,0
2014-12-20,2014/2015,Tottenham,Burnley,1,2,1,MAURICIO POCHETTINO,2014-01-07,2100-01-01,117,0,0,0
2014-12-26,2014/2015,Tottenham,Leicester City,0,2,1,MAURICIO POCHETTINO,2014-01-07,2100-01-01,118,0,0,0
2014-12-28,2014/2015,Tottenham,Manchester Utd,1,0,0,MAURICIO POCHETTINO,2014-01-07,2100-01-01,119,0,0,0
2015-01-01,2014/2015,Tottenham,Chelsea,1,5,3,MAURICIO POCHETTINO,2014-01-07,2100-01-01,120,0,0,0
2015-01-10,2014/2015,Tottenham,Crystal Palace,0,1,2,MAURICIO POCHETTINO,2014-01-07,2100-01-01,121,0,0,0
2015-01-17,2014/2015,Tottenham,Sunderland,1,2,1,MAURICIO POCHETTINO,2014-01-07,2100-01-01,122,0,0,0
2015-01-31,2014/2015,Tottenham,West Brom,0,3,0,MAURICIO POCHETTINO,2014-01-07,2100-01-01,123,0,0,0
2015-02-07,2014/2015,Tottenham,Arsenal,1,2,1,MAURICIO POCHETTINO,2014-01-07,2100-01-01,124,0,0,0
2015-02-10,2014/2015,Tottenham,Liverpool,0,2,3,MAURICIO POCHETTINO,2014-01-07,2100-01-01,125,0,0,0
2015-02-22,2014/2015,Tottenham,West Ham,1,2,2,MAURICIO POCHETTINO,2014-01-07,2100-01-01,126,0,0,0
2015-03-04,2014/2015,Tottenham,Swansea City,1,3,2,MAURICIO POCHETTINO,2014-01-07,2100-01-01,127,0,0,0
2015-03-07,2014/2015,Tottenham,QPR,0,2,1,MAURICIO POCHETTINO,2014-01-07,2100-01-01,128,0,0,0
2015-03-15,2014/2015,Tottenham,Manchester Utd,0,0,3,MAURICIO POCHETTINO,2014-01-07,2100-01-01,129,0,0,0
2015-03-21,2014/2015,Tottenham,Leicester City,1,4,3,MAURICIO POCHETTINO,2014-01-07,2100-01-01,130,0,0,0
2015-04-05,2014/2015,Tottenham,Burnley,0,0,0,MAURICIO POCHETTINO,2014-01-07,2100-01-01,131,0,0,0
2015-04-11,2014/2015,Tottenham,Aston Villa,1,0,1,MAURICIO POCHETTINO,2014-01-07,2100-01-01,132,0,0,0
2015-04-19,2014/2015,Tottenham,Newcastle Utd,0,3,1,MAURICIO POCHETTINO,2014-01-07,2100-01-01,133,0,0,0
2015-04-25,2014/2015,Tottenham,Southampton,0,2,2,MAURICIO POCHETTINO,2014-01-07,2100-01-01,134,0,0,0
2015-05-03,2014/2015,Tottenham,Manchester City,1,0,1,MAURICIO POCHETTINO,2014-01-07,2100-01-01,135,0,0,0
2015-05-09,2014/2015,Tottenham,Stoke City,0,0,3,MAURICIO POCHETTINO,2014-01-07,2100-01-01,136,0,0,0
2015-05-16,2014/2015,Tottenham,Hull City,1,2,0,MAURICIO POCHETTINO,2014-01-07,2100-01-01,137,0,0,0
2015-05-24,2014/2015,Tottenham,Everton,0,1,0,MAURICIO POCHETTINO,2014-01-07,2100-01-01,138,0,0,0
2015-08-08,2015/2016,Tottenham,Manchester Utd,0,0,1,MAURICIO POCHETTINO,2014-01-07,2100-01-01,139,0,0,0
2015-08-15,2015/2016,Tottenham,Stoke City,1,2,2,MAURICIO POCHETTINO,2014-01-07,2100-01-01,140,0,0,0
2015-08-22,2015/2016,Tottenham,Leicester City,0,1,1,MAURICIO POCHETTINO,2014-01-07,2100-01-01,141,0,0,0
2015-08-29,2015/2016,Tottenham,Everton,1,0,0,MAURICIO POCHETTINO,2014-01-07,2100-01-01,142,0,0,0
2015-09-13,2015/2016,Tottenham,Sunderland,0,1,0,MAURICIO POCHETTINO,2014-01-07,2100-01-01,143,0,0,0
2015-09-20,2015/2016,Tottenham,Crystal Palace,1,1,0,MAURICIO POCHETTINO,2014-01-07,2100-01-01,144,0,0,0
2015-09-26,2015/2016,Tottenham,Manchester City,1,4,1,MAURICIO POCHETTINO,2014-01-07,2100-01-01,145,0,0,0
2015-10-04,2015/2016,Tottenham,Swansea City,0,2,2,MAURICIO POCHETTINO,2014-01-07,2100-01-01,146,0,0,0
2015-10-17,2015/2016,Tottenham,Liverpool,1,0,0,MAURICIO POCHETTINO,2014-01-07,2100-01-01,147,0,0,0
2015-10-25,2015/2016,Tottenham,Bournemouth,0,5,1,MAURICIO POCHETTINO,2014-01-07,2100-01-01,148,0,0,0
2015-11-02,2015/2016,Tottenham,Aston Villa,1,3,1,MAURICIO POCHETTINO,2014-01-07,2100-01-01,149,0,0,0
2015-11-08,2015/2016,Tottenham,Arsenal,0,1,1,MAURICIO POCHETTINO,2014-01-07,2100-01-01,150,0,0,0
2015-11-22,2015/2016,Tottenham,West Ham,1,4,1,MAURICIO POCHETTINO,2014-01-07,2100-01-01,151,0,0,0
2015-11-29,2015/2016,Tottenham,Chelsea,1,0,0,MAURICIO POCHETTINO,2014-01-07,2100-01-01,152,0,0,0
2015-12-05,2015/2016,Tottenham,West Brom,0,1,1,MAURICIO POCHETTINO,2014-01-07,2100-01-01,153,0,0,0
2015-12-13,2015/2016,Tottenham,Newcastle Utd,1,1,2,MAURICIO POCHETTINO,2014-01-07,2100-01-01,154,0,0,0
2015-12-19,2015/2016,Tottenham,Southampton,0,2,0,MAURICIO POCHETTINO,2014-01-07,2100-01-01,155,0,0,0
2015-12-26,2015/2016,Tottenham,Norwich City,1,3,0,MAURICIO POCHETTINO,2014-01-07,2100-01-01,156,0,0,0
2015-12-28,2015/2016,Tottenham,Watford,0,2,1,MAURICIO POCHETTINO,2014-01-07,2100-01-01,157,0,0,0
2016-01-03,2015/2016,Tottenham,Everton,0,1,1,MAURICIO POCHETTINO,2014-01-07,2100-01-01,158,0,0,0
2016-01-13,2015/2016,Tottenham,Leicester City,1,0,1,MAURICIO POCHETTINO,2014-01-07,2100-01-01,159,0,0,0
2016-01-16,2015/2016,Tottenham,Sunderland,1,4,1,MAURICIO POCHETTINO,2014-01-07,2100-01-01,160,0,0,0
2016-01-23,2015/2016,Tottenham,Crystal Palace,0,3,1,MAURICIO POCHETTINO,2014-01-07,2100-01-01,161,0,0,0
2016-02-02,2015/2016,Tottenham,Norwich City,0,3,0,MAURICIO POCHETTINO,2014-01-07,2100-01-01,162,0,0,0
2016-02-06,2015/2016,Tottenham,Watford,1,1,0,MAURICIO POCHETTINO,2014-01-07,2100-01-01,163,0,0,0
2016-02-14,2015/2016,Tottenham,Manchester City,0,2,1,MAURICIO POCHETTINO,2014-01-07,2100-01-01,164,0,0,0
2016-02-28,2015/2016,Tottenham,Swansea City,1,2,1,MAURICIO POCHETTINO,2014-01-07,2100-01-01,165,0,0,0
2016-03-02,2015/2016,Tottenham,West Ham,0,0,1,MAURICIO POCHETTINO,2014-01-07,2100-01-01,166,0,0,0
2016-03-05,2015/2016,Tottenham,Arsenal,1,2,2,MAURICIO POCHETTINO,2014-01-07,2100-01-01,167,0,0,0
2016-03-13,2015/2016,Tottenham,Aston Villa,0,2,0,MAURICIO POCHETTINO,2014-01-07,2100-01-01,168,0,0,0
2016-03-20,2015/2016,Tottenham,Bournemouth,1,3,0,MAURICIO POCHETTINO,2014-01-07,2100-01-01,169,0,0,0
2016-04-02,2015/2016,Tottenham,Liverpool,0,1,1,MAURICIO POCHETTINO,2014-01-07,2100-01-01,170,0,0,0
2016-04-10,2015/2016,Tottenham,Manchester Utd,1,3,0,MAURICIO POCHETTINO,2014-01-07,2100-01-01,171,0,0,0
2016-04-18,2015/2016,Tottenham,Stoke City,0,4,0,MAURICIO POCHETTINO,2014-01-07,2100-01-01,172,0,0,0
2016-04-25,2015/2016,Tottenham,West Brom,1,1,1,MAURICIO POCHETTINO,2014-01-07,2100-01-01,173,0,0,0
2016-05-02,2015/2016,Tottenham,Chelsea,0,2,2,MAURICIO POCHETTINO,2014-01-07,2100-01-01,174,0,0,0
2016-05-08,2015/2016,Tottenham,Southampton,1,1,2,MAURICIO POCHETTINO,2014-01-07,2100-01-01,175,0,0,0
2016-05-15,2015/2016,Tottenham,Newcastle Utd,0,1,5,MAURICIO POCHETTINO,2014-01-07,2100-01-01,176,0,0,0
2016-08-13,2016/2017,Tottenham,Everton,0,1,1,MAURICIO POCHETTINO,2014-01-07,2100-01-01,177,0,0,0
2016-08-20,2016/2017,Tottenham,Crystal Palace,1,1,0,MAURICIO POCHETTINO,2014-01-07,2100-01-01,178,0,0,0
2016-08-27,2016/2017,Tottenham,Liverpool,1,1,1,MAURICIO POCHETTINO,2014-01-07,2100-01-01,179,0,0,0
2016-09-10,2016/2017,Tottenham,Stoke City,0,4,0,MAURICIO POCHETTINO,2014-01-07,2100-01-01,180,0,0,0
2016-09-18,2016/2017,Tottenham,Sunderland,1,1,0,MAURICIO POCHETTINO,2014-01-07,2100-01-01,181,0,0,0
2016-09-24,2016/2017,Tottenham,Middlesbrough,0,2,1,MAURICIO POCHETTINO,2014-01-07,2100-01-01,182,0,0,0
2016-10-02,2016/2017,Tottenham,Manchester City,1,2,0,MAURICIO POCHETTINO,2014-01-07,2100-01-01,183,0,0,0
2016-10-15,2016/2017,Tottenham,West Brom,0,1,1,MAURICIO POCHETTINO,2014-01-07,2100-01-01,184,0,0,0
2016-10-22,2016/2017,Tottenham,Bournemouth,0,0,0,MAURICIO POCHETTINO,2014-01-07,2100-01-01,185,0,0,0
2016-10-29,2016/2017,Tottenham,Leicester City,1,1,1,MAURICIO POCHETTINO,2014-01-07,2100-01-01,186,0,0,0
2016-11-06,2016/2017,Tottenham,Arsenal,0,1,1,MAURICIO POCHETTINO,2014-01-07,2100-01-01,187,0,0,0
2016-11-19,2016/2017,Tottenham,West Ham,1,3,2,MAURICIO POCHETTINO,2014-01-07,2100-01-01,188,0,0,0
2016-11-26,2016/2017,Tottenham,Chelsea,0,1,2,MAURICIO POCHETTINO,2014-01-07,2100-01-01,189,0,0,0
2016-12-03,2016/2017,Tottenham,Swansea City,1,5,0,MAURICIO POCHETTINO,2014-01-07,2100-01-01,190,0,0,0
2016-12-11,2016/2017,Tottenham,Manchester Utd,0,0,1,MAURICIO POCHETTINO,2014-01-07,2100-01-01,191,0,0,0
2016-12-14,2016/2017,Tottenham,Hull City,1,3,0,MAURICIO POCHETTINO,2014-01-07,2100-01-01,192,0,0,0
2016-12-18,2016/2017,Tottenham,Burnley,1,2,1,MAURICIO POCHETTINO,2014-01-07,2100-01-01,193,0,0,0
2016-12-28,2016/2017,Tottenham,Southampton,0,4,1,MAURICIO POCHETTINO,2014-01-07,2100-01-01,194,0,0,0
2017-01-01,2016/2017,Tottenham,Watford,0,4,1,MAURICIO POCHETTINO,2014-01-07,2100-01-01,195,0,0,0
2017-01-04,2016/2017,Tottenham,Chelsea,1,2,0,MAURICIO POCHETTINO,2014-01-07,2100-01-01,196,0,0,0
2017-01-14,2016/2017,Tottenham,West Brom,1,4,0,MAURICIO POCHETTINO,2014-01-07,2100-01-01,197,0,0,0
2017-01-21,2016/2017,Tottenham,Manchester City,0,2,2,MAURICIO POCHETTINO,2014-01-07,2100-01-01,198,0,0,0
2017-01-31,2016/2017,Tottenham,Sunderland,0,0,0,MAURICIO POCHETTINO,2014-01-07,2100-01-01,199,0,0,0
2017-02-04,2016/2017,Tottenham,Middlesbrough,1,1,0,MAURICIO POCHETTINO,2014-01-07,2100-01-01,200,0,0,0
2017-02-11,2016/2017,Tottenham,Liverpool,0,0,2,MAURICIO POCHETTINO,2014-01-07,2100-01-01,201,0,0,0
2017-02-26,2016/2017,Tottenham,Stoke City,1,4,0,MAURICIO POCHETTINO,2014-01-07,2100-01-01,202,0,0,0
2017-03-05,2016/2017,Tottenham,Everton,1,3,2,MAURICIO POCHETTINO,2014-01-07,2100-01-01,203,0,0,0
2017-03-19,2016/2017,Tottenham,Southampton,1,2,1,MAURICIO POCHETTINO,2014-01-07,2100-01-01,204,0,0,0
2017-04-01,2016/2017,Tottenham,Burnley,0,2,0,MAURICIO POCHETTINO,2014-01-07,2100-01-01,205,0,0,0
2017-04-05,2016/2017,Tottenham,Swansea City,0,3,1,MAURICIO POCHETTINO,2014-01-07,2100-01-01,206,0,0,0
2017-04-08,2016/2017,Tottenham,Watford,1,4,0,MAURICIO POCHETTINO,2014-01-07,2100-01-01,207,0,0,0
2017-04-15,2016/2017,Tottenham,Bournemouth,1,4,0,MAURICIO POCHETTINO,2014-01-07,2100-01-01,208,0,0,0
2017-04-26,2016/2017,Tottenham,Crystal Palace,0,1,0,MAURICIO POCHETTINO,2014-01-07,2100-01-01,209,0,0,0
2017-04-30,2016/2017,Tottenham,Arsenal,1,2,0,MAURICIO POCHETTINO,2014-01-07,2100-01-01,210,0,0,0
2017-05-05,2016/2017,Tottenham,West Ham,0,0,1,MAURICIO POCHETTINO,2014-01-07,2100-01-01,211,0,0,0
2017-05-14,2016/2017,Tottenham,Manchester Utd,1,2,1,MAURICIO POCHETTINO,2014-01-07,2100-01-01,212,0,0,0
2017-05-18,2016/2017,Tottenham,Leicester City,0,6,1,MAURICIO POCHETTINO,2014-01-07,2100-01-01,213,0,0,0
2017-05-21,2016/2017,Tottenham,Hull City,0,7,1,MAURICIO POCHETTINO,2014-01-07,2100-01-01,214,0,0,0
2017-08-13,2017/2018,Tottenham,Newcastle Utd,0,2,0,MAURICIO POCHETTINO,2014-01-07,2100-01-01,215,0,0,0
2017-08-20,2017/2018,Tottenham,Chelsea,1,1,2,MAURICIO POCHETTINO,2014-01-07,2100-01-01,216,0,0,0
2017-08-27,2017/2018,Tottenham,Burnley,1,1,1,MAURICIO POCHETTINO,2014-01-07,2100-01-01,217,0,0,0
2017-09-09,2017/2018,Tottenham,Everton,0,3,0,MAURICIO POCHETTINO,2014-01-07,2100-01-01,218,0,0,0
2017-09-16,2017/2018,Tottenham,Swansea City,1,0,0,MAURICIO POCHETTINO,2014-01-07,2100-01-01,219,0,0,0
2017-09-23,2017/2018,Tottenham,West Ham,0,3,2,MAURICIO POCHETTINO,2014-01-07,2100-01-01,220,0,0,0
2017-09-30,2017/2018,Tottenham,Huddersfield,0,4,0,MAURICIO POCHETTINO,2014-01-07,2100-01-01,221,0,0,0
2017-10-14,2017/2018,Tottenham,Bournemouth,1,1,0,MAURICIO POCHETTINO,2014-01-07,2100-01-01,222,0,0,0
2017-10-22,2017/2018,Tottenham,Liverpool,1,4,1,MAURICIO POCHETTINO,2014-01-07,2100-01-01,223,0,0,0
2017-10-28,2017/2018,Tottenham,Manchester Utd,0,0,1,MAURICIO POCHETTINO,2014-01-07,2100-01-01,224,0,0,0
2017-11-05,2017/2018,Tottenham,Crystal Palace,1,1,0,MAURICIO POCHETTINO,2014-01-07,2100-01-01,225,0,0,0
2017-11-18,2017/2018,Tottenham,Arsenal,0,0,2,MAURICIO POCHETTINO,2014-01-07,2100-01-01,226,0,0,0
2017-11-25,2017/2018,Tottenham,West Brom,1,1,1,MAURICIO POCHETTINO,2014-01-07,2100-01-01,227,0,0,0
2017-11-28,2017/2018,Tottenham,Leicester City,0,1,2,MAURICIO POCHETTINO,2014-01-07,2100-01-01,228,0,0,0
2017-12-02,2017/2018,Tottenham,Watford,0,1,1,MAURICIO POCHETTINO,2014-01-07,2100-01-01,229,0,0,0
2017-12-09,2017/2018,Tottenham,Stoke City,1,5,1,MAURICIO POCHETTINO,2014-01-07,2100-01-01,230,0,0,0
2017-12-13,2017/2018,Tottenham,Brighton,1,2,0,MAURICIO POCHETTINO,2014-01-07,2100-01-01,231,0,0,0
2017-12-16,2017/2018,Tottenham,Manchester City,0,1,4,MAURICIO POCHETTINO,2014-01-07,2100-01-01,232,0,0,0
2017-12-23,2017/2018,Tottenham,Burnley,0,3,0,MAURICIO POCHETTINO,2014-01-07,2100-01-01,233,0,0,0
2017-12-26,2017/2018,Tottenham,Southampton,1,5,2,MAURICIO POCHETTINO,2014-01-07,2100-01-01,234,0,0,0
2018-01-02,2017/2018,Tottenham,Swansea City,0,2,0,MAURICIO POCHETTINO,2014-01-07,2100-01-01,235,0,0,0
2018-01-04,2017/2018,Tottenham,West Ham,1,1,1,MAURICIO POCHETTINO,2014-01-07,2100-01-01,236,0,0,0
2018-01-13,2017/2018,Tottenham,Everton,1,4,0,MAURICIO POCHETTINO,2014-01-07,2100-01-01,237,0,0,0
2018-01-21,2017/2018,Tottenham,Southampton,0,1,1,MAURICIO POCHETTINO,2014-01-07,2100-01-01,238,0,0,0
2018-01-31,2017/2018,Tottenham,Manchester Utd,1,2,0,MAURICIO POCHETTINO,2014-01-07,2100-01-01,239,0,0,0
2018-02-04,2017/2018,Tottenham,Liverpool,0,2,2,MAURICIO POCHETTINO,2014-01-07,2100-01-01,240,0,0,0
2018-02-10,2017/2018,Tottenham,Arsenal,1,1,0,MAURICIO POCHETTINO,2014-01-07,2100-01-01,241,0,0,0
2018-02-25,2017/2018,Tottenham,Crystal Palace,0,1,0,MAURICIO POCHETTINO,2014-01-07,2100-01-01,242,0,0,0
2018-03-03,2017/2018,Tottenham,Huddersfield,1,2,0,MAURICIO POCHETTINO,2014-01-07,2100-01-01,243,0,0,0
2018-03-11,2017/2018,Tottenham,Bournemouth,0,4,1,MAURICIO POCHETTINO,2014-01-07,2100-01-01,244,0,0,0
2018-04-01,2017/2018,Tottenham,Chelsea,0,3,1,MAURICIO POCHETTINO,2014-01-07,2100-01-01,245,0,0,0
2018-04-07,2017/2018,Tottenham,Stoke City,0,2,1,MAURICIO POCHETTINO,2014-01-07,2100-01-01,246,0,0,0
2018-04-14,2017/2018,Tottenham,Manchester City,1,1,3,MAURICIO POCHETTINO,2014-01-07,2100-01-01,247,0,0,0
2018-04-17,2017/2018,Tottenham,Brighton,0,1,1,MAURICIO POCHETTINO,2014-01-07,2100-01-01,248,0,0,0
2018-04-30,2017/2018,Tottenham,Watford,1,2,0,MAURICIO POCHETTINO,2014-01-07,2100-01-01,249,0,0,0
2018-05-05,2017/2018,Tottenham,West Brom,0,0,1,MAURICIO POCHETTINO,2014-01-07,2100-01-01,250,0,0,0
2018-05-09,2017/2018,Tottenham,Newcastle Utd,1,1,0,MAURICIO POCHETTINO,2014-01-07,2100-01-01,251,0,0,0
2018-05-13,2017/2018,Tottenham,Leicester City,1,5,4,MAURICIO POCHETTINO,2014-01-07,2100-01-01,252,0,0,0
2018-08-11,2018/2019,Tottenham,Newcastle Utd,0,2,1,MAURICIO POCHETTINO,2014-01-07,2100-01-01,253,0,0,0
2018-08-18,2018/2019,Tottenham,Fulham,1,3,1,MAURICIO POCHETTINO,2014-01-07,2100-01-01,254,0,0,0
2018-08-27,2018/2019,Tottenham,Manchester Utd,0,3,0,MAURICIO POCHETTINO,2014-01-07,2100-01-01,255,0,0,0
2018-09-02,2018/2019,Tottenham,Watford,0,1,2,MAURICIO POCHETTINO,2014-01-07,2100-01-01,256,0,0,0
2018-09-15,2018/2019,Tottenham,Liverpool,1,1,2,MAURICIO POCHETTINO,2014-01-07,2100-01-01,257,0,0,0
2018-09-22,2018/2019,Tottenham,Brighton,0,2,1,MAURICIO POCHETTINO,2014-01-07,2100-01-01,258,0,0,0
2018-09-29,2018/2019,Tottenham,Huddersfield,0,2,0,MAURICIO POCHETTINO,2014-01-07,2100-01-01,259,0,0,0
2018-10-06,2018/2019,Tottenham,Cardiff City,1,1,0,MAURICIO POCHETTINO,2014-01-07,2100-01-01,260,0,0,0
2018-10-20,2018/2019,Tottenham,West Ham,0,1,0,MAURICIO POCHETTINO,2014-01-07,2100-01-01,261,0,0,0
2018-10-29,2018/2019,Tottenham,Manchester City,1,0,1,MAURICIO POCHETTINO,2014-01-07,2100-01-01,262,0,0,0
2018-11-03,2018/2019,Tottenham,Wolves,0,3,2,MAURICIO POCHETTINO,2014-01-07,2100-01-01,263,0,0,0
2018-11-10,2018/2019,Tottenham,Crystal Palace,0,1,0,MAURICIO POCHETTINO,2014-01-07,2100-01-01,264,0,0,0
2018-11-24,2018/2019,Tottenham,Chelsea,1,3,1,MAURICIO POCHETTINO,2014-01-07,2100-01-01,265,0,0,0
2018-12-02,2018/2019,Tottenham,Arsenal,0,2,4,MAURICIO POCHETTINO,2014-01-07,2100-01-01,266,0,0,0
2018-12-05,2018/2019,Tottenham,Southampton,1,3,1,MAURICIO POCHETTINO,2014-01-07,2100-01-01,267,0,0,0
2018-12-08,2018/2019,Tottenham,Leicester City,0,2,0,MAURICIO POCHETTINO,2014-01-07,2100-01-01,268,0,0,0
2018-12-15,2018/2019,Tottenham,Burnley,1,1,0,MAURICIO POCHETTINO,2014-01-07,2100-01-01,269,0,0,0
2018-12-23,2018/2019,Tottenham,Everton,0,6,2,MAURICIO POCHETTINO,2014-01-07,2100-01-01,270,0,0,0
2018-12-26,2018/2019,Tottenham,Bournemouth,1,5,0,MAURICIO POCHETTINO,2014-01-07,2100-01-01,271,0,0,0
2018-12-29,2018/2019,Tottenham,Wolves,1,1,3,MAURICIO POCHETTINO,2014-01-07,2100-01-01,272,0,0,0
2019-01-01,2018/2019,Tottenham,Cardiff City,0,3,0,MAURICIO POCHETTINO,2014-01-07,2100-01-01,273,0,0,0
2019-01-13,2018/2019,Tottenham,Manchester Utd,1,0,1,MAURICIO POCHETTINO,2014-01-07,2100-01-01,274,0,0,0
2019-01-20,2018/2019,Tottenham,Fulham,0,2,1,MAURICIO POCHETTINO,2014-01-07,2100-01-01,275,0,0,0
2019-01-30,2018/2019,Tottenham,Watford,1,2,1,MAURICIO POCHETTINO,2014-01-07,2100-01-01,276,0,0,0
2019-02-02,2018/2019,Tottenham,Newcastle Utd,1,1,0,MAURICIO POCHETTINO,2014-01-07,2100-01-01,277,0,0,0
2019-02-10,2018/2019,Tottenham,Leicester City,1,3,1,MAURICIO POCHETTINO,2014-01-07,2100-01-01,278,0,0,0
2019-02-23,2018/2019,Tottenham,Burnley,0,1,2,MAURICIO POCHETTINO,2014-01-07,2100-01-01,279,0,0,0
2019-02-27,2018/2019,Tottenham,Chelsea,0,0,2,MAURICIO POCHETTINO,2014-01-07,2100-01-01,280,0,0,0
2019-03-02,2018/2019,Tottenham,Arsenal,1,1,1,MAURICIO POCHETTINO,2014-01-07,2100-01-01,281,0,0,0
2019-03-09,2018/2019,Tottenham,Southampton,0,1,2,MAURICIO POCHETTINO,2014-01-07,2100-01-01,282,0,0,0
2019-03-31,2018/2019,Tottenham,Liverpool,0,1,2,MAURICIO POCHETTINO,2014-01-07,2100-01-01,283,0,0,0
2019-04-03,2018/2019,Tottenham,Crystal Palace,1,2,0,MAURICIO POCHETTINO,2014-01-07,2100-01-01,284,0,0,0
2019-04-13,2018/2019,Tottenham,Huddersfield,1,4,0,MAURICIO POCHETTINO,2014-01-07,2100-01-01,285,0,0,0
2019-04-20,2018/2019,Tottenham,Manchester City,0,0,1,MAURICIO POCHETTINO,2014-01-07,2100-01-01,286,0,0,0
2019-04-23,2018/2019,Tottenham,Brighton,1,1,0,MAURICIO POCHETTINO,2014-01-07,2100-01-01,287,0,0,0
2019-04-27,2018/2019,Tottenham,West Ham,1,0,1,MAURICIO POCHETTINO,2014-01-07,2100-01-01,288,0,0,0
2019-05-04,2018/2019,Tottenham,Bournemouth,0,0,1,MAURICIO POCHETTINO,2014-01-07,2100-01-01,289,0,0,0
2019-05-12,2018/2019,Tottenham,Everton,1,2,2,MAURICIO POCHETTINO,2014-01-07,2100-01-01,290,0,0,0
2019-08-10,2019/2020,Tottenham,Aston Villa,1,3,1,MAURICIO POCHETTINO,2014-01-07,2100-01-01,291,0,0,0
2019-08-17,2019/2020,Tottenham,Manchester City,0,2,2,MAURICIO POCHETTINO,2014-01-07,2100-01-01,292,0,0,0
2019-08-25,2019/2020,Tottenham,Newcastle Utd,1,0,1,MAURICIO POCHETTINO,2014-01-07,2100-01-01,293,0,0,0
2019-09-01,2019/2020,Tottenham,Arsenal,0,2,2,MAURICIO POCHETTINO,2014-01-07,2100-01-01,294,0,0,0
2019-09-14,2019/2020,Tottenham,Crystal Palace,1,4,0,MAURICIO POCHETTINO,2014-01-07,2100-01-01,295,0,0,0
2019-09-21,2019/2020,Tottenham,Leicester City,0,1,2,MAURICIO POCHETTINO,2014-01-07,2100-01-01,296,0,0,0
2019-09-28,2019/2020,Tottenham,Southampton,1,2,1,MAURICIO POCHETTINO,2014-01-07,2100-01-01,297,0,0,0
2019-10-05,2019/2020,Tottenham,Brighton,0,0,3,MAURICIO POCHETTINO,2014-01-07,2100-01-01,298,0,0,0
2019-10-19,2019/2020,Tottenham,Watford,1,1,1,MAURICIO POCHETTINO,2014-01-07,2100-01-01,299,0,0,0
2019-10-27,2019/2020,Tottenham,Liverpool,0,1,2,MAURICIO POCHETTINO,2014-01-07,2100-01-01,300,0,0,0
2019-11-03,2019/2020,Tottenham,Everton,0,1,1,MAURICIO POCHETTINO,2014-01-07,2100-01-01,301,0,0,0
2019-11-09,2019/2020,Tottenham,Sheffield Utd,1,1,1,MAURICIO POCHETTINO,2014-01-07,2100-01-01,302,0,0,0
2021-04-21,2020/2021,Tottenham,Southampton,1,2,1,RYAN MASON,2021-04-20,2100-01-01,1,1,0,0
2021-05-02,2020/2021,Tottenham,Sheffield Utd,1,4,0,RYAN MASON,2021-04-20,2100-01-01,2,1,0,0
2021-05-08,2020/2021,Tottenham,Leeds United,0,1,3,RYAN MASON,2021-04-20,2100-01-01,3,1,0,0
2021-05-16,2020/2021,Tottenham,Wolves,1,2,0,RYAN MASON,2021-04-20,2100-01-01,4,0,1,0
2021-05-19,2020/2021,Tottenham,Aston Villa,1,1,2,RYAN MASON,2021-04-20,2100-01-01,5,0,1,0
2021-05-23,2020/2021,Tottenham,Leicester City,0,4,2,RYAN MASON,2021-04-20,2100-01-01,6,0,1,0
2021-08-15,2021/2022,Tottenham,Manchester City,1,1,0,RYAN MASON,2021-04-20,2100-01-01,7,0,0,1
2021-08-22,2021/2022,Tottenham,Wolves,0,1,0,RYAN MASON,2021-04-20,2100-01-01,8,0,0,1
2021-08-29,2021/2022,Tottenham,Watford,1,1,0,RYAN MASON,2021-04-20,2100-01-01,9,0,0,1
2021-09-11,2021/2022,Tottenham,Crystal Palace,0,0,3,RYAN MASON,2021-04-20,2100-01-01,10,0,0,1
2021-09-19,2021/2022,Tottenham,Chelsea,1,0,3,RYAN MASON,2021-04-20,2100-01-01,11,0,0,0
2021-09-26,2021/2022,Tottenham,Arsenal,0,1,3,RYAN MASON,2021-04-20,2100-01-01,12,0,0,0
2021-10-03,2021/2022,Tottenham,Aston Villa,1,2,1,RYAN MASON,2021-04-20,2100-01-01,13,0,0,0
2021-10-17,2021/2022,Tottenham,Newcastle Utd,0,3,2,RYAN MASON,2021-04-20,2100-01-01,14,0,0,0
2021-10-24,2021/2022,Tottenham,West Ham,0,0,1,RYAN MASON,2021-04-20,2100-01-01,15,0,0,0
2021-10-30,2021/2022,Tottenham,Manchester Utd,1,0,3,RYAN MASON,2021-04-20,2100-01-01,16,0,0,0
2021-11-07,2021/2022,Tottenham,Everton,0,0,0,RYAN MASON,2021-04-20,2100-01-01,17,0,0,0
2021-11-21,2021/2022,Tottenham,Leeds United,1,2,1,RYAN MASON,2021-04-20,2100-01-01,18,0,0,0
2021-12-02,2021/2022,Tottenham,Brentford,1,2,0,RYAN MASON,2021-04-20,2100-01-01,19,0,0,0
2021-12-05,2021/2022,Tottenham,Norwich City,1,3,0,RYAN MASON,2021-04-20,2100-01-01,20,0,0,0
2021-12-19,2021/2022,Tottenham,Liverpool,1,2,2,RYAN MASON,2021-04-20,2100-01-01,21,0,0,0
2021-12-26,2021/2022,Tottenham,Crystal Palace,1,3,0,RYAN MASON,2021-04-20,2100-01-01,22,0,0,0
2021-12-28,2021/2022,Tottenham,Southampton,0,1,1,RYAN MASON,2021-04-20,2100-01-01,23,0,0,0
2022-01-01,2021/2022,Tottenham,Watford,0,1,0,RYAN MASON,2021-04-20,2100-01-01,24,0,0,0
2022-01-19,2021/2022,Tottenham,Leicester City,0,3,2,RYAN MASON,2021-04-20,2100-01-01,25,0,0,0
2022-01-23,2021/2022,Tottenham,Chelsea,0,0,2,RYAN MASON,2021-04-20,2100-01-01,26,0,0,0
2022-02-09,2021/2022,Tottenham,Southampton,1,2,3,RYAN MASON,2021-04-20,2100-01-01,27,0,0,0
2022-02-13,2021/2022,Tottenham,Wolves,1,0,2,RYAN MASON,2021-04-20,2100-01-01,28,0,0,0
2022-02-19,2021/2022,Tottenham,Manchester City,0,3,2,RYAN MASON,2021-04-20,2100-01-01,29,0,0,0
2022-02-23,2021/2022,Tottenham,Burnley,0,0,1,RYAN MASON,2021-04-20,2100-01-01,30,0,0,0
2022-02-26,2021/2022,Tottenham,Leeds United,0,4,0,RYAN MASON,2021-04-20,2100-01-01,31,0,0,0
2022-03-07,2021/2022,Tottenham,Everton,1,5,0,RYAN MASON,2021-04-20,2100-01-01,32,0,0,0
2022-03-12,2021/2022,Tottenham,Manchester Utd,0,2,3,RYAN MASON,2021-04-20,2100-01-01,33,0,0,0
2022-03-16,2021/2022,Tottenham,Brighton,0,2,0,RYAN MASON,2021-04-20,2100-01-01,34,0,0,0
2022-03-20,2021/2022,Tottenham,West Ham,1,3,1,RYAN MASON,2021-04-20,2100-01-01,35,0,0,0
2022-04-03,2021/2022,Tottenham,Newcastle Utd,1,5,1,RYAN MASON,2021-04-20,2100-01-01,36,0,0,0
2022-04-09,2021/2022,Tottenham,Aston Villa,0,4,0,RYAN MASON,2021-04-20,2100-01-01,37,0,0,0
2022-04-16,2021/2022,Tottenham,Brighton,1,0,1,RYAN MASON,2021-04-20,2100-01-01,38,0,0,0
2022-04-23,2021/2022,Tottenham,Brentford,0,0,0,RYAN MASON,2021-04-20,2100-01-01,39,0,0,0
2022-05-01,2021/2022,Tottenham,Leicester City,1,3,1,RYAN MASON,2021-04-20,2100-01-01,40,0,0,0
2022-05-07,2021/2022,Tottenham,Liverpool,0,1,1,RYAN MASON,2021-04-20,2100-01-01,41,0,0,0
2022-05-12,2021/2022,Tottenham,Arsenal,1,3,0,RYAN MASON,2021-04-20,2100-01-01,42,0,0,0
2022-05-15,2021/2022,Tottenham,Burnley,1,1,0,RYAN MASON,2021-04-20,2100-01-01,43,0,0,0
2022-05-22,2021/2022,Tottenham,Norwich City,0,5,0,RYAN MASON,2021-04-20,2100-01-01,44,0,0,0
2022-08-06,2022/2023,Tottenham,Southampton,1,4,1,RYAN MASON,2021-04-20,2100-01-01,45,0,0,0
2022-08-14,2022/2023,Tottenham,Chelsea,0,2,2,RYAN MASON,2021-04-20,2100-01-01,46,0,0,0
2022-08-20,2022/2023,Tottenham,Wolves,1,1,0,RYAN MASON,2021-04-20,2100-01-01,47,0,0,0
2022-08-28,2022/2023,Tottenham,Nott'ham Forest,0,2,0,RYAN MASON,2021-04-20,2100-01-01,48,0,0,0
2022-08-31,2022/2023,Tottenham,West Ham,0,1,1,RYAN MASON,2021-04-20,2100-01-01,49,0,0,0
2022-09-03,2022/2023,Tottenham,Fulham,1,2,1,RYAN MASON,2021-04-20,2100-01-01,50,0,0,0
2022-09-17,2022/2023,Tottenham,Leicester City,1,6,2,RYAN MASON,2021-04-20,2100-01-01,51,0,0,0
2022-10-01,2022/2023,Tottenham,Arsenal,0,1,3,RYAN MASON,2021-04-20,2100-01-01,52,0,0,0
2022-10-08,2022/2023,Tottenham,Brighton,0,1,0,RYAN MASON,2021-04-20,2100-01-01,53,0,0,0
2022-10-15,2022/2023,Tottenham,Everton,1,2,0,RYAN MASON,2021-04-20,2100-01-01,54,0,0,0
2022-10-19,2022/2023,Tottenham,Manchester Utd,0,0,2,RYAN MASON,2021-04-20,2100-01-01,55,0,0,0
2022-10-23,2022/2023,Tottenham,Newcastle Utd,1,1,2,RYAN MASON,2021-04-20,2100-01-01,56,0,0,0
2022-10-29,2022/2023,Tottenham,Bournemouth,0,3,2,RYAN MASON,2021-04-20,2100-01-01,57,0,0,0
2022-11-06,2022/2023,Tottenham,Liverpool,1,1,2,RYAN MASON,2021-04-20,2100-01-01,58,0,0,0
2022-11-12,2022/2023,Tottenham,Leeds United,1,4,3,RYAN MASON,2021-04-20,2100-01-01,59,0,0,0
2022-12-26,2022/2023,Tottenham,Brentford,0,2,2,RYAN MASON,2021-04-20,2100-01-01,60,0,0,0
2023-01-01,2022/2023,Tottenham,Aston Villa,1,0,2,RYAN MASON,2021-04-20,2100-01-01,61,0,0,0
2023-01-04,2022/2023,Tottenham,Crystal Palace,0,4,0,RYAN MASON,2021-04-20,2100-01-01,62,0,0,0
2023-04-27,2022/2023,Tottenham,Manchester Utd,1,2,2,RYAN MASON,2023-04-24,2100-01-01,1,1,0,0
2023-04-30,2022/2023,Tottenham,Liverpool,0,3,4,RYAN MASON,2023-04-24,2100-01-01,2,1,0,0
2023-05-06,2022/2023,Tottenham,Crystal Palace,1,1,0,RYAN MASON,2023-04-24,2100-01-01,3,1,0,0
2023-05-13,2022/2023,Tottenham,Aston Villa,0,1,2,RYAN MASON,2023-04-24,2100-01-01,4,0,1,0
2023-05-20,2022/2023,Tottenham,Brentford,1,1,3,RYAN MASON,2023-04-24,2100-01-01,5,0,1,0
2023-05-28,2022/2023,Tottenham,Leeds United,0,4,1,RYAN MASON,2023-04-24,2100-01-01,6,0,1,0
2023-08-13,2023/2024,Tottenham,Brentford,0,2,2,RYAN MASON,2023-04-24,2100-01-01,7,0,0,1
2023-08-19,2023/2024,Tottenham,Manchester Utd,1,2,0,RYAN MASON,2023-04-24,2100-01-01,8,0,0,1
2023-08-26,2023/2024,Tottenham,Bournemouth,0,2,0,RYAN MASON,2023-04-24,2100-01-01,9,0,0,1
2023-09-02,2023/2024,Tottenham,Burnley,0,5,2,RYAN MASON,2023-04-24,2100-01-01,10,0,0,1
2023-09-16,2023/2024,Tottenham,Sheffield Utd,1,2,1,RYAN MASON,2023-04-24,2100-01-01,11,0,0,0
2023-09-24,2023/2024,Tottenham,Arsenal,0,2,2,RYAN MASON,2023-04-24,2100-01-01,12,0,0,0
2023-09-30,2023/2024,Tottenham,Liverpool,1,2,1,RYAN MASON,2023-04-24,2100-01-01,13,0,0,0
2023-10-07,2023/2024,Tottenham,Luton Town,0,1,0,RYAN MASON,2023-04-24,2100-01-01,14,0,0,0
2023-10-23,2023/2024,Tottenham,Fulham,1,2,0,RYAN MASON,2023-04-24,2100-01-01,15,0,0,0
2023-10-27,2023/2024,Tottenham,Crystal Palace,0,2,1,RYAN MASON,2023-04-24,2100-01-01,16,0,0,0
2023-11-06,2023/2024,Tottenham,Chelsea,1,1,4,RYAN MASON,2023-04-24,2100-01-01,17,0,0,0
2023-11-11,2023/2024,Tottenham,Wolves,0,1,2,RYAN MASON,2023-04-24,2100-01-01,18,0,0,0
2023-11-26,2023/2024,Tottenham,Aston Villa,1,1,2,RYAN MASON,2023-04-24,2100-01-01,19,0,0,0
2023-12-03,2023/2024,Tottenham,Manchester City,0,3,3,RYAN MASON,2023-04-24,2100-01-01,20,0,0,0
2023-12-07,2023/2024,Tottenham,West Ham,1,1,2,RYAN MASON,2023-04-24,2100-01-01,21,0,0,0
2023-12-10,2023/2024,Tottenham,Newcastle Utd,1,4,1,RYAN MASON,2023-04-24,2100-01-01,22,0,0,0
2023-12-15,2023/2024,Tottenham,Nott'ham Forest,0,2,0,RYAN MASON,2023-04-24,2100-01-01,23,0,0,0
2023-12-23,2023/2024,Tottenham,Everton,1,2,1,RYAN MASON,2023-04-24,2100-01-01,24,0,0,0
2023-12-28,2023/2024,Tottenham,Brighton,0,2,4,RYAN MASON,2023-04-24,2100-01-01,25,0,0,0
2023-12-31,2023/2024,Tottenham,Bournemouth,1,3,1,RYAN MASON,2023-04-24,2100-01-01,26,0,0,0
2024-01-14,2023/2024,Tottenham,Manchester Utd,0,2,2,RYAN MASON,2023-04-24,2100-01-01,27,0,0,0
2024-01-31,2023/2024,Tottenham,Brentford,1,3,2,RYAN MASON,2023-04-24,2100-01-01,28,0,0,0
2024-02-03,2023/2024,Tottenham,Everton,0,2,2,RYAN MASON,2023-04-24,2100-01-01,29,0,0,0
2024-02-10,2023/2024,Tottenham,Brighton,1,2,1,RYAN MASON,2023-04-24,2100-01-01,30,0,0,0
2024-02-17,2023/2024,Tottenham,Wolves,1,1,2,RYAN MASON,2023-04-24,2100-01-01,31,0,0,0
2024-03-02,2023/2024,Tottenham,Crystal Palace,1,3,1,RYAN MASON,2023-04-24,2100-01-01,32,0,0,0
2024-03-10,2023/2024,Tottenham,Aston Villa,0,4,0,RYAN MASON,2023-04-24,2100-01-01,33,0,0,0
2024-03-16,2023/2024,Tottenham,Fulham,0,0,3,RYAN MASON,2023-04-24,2100-01-01,34,0,0,0
2024-03-30,2023/2024,Tottenham,Luton Town,1,2,1,RYAN MASON,2023-04-24,2100-01-01,35,0,0,0
2024-04-02,2023/2024,Tottenham,West Ham,0,1,1,RYAN MASON,2023-04-24,2100-01-01,36,0,0,0
2024-04-07,2023/2024,Tottenham,Nott'ham Forest,1,3,1,RYAN MASON,2023-04-24,2100-01-01,37,0,0,0
2024-04-13,2023/2024,Tottenham,Newcastle Utd,0,0,4,RYAN MASON,2023-04-24,2100-01-01,38,0,0,0
2024-04-28,2023/2024,Tottenham,Arsenal,1,2,3,RYAN MASON,2023-04-24,2100-01-01,39,0,0,0
2024-05-02,2023/2024,Tottenham,Chelsea,0,0,2,RYAN MASON,2023-04-24,2100-01-01,40,0,0,0
2024-05-05,2023/2024,Tottenham,Liverpool,0,2,4,RYAN MASON,2023-04-24,2100-01-01,41,0,0,0
2024-05-11,2023/2024,Tottenham,Burnley,1,2,1,RYAN MASON,2023-04-24,2100-01-01,42,0,0,0
2024-05-14,2023/2024,Tottenham,Manchester City,1,0,2,RYAN MASON,2023-04-24,2100-01-01,43,0,0,0
2024-05-19,2023/2024,Tottenham,Sheffield Utd,0,3,0,RYAN MASON,2023-04-24,2100-01-01,44,0,0,0
2021-08-14,2021/2022,Watford,Aston Villa,1,3,2,CLAUDIO RANIERI,2021-04-10,2100-01-01,1,1,0,0
2021-08-21,2021/2022,Watford,Brighton,0,0,2,CLAUDIO RANIERI,2021-04-10,2100-01-01,2,1,0,0
2021-08-29,2021/2022,Watford,Tottenham,0,0,1,CLAUDIO RANIERI,2021-04-10,2100-01-01,3,1,0,0
2021-09-11,2021/2022,Watford,Wolves,1,0,2,CLAUDIO RANIERI,2021-04-10,2100-01-01,4,0,1,0
2021-09-18,2021/2022,Watford,Norwich City,0,3,1,CLAUDIO RANIERI,2021-04-10,2100-01-01,5,0,1,0
2021-09-25,2021/2022,Watford,Newcastle Utd,1,1,1,CLAUDIO RANIERI,2021-04-10,2100-01-01,6,0,1,0
2021-10-02,2021/2022,Watford,Leeds United,0,0,1,CLAUDIO RANIERI,2021-04-10,2100-01-01,7,0,0,1
2021-10-16,2021/2022,Watford,Liverpool,1,0,5,CLAUDIO RANIERI,2021-04-10,2100-01-01,8,0,0,1
2021-10-23,2021/2022,Watford,Everton,0,5,2,CLAUDIO RANIERI,2021-04-10,2100-01-01,9,0,0,1
2021-10-30,2021/2022,Watford,Southampton,1,0,1,CLAUDIO RANIERI,2021-04-10,2100-01-01,10,0,0,1
2021-11-07,2021/2022,Watford,Arsenal,0,0,1,CLAUDIO RANIERI,2021-04-10,2100-01-01,11,0,0,0
2021-11-20,2021/2022,Watford,Manchester Utd,1,4,1,CLAUDIO RANIERI,2021-04-10,2100-01-01,12,0,0,0
2021-11-28,2021/2022,Watford,Leicester City,0,2,4,CLAUDIO RANIERI,2021-04-10,2100-01-01,13,0,0,0
2021-12-01,2021/2022,Watford,Chelsea,1,1,2,CLAUDIO RANIERI,2021-04-10,2100-01-01,14,0,0,0
2021-12-04,2021/2022,Watford,Manchester City,1,1,3,CLAUDIO RANIERI,2021-04-10,2100-01-01,15,0,0,0
2021-12-10,2021/2022,Watford,Brentford,0,1,2,CLAUDIO RANIERI,2021-04-10,2100-01-01,16,0,0,0
2021-12-28,2021/2022,Watford,West Ham,1,1,4,CLAUDIO RANIERI,2021-04-10,2100-01-01,17,0,0,0
2022-01-01,2021/2022,Watford,Tottenham,1,0,1,CLAUDIO RANIERI,2021-04-10,2100-01-01,18,0,0,0
2022-01-15,2021/2022,Watford,Newcastle Utd,0,1,1,CLAUDIO RANIERI,2021-04-10,2100-01-01,19,0,0,0
2022-01-21,2021/2022,Watford,Norwich City,1,0,3,CLAUDIO RANIERI,2021-04-10,2100-01-01,20,0,0,0
2019-02-22,2018/2019,Watford,Cardiff City,0,5,1,HAYDEN MULLINS,2019-02-12,2019-08-12,1,1,0,0
2019-02-27,2018/2019,Watford,Liverpool,0,0,5,HAYDEN MULLINS,2019-02-12,2019-08-12,2,1,0,0
2019-03-03,2018/2019,Watford,Leicester City,1,2,1,HAYDEN MULLINS,2019-02-12,2019-08-12,3,1,0,0
2019-03-09,2018/2019,Watford,Manchester City,0,1,3,HAYDEN MULLINS,2019-02-12,2019-08-12,4,0,1,0
2019-03-30,2018/2019,Watford,Manchester Utd,0,1,2,HAYDEN MULLINS,2019-02-12,2019-08-12,5,0,1,0
2019-04-02,2018/2019,Watford,Fulham,1,4,1,HAYDEN MULLINS,2019-02-12,2019-08-12,6,0,1,0
2019-04-15,2018/2019,Watford,Arsenal,1,0,1,HAYDEN MULLINS,2019-02-12,2019-08-12,7,0,0,1
2019-04-20,2018/2019,Watford,Huddersfield,0,2,1,HAYDEN MULLINS,2019-02-12,2019-08-12,8,0,0,1
2019-04-23,2018/2019,Watford,Southampton,1,1,1,HAYDEN MULLINS,2019-02-12,2019-08-12,9,0,0,1
2019-04-27,2018/2019,Watford,Wolves,1,1,2,HAYDEN MULLINS,2019-02-12,2019-08-12,10,0,0,1
2019-05-05,2018/2019,Watford,Chelsea,0,0,3,HAYDEN MULLINS,2019-02-12,2019-08-12,11,0,0,0
2019-05-12,2018/2019,Watford,West Ham,1,1,4,HAYDEN MULLINS,2019-02-12,2019-08-12,12,0,0,0
2019-08-10,2019/2020,Watford,Brighton,1,0,3,HAYDEN MULLINS,2019-02-12,2019-08-12,13,0,0,0
2020-07-21,2019/2020,Watford,Manchester City,1,0,4,HAYDEN MULLINS,2020-07-19,2100-01-01,1,1,0,0
2020-07-26,2019/2020,Watford,Arsenal,0,2,3,HAYDEN MULLINS,2020-07-19,2100-01-01,2,1,0,0
2018-01-31,2017/2018,Watford,Stoke City,0,0,0,JAVI GARCIA,2018-01-21,2019-07-09,1,1,0,0
2018-02-05,2017/2018,Watford,Chelsea,1,4,1,JAVI GARCIA,2018-01-21,2019-07-09,2,1,0,0
2018-02-10,2017/2018,Watford,West Ham,0,0,2,JAVI GARCIA,2018-01-21,2019-07-09,3,1,0,0
2018-02-24,2017/2018,Watford,Everton,1,1,0,JAVI GARCIA,2018-01-21,2019-07-09,4,0,1,0
2018-03-03,2017/2018,Watford,West Brom,1,1,0,JAVI GARCIA,2018-01-21,2019-07-09,5,0,1,0
2018-03-11,2017/2018,Watford,Arsenal,0,0,3,JAVI GARCIA,2018-01-21,2019-07-09,6,0,1,0
2018-03-17,2017/2018,Watford,Liverpool,0,0,5,JAVI GARCIA,2018-01-21,2019-07-09,7,0,0,1
2018-03-31,2017/2018,Watford,Bournemouth,1,2,2,JAVI GARCIA,2018-01-21,2019-07-09,8,0,0,1
2018-04-07,2017/2018,Watford,Burnley,1,1,2,JAVI GARCIA,2018-01-21,2019-07-09,9,0,0,1
2018-04-14,2017/2018,Watford,Huddersfield,0,0,1,JAVI GARCIA,2018-01-21,2019-07-09,10,0,0,1
2018-04-21,2017/2018,Watford,Crystal Palace,1,0,0,JAVI GARCIA,2018-01-21,2019-07-09,11,0,0,0
2018-04-30,2017/2018,Watford,Tottenham,0,0,2,JAVI GARCIA,2018-01-21,2019-07-09,12,0,0,0
2018-05-05,2017/2018,Watford,Newcastle Utd,1,2,1,JAVI GARCIA,2018-01-21,2019-07-09,13,0,0,0
2018-05-13,2017/2018,Watford,Manchester Utd,0,0,1,JAVI GARCIA,2018-01-21,2019-07-09,14,0,0,0
2018-08-11,2018/2019,Watford,Brighton,1,2,0,JAVI GARCIA,2018-01-21,2019-07-09,15,0,0,0
2018-08-19,2018/2019,Watford,Burnley,0,3,1,JAVI GARCIA,2018-01-21,2019-07-09,16,0,0,0
2018-08-26,2018/2019,Watford,Crystal Palace,1,2,1,JAVI GARCIA,2018-01-21,2019-07-09,17,0,0,0
2018-09-02,2018/2019,Watford,Tottenham,1,2,1,JAVI GARCIA,2018-01-21,2019-07-09,18,0,0,0
2018-09-15,2018/2019,Watford,Manchester Utd,1,1,2,JAVI GARCIA,2018-01-21,2019-07-09,19,0,0,0
2018-09-22,2018/2019,Watford,Fulham,0,1,1,JAVI GARCIA,2018-01-21,2019-07-09,20,0,0,0
2018-09-29,2018/2019,Watford,Arsenal,0,0,2,JAVI GARCIA,2018-01-21,2019-07-09,21,0,0,0
2018-10-06,2018/2019,Watford,Bournemouth,1,0,4,JAVI GARCIA,2018-01-21,2019-07-09,22,0,0,0
2018-10-20,2018/2019,Watford,Wolves,0,2,0,JAVI GARCIA,2018-01-21,2019-07-09,23,0,0,0
2018-10-27,2018/2019,Watford,Huddersfield,1,3,0,JAVI GARCIA,2018-01-21,2019-07-09,24,0,0,0
2018-11-03,2018/2019,Watford,Newcastle Utd,0,0,1,JAVI GARCIA,2018-01-21,2019-07-09,25,0,0,0
2018-11-10,2018/2019,Watford,Southampton,0,1,1,JAVI GARCIA,2018-01-21,2019-07-09,26,0,0,0
2018-11-24,2018/2019,Watford,Liverpool,1,0,3,JAVI GARCIA,2018-01-21,2019-07-09,27,0,0,0
2018-12-01,2018/2019,Watford,Leicester City,0,0,2,JAVI GARCIA,2018-01-21,2019-07-09,28,0,0,0
2018-12-04,2018/2019,Watford,Manchester City,1,1,2,JAVI GARCIA,2018-01-21,2019-07-09,29,0,0,0
2018-12-10,2018/2019,Watford,Everton,0,2,2,JAVI GARCIA,2018-01-21,2019-07-09,30,0,0,0
2018-12-15,2018/2019,Watford,Cardiff City,1,3,2,JAVI GARCIA,2018-01-21,2019-07-09,31,0,0,0
2018-12-22,2018/2019,Watford,West Ham,0,2,0,JAVI GARCIA,2018-01-21,2019-07-09,32,0,0,0
2018-12-26,2018/2019,Watford,Chelsea,1,1,2,JAVI GARCIA,2018-01-21,2019-07-09,33,0,0,0
2018-12-29,2018/2019,Watford,Newcastle Utd,1,1,1,JAVI GARCIA,2018-01-21,2019-07-09,34,0,0,0
2019-01-02,2018/2019,Watford,Bournemouth,0,3,3,JAVI GARCIA,2018-01-21,2019-07-09,35,0,0,0
2017-01-14,2016/2017,Watford,Middlesbrough,1,0,0,MARCO SILVA,2017-01-07,2100-01-01,1,1,0,0
2017-01-21,2016/2017,Watford,Bournemouth,0,2,2,MARCO SILVA,2017-01-07,2100-01-01,2,1,0,0
2017-01-31,2016/2017,Watford,Arsenal,0,2,1,MARCO SILVA,2017-01-07,2100-01-01,3,1,0,0
2017-02-04,2016/2017,Watford,Burnley,1,2,1,MARCO SILVA,2017-01-07,2100-01-01,4,0,1,0
2017-02-11,2016/2017,Watford,Manchester Utd,0,0,2,MARCO SILVA,2017-01-07,2100-01-01,5,0,1,0
2017-02-25,2016/2017,Watford,West Ham,1,1,1,MARCO SILVA,2017-01-07,2100-01-01,6,0,1,0
2017-03-04,2016/2017,Watford,Southampton,1,3,4,MARCO SILVA,2017-01-07,2100-01-01,7,0,0,1
2017-03-18,2016/2017,Watford,Crystal Palace,0,0,1,MARCO SILVA,2017-01-07,2100-01-01,8,0,0,1
2017-04-01,2016/2017,Watford,Sunderland,1,1,0,MARCO SILVA,2017-01-07,2100-01-01,9,0,0,1
2017-04-04,2016/2017,Watford,West Brom,1,2,0,MARCO SILVA,2017-01-07,2100-01-01,10,0,0,1
2017-04-08,2016/2017,Watford,Tottenham,0,0,4,MARCO SILVA,2017-01-07,2100-01-01,11,0,0,0
2017-04-15,2016/2017,Watford,Swansea City,1,1,0,MARCO SILVA,2017-01-07,2100-01-01,12,0,0,0
2017-04-22,2016/2017,Watford,Hull City,0,0,2,MARCO SILVA,2017-01-07,2100-01-01,13,0,0,0
2017-05-01,2016/2017,Watford,Liverpool,1,0,1,MARCO SILVA,2017-01-07,2100-01-01,14,0,0,0
2017-05-06,2016/2017,Watford,Leicester City,0,0,3,MARCO SILVA,2017-01-07,2100-01-01,15,0,0,0
2017-05-12,2016/2017,Watford,Everton,0,0,1,MARCO SILVA,2017-01-07,2100-01-01,16,0,0,0
2017-05-15,2016/2017,Watford,Chelsea,0,3,4,MARCO SILVA,2017-01-07,2100-01-01,17,0,0,0
2017-05-21,2016/2017,Watford,Manchester City,1,0,5,MARCO SILVA,2017-01-07,2100-01-01,18,0,0,0
2017-08-12,2017/2018,Watford,Liverpool,1,3,3,MARCO SILVA,2017-01-07,2100-01-01,19,0,0,0
2017-08-19,2017/2018,Watford,Bournemouth,0,2,0,MARCO SILVA,2017-01-07,2100-01-01,20,0,0,0
2017-08-26,2017/2018,Watford,Brighton,1,0,0,MARCO SILVA,2017-01-07,2100-01-01,21,0,0,0
2017-09-09,2017/2018,Watford,Southampton,0,2,0,MARCO SILVA,2017-01-07,2100-01-01,22,0,0,0
2017-09-16,2017/2018,Watford,Manchester City,1,0,6,MARCO SILVA,2017-01-07,2100-01-01,23,0,0,0
2017-09-23,2017/2018,Watford,Swansea City,0,2,1,MARCO SILVA,2017-01-07,2100-01-01,24,0,0,0
2017-09-30,2017/2018,Watford,West Brom,0,2,2,MARCO SILVA,2017-01-07,2100-01-01,25,0,0,0
2017-10-14,2017/2018,Watford,Arsenal,1,2,1,MARCO SILVA,2017-01-07,2100-01-01,26,0,0,0
2017-10-21,2017/2018,Watford,Chelsea,0,2,4,MARCO SILVA,2017-01-07,2100-01-01,27,0,0,0
2017-10-28,2017/2018,Watford,Stoke City,1,0,1,MARCO SILVA,2017-01-07,2100-01-01,28,0,0,0
2017-11-05,2017/2018,Watford,Everton,0,2,3,MARCO SILVA,2017-01-07,2100-01-01,29,0,0,0
2017-11-19,2017/2018,Watford,West Ham,1,2,0,MARCO SILVA,2017-01-07,2100-01-01,30,0,0,0
2017-11-25,2017/2018,Watford,Newcastle Utd,0,3,0,MARCO SILVA,2017-01-07,2100-01-01,31,0,0,0
2017-11-28,2017/2018,Watford,Manchester Utd,1,2,4,MARCO SILVA,2017-01-07,2100-01-01,32,0,0,0
2017-12-02,2017/2018,Watford,Tottenham,1,1,1,MARCO SILVA,2017-01-07,2100-01-01,33,0,0,0
2017-12-09,2017/2018,Watford,Burnley,0,0,1,MARCO SILVA,2017-01-07,2100-01-01,34,0,0,0
2017-12-12,2017/2018,Watford,Crystal Palace,0,1,2,MARCO SILVA,2017-01-07,2100-01-01,35,0,0,0
2017-12-16,2017/2018,Watford,Huddersfield,1,1,4,MARCO SILVA,2017-01-07,2100-01-01,36,0,0,0
2017-12-23,2017/2018,Watford,Brighton,0,0,1,MARCO SILVA,2017-01-07,2100-01-01,37,0,0,0
2017-12-26,2017/2018,Watford,Leicester City,1,2,1,MARCO SILVA,2017-01-07,2100-01-01,38,0,0,0
2017-12-30,2017/2018,Watford,Swansea City,1,1,2,MARCO SILVA,2017-01-07,2100-01-01,39,0,0,0
2018-01-02,2017/2018,Watford,Manchester City,0,1,3,MARCO SILVA,2017-01-07,2100-01-01,40,0,0,0
2018-01-13,2017/2018,Watford,Southampton,1,2,2,MARCO SILVA,2017-01-07,2100-01-01,41,0,0,0
2018-01-20,2017/2018,Watford,Leicester City,0,0,2,MARCO SILVA,2017-01-07,2100-01-01,42,0,0,0
2019-08-17,2019/2020,Watford,Everton,0,0,1,MARCO SILVA,2017-01-07,2100-01-01,43,0,0,0
2019-08-24,2019/2020,Watford,West Ham,1,1,3,MARCO SILVA,2017-01-07,2100-01-01,44,0,0,0
2019-08-31,2019/2020,Watford,Newcastle Utd,0,1,1,MARCO SILVA,2017-01-07,2100-01-01,45,0,0,0
2019-09-15,2019/2020,Watford,Arsenal,1,2,2,NIGEL PEARSON,2019-09-12,2100-01-01,1,1,0,0
2019-09-21,2019/2020,Watford,Manchester City,0,0,8,NIGEL PEARSON,2019-09-12,2100-01-01,2,1,0,0
2019-09-28,2019/2020,Watford,Wolves,0,0,2,NIGEL PEARSON,2019-09-12,2100-01-01,3,1,0,0
2019-10-05,2019/2020,Watford,Sheffield Utd,1,0,0,NIGEL PEARSON,2019-09-12,2100-01-01,4,0,1,0
2019-10-19,2019/2020,Watford,Tottenham,0,1,1,NIGEL PEARSON,2019-09-12,2100-01-01,5,0,1,0
2019-10-26,2019/2020,Watford,Bournemouth,1,0,0,NIGEL PEARSON,2019-09-12,2100-01-01,6,0,1,0
2019-11-02,2019/2020,Watford,Chelsea,1,1,2,NIGEL PEARSON,2019-09-12,2100-01-01,7,0,0,1
2019-11-08,2019/2020,Watford,Norwich City,0,2,0,NIGEL PEARSON,2019-09-12,2100-01-01,8,0,0,1
2019-11-23,2019/2020,Watford,Burnley,1,0,3,NIGEL PEARSON,2019-09-12,2100-01-01,9,0,0,1
2019-11-30,2019/2020,Watford,Southampton,0,1,2,NIGEL PEARSON,2019-09-12,2100-01-01,10,0,0,1
2019-12-04,2019/2020,Watford,Leicester City,0,0,2,NIGEL PEARSON,2019-09-12,2100-01-01,11,0,0,0
2019-12-07,2019/2020,Watford,Crystal Palace,1,0,0,NIGEL PEARSON,2019-09-12,2100-01-01,12,0,0,0
2019-12-14,2019/2020,Watford,Liverpool,0,0,2,NIGEL PEARSON,2019-09-12,2100-01-01,13,0,0,0
2019-12-22,2019/2020,Watford,Manchester Utd,1,2,0,NIGEL PEARSON,2019-09-12,2100-01-01,14,0,0,0
2019-12-26,2019/2020,Watford,Sheffield Utd,0,1,1,NIGEL PEARSON,2019-09-12,2100-01-01,15,0,0,0
2019-12-28,2019/2020,Watford,Aston Villa,1,3,0,NIGEL PEARSON,2019-09-12,2100-01-01,16,0,0,0
2020-01-01,2019/2020,Watford,Wolves,1,2,1,NIGEL PEARSON,2019-09-12,2100-01-01,17,0,0,0
2020-01-12,2019/2020,Watford,Bournemouth,0,3,0,NIGEL PEARSON,2019-09-12,2100-01-01,18,0,0,0
2020-01-18,2019/2020,Watford,Tottenham,1,0,0,NIGEL PEARSON,2019-09-12,2100-01-01,19,0,0,0
2020-01-21,2019/2020,Watford,Aston Villa,0,1,2,NIGEL PEARSON,2019-09-12,2100-01-01,20,0,0,0
2020-02-01,2019/2020,Watford,Everton,1,2,3,NIGEL PEARSON,2019-09-12,2100-01-01,21,0,0,0
2020-02-08,2019/2020,Watford,Brighton,0,1,1,NIGEL PEARSON,2019-09-12,2100-01-01,22,0,0,0
2020-02-23,2019/2020,Watford,Manchester Utd,0,0,3,NIGEL PEARSON,2019-09-12,2100-01-01,23,0,0,0
2020-02-29,2019/2020,Watford,Liverpool,1,3,0,NIGEL PEARSON,2019-09-12,2100-01-01,24,0,0,0
2020-03-07,2019/2020,Watford,Crystal Palace,0,0,1,NIGEL PEARSON,2019-09-12,2100-01-01,25,0,0,0
2020-06-20,2019/2020,Watford,Leicester City,1,1,1,NIGEL PEARSON,2019-09-12,2100-01-01,26,0,0,0
2020-06-25,2019/2020,Watford,Burnley,0,0,1,NIGEL PEARSON,2019-09-12,2100-01-01,27,0,0,0
2020-06-28,2019/2020,Watford,Southampton,1,1,3,NIGEL PEARSON,2019-09-12,2100-01-01,28,0,0,0
2020-07-04,2019/2020,Watford,Chelsea,0,0,3,NIGEL PEARSON,2019-09-12,2100-01-01,29,0,0,0
2020-07-07,2019/2020,Watford,Norwich City,1,2,1,NIGEL PEARSON,2019-09-12,2100-01-01,30,0,0,0
2020-07-11,2019/2020,Watford,Newcastle Utd,1,2,1,NIGEL PEARSON,2019-09-12,2100-01-01,31,0,0,0
2020-07-17,2019/2020,Watford,West Ham,0,1,3,NIGEL PEARSON,2019-09-12,2100-01-01,32,0,0,0
2015-08-08,2015/2016,Watford,Everton,0,2,2,QUINQUE SANCHEZ FLORES,2015-01-07,2100-01-01,1,1,0,0
2015-08-15,2015/2016,Watford,West Brom,1,0,0,QUINQUE SANCHEZ FLORES,2015-01-07,2100-01-01,2,1,0,0
2015-08-23,2015/2016,Watford,Southampton,1,0,0,QUINQUE SANCHEZ FLORES,2015-01-07,2100-01-01,3,1,0,0
2015-08-29,2015/2016,Watford,Manchester City,0,0,2,QUINQUE SANCHEZ FLORES,2015-01-07,2100-01-01,4,0,1,0
2015-09-12,2015/2016,Watford,Swansea City,1,1,0,QUINQUE SANCHEZ FLORES,2015-01-07,2100-01-01,5,0,1,0
2015-09-19,2015/2016,Watford,Newcastle Utd,0,2,1,QUINQUE SANCHEZ FLORES,2015-01-07,2100-01-01,6,0,1,0
2015-09-27,2015/2016,Watford,Crystal Palace,1,0,1,QUINQUE SANCHEZ FLORES,2015-01-07,2100-01-01,7,0,0,1
2015-10-03,2015/2016,Watford,Bournemouth,0,1,1,QUINQUE SANCHEZ FLORES,2015-01-07,2100-01-01,8,0,0,1
2015-10-17,2015/2016,Watford,Arsenal,1,0,3,QUINQUE SANCHEZ FLORES,2015-01-07,2100-01-01,9,0,0,1
2015-10-24,2015/2016,Watford,Stoke City,0,2,0,QUINQUE SANCHEZ FLORES,2015-01-07,2100-01-01,10,0,0,1
2015-10-31,2015/2016,Watford,West Ham,1,2,0,QUINQUE SANCHEZ FLORES,2015-01-07,2100-01-01,11,0,0,0
2015-11-07,2015/2016,Watford,Leicester City,0,1,2,QUINQUE SANCHEZ FLORES,2015-01-07,2100-01-01,12,0,0,0
2015-11-21,2015/2016,Watford,Manchester Utd,1,1,2,QUINQUE SANCHEZ FLORES,2015-01-07,2100-01-01,13,0,0,0
2015-11-28,2015/2016,Watford,Aston Villa,0,3,2,QUINQUE SANCHEZ FLORES,2015-01-07,2100-01-01,14,0,0,0
2015-12-05,2015/2016,Watford,Norwich City,1,2,0,QUINQUE SANCHEZ FLORES,2015-01-07,2100-01-01,15,0,0,0
2015-12-12,2015/2016,Watford,Sunderland,0,1,0,QUINQUE SANCHEZ FLORES,2015-01-07,2100-01-01,16,0,0,0
2015-12-20,2015/2016,Watford,Liverpool,1,3,0,QUINQUE SANCHEZ FLORES,2015-01-07,2100-01-01,17,0,0,0
2015-12-26,2015/2016,Watford,Chelsea,0,2,2,QUINQUE SANCHEZ FLORES,2015-01-07,2100-01-01,18,0,0,0
2015-12-28,2015/2016,Watford,Tottenham,1,1,2,QUINQUE SANCHEZ FLORES,2015-01-07,2100-01-01,19,0,0,0
2016-01-02,2015/2016,Watford,Manchester City,1,1,2,QUINQUE SANCHEZ FLORES,2015-01-07,2100-01-01,20,0,0,0
2019-01-12,2018/2019,Watford,Crystal Palace,0,2,1,QUINQUE SANCHEZ FLORES,2019-01-12,2019-07-09,1,1,0,0
2019-01-19,2018/2019,Watford,Burnley,1,0,0,QUINQUE SANCHEZ FLORES,2019-01-12,2019-07-09,2,1,0,0
2019-01-30,2018/2019,Watford,Tottenham,0,1,2,QUINQUE SANCHEZ FLORES,2019-01-12,2019-07-09,3,1,0,0
2019-02-02,2018/2019,Watford,Brighton,0,0,0,QUINQUE SANCHEZ FLORES,2019-01-12,2019-07-09,4,0,1,0
2019-02-09,2018/2019,Watford,Everton,1,1,0,QUINQUE SANCHEZ FLORES,2019-01-12,2019-07-09,5,0,1,0
2022-02-05,2021/2022,Watford,Burnley,0,0,0,ROY HODGSON,2022-01-25,2100-01-01,1,1,0,0
2022-02-08,2021/2022,Watford,West Ham,0,0,1,ROY HODGSON,2022-01-25,2100-01-01,2,1,0,0
2022-02-12,2021/2022,Watford,Brighton,1,0,2,ROY HODGSON,2022-01-25,2100-01-01,3,1,0,0
2022-02-19,2021/2022,Watford,Aston Villa,0,1,0,ROY HODGSON,2022-01-25,2100-01-01,4,0,1,0
2022-02-23,2021/2022,Watford,Crystal Palace,1,1,4,ROY HODGSON,2022-01-25,2100-01-01,5,0,1,0
2022-02-26,2021/2022,Watford,Manchester Utd,0,0,0,ROY HODGSON,2022-01-25,2100-01-01,6,0,1,0
2022-03-06,2021/2022,Watford,Arsenal,1,2,3,ROY HODGSON,2022-01-25,2100-01-01,7,0,0,1
2022-03-10,2021/2022,Watford,Wolves,0,0,4,ROY HODGSON,2022-01-25,2100-01-01,8,0,0,1
2022-03-13,2021/2022,Watford,Southampton,0,2,1,ROY HODGSON,2022-01-25,2100-01-01,9,0,0,1
2022-04-02,2021/2022,Watford,Liverpool,0,0,2,ROY HODGSON,2022-01-25,2100-01-01,10,0,0,1
2022-04-09,2021/2022,Watford,Leeds United,1,0,3,ROY HODGSON,2022-01-25,2100-01-01,11,0,0,0
2022-04-16,2021/2022,Watford,Brentford,1,1,2,ROY HODGSON,2022-01-25,2100-01-01,12,0,0,0
2022-04-23,2021/2022,Watford,Manchester City,0,1,5,ROY HODGSON,2022-01-25,2100-01-01,13,0,0,0
2022-04-30,2021/2022,Watford,Burnley,1,1,2,ROY HODGSON,2022-01-25,2100-01-01,14,0,0,0
2022-05-07,2021/2022,Watford,Crystal Palace,0,0,1,ROY HODGSON,2022-01-25,2100-01-01,15,0,0,0
2022-05-11,2021/2022,Watford,Everton,1,0,0,ROY HODGSON,2022-01-25,2100-01-01,16,0,0,0
2022-05-15,2021/2022,Watford,Leicester City,1,1,5,ROY HODGSON,2022-01-25,2100-01-01,17,0,0,0
2022-05-22,2021/2022,Watford,Chelsea,0,1,2,ROY HODGSON,2022-01-25,2100-01-01,18,0,0,0
2016-01-13,2015/2016,Watford,Southampton,0,0,2,WALTER MAZZARRI,2016-01-07,2100-01-01,1,1,0,0
2016-01-18,2015/2016,Watford,Swansea City,0,0,1,WALTER MAZZARRI,2016-01-07,2100-01-01,2,1,0,0
2016-01-23,2015/2016,Watford,Newcastle Utd,1,2,1,WALTER MAZZARRI,2016-01-07,2100-01-01,3,1,0,0
2016-02-03,2015/2016,Watford,Chelsea,1,0,0,WALTER MAZZARRI,2016-01-07,2100-01-01,4,0,1,0
2016-02-06,2015/2016,Watford,Tottenham,0,0,1,WALTER MAZZARRI,2016-01-07,2100-01-01,5,0,1,0
2016-02-13,2015/2016,Watford,Crystal Palace,0,2,1,WALTER MAZZARRI,2016-01-07,2100-01-01,6,0,1,0
2016-02-27,2015/2016,Watford,Bournemouth,1,0,0,WALTER MAZZARRI,2016-01-07,2100-01-01,7,0,0,1
2016-03-02,2015/2016,Watford,Manchester Utd,0,0,1,WALTER MAZZARRI,2016-01-07,2100-01-01,8,0,0,1
2016-03-05,2015/2016,Watford,Leicester City,1,0,1,WALTER MAZZARRI,2016-01-07,2100-01-01,9,0,0,1
2016-03-19,2015/2016,Watford,Stoke City,1,1,2,WALTER MAZZARRI,2016-01-07,2100-01-01,10,0,0,1
2016-04-02,2015/2016,Watford,Arsenal,0,0,4,WALTER MAZZARRI,2016-01-07,2100-01-01,11,0,0,0
2016-04-09,2015/2016,Watford,Everton,1,1,1,WALTER MAZZARRI,2016-01-07,2100-01-01,12,0,0,0
2016-04-16,2015/2016,Watford,West Brom,0,1,0,WALTER MAZZARRI,2016-01-07,2100-01-01,13,0,0,0
2016-04-20,2015/2016,Watford,West Ham,0,1,3,WALTER MAZZARRI,2016-01-07,2100-01-01,14,0,0,0
2016-04-30,2015/2016,Watford,Aston Villa,1,3,2,WALTER MAZZARRI,2016-01-07,2100-01-01,15,0,0,0
2016-05-08,2015/2016,Watford,Liverpool,0,0,2,WALTER MAZZARRI,2016-01-07,2100-01-01,16,0,0,0
2016-05-11,2015/2016,Watford,Norwich City,0,2,4,WALTER MAZZARRI,2016-01-07,2100-01-01,17,0,0,0
2016-05-15,2015/2016,Watford,Sunderland,1,2,2,WALTER MAZZARRI,2016-01-07,2100-01-01,18,0,0,0
2016-08-13,2016/2017,Watford,Southampton,0,1,1,WALTER MAZZARRI,2016-01-07,2100-01-01,19,0,0,0
2016-08-20,2016/2017,Watford,Chelsea,1,1,2,WALTER MAZZARRI,2016-01-07,2100-01-01,20,0,0,0
2016-08-27,2016/2017,Watford,Arsenal,1,1,3,WALTER MAZZARRI,2016-01-07,2100-01-01,21,0,0,0
2016-09-10,2016/2017,Watford,West Ham,0,4,2,WALTER MAZZARRI,2016-01-07,2100-01-01,22,0,0,0
2016-09-18,2016/2017,Watford,Manchester Utd,1,3,1,WALTER MAZZARRI,2016-01-07,2100-01-01,23,0,0,0
2016-09-26,2016/2017,Watford,Burnley,0,0,2,WALTER MAZZARRI,2016-01-07,2100-01-01,24,0,0,0
2016-10-01,2016/2017,Watford,Bournemouth,1,2,2,WALTER MAZZARRI,2016-01-07,2100-01-01,25,0,0,0
2016-10-16,2016/2017,Watford,Middlesbrough,0,1,0,WALTER MAZZARRI,2016-01-07,2100-01-01,26,0,0,0
2016-10-22,2016/2017,Watford,Swansea City,0,0,0,WALTER MAZZARRI,2016-01-07,2100-01-01,27,0,0,0
2016-10-29,2016/2017,Watford,Hull City,1,1,0,WALTER MAZZARRI,2016-01-07,2100-01-01,28,0,0,0
2016-11-06,2016/2017,Watford,Liverpool,0,1,6,WALTER MAZZARRI,2016-01-07,2100-01-01,29,0,0,0
2016-11-19,2016/2017,Watford,Leicester City,1,2,1,WALTER MAZZARRI,2016-01-07,2100-01-01,30,0,0,0
2016-11-27,2016/2017,Watford,Stoke City,1,0,1,WALTER MAZZARRI,2016-01-07,2100-01-01,31,0,0,0
2016-12-03,2016/2017,Watford,West Brom,0,1,3,WALTER MAZZARRI,2016-01-07,2100-01-01,32,0,0,0
2016-12-10,2016/2017,Watford,Everton,1,3,2,WALTER MAZZARRI,2016-01-07,2100-01-01,33,0,0,0
2016-12-14,2016/2017,Watford,Manchester City,0,0,2,WALTER MAZZARRI,2016-01-07,2100-01-01,34,0,0,0
2016-12-17,2016/2017,Watford,Sunderland,0,0,1,WALTER MAZZARRI,2016-01-07,2100-01-01,35,0,0,0
2016-12-26,2016/2017,Watford,Crystal Palace,1,1,1,WALTER MAZZARRI,2016-01-07,2100-01-01,36,0,0,0
2017-01-01,2016/2017,Watford,Tottenham,1,1,4,WALTER MAZZARRI,2016-01-07,2100-01-01,37,0,0,0
2017-01-03,2016/2017,Watford,Stoke City,0,0,2,WALTER MAZZARRI,2016-01-07,2100-01-01,38,0,0,0
2014-08-16,2014/2015,West Brom,Sunderland,1,2,2,ALAN IRVINE,2014-01-07,2100-01-01,101,0,0,0
2014-08-23,2014/2015,West Brom,Southampton,0,0,0,ALAN IRVINE,2014-01-07,2100-01-01,102,0,0,0
2014-08-30,2014/2015,West Brom,Swansea City,0,0,3,ALAN IRVINE,2014-01-07,2100-01-01,103,0,0,0
2014-09-13,2014/2015,West Brom,Everton,1,0,2,ALAN IRVINE,2014-01-07,2100-01-01,104,0,0,0
2014-09-21,2014/2015,West Brom,Tottenham,0,1,0,ALAN IRVINE,2014-01-07,2100-01-01,105,0,0,0
2014-09-28,2014/2015,West Brom,Burnley,1,4,0,ALAN IRVINE,2014-01-07,2100-01-01,106,0,0,0
2014-10-04,2014/2015,West Brom,Liverpool,0,1,2,ALAN IRVINE,2014-01-07,2100-01-01,107,0,0,0
2014-10-20,2014/2015,West Brom,Manchester Utd,1,2,2,ALAN IRVINE,2014-01-07,2100-01-01,108,0,0,0
2014-10-25,2014/2015,West Brom,Crystal Palace,1,2,2,ALAN IRVINE,2014-01-07,2100-01-01,109,0,0,0
2014-11-01,2014/2015,West Brom,Leicester City,0,1,0,ALAN IRVINE,2014-01-07,2100-01-01,110,0,0,0
2014-11-09,2014/2015,West Brom,Newcastle Utd,1,0,2,ALAN IRVINE,2014-01-07,2100-01-01,111,0,0,0
2014-11-22,2014/2015,West Brom,Chelsea,0,0,2,ALAN IRVINE,2014-01-07,2100-01-01,112,0,0,0
2014-11-29,2014/2015,West Brom,Arsenal,1,0,1,ALAN IRVINE,2014-01-07,2100-01-01,113,0,0,0
2014-12-02,2014/2015,West Brom,West Ham,1,1,2,ALAN IRVINE,2014-01-07,2100-01-01,114,0,0,0
2014-12-06,2014/2015,West Brom,Hull City,0,0,0,ALAN IRVINE,2014-01-07,2100-01-01,115,0,0,0
2014-12-13,2014/2015,West Brom,Aston Villa,1,1,0,ALAN IRVINE,2014-01-07,2100-01-01,116,0,0,0
2014-12-20,2014/2015,West Brom,QPR,0,2,3,ALAN IRVINE,2014-01-07,2100-01-01,117,0,0,0
2014-12-26,2014/2015,West Brom,Manchester City,1,1,3,ALAN IRVINE,2014-01-07,2100-01-01,118,0,0,0
2014-12-28,2014/2015,West Brom,Stoke City,0,0,2,ALAN IRVINE,2014-01-07,2100-01-01,119,0,0,0
2015-01-01,2014/2015,West Brom,West Ham,0,1,1,ALAN IRVINE,2014-01-07,2100-01-01,120,0,0,0
2017-12-02,2017/2018,West Brom,Crystal Palace,1,0,0,ALAN PARDEW,2017-11-29,2018-02-04,1,1,0,0
2017-12-09,2017/2018,West Brom,Swansea City,0,0,1,ALAN PARDEW,2017-11-29,2018-02-04,2,1,0,0
2017-12-13,2017/2018,West Brom,Liverpool,0,0,0,ALAN PARDEW,2017-11-29,2018-02-04,3,1,0,0
2017-12-17,2017/2018,West Brom,Manchester Utd,1,1,2,ALAN PARDEW,2017-11-29,2018-02-04,4,0,1,0
2017-12-23,2017/2018,West Brom,Stoke City,0,1,3,ALAN PARDEW,2017-11-29,2018-02-04,5,0,1,0
2017-12-26,2017/2018,West Brom,Everton,1,0,0,ALAN PARDEW,2017-11-29,2018-02-04,6,0,1,0
2017-12-31,2017/2018,West Brom,Arsenal,1,1,1,ALAN PARDEW,2017-11-29,2018-02-04,7,0,0,1
2018-01-02,2017/2018,West Brom,West Ham,0,1,2,ALAN PARDEW,2017-11-29,2018-02-04,8,0,0,1
2018-01-13,2017/2018,West Brom,Brighton,1,2,0,ALAN PARDEW,2017-11-29,2018-02-04,9,0,0,1
2018-01-20,2017/2018,West Brom,Everton,0,1,1,ALAN PARDEW,2017-11-29,2018-02-04,10,0,0,1
2018-01-31,2017/2018,West Brom,Manchester City,0,0,3,ALAN PARDEW,2017-11-29,2018-02-04,11,0,0,0
2018-02-03,2017/2018,West Brom,Southampton,1,2,3,ALAN PARDEW,2017-11-29,2018-02-04,12,0,0,0
2018-02-12,2017/2018,West Brom,Chelsea,0,0,3,DARREN MOORE,2018-02-04,2019-09-03,1,1,0,0
2018-02-24,2017/2018,West Brom,Huddersfield,1,1,2,DARREN MOORE,2018-02-04,2019-09-03,2,1,0,0
2018-03-03,2017/2018,West Brom,Watford,0,0,1,DARREN MOORE,2018-02-04,2019-09-03,3,1,0,0
2018-03-10,2017/2018,West Brom,Leicester City,1,1,4,DARREN MOORE,2018-02-04,2019-09-03,4,0,1,0
2018-03-17,2017/2018,West Brom,Bournemouth,0,1,2,DARREN MOORE,2018-02-04,2019-09-03,5,0,1,0
2018-03-31,2017/2018,West Brom,Burnley,1,1,2,DARREN MOORE,2018-02-04,2019-09-03,6,0,1,0
2018-04-07,2017/2018,West Brom,Swansea City,1,1,1,DARREN MOORE,2018-02-04,2019-09-03,7,0,0,1
2018-04-15,2017/2018,West Brom,Manchester Utd,0,1,0,DARREN MOORE,2018-02-04,2019-09-03,8,0,0,1
2018-04-21,2017/2018,West Brom,Liverpool,1,2,2,DARREN MOORE,2018-02-04,2019-09-03,9,0,0,1
2018-04-28,2017/2018,West Brom,Newcastle Utd,0,1,0,DARREN MOORE,2018-02-04,2019-09-03,10,0,0,1
2018-05-05,2017/2018,West Brom,Tottenham,1,1,0,DARREN MOORE,2018-02-04,2019-09-03,11,0,0,0
2018-05-13,2017/2018,West Brom,Crystal Palace,0,0,2,DARREN MOORE,2018-02-04,2019-09-03,12,0,0,0
2017-11-25,2017/2018,West Brom,Tottenham,0,1,1,GARY MEGSON,2017-11-20,2100-01-01,1,1,0,0
2017-11-28,2017/2018,West Brom,Newcastle Utd,1,2,2,GARY MEGSON,2017-11-20,2100-01-01,2,1,0,0
2020-09-13,2020/2021,West Brom,Leicester City,1,0,3,JAMES SHAN,2019-10-03,2100-01-01,1,1,0,0
2020-09-19,2020/2021,West Brom,Everton,0,2,5,JAMES SHAN,2019-10-03,2100-01-01,2,1,0,0
2020-09-26,2020/2021,West Brom,Chelsea,1,3,3,JAMES SHAN,2019-10-03,2100-01-01,3,1,0,0
2020-10-04,2020/2021,West Brom,Southampton,0,0,2,JAMES SHAN,2019-10-03,2100-01-01,4,0,1,0
2020-10-19,2020/2021,West Brom,Burnley,1,0,0,JAMES SHAN,2019-10-03,2100-01-01,5,0,1,0
2020-10-26,2020/2021,West Brom,Brighton,0,1,1,JAMES SHAN,2019-10-03,2100-01-01,6,0,1,0
2020-11-02,2020/2021,West Brom,Fulham,0,0,2,JAMES SHAN,2019-10-03,2100-01-01,7,0,0,1
2020-11-08,2020/2021,West Brom,Tottenham,1,0,1,JAMES SHAN,2019-10-03,2100-01-01,8,0,0,1
2020-11-21,2020/2021,West Brom,Manchester Utd,0,0,1,JAMES SHAN,2019-10-03,2100-01-01,9,0,0,1
2020-11-28,2020/2021,West Brom,Sheffield Utd,1,1,0,JAMES SHAN,2019-10-03,2100-01-01,10,0,0,1
2020-12-06,2020/2021,West Brom,Crystal Palace,1,1,5,JAMES SHAN,2019-10-03,2100-01-01,11,0,0,0
2020-12-12,2020/2021,West Brom,Newcastle Utd,0,1,2,JAMES SHAN,2019-10-03,2100-01-01,12,0,0,0
2020-12-15,2020/2021,West Brom,Manchester City,0,1,1,JAMES SHAN,2019-10-03,2100-01-01,13,0,0,0
2020-12-20,2020/2021,West Brom,Aston Villa,1,0,3,SAM ALLARDYCE,2020-12-16,2100-01-01,1,1,0,0
2020-12-27,2020/2021,West Brom,Liverpool,0,1,1,SAM ALLARDYCE,2020-12-16,2100-01-01,2,1,0,0
2020-12-29,2020/2021,West Brom,Leeds United,1,0,5,SAM ALLARDYCE,2020-12-16,2100-01-01,3,1,0,0
2021-01-02,2020/2021,West Brom,Arsenal,1,0,4,SAM ALLARDYCE,2020-12-16,2100-01-01,4,0,1,0
2021-01-16,2020/2021,West Brom,Wolves,0,3,2,SAM ALLARDYCE,2020-12-16,2100-01-01,5,0,1,0
2021-01-19,2020/2021,West Brom,West Ham,0,1,2,SAM ALLARDYCE,2020-12-16,2100-01-01,6,0,1,0
2021-01-26,2020/2021,West Brom,Manchester City,1,0,5,SAM ALLARDYCE,2020-12-16,2100-01-01,7,0,0,1
2021-01-30,2020/2021,West Brom,Fulham,1,2,2,SAM ALLARDYCE,2020-12-16,2100-01-01,8,0,0,1
2021-02-02,2020/2021,West Brom,Sheffield Utd,0,1,2,SAM ALLARDYCE,2020-12-16,2100-01-01,9,0,0,1
2021-02-07,2020/2021,West Brom,Tottenham,0,0,2,SAM ALLARDYCE,2020-12-16,2100-01-01,10,0,0,1
2021-02-14,2020/2021,West Brom,Manchester Utd,1,1,1,SAM ALLARDYCE,2020-12-16,2100-01-01,11,0,0,0
2021-02-20,2020/2021,West Brom,Burnley,0,0,0,SAM ALLARDYCE,2020-12-16,2100-01-01,12,0,0,0
2021-02-27,2020/2021,West Brom,Brighton,1,1,0,SAM ALLARDYCE,2020-12-16,2100-01-01,13,0,0,0
2021-03-04,2020/2021,West Brom,Everton,1,0,1,SAM ALLARDYCE,2020-12-16,2100-01-01,14,0,0,0
2021-03-07,2020/2021,West Brom,Newcastle Utd,1,0,0,SAM ALLARDYCE,2020-12-16,2100-01-01,15,0,0,0
2021-03-13,2020/2021,West Brom,Crystal Palace,0,0,1,SAM ALLARDYCE,2020-12-16,2100-01-01,16,0,0,0
2021-04-03,2020/2021,West Brom,Chelsea,0,5,2,SAM ALLARDYCE,2020-12-16,2100-01-01,17,0,0,0
2021-04-12,2020/2021,West Brom,Southampton,1,3,0,SAM ALLARDYCE,2020-12-16,2100-01-01,18,0,0,0
2021-04-22,2020/2021,West Brom,Leicester City,0,0,3,SAM ALLARDYCE,2020-12-16,2100-01-01,19,0,0,0
2021-04-25,2020/2021,West Brom,Aston Villa,0,2,2,SAM ALLARDYCE,2020-12-16,2100-01-01,20,0,0,0
2021-05-03,2020/2021,West Brom,Wolves,1,1,1,SAM ALLARDYCE,2020-12-16,2100-01-01,21,0,0,0
2021-05-09,2020/2021,West Brom,Arsenal,0,1,3,SAM ALLARDYCE,2020-12-16,2100-01-01,22,0,0,0
2021-05-16,2020/2021,West Brom,Liverpool,1,1,2,SAM ALLARDYCE,2020-12-16,2100-01-01,23,0,0,0
2021-05-19,2020/2021,West Brom,West Ham,1,1,3,SAM ALLARDYCE,2020-12-16,2100-01-01,24,0,0,0
2021-05-23,2020/2021,West Brom,Leeds United,0,1,3,SAM ALLARDYCE,2020-12-16,2100-01-01,25,0,0,0
2015-01-10,2014/2015,West Brom,Hull City,1,1,0,TONY PULIS,2015-01-02,2100-01-01,1,1,0,0
2015-01-19,2014/2015,West Brom,Everton,0,0,0,TONY PULIS,2015-01-02,2100-01-01,2,1,0,0
2015-01-31,2014/2015,West Brom,Tottenham,1,0,3,TONY PULIS,2015-01-02,2100-01-01,3,1,0,0
2015-02-08,2014/2015,West Brom,Burnley,0,2,2,TONY PULIS,2015-01-02,2100-01-01,4,0,1,0
2015-02-11,2014/2015,West Brom,Swansea City,1,2,0,TONY PULIS,2015-01-02,2100-01-01,5,0,1,0
2015-02-21,2014/2015,West Brom,Sunderland,0,0,0,TONY PULIS,2015-01-02,2100-01-01,6,0,1,0
2015-02-28,2014/2015,West Brom,Southampton,1,1,0,TONY PULIS,2015-01-02,2100-01-01,7,0,0,1
2015-03-03,2014/2015,West Brom,Aston Villa,0,1,2,TONY PULIS,2015-01-02,2100-01-01,8,0,0,1
2015-03-14,2014/2015,West Brom,Stoke City,1,1,0,TONY PULIS,2015-01-02,2100-01-01,9,0,0,1
2015-03-21,2014/2015,West Brom,Manchester City,0,0,3,TONY PULIS,2015-01-02,2100-01-01,10,0,0,1
2015-04-04,2014/2015,West Brom,QPR,1,1,4,TONY PULIS,2015-01-02,2100-01-01,11,0,0,0
2015-04-11,2014/2015,West Brom,Leicester City,1,2,3,TONY PULIS,2015-01-02,2100-01-01,12,0,0,0
2015-04-18,2014/2015,West Brom,Crystal Palace,0,2,0,TONY PULIS,2015-01-02,2100-01-01,13,0,0,0
2015-04-25,2014/2015,West Brom,Liverpool,1,0,0,TONY PULIS,2015-01-02,2100-01-01,14,0,0,0
2015-05-02,2014/2015,West Brom,Manchester Utd,0,1,0,TONY PULIS,2015-01-02,2100-01-01,15,0,0,0
2015-05-09,2014/2015,West Brom,Newcastle Utd,0,1,1,TONY PULIS,2015-01-02,2100-01-01,16,0,0,0
2015-05-18,2014/2015,West Brom,Chelsea,1,3,0,TONY PULIS,2015-01-02,2100-01-01,17,0,0,0
2015-05-24,2014/2015,West Brom,Arsenal,0,1,4,TONY PULIS,2015-01-02,2100-01-01,18,0,0,0
2015-08-10,2015/2016,West Brom,Manchester City,1,0,3,TONY PULIS,2015-01-02,2100-01-01,19,0,0,0
2015-08-15,2015/2016,West Brom,Watford,0,0,0,TONY PULIS,2015-01-02,2100-01-01,20,0,0,0
2015-08-23,2015/2016,West Brom,Chelsea,1,2,3,TONY PULIS,2015-01-02,2100-01-01,21,0,0,0
2015-08-29,2015/2016,West Brom,Stoke City,0,1,0,TONY PULIS,2015-01-02,2100-01-01,22,0,0,0
2015-09-12,2015/2016,West Brom,Southampton,1,0,0,TONY PULIS,2015-01-02,2100-01-01,23,0,0,0
2015-09-19,2015/2016,West Brom,Aston Villa,0,1,0,TONY PULIS,2015-01-02,2100-01-01,24,0,0,0
2015-09-28,2015/2016,West Brom,Everton,1,2,3,TONY PULIS,2015-01-02,2100-01-01,25,0,0,0
2015-10-03,2015/2016,West Brom,Crystal Palace,0,0,2,TONY PULIS,2015-01-02,2100-01-01,26,0,0,0
2015-10-17,2015/2016,West Brom,Sunderland,1,1,0,TONY PULIS,2015-01-02,2100-01-01,27,0,0,0
2015-10-24,2015/2016,West Brom,Norwich City,0,1,0,TONY PULIS,2015-01-02,2100-01-01,28,0,0,0
2015-10-31,2015/2016,West Brom,Leicester City,1,2,3,TONY PULIS,2015-01-02,2100-01-01,29,0,0,0
2015-11-07,2015/2016,West Brom,Manchester Utd,0,0,2,TONY PULIS,2015-01-02,2100-01-01,30,0,0,0
2015-11-21,2015/2016,West Brom,Arsenal,1,2,1,TONY PULIS,2015-01-02,2100-01-01,31,0,0,0
2015-11-29,2015/2016,West Brom,West Ham,0,1,1,TONY PULIS,2015-01-02,2100-01-01,32,0,0,0
2015-12-05,2015/2016,West Brom,Tottenham,1,1,1,TONY PULIS,2015-01-02,2100-01-01,33,0,0,0
2015-12-13,2015/2016,West Brom,Liverpool,0,2,2,TONY PULIS,2015-01-02,2100-01-01,34,0,0,0
2015-12-19,2015/2016,West Brom,Bournemouth,1,1,2,TONY PULIS,2015-01-02,2100-01-01,35,0,0,0
2015-12-26,2015/2016,West Brom,Swansea City,0,0,1,TONY PULIS,2015-01-02,2100-01-01,36,0,0,0
2015-12-28,2015/2016,West Brom,Newcastle Utd,1,1,0,TONY PULIS,2015-01-02,2100-01-01,37,0,0,0
2016-01-02,2015/2016,West Brom,Stoke City,1,2,1,TONY PULIS,2015-01-02,2100-01-01,38,0,0,0
2016-01-13,2015/2016,West Brom,Chelsea,0,2,2,TONY PULIS,2015-01-02,2100-01-01,39,0,0,0
2016-01-16,2015/2016,West Brom,Southampton,0,0,3,TONY PULIS,2015-01-02,2100-01-01,40,0,0,0
2016-01-23,2015/2016,West Brom,Aston Villa,1,0,0,TONY PULIS,2015-01-02,2100-01-01,41,0,0,0
2016-02-02,2015/2016,West Brom,Swansea City,1,1,1,TONY PULIS,2015-01-02,2100-01-01,42,0,0,0
2016-02-06,2015/2016,West Brom,Newcastle Utd,0,0,1,TONY PULIS,2015-01-02,2100-01-01,43,0,0,0
2016-02-13,2015/2016,West Brom,Everton,0,1,0,TONY PULIS,2015-01-02,2100-01-01,44,0,0,0
2016-02-27,2015/2016,West Brom,Crystal Palace,1,3,2,TONY PULIS,2015-01-02,2100-01-01,45,0,0,0
2016-03-01,2015/2016,West Brom,Leicester City,0,2,2,TONY PULIS,2015-01-02,2100-01-01,46,0,0,0
2016-03-06,2015/2016,West Brom,Manchester Utd,1,1,0,TONY PULIS,2015-01-02,2100-01-01,47,0,0,0
2016-03-19,2015/2016,West Brom,Norwich City,1,0,1,TONY PULIS,2015-01-02,2100-01-01,48,0,0,0
2016-04-02,2015/2016,West Brom,Sunderland,0,0,0,TONY PULIS,2015-01-02,2100-01-01,49,0,0,0
2016-04-09,2015/2016,West Brom,Manchester City,0,1,2,TONY PULIS,2015-01-02,2100-01-01,50,0,0,0
2016-04-16,2015/2016,West Brom,Watford,1,0,1,TONY PULIS,2015-01-02,2100-01-01,51,0,0,0
2016-04-21,2015/2016,West Brom,Arsenal,0,0,2,TONY PULIS,2015-01-02,2100-01-01,52,0,0,0
2016-04-25,2015/2016,West Brom,Tottenham,0,1,1,TONY PULIS,2015-01-02,2100-01-01,53,0,0,0
2016-04-30,2015/2016,West Brom,West Ham,1,0,3,TONY PULIS,2015-01-02,2100-01-01,54,0,0,0
2016-05-07,2015/2016,West Brom,Bournemouth,0,1,1,TONY PULIS,2015-01-02,2100-01-01,55,0,0,0
2016-05-15,2015/2016,West Brom,Liverpool,1,1,1,TONY PULIS,2015-01-02,2100-01-01,56,0,0,0
2016-08-13,2016/2017,West Brom,Crystal Palace,0,1,0,TONY PULIS,2015-01-02,2100-01-01,57,0,0,0
2016-08-20,2016/2017,West Brom,Everton,1,1,2,TONY PULIS,2015-01-02,2100-01-01,58,0,0,0
2016-08-28,2016/2017,West Brom,Middlesbrough,1,0,0,TONY PULIS,2015-01-02,2100-01-01,59,0,0,0
2016-09-10,2016/2017,West Brom,Bournemouth,0,0,1,TONY PULIS,2015-01-02,2100-01-01,60,0,0,0
2016-09-17,2016/2017,West Brom,West Ham,1,4,2,TONY PULIS,2015-01-02,2100-01-01,61,0,0,0
2016-09-24,2016/2017,West Brom,Stoke City,0,1,1,TONY PULIS,2015-01-02,2100-01-01,62,0,0,0
2016-10-01,2016/2017,West Brom,Sunderland,0,1,1,TONY PULIS,2015-01-02,2100-01-01,63,0,0,0
2016-10-15,2016/2017,West Brom,Tottenham,1,1,1,TONY PULIS,2015-01-02,2100-01-01,64,0,0,0
2016-10-22,2016/2017,West Brom,Liverpool,0,1,2,TONY PULIS,2015-01-02,2100-01-01,65,0,0,0
2016-10-29,2016/2017,West Brom,Manchester City,1,0,4,TONY PULIS,2015-01-02,2100-01-01,66,0,0,0
2016-11-06,2016/2017,West Brom,Leicester City,0,2,1,TONY PULIS,2015-01-02,2100-01-01,67,0,0,0
2016-11-21,2016/2017,West Brom,Burnley,1,4,0,TONY PULIS,2015-01-02,2100-01-01,68,0,0,0
2016-11-26,2016/2017,West Brom,Hull City,0,1,1,TONY PULIS,2015-01-02,2100-01-01,69,0,0,0
2016-12-03,2016/2017,West Brom,Watford,1,3,1,TONY PULIS,2015-01-02,2100-01-01,70,0,0,0
2016-12-11,2016/2017,West Brom,Chelsea,0,0,1,TONY PULIS,2015-01-02,2100-01-01,71,0,0,0
2016-12-14,2016/2017,West Brom,Swansea City,1,3,1,TONY PULIS,2015-01-02,2100-01-01,72,0,0,0
2016-12-17,2016/2017,West Brom,Manchester Utd,1,0,2,TONY PULIS,2015-01-02,2100-01-01,73,0,0,0
2016-12-26,2016/2017,West Brom,Arsenal,0,0,1,TONY PULIS,2015-01-02,2100-01-01,74,0,0,0
2016-12-31,2016/2017,West Brom,Southampton,0,2,1,TONY PULIS,2015-01-02,2100-01-01,75,0,0,0
2017-01-02,2016/2017,West Brom,Hull City,1,3,1,TONY PULIS,2015-01-02,2100-01-01,76,0,0,0
2017-01-14,2016/2017,West Brom,Tottenham,0,0,4,TONY PULIS,2015-01-02,2100-01-01,77,0,0,0
2017-01-21,2016/2017,West Brom,Sunderland,1,2,0,TONY PULIS,2015-01-02,2100-01-01,78,0,0,0
2017-01-31,2016/2017,West Brom,Middlesbrough,0,1,1,TONY PULIS,2015-01-02,2100-01-01,79,0,0,0
2017-02-04,2016/2017,West Brom,Stoke City,1,1,0,TONY PULIS,2015-01-02,2100-01-01,80,0,0,0
2017-02-11,2016/2017,West Brom,West Ham,0,2,2,TONY PULIS,2015-01-02,2100-01-01,81,0,0,0
2017-02-25,2016/2017,West Brom,Bournemouth,1,2,1,TONY PULIS,2015-01-02,2100-01-01,82,0,0,0
2017-03-04,2016/2017,West Brom,Crystal Palace,1,0,2,TONY PULIS,2015-01-02,2100-01-01,83,0,0,0
2017-03-11,2016/2017,West Brom,Everton,0,0,3,TONY PULIS,2015-01-02,2100-01-01,84,0,0,0
2017-03-18,2016/2017,West Brom,Arsenal,1,3,1,TONY PULIS,2015-01-02,2100-01-01,85,0,0,0
2017-04-01,2016/2017,West Brom,Manchester Utd,0,0,0,TONY PULIS,2015-01-02,2100-01-01,86,0,0,0
2017-04-04,2016/2017,West Brom,Watford,0,0,2,TONY PULIS,2015-01-02,2100-01-01,87,0,0,0
2017-04-08,2016/2017,West Brom,Southampton,1,0,1,TONY PULIS,2015-01-02,2100-01-01,88,0,0,0
2017-04-16,2016/2017,West Brom,Liverpool,1,0,1,TONY PULIS,2015-01-02,2100-01-01,89,0,0,0
2017-04-29,2016/2017,West Brom,Leicester City,1,0,1,TONY PULIS,2015-01-02,2100-01-01,90,0,0,0
2017-05-06,2016/2017,West Brom,Burnley,0,2,2,TONY PULIS,2015-01-02,2100-01-01,91,0,0,0
2017-05-12,2016/2017,West Brom,Chelsea,1,0,1,TONY PULIS,2015-01-02,2100-01-01,92,0,0,0
2017-05-16,2016/2017,West Brom,Manchester City,0,1,3,TONY PULIS,2015-01-02,2100-01-01,93,0,0,0
2017-05-21,2016/2017,West Brom,Swansea City,0,1,2,TONY PULIS,2015-01-02,2100-01-01,94,0,0,0
2017-08-12,2017/2018,West Brom,Bournemouth,1,1,0,TONY PULIS,2015-01-02,2100-01-01,95,0,0,0
2017-08-19,2017/2018,West Brom,Burnley,0,1,0,TONY PULIS,2015-01-02,2100-01-01,96,0,0,0
2017-08-27,2017/2018,West Brom,Stoke City,1,1,1,TONY PULIS,2015-01-02,2100-01-01,97,0,0,0
2017-09-09,2017/2018,West Brom,Brighton,0,1,3,TONY PULIS,2015-01-02,2100-01-01,98,0,0,0
2017-09-16,2017/2018,West Brom,West Ham,1,0,0,TONY PULIS,2015-01-02,2100-01-01,99,0,0,0
2017-09-25,2017/2018,West Brom,Arsenal,0,0,2,TONY PULIS,2015-01-02,2100-01-01,100,0,0,0
2017-09-30,2017/2018,West Brom,Watford,1,2,2,TONY PULIS,2015-01-02,2100-01-01,101,0,0,0
2017-10-16,2017/2018,West Brom,Leicester City,0,1,1,TONY PULIS,2015-01-02,2100-01-01,102,0,0,0
2017-10-21,2017/2018,West Brom,Southampton,0,0,1,TONY PULIS,2015-01-02,2100-01-01,103,0,0,0
2017-10-28,2017/2018,West Brom,Manchester City,1,2,3,TONY PULIS,2015-01-02,2100-01-01,104,0,0,0
2017-11-04,2017/2018,West Brom,Huddersfield,0,0,1,TONY PULIS,2015-01-02,2100-01-01,105,0,0,0
2017-11-18,2017/2018,West Brom,Chelsea,1,0,4,TONY PULIS,2015-01-02,2100-01-01,106,0,0,0
2017-08-13,2017/2018,West Ham,Manchester Utd,0,0,4,DAVID MOYES,2017-07-11,2100-01-01,1,1,0,0
2017-08-19,2017/2018,West Ham,Southampton,0,2,3,DAVID MOYES,2017-07-11,2100-01-01,2,1,0,0
2017-08-26,2017/2018,West Ham,Newcastle Utd,0,0,3,DAVID MOYES,2017-07-11,2100-01-01,3,1,0,0
2017-09-11,2017/2018,West Ham,Huddersfield,1,2,0,DAVID MOYES,2017-07-11,2100-01-01,4,0,1,0
2017-09-16,2017/2018,West Ham,West Brom,0,0,0,DAVID MOYES,2017-07-11,2100-01-01,5,0,1,0
2017-09-23,2017/2018,West Ham,Tottenham,1,2,3,DAVID MOYES,2017-07-11,2100-01-01,6,0,1,0
2017-09-30,2017/2018,West Ham,Swansea City,1,1,0,DAVID MOYES,2017-07-11,2100-01-01,7,0,0,1
2017-10-14,2017/2018,West Ham,Burnley,0,1,1,DAVID MOYES,2017-07-11,2100-01-01,8,0,0,1
2017-10-20,2017/2018,West Ham,Brighton,1,0,3,DAVID MOYES,2017-07-11,2100-01-01,9,0,0,1
2017-10-28,2017/2018,West Ham,Crystal Palace,0,2,2,DAVID MOYES,2017-07-11,2100-01-01,10,0,0,1
2017-11-04,2017/2018,West Ham,Liverpool,1,1,4,DAVID MOYES,2017-07-11,2100-01-01,11,0,0,0
2017-11-19,2017/2018,West Ham,Watford,0,0,2,DAVID MOYES,2017-07-11,2100-01-01,12,0,0,0
2017-11-24,2017/2018,West Ham,Leicester City,1,1,1,DAVID MOYES,2017-07-11,2100-01-01,13,0,0,0
2017-11-29,2017/2018,West Ham,Everton,0,0,4,DAVID MOYES,2017-07-11,2100-01-01,14,0,0,0
2017-12-03,2017/2018,West Ham,Manchester City,0,1,2,DAVID MOYES,2017-07-11,2100-01-01,15,0,0,0
2017-12-09,2017/2018,West Ham,Chelsea,1,1,0,DAVID MOYES,2017-07-11,2100-01-01,16,0,0,0
2017-12-13,2017/2018,West Ham,Arsenal,1,0,0,DAVID MOYES,2017-07-11,2100-01-01,17,0,0,0
2017-12-16,2017/2018,West Ham,Stoke City,0,3,0,DAVID MOYES,2017-07-11,2100-01-01,18,0,0,0
2017-12-23,2017/2018,West Ham,Newcastle Utd,1,2,3,DAVID MOYES,2017-07-11,2100-01-01,19,0,0,0
2017-12-26,2017/2018,West Ham,Bournemouth,0,3,3,DAVID MOYES,2017-07-11,2100-01-01,20,0,0,0
2018-01-02,2017/2018,West Ham,West Brom,1,2,1,DAVID MOYES,2017-07-11,2100-01-01,21,0,0,0
2018-01-04,2017/2018,West Ham,Tottenham,0,1,1,DAVID MOYES,2017-07-11,2100-01-01,22,0,0,0
2020-01-01,2019/2020,West Ham,Bournemouth,1,4,0,DAVID MOYES,2019-12-29,2100-01-01,1,1,0,0
2020-01-10,2019/2020,West Ham,Sheffield Utd,0,0,1,DAVID MOYES,2019-12-29,2100-01-01,2,1,0,0
2020-01-18,2019/2020,West Ham,Everton,1,1,1,DAVID MOYES,2019-12-29,2100-01-01,3,1,0,0
2020-01-22,2019/2020,West Ham,Leicester City,0,1,4,DAVID MOYES,2019-12-29,2100-01-01,4,0,1,0
2020-01-29,2019/2020,West Ham,Liverpool,1,0,2,DAVID MOYES,2019-12-29,2100-01-01,5,0,1,0
2020-02-01,2019/2020,West Ham,Brighton,1,3,3,DAVID MOYES,2019-12-29,2100-01-01,6,0,1,0
2020-02-19,2019/2020,West Ham,Manchester City,0,0,2,DAVID MOYES,2019-12-29,2100-01-01,7,0,0,1
2020-02-24,2019/2020,West Ham,Liverpool,0,2,3,DAVID MOYES,2019-12-29,2100-01-01,8,0,0,1
2020-02-29,2019/2020,West Ham,Southampton,1,3,1,DAVID MOYES,2019-12-29,2100-01-01,9,0,0,1
2020-03-07,2019/2020,West Ham,Arsenal,0,0,1,DAVID MOYES,2019-12-29,2100-01-01,10,0,0,1
2020-06-20,2019/2020,West Ham,Wolves,1,0,2,DAVID MOYES,2019-12-29,2100-01-01,11,0,0,0
2020-06-23,2019/2020,West Ham,Tottenham,0,0,2,DAVID MOYES,2019-12-29,2100-01-01,12,0,0,0
2020-07-01,2019/2020,West Ham,Chelsea,1,3,2,DAVID MOYES,2019-12-29,2100-01-01,13,0,0,0
2020-07-05,2019/2020,West Ham,Newcastle Utd,0,2,2,DAVID MOYES,2019-12-29,2100-01-01,14,0,0,0
2020-07-08,2019/2020,West Ham,Burnley,1,0,1,DAVID MOYES,2019-12-29,2100-01-01,15,0,0,0
2020-07-11,2019/2020,West Ham,Norwich City,0,4,0,DAVID MOYES,2019-12-29,2100-01-01,16,0,0,0
2020-07-17,2019/2020,West Ham,Watford,1,3,1,DAVID MOYES,2019-12-29,2100-01-01,17,0,0,0
2020-07-22,2019/2020,West Ham,Manchester Utd,0,1,1,DAVID MOYES,2019-12-29,2100-01-01,18,0,0,0
2020-07-26,2019/2020,West Ham,Aston Villa,1,1,1,DAVID MOYES,2019-12-29,2100-01-01,19,0,0,0
2020-09-12,2020/2021,West Ham,Newcastle Utd,1,0,2,DAVID MOYES,2019-12-29,2100-01-01,20,0,0,0
2020-09-19,2020/2021,West Ham,Arsenal,0,1,2,DAVID MOYES,2019-12-29,2100-01-01,21,0,0,0
2020-09-27,2020/2021,West Ham,Wolves,1,4,0,DAVID MOYES,2019-12-29,2100-01-01,22,0,0,0
2020-10-04,2020/2021,West Ham,Leicester City,0,3,0,DAVID MOYES,2019-12-29,2100-01-01,23,0,0,0
2020-10-18,2020/2021,West Ham,Tottenham,0,3,3,DAVID MOYES,2019-12-29,2100-01-01,24,0,0,0
2020-10-24,2020/2021,West Ham,Manchester City,1,1,1,DAVID MOYES,2019-12-29,2100-01-01,25,0,0,0
2020-10-31,2020/2021,West Ham,Liverpool,0,1,2,DAVID MOYES,2019-12-29,2100-01-01,26,0,0,0
2020-11-07,2020/2021,West Ham,Fulham,1,1,0,DAVID MOYES,2019-12-29,2100-01-01,27,0,0,0
2020-11-22,2020/2021,West Ham,Sheffield Utd,0,1,0,DAVID MOYES,2019-12-29,2100-01-01,28,0,0,0
2020-11-30,2020/2021,West Ham,Aston Villa,1,2,1,DAVID MOYES,2019-12-29,2100-01-01,29,0,0,0
2020-12-05,2020/2021,West Ham,Manchester Utd,1,1,3,DAVID MOYES,2019-12-29,2100-01-01,30,0,0,0
2020-12-11,2020/2021,West Ham,Leeds United,0,2,1,DAVID MOYES,2019-12-29,2100-01-01,31,0,0,0
2020-12-16,2020/2021,West Ham,Crystal Palace,1,1,1,DAVID MOYES,2019-12-29,2100-01-01,32,0,0,0
2020-12-21,2020/2021,West Ham,Chelsea,0,0,3,DAVID MOYES,2019-12-29,2100-01-01,33,0,0,0
2020-12-27,2020/2021,West Ham,Brighton,1,2,2,DAVID MOYES,2019-12-29,2100-01-01,34,0,0,0
2020-12-29,2020/2021,West Ham,Southampton,0,0,0,DAVID MOYES,2019-12-29,2100-01-01,35,0,0,0
2021-01-01,2020/2021,West Ham,Everton,0,1,0,DAVID MOYES,2019-12-29,2100-01-01,36,0,0,0
2021-01-16,2020/2021,West Ham,Burnley,1,1,0,DAVID MOYES,2019-12-29,2100-01-01,37,0,0,0
2021-01-19,2020/2021,West Ham,West Brom,1,2,1,DAVID MOYES,2019-12-29,2100-01-01,38,0,0,0
2021-01-26,2020/2021,West Ham,Crystal Palace,0,3,2,DAVID MOYES,2019-12-29,2100-01-01,39,0,0,0
2021-01-31,2020/2021,West Ham,Liverpool,1,1,3,DAVID MOYES,2019-12-29,2100-01-01,40,0,0,0
2021-02-03,2020/2021,West Ham,Aston Villa,0,3,1,DAVID MOYES,2019-12-29,2100-01-01,41,0,0,0
2021-02-06,2020/2021,West Ham,Fulham,0,0,0,DAVID MOYES,2019-12-29,2100-01-01,42,0,0,0
2021-02-15,2020/2021,West Ham,Sheffield Utd,1,3,0,DAVID MOYES,2019-12-29,2100-01-01,43,0,0,0
2021-02-21,2020/2021,West Ham,Tottenham,1,2,1,DAVID MOYES,2019-12-29,2100-01-01,44,0,0,0
2021-02-27,2020/2021,West Ham,Manchester City,0,1,2,DAVID MOYES,2019-12-29,2100-01-01,45,0,0,0
2021-03-08,2020/2021,West Ham,Leeds United,1,2,0,DAVID MOYES,2019-12-29,2100-01-01,46,0,0,0
2021-03-14,2020/2021,West Ham,Manchester Utd,0,0,1,DAVID MOYES,2019-12-29,2100-01-01,47,0,0,0
2021-03-21,2020/2021,West Ham,Arsenal,1,3,3,DAVID MOYES,2019-12-29,2100-01-01,48,0,0,0
2021-04-05,2020/2021,West Ham,Wolves,0,3,2,DAVID MOYES,2019-12-29,2100-01-01,49,0,0,0
2021-04-11,2020/2021,West Ham,Leicester City,1,3,2,DAVID MOYES,2019-12-29,2100-01-01,50,0,0,0
2021-04-17,2020/2021,West Ham,Newcastle Utd,0,2,3,DAVID MOYES,2019-12-29,2100-01-01,51,0,0,0
2021-04-24,2020/2021,West Ham,Chelsea,1,0,1,DAVID MOYES,2019-12-29,2100-01-01,52,0,0,0
2021-05-03,2020/2021,West Ham,Burnley,0,2,1,DAVID MOYES,2019-12-29,2100-01-01,53,0,0,0
2021-05-09,2020/2021,West Ham,Everton,1,0,1,DAVID MOYES,2019-12-29,2100-01-01,54,0,0,0
2021-05-15,2020/2021,West Ham,Brighton,0,1,1,DAVID MOYES,2019-12-29,2100-01-01,55,0,0,0
2021-05-19,2020/2021,West Ham,West Brom,0,3,1,DAVID MOYES,2019-12-29,2100-01-01,56,0,0,0
2021-05-23,2020/2021,West Ham,Southampton,1,3,0,DAVID MOYES,2019-12-29,2100-01-01,57,0,0,0
2021-08-15,2021/2022,West Ham,Newcastle Utd,0,4,2,DAVID MOYES,2019-12-29,2100-01-01,58,0,0,0
2021-08-23,2021/2022,West Ham,Leicester City,1,4,1,DAVID MOYES,2019-12-29,2100-01-01,59,0,0,0
2021-08-28,2021/2022,West Ham,Crystal Palace,1,2,2,DAVID MOYES,2019-12-29,2100-01-01,60,0,0,0
2021-09-11,2021/2022,West Ham,Southampton,0,0,0,DAVID MOYES,2019-12-29,2100-01-01,61,0,0,0
2021-09-19,2021/2022,West Ham,Manchester Utd,1,1,2,DAVID MOYES,2019-12-29,2100-01-01,62,0,0,0
2021-09-25,2021/2022,West Ham,Leeds United,0,2,1,DAVID MOYES,2019-12-29,2100-01-01,63,0,0,0
2021-10-03,2021/2022,West Ham,Brentford,1,1,2,DAVID MOYES,2019-12-29,2100-01-01,64,0,0,0
2021-10-17,2021/2022,West Ham,Everton,0,1,0,DAVID MOYES,2019-12-29,2100-01-01,65,0,0,0
2021-10-24,2021/2022,West Ham,Tottenham,1,1,0,DAVID MOYES,2019-12-29,2100-01-01,66,0,0,0
2021-10-31,2021/2022,West Ham,Aston Villa,0,4,1,DAVID MOYES,2019-12-29,2100-01-01,67,0,0,0
2021-11-07,2021/2022,West Ham,Liverpool,1,3,2,DAVID MOYES,2019-12-29,2100-01-01,68,0,0,0
2021-11-20,2021/2022,West Ham,Wolves,0,0,1,DAVID MOYES,2019-12-29,2100-01-01,69,0,0,0
2021-11-28,2021/2022,West Ham,Manchester City,0,1,2,DAVID MOYES,2019-12-29,2100-01-01,70,0,0,0
2021-12-01,2021/2022,West Ham,Brighton,1,1,1,DAVID MOYES,2019-12-29,2100-01-01,71,0,0,0
2021-12-04,2021/2022,West Ham,Chelsea,1,3,2,DAVID MOYES,2019-12-29,2100-01-01,72,0,0,0
2021-12-12,2021/2022,West Ham,Burnley,0,0,0,DAVID MOYES,2019-12-29,2100-01-01,73,0,0,0
2021-12-15,2021/2022,West Ham,Arsenal,0,0,2,DAVID MOYES,2019-12-29,2100-01-01,74,0,0,0
2021-12-26,2021/2022,West Ham,Southampton,1,2,3,DAVID MOYES,2019-12-29,2100-01-01,75,0,0,0
2021-12-28,2021/2022,West Ham,Watford,0,4,1,DAVID MOYES,2019-12-29,2100-01-01,76,0,0,0
2022-01-01,2021/2022,West Ham,Crystal Palace,0,3,2,DAVID MOYES,2019-12-29,2100-01-01,77,0,0,0
2022-01-12,2021/2022,West Ham,Norwich City,1,2,0,DAVID MOYES,2019-12-29,2100-01-01,78,0,0,0
2022-01-16,2021/2022,West Ham,Leeds United,1,2,3,DAVID MOYES,2019-12-29,2100-01-01,79,0,0,0
2022-01-22,2021/2022,West Ham,Manchester Utd,0,0,1,DAVID MOYES,2019-12-29,2100-01-01,80,0,0,0
2022-02-08,2021/2022,West Ham,Watford,1,1,0,DAVID MOYES,2019-12-29,2100-01-01,81,0,0,0
2022-02-13,2021/2022,West Ham,Leicester City,0,2,2,DAVID MOYES,2019-12-29,2100-01-01,82,0,0,0
2022-02-19,2021/2022,West Ham,Newcastle Utd,1,1,1,DAVID MOYES,2019-12-29,2100-01-01,83,0,0,0
2022-02-27,2021/2022,West Ham,Wolves,1,1,0,DAVID MOYES,2019-12-29,2100-01-01,84,0,0,0
2022-03-05,2021/2022,West Ham,Liverpool,0,0,1,DAVID MOYES,2019-12-29,2100-01-01,85,0,0,0
2022-03-13,2021/2022,West Ham,Aston Villa,1,2,1,DAVID MOYES,2019-12-29,2100-01-01,86,0,0,0
2022-03-20,2021/2022,West Ham,Tottenham,0,1,3,DAVID MOYES,2019-12-29,2100-01-01,87,0,0,0
2022-04-03,2021/2022,West Ham,Everton,1,2,1,DAVID MOYES,2019-12-29,2100-01-01,88,0,0,0
2022-04-10,2021/2022,West Ham,Brentford,0,0,2,DAVID MOYES,2019-12-29,2100-01-01,89,0,0,0
2022-04-17,2021/2022,West Ham,Burnley,1,1,1,DAVID MOYES,2019-12-29,2100-01-01,90,0,0,0
2022-04-24,2021/2022,West Ham,Chelsea,0,0,1,DAVID MOYES,2019-12-29,2100-01-01,91,0,0,0
2022-05-01,2021/2022,West Ham,Arsenal,1,1,2,DAVID MOYES,2019-12-29,2100-01-01,92,0,0,0
2022-05-08,2021/2022,West Ham,Norwich City,0,4,0,DAVID MOYES,2019-12-29,2100-01-01,93,0,0,0
2022-05-15,2021/2022,West Ham,Manchester City,1,2,2,DAVID MOYES,2019-12-29,2100-01-01,94,0,0,0
2022-05-22,2021/2022,West Ham,Brighton,0,1,3,DAVID MOYES,2019-12-29,2100-01-01,95,0,0,0
2022-08-07,2022/2023,West Ham,Manchester City,1,0,2,DAVID MOYES,2019-12-29,2100-01-01,96,0,0,0
2022-08-14,2022/2023,West Ham,Nott'ham Forest,0,0,1,DAVID MOYES,2019-12-29,2100-01-01,97,0,0,0
2022-08-21,2022/2023,West Ham,Brighton,1,0,2,DAVID MOYES,2019-12-29,2100-01-01,98,0,0,0
2022-08-28,2022/2023,West Ham,Aston Villa,0,1,0,DAVID MOYES,2019-12-29,2100-01-01,99,0,0,0
2022-08-31,2022/2023,West Ham,Tottenham,1,1,1,DAVID MOYES,2019-12-29,2100-01-01,100,0,0,0
2022-09-03,2022/2023,West Ham,Chelsea,0,1,2,DAVID MOYES,2019-12-29,2100-01-01,101,0,0,0
2022-09-18,2022/2023,West Ham,Everton,0,0,1,DAVID MOYES,2019-12-29,2100-01-01,102,0,0,0
2022-10-01,2022/2023,West Ham,Wolves,1,2,0,DAVID MOYES,2019-12-29,2100-01-01,103,0,0,0
2022-10-09,2022/2023,West Ham,Fulham,1,3,1,DAVID MOYES,2019-12-29,2100-01-01,104,0,0,0
2022-10-16,2022/2023,West Ham,Southampton,0,1,1,DAVID MOYES,2019-12-29,2100-01-01,105,0,0,0
2022-10-19,2022/2023,West Ham,Liverpool,0,0,1,DAVID MOYES,2019-12-29,2100-01-01,106,0,0,0
2022-10-24,2022/2023,West Ham,Bournemouth,1,2,0,DAVID MOYES,2019-12-29,2100-01-01,107,0,0,0
2022-10-30,2022/2023,West Ham,Manchester Utd,0,0,1,DAVID MOYES,2019-12-29,2100-01-01,108,0,0,0
2022-11-06,2022/2023,West Ham,Crystal Palace,1,1,2,DAVID MOYES,2019-12-29,2100-01-01,109,0,0,0
2022-11-12,2022/2023,West Ham,Leicester City,1,0,2,DAVID MOYES,2019-12-29,2100-01-01,110,0,0,0
2022-12-26,2022/2023,West Ham,Arsenal,0,1,3,DAVID MOYES,2019-12-29,2100-01-01,111,0,0,0
2022-12-30,2022/2023,West Ham,Brentford,1,0,2,DAVID MOYES,2019-12-29,2100-01-01,112,0,0,0
2023-01-04,2022/2023,West Ham,Leeds United,0,2,2,DAVID MOYES,2019-12-29,2100-01-01,113,0,0,0
2023-01-14,2022/2023,West Ham,Wolves,0,0,1,DAVID MOYES,2019-12-29,2100-01-01,114,0,0,0
2023-01-21,2022/2023,West Ham,Everton,1,2,0,DAVID MOYES,2019-12-29,2100-01-01,115,0,0,0
2023-02-04,2022/2023,West Ham,Newcastle Utd,0,1,1,DAVID MOYES,2019-12-29,2100-01-01,116,0,0,0
2023-02-11,2022/2023,West Ham,Chelsea,1,1,1,DAVID MOYES,2019-12-29,2100-01-01,117,0,0,0
2023-02-19,2022/2023,West Ham,Tottenham,0,0,2,DAVID MOYES,2019-12-29,2100-01-01,118,0,0,0
2023-02-25,2022/2023,West Ham,Nott'ham Forest,1,4,0,DAVID MOYES,2019-12-29,2100-01-01,119,0,0,0
2023-03-04,2022/2023,West Ham,Brighton,0,0,4,DAVID MOYES,2019-12-29,2100-01-01,120,0,0,0
2023-03-12,2022/2023,West Ham,Aston Villa,1,1,1,DAVID MOYES,2019-12-29,2100-01-01,121,0,0,0
2023-04-02,2022/2023,West Ham,Southampton,1,1,0,DAVID MOYES,2019-12-29,2100-01-01,122,0,0,0
2023-04-05,2022/2023,West Ham,Newcastle Utd,1,1,5,DAVID MOYES,2019-12-29,2100-01-01,123,0,0,0
2023-04-08,2022/2023,West Ham,Fulham,0,1,0,DAVID MOYES,2019-12-29,2100-01-01,124,0,0,0
2023-04-16,2022/2023,West Ham,Arsenal,1,2,2,DAVID MOYES,2019-12-29,2100-01-01,125,0,0,0
2023-04-23,2022/2023,West Ham,Bournemouth,0,4,0,DAVID MOYES,2019-12-29,2100-01-01,126,0,0,0
2023-04-26,2022/2023,West Ham,Liverpool,1,1,2,DAVID MOYES,2019-12-29,2100-01-01,127,0,0,0
2023-04-29,2022/2023,West Ham,Crystal Palace,0,3,4,DAVID MOYES,2019-12-29,2100-01-01,128,0,0,0
2023-05-03,2022/2023,West Ham,Manchester City,0,0,3,DAVID MOYES,2019-12-29,2100-01-01,129,0,0,0
2023-05-07,2022/2023,West Ham,Manchester Utd,1,1,0,DAVID MOYES,2019-12-29,2100-01-01,130,0,0,0
2023-05-14,2022/2023,West Ham,Brentford,0,0,2,DAVID MOYES,2019-12-29,2100-01-01,131,0,0,0
2023-05-21,2022/2023,West Ham,Leeds United,1,3,1,DAVID MOYES,2019-12-29,2100-01-01,132,0,0,0
2023-05-28,2022/2023,West Ham,Leicester City,0,1,2,DAVID MOYES,2019-12-29,2100-01-01,133,0,0,0
2023-08-12,2023/2024,West Ham,Bournemouth,0,1,1,DAVID MOYES,2019-12-29,2100-01-01,134,0,0,0
2023-08-20,2023/2024,West Ham,Chelsea,1,3,1,DAVID MOYES,2019-12-29,2100-01-01,135,0,0,0
2023-08-26,2023/2024,West Ham,Brighton,0,3,1,DAVID MOYES,2019-12-29,2100-01-01,136,0,0,0
2023-09-01,2023/2024,West Ham,Luton Town,0,2,1,DAVID MOYES,2019-12-29,2100-01-01,137,0,0,0
2023-09-16,2023/2024,West Ham,Manchester City,1,1,3,DAVID MOYES,2019-12-29,2100-01-01,138,0,0,0
2023-09-24,2023/2024,West Ham,Liverpool,0,1,3,DAVID MOYES,2019-12-29,2100-01-01,139,0,0,0
2023-09-30,2023/2024,West Ham,Sheffield Utd,1,2,0,DAVID MOYES,2019-12-29,2100-01-01,140,0,0,0
2023-10-08,2023/2024,West Ham,Newcastle Utd,1,2,2,DAVID MOYES,2019-12-29,2100-01-01,141,0,0,0
2023-10-22,2023/2024,West Ham,Aston Villa,0,1,4,DAVID MOYES,2019-12-29,2100-01-01,142,0,0,0
2023-10-29,2023/2024,West Ham,Everton,1,0,1,DAVID MOYES,2019-12-29,2100-01-01,143,0,0,0
2023-11-04,2023/2024,West Ham,Brentford,0,2,3,DAVID MOYES,2019-12-29,2100-01-01,144,0,0,0
2023-11-12,2023/2024,West Ham,Nott'ham Forest,1,3,2,DAVID MOYES,2019-12-29,2100-01-01,145,0,0,0
2023-11-25,2023/2024,West Ham,Burnley,0,2,1,DAVID MOYES,2019-12-29,2100-01-01,146,0,0,0
2023-12-03,2023/2024,West Ham,Crystal Palace,1,1,1,DAVID MOYES,2019-12-29,2100-01-01,147,0,0,0
2023-12-07,2023/2024,West Ham,Tottenham,0,2,1,DAVID MOYES,2019-12-29,2100-01-01,148,0,0,0
2023-12-10,2023/2024,West Ham,Fulham,0,0,5,DAVID MOYES,2019-12-29,2100-01-01,149,0,0,0
2023-12-17,2023/2024,West Ham,Wolves,1,3,0,DAVID MOYES,2019-12-29,2100-01-01,150,0,0,0
2023-12-23,2023/2024,West Ham,Manchester Utd,1,2,0,DAVID MOYES,2019-12-29,2100-01-01,151,0,0,0
2023-12-28,2023/2024,West Ham,Arsenal,0,2,0,DAVID MOYES,2019-12-29,2100-01-01,152,0,0,0
2024-01-02,2023/2024,West Ham,Brighton,1,0,0,DAVID MOYES,2019-12-29,2100-01-01,153,0,0,0
2024-01-21,2023/2024,West Ham,Sheffield Utd,0,2,2,DAVID MOYES,2019-12-29,2100-01-01,154,0,0,0
2024-02-01,2023/2024,West Ham,Bournemouth,1,1,1,DAVID MOYES,2019-12-29,2100-01-01,155,0,0,0
2024-02-04,2023/2024,West Ham,Manchester Utd,0,0,3,DAVID MOYES,2019-12-29,2100-01-01,156,0,0,0
2024-02-11,2023/2024,West Ham,Arsenal,1,0,6,DAVID MOYES,2019-12-29,2100-01-01,157,0,0,0
2024-02-17,2023/2024,West Ham,Nott'ham Forest,0,0,2,DAVID MOYES,2019-12-29,2100-01-01,158,0,0,0
2024-02-26,2023/2024,West Ham,Brentford,1,4,2,DAVID MOYES,2019-12-29,2100-01-01,159,0,0,0
2024-03-02,2023/2024,West Ham,Everton,0,3,1,DAVID MOYES,2019-12-29,2100-01-01,160,0,0,0
2024-03-10,2023/2024,West Ham,Burnley,1,2,2,DAVID MOYES,2019-12-29,2100-01-01,161,0,0,0
2024-03-17,2023/2024,West Ham,Aston Villa,1,1,1,DAVID MOYES,2019-12-29,2100-01-01,162,0,0,0
2024-03-30,2023/2024,West Ham,Newcastle Utd,0,3,4,DAVID MOYES,2019-12-29,2100-01-01,163,0,0,0
2024-04-02,2023/2024,West Ham,Tottenham,1,1,1,DAVID MOYES,2019-12-29,2100-01-01,164,0,0,0
2024-04-06,2023/2024,West Ham,Wolves,0,2,1,DAVID MOYES,2019-12-29,2100-01-01,165,0,0,0
2024-04-14,2023/2024,West Ham,Fulham,1,0,2,DAVID MOYES,2019-12-29,2100-01-01,166,0,0,0
2024-04-21,2023/2024,West Ham,Crystal Palace,0,2,5,DAVID MOYES,2019-12-29,2100-01-01,167,0,0,0
2024-04-27,2023/2024,West Ham,Liverpool,1,2,2,DAVID MOYES,2019-12-29,2100-01-01,168,0,0,0
2024-05-05,2023/2024,West Ham,Chelsea,0,0,5,DAVID MOYES,2019-12-29,2100-01-01,169,0,0,0
2024-05-11,2023/2024,West Ham,Luton Town,1,3,1,DAVID MOYES,2019-12-29,2100-01-01,170,0,0,0
2024-05-19,2023/2024,West Ham,Manchester City,0,1,3,DAVID MOYES,2019-12-29,2100-01-01,171,0,0,0
2018-01-13,2017/2018,West Ham,Huddersfield,0,4,1,MANUEL PELLEGRINI,2018-01-07,2100-01-01,1,1,0,0
2018-01-20,2017/2018,West Ham,Bournemouth,1,1,1,MANUEL PELLEGRINI,2018-01-07,2100-01-01,2,1,0,0
2018-01-30,2017/2018,West Ham,Crystal Palace,1,1,1,MANUEL PELLEGRINI,2018-01-07,2100-01-01,3,1,0,0
2018-02-03,2017/2018,West Ham,Brighton,0,1,3,MANUEL PELLEGRINI,2018-01-07,2100-01-01,4,0,1,0
2018-02-10,2017/2018,West Ham,Watford,1,2,0,MANUEL PELLEGRINI,2018-01-07,2100-01-01,5,0,1,0
2018-02-24,2017/2018,West Ham,Liverpool,0,1,4,MANUEL PELLEGRINI,2018-01-07,2100-01-01,6,0,1,0
2018-03-03,2017/2018,West Ham,Swansea City,0,1,4,MANUEL PELLEGRINI,2018-01-07,2100-01-01,7,0,0,1
2018-03-10,2017/2018,West Ham,Burnley,1,0,3,MANUEL PELLEGRINI,2018-01-07,2100-01-01,8,0,0,1
2018-03-31,2017/2018,West Ham,Southampton,1,3,0,MANUEL PELLEGRINI,2018-01-07,2100-01-01,9,0,0,1
2018-04-08,2017/2018,West Ham,Chelsea,0,1,1,MANUEL PELLEGRINI,2018-01-07,2100-01-01,10,0,0,1
2018-04-16,2017/2018,West Ham,Stoke City,1,1,1,MANUEL PELLEGRINI,2018-01-07,2100-01-01,11,0,0,0
2018-04-22,2017/2018,West Ham,Arsenal,0,1,4,MANUEL PELLEGRINI,2018-01-07,2100-01-01,12,0,0,0
2018-04-29,2017/2018,West Ham,Manchester City,1,1,4,MANUEL PELLEGRINI,2018-01-07,2100-01-01,13,0,0,0
2018-05-05,2017/2018,West Ham,Leicester City,0,2,0,MANUEL PELLEGRINI,2018-01-07,2100-01-01,14,0,0,0
2018-05-10,2017/2018,West Ham,Manchester Utd,1,0,0,MANUEL PELLEGRINI,2018-01-07,2100-01-01,15,0,0,0
2018-05-13,2017/2018,West Ham,Everton,1,3,1,MANUEL PELLEGRINI,2018-01-07,2100-01-01,16,0,0,0
2018-08-12,2018/2019,West Ham,Liverpool,0,0,4,MANUEL PELLEGRINI,2018-01-07,2100-01-01,17,0,0,0
2018-08-18,2018/2019,West Ham,Bournemouth,1,1,2,MANUEL PELLEGRINI,2018-01-07,2100-01-01,18,0,0,0
2018-08-25,2018/2019,West Ham,Arsenal,0,1,3,MANUEL PELLEGRINI,2018-01-07,2100-01-01,19,0,0,0
2018-09-01,2018/2019,West Ham,Wolves,1,0,1,MANUEL PELLEGRINI,2018-01-07,2100-01-01,20,0,0,0
2018-09-16,2018/2019,West Ham,Everton,0,3,1,MANUEL PELLEGRINI,2018-01-07,2100-01-01,21,0,0,0
2018-09-23,2018/2019,West Ham,Chelsea,1,0,0,MANUEL PELLEGRINI,2018-01-07,2100-01-01,22,0,0,0
2018-09-29,2018/2019,West Ham,Manchester Utd,1,3,1,MANUEL PELLEGRINI,2018-01-07,2100-01-01,23,0,0,0
2018-10-05,2018/2019,West Ham,Brighton,0,0,1,MANUEL PELLEGRINI,2018-01-07,2100-01-01,24,0,0,0
2018-10-20,2018/2019,West Ham,Tottenham,1,0,1,MANUEL PELLEGRINI,2018-01-07,2100-01-01,25,0,0,0
2018-10-27,2018/2019,West Ham,Leicester City,0,1,1,MANUEL PELLEGRINI,2018-01-07,2100-01-01,26,0,0,0
2018-11-03,2018/2019,West Ham,Burnley,1,4,2,MANUEL PELLEGRINI,2018-01-07,2100-01-01,27,0,0,0
2018-11-10,2018/2019,West Ham,Huddersfield,0,1,1,MANUEL PELLEGRINI,2018-01-07,2100-01-01,28,0,0,0
2018-11-24,2018/2019,West Ham,Manchester City,1,0,4,MANUEL PELLEGRINI,2018-01-07,2100-01-01,29,0,0,0
2018-12-01,2018/2019,West Ham,Newcastle Utd,0,3,0,MANUEL PELLEGRINI,2018-01-07,2100-01-01,30,0,0,0
2018-12-04,2018/2019,West Ham,Cardiff City,1,3,1,MANUEL PELLEGRINI,2018-01-07,2100-01-01,31,0,0,0
2018-12-08,2018/2019,West Ham,Crystal Palace,1,3,2,MANUEL PELLEGRINI,2018-01-07,2100-01-01,32,0,0,0
2018-12-15,2018/2019,West Ham,Fulham,0,2,0,MANUEL PELLEGRINI,2018-01-07,2100-01-01,33,0,0,0
2018-12-22,2018/2019,West Ham,Watford,1,0,2,MANUEL PELLEGRINI,2018-01-07,2100-01-01,34,0,0,0
2018-12-27,2018/2019,West Ham,Southampton,0,2,1,MANUEL PELLEGRINI,2018-01-07,2100-01-01,35,0,0,0
2018-12-30,2018/2019,West Ham,Burnley,0,0,2,MANUEL PELLEGRINI,2018-01-07,2100-01-01,36,0,0,0
2019-01-02,2018/2019,West Ham,Brighton,1,2,2,MANUEL PELLEGRINI,2018-01-07,2100-01-01,37,0,0,0
2019-01-12,2018/2019,West Ham,Arsenal,1,1,0,MANUEL PELLEGRINI,2018-01-07,2100-01-01,38,0,0,0
2019-01-19,2018/2019,West Ham,Bournemouth,0,0,2,MANUEL PELLEGRINI,2018-01-07,2100-01-01,39,0,0,0
2019-01-29,2018/2019,West Ham,Wolves,0,0,3,MANUEL PELLEGRINI,2018-01-07,2100-01-01,40,0,0,0
2019-02-04,2018/2019,West Ham,Liverpool,1,1,1,MANUEL PELLEGRINI,2018-01-07,2100-01-01,41,0,0,0
2019-02-09,2018/2019,West Ham,Crystal Palace,0,1,1,MANUEL PELLEGRINI,2018-01-07,2100-01-01,42,0,0,0
2019-02-22,2018/2019,West Ham,Fulham,1,3,1,MANUEL PELLEGRINI,2018-01-07,2100-01-01,43,0,0,0
2019-02-27,2018/2019,West Ham,Manchester City,0,0,1,MANUEL PELLEGRINI,2018-01-07,2100-01-01,44,0,0,0
2019-03-02,2018/2019,West Ham,Newcastle Utd,1,2,0,MANUEL PELLEGRINI,2018-01-07,2100-01-01,45,0,0,0
2019-03-09,2018/2019,West Ham,Cardiff City,0,0,2,MANUEL PELLEGRINI,2018-01-07,2100-01-01,46,0,0,0
2019-03-16,2018/2019,West Ham,Huddersfield,1,4,3,MANUEL PELLEGRINI,2018-01-07,2100-01-01,47,0,0,0
2019-03-30,2018/2019,West Ham,Everton,1,0,2,MANUEL PELLEGRINI,2018-01-07,2100-01-01,48,0,0,0
2019-04-08,2018/2019,West Ham,Chelsea,0,0,2,MANUEL PELLEGRINI,2018-01-07,2100-01-01,49,0,0,0
2019-04-13,2018/2019,West Ham,Manchester Utd,0,1,2,MANUEL PELLEGRINI,2018-01-07,2100-01-01,50,0,0,0
2019-04-20,2018/2019,West Ham,Leicester City,1,2,2,MANUEL PELLEGRINI,2018-01-07,2100-01-01,51,0,0,0
2019-04-27,2018/2019,West Ham,Tottenham,0,1,0,MANUEL PELLEGRINI,2018-01-07,2100-01-01,52,0,0,0
2019-05-04,2018/2019,West Ham,Southampton,1,3,0,MANUEL PELLEGRINI,2018-01-07,2100-01-01,53,0,0,0
2019-05-12,2018/2019,West Ham,Watford,0,4,1,MANUEL PELLEGRINI,2018-01-07,2100-01-01,54,0,0,0
2019-08-10,2019/2020,West Ham,Manchester City,1,0,5,MANUEL PELLEGRINI,2018-01-07,2100-01-01,55,0,0,0
2019-08-17,2019/2020,West Ham,Brighton,0,1,1,MANUEL PELLEGRINI,2018-01-07,2100-01-01,56,0,0,0
2019-08-24,2019/2020,West Ham,Watford,0,3,1,MANUEL PELLEGRINI,2018-01-07,2100-01-01,57,0,0,0
2019-08-31,2019/2020,West Ham,Norwich City,1,2,0,MANUEL PELLEGRINI,2018-01-07,2100-01-01,58,0,0,0
2019-09-16,2019/2020,West Ham,Aston Villa,0,0,0,MANUEL PELLEGRINI,2018-01-07,2100-01-01,59,0,0,0
2019-09-22,2019/2020,West Ham,Manchester Utd,1,2,0,MANUEL PELLEGRINI,2018-01-07,2100-01-01,60,0,0,0
2019-09-28,2019/2020,West Ham,Bournemouth,0,2,2,MANUEL PELLEGRINI,2018-01-07,2100-01-01,61,0,0,0
2019-10-05,2019/2020,West Ham,Crystal Palace,1,1,2,MANUEL PELLEGRINI,2018-01-07,2100-01-01,62,0,0,0
2019-10-19,2019/2020,West Ham,Everton,0,0,2,MANUEL PELLEGRINI,2018-01-07,2100-01-01,63,0,0,0
2019-10-26,2019/2020,West Ham,Sheffield Utd,1,1,1,MANUEL PELLEGRINI,2018-01-07,2100-01-01,64,0,0,0
2019-11-02,2019/2020,West Ham,Newcastle Utd,1,2,3,MANUEL PELLEGRINI,2018-01-07,2100-01-01,65,0,0,0
2019-11-09,2019/2020,West Ham,Burnley,0,0,3,MANUEL PELLEGRINI,2018-01-07,2100-01-01,66,0,0,0
2019-11-23,2019/2020,West Ham,Tottenham,1,2,3,MANUEL PELLEGRINI,2018-01-07,2100-01-01,67,0,0,0
2019-11-30,2019/2020,West Ham,Chelsea,0,1,0,MANUEL PELLEGRINI,2018-01-07,2100-01-01,68,0,0,0
2019-12-04,2019/2020,West Ham,Wolves,0,0,2,MANUEL PELLEGRINI,2018-01-07,2100-01-01,69,0,0,0
2019-12-09,2019/2020,West Ham,Arsenal,1,1,3,MANUEL PELLEGRINI,2018-01-07,2100-01-01,70,0,0,0
2019-12-14,2019/2020,West Ham,Southampton,0,1,0,MANUEL PELLEGRINI,2018-01-07,2100-01-01,71,0,0,0
2019-12-26,2019/2020,West Ham,Crystal Palace,0,1,2,MANUEL PELLEGRINI,2018-01-07,2100-01-01,72,0,0,0
2019-12-28,2019/2020,West Ham,Leicester City,1,1,2,MANUEL PELLEGRINI,2018-01-07,2100-01-01,73,0,0,0
2014-08-16,2014/2015,West Ham,Tottenham,1,0,1,SAM ALLARDYCE,2011-01-07,2100-01-01,101,0,0,0
2014-08-23,2014/2015,West Ham,Crystal Palace,0,3,1,SAM ALLARDYCE,2011-01-07,2100-01-01,102,0,0,0
2014-08-30,2014/2015,West Ham,Southampton,1,1,3,SAM ALLARDYCE,2011-01-07,2100-01-01,103,0,0,0
2014-09-15,2014/2015,West Ham,Hull City,0,2,2,SAM ALLARDYCE,2011-01-07,2100-01-01,104,0,0,0
2014-09-20,2014/2015,West Ham,Liverpool,1,3,1,SAM ALLARDYCE,2011-01-07,2100-01-01,105,0,0,0
2014-09-27,2014/2015,West Ham,Manchester Utd,0,1,2,SAM ALLARDYCE,2011-01-07,2100-01-01,106,0,0,0
2014-10-05,2014/2015,West Ham,QPR,1,2,0,SAM ALLARDYCE,2011-01-07,2100-01-01,107,0,0,0
2014-10-18,2014/2015,West Ham,Burnley,0,3,1,SAM ALLARDYCE,2011-01-07,2100-01-01,108,0,0,0
2014-10-25,2014/2015,West Ham,Manchester City,1,2,1,SAM ALLARDYCE,2011-01-07,2100-01-01,109,0,0,0
2014-11-01,2014/2015,West Ham,Stoke City,0,2,2,SAM ALLARDYCE,2011-01-07,2100-01-01,110,0,0,0
2014-11-08,2014/2015,West Ham,Aston Villa,1,0,0,SAM ALLARDYCE,2011-01-07,2100-01-01,111,0,0,0
2014-11-22,2014/2015,West Ham,Everton,0,1,2,SAM ALLARDYCE,2011-01-07,2100-01-01,112,0,0,0
2014-11-29,2014/2015,West Ham,Newcastle Utd,1,1,0,SAM ALLARDYCE,2011-01-07,2100-01-01,113,0,0,0
2014-12-02,2014/2015,West Ham,West Brom,0,2,1,SAM ALLARDYCE,2011-01-07,2100-01-01,114,0,0,0
2014-12-07,2014/2015,West Ham,Swansea City,1,3,1,SAM ALLARDYCE,2011-01-07,2100-01-01,115,0,0,0
2014-12-13,2014/2015,West Ham,Sunderland,0,1,1,SAM ALLARDYCE,2011-01-07,2100-01-01,116,0,0,0
2014-12-20,2014/2015,West Ham,Leicester City,1,2,0,SAM ALLARDYCE,2011-01-07,2100-01-01,117,0,0,0
2014-12-26,2014/2015,West Ham,Chelsea,0,0,2,SAM ALLARDYCE,2011-01-07,2100-01-01,118,0,0,0
2014-12-28,2014/2015,West Ham,Arsenal,1,1,2,SAM ALLARDYCE,2011-01-07,2100-01-01,119,0,0,0
2015-01-01,2014/2015,West Ham,West Brom,1,1,1,SAM ALLARDYCE,2011-01-07,2100-01-01,120,0,0,0
2015-01-10,2014/2015,West Ham,Swansea City,0,1,1,SAM ALLARDYCE,2011-01-07,2100-01-01,121,0,0,0
2015-01-18,2014/2015,West Ham,Hull City,1,3,0,SAM ALLARDYCE,2011-01-07,2100-01-01,122,0,0,0
2015-01-31,2014/2015,West Ham,Liverpool,0,0,2,SAM ALLARDYCE,2011-01-07,2100-01-01,123,0,0,0
2015-02-08,2014/2015,West Ham,Manchester Utd,1,1,1,SAM ALLARDYCE,2011-01-07,2100-01-01,124,0,0,0
2015-02-11,2014/2015,West Ham,Southampton,0,0,0,SAM ALLARDYCE,2011-01-07,2100-01-01,125,0,0,0
2015-02-22,2014/2015,West Ham,Tottenham,0,2,2,SAM ALLARDYCE,2011-01-07,2100-01-01,126,0,0,0
2015-02-28,2014/2015,West Ham,Crystal Palace,1,1,3,SAM ALLARDYCE,2011-01-07,2100-01-01,127,0,0,0
2015-03-04,2014/2015,West Ham,Chelsea,1,0,1,SAM ALLARDYCE,2011-01-07,2100-01-01,128,0,0,0
2015-03-14,2014/2015,West Ham,Arsenal,0,0,3,SAM ALLARDYCE,2011-01-07,2100-01-01,129,0,0,0
2015-03-21,2014/2015,West Ham,Sunderland,1,1,0,SAM ALLARDYCE,2011-01-07,2100-01-01,130,0,0,0
2015-04-04,2014/2015,West Ham,Leicester City,0,1,2,SAM ALLARDYCE,2011-01-07,2100-01-01,131,0,0,0
2015-04-11,2014/2015,West Ham,Stoke City,1,1,1,SAM ALLARDYCE,2011-01-07,2100-01-01,132,0,0,0
2015-04-19,2014/2015,West Ham,Manchester City,0,0,2,SAM ALLARDYCE,2011-01-07,2100-01-01,133,0,0,0
2015-04-25,2014/2015,West Ham,QPR,0,0,0,SAM ALLARDYCE,2011-01-07,2100-01-01,134,0,0,0
2015-05-02,2014/2015,West Ham,Burnley,1,1,0,SAM ALLARDYCE,2011-01-07,2100-01-01,135,0,0,0
2015-05-09,2014/2015,West Ham,Aston Villa,0,0,1,SAM ALLARDYCE,2011-01-07,2100-01-01,136,0,0,0
2015-05-16,2014/2015,West Ham,Everton,1,1,2,SAM ALLARDYCE,2011-01-07,2100-01-01,137,0,0,0
2015-05-24,2014/2015,West Ham,Newcastle Utd,0,0,2,SAM ALLARDYCE,2011-01-07,2100-01-01,138,0,0,0
2015-08-09,2015/2016,West Ham,Arsenal,0,2,0,SAM ALLARDYCE,2011-01-07,2100-01-01,139,0,0,0
2015-08-15,2015/2016,West Ham,Leicester City,1,1,2,SAM ALLARDYCE,2011-01-07,2100-01-01,140,0,0,0
2015-08-22,2015/2016,West Ham,Bournemouth,1,3,4,SAM ALLARDYCE,2011-01-07,2100-01-01,141,0,0,0
2015-08-29,2015/2016,West Ham,Liverpool,0,3,0,SAM ALLARDYCE,2011-01-07,2100-01-01,142,0,0,0
2015-09-14,2015/2016,West Ham,Newcastle Utd,1,2,0,SAM ALLARDYCE,2011-01-07,2100-01-01,143,0,0,0
2015-09-19,2015/2016,West Ham,Manchester City,0,2,1,SAM ALLARDYCE,2011-01-07,2100-01-01,144,0,0,0
2015-09-26,2015/2016,West Ham,Norwich City,1,2,2,SAM ALLARDYCE,2011-01-07,2100-01-01,145,0,0,0
2015-10-03,2015/2016,West Ham,Sunderland,0,2,2,SAM ALLARDYCE,2011-01-07,2100-01-01,146,0,0,0
2015-10-17,2015/2016,West Ham,Crystal Palace,0,3,1,SAM ALLARDYCE,2011-01-07,2100-01-01,147,0,0,0
2015-10-24,2015/2016,West Ham,Chelsea,1,2,1,SAM ALLARDYCE,2011-01-07,2100-01-01,148,0,0,0
2015-10-31,2015/2016,West Ham,Watford,0,0,2,SAM ALLARDYCE,2011-01-07,2100-01-01,149,0,0,0
2015-11-07,2015/2016,West Ham,Everton,1,1,1,SAM ALLARDYCE,2011-01-07,2100-01-01,150,0,0,0
2015-11-22,2015/2016,West Ham,Tottenham,0,1,4,SAM ALLARDYCE,2011-01-07,2100-01-01,151,0,0,0
2015-11-29,2015/2016,West Ham,West Brom,1,1,1,SAM ALLARDYCE,2011-01-07,2100-01-01,152,0,0,0
2015-12-05,2015/2016,West Ham,Manchester Utd,0,0,0,SAM ALLARDYCE,2011-01-07,2100-01-01,153,0,0,0
2015-12-12,2015/2016,West Ham,Stoke City,1,0,0,SAM ALLARDYCE,2011-01-07,2100-01-01,154,0,0,0
2015-12-20,2015/2016,West Ham,Swansea City,0,0,0,SAM ALLARDYCE,2011-01-07,2100-01-01,155,0,0,0
2015-12-26,2015/2016,West Ham,Aston Villa,0,1,1,SAM ALLARDYCE,2011-01-07,2100-01-01,156,0,0,0
2015-12-28,2015/2016,West Ham,Southampton,1,2,1,SAM ALLARDYCE,2011-01-07,2100-01-01,157,0,0,0
2016-01-02,2015/2016,West Ham,Liverpool,1,2,0,SAM ALLARDYCE,2011-01-07,2100-01-01,158,0,0,0
2016-01-12,2015/2016,West Ham,Bournemouth,0,3,1,SLAVEN BILIC,2016-01-07,2017-06-11,1,1,0,0
2016-01-16,2015/2016,West Ham,Newcastle Utd,0,1,2,SLAVEN BILIC,2016-01-07,2017-06-11,2,1,0,0
2016-01-23,2015/2016,West Ham,Manchester City,1,2,2,SLAVEN BILIC,2016-01-07,2017-06-11,3,1,0,0
2016-02-02,2015/2016,West Ham,Aston Villa,1,2,0,SLAVEN BILIC,2016-01-07,2017-06-11,4,0,1,0
2016-02-06,2015/2016,West Ham,Southampton,0,0,1,SLAVEN BILIC,2016-01-07,2017-06-11,5,0,1,0
2016-02-13,2015/2016,West Ham,Norwich City,0,2,2,SLAVEN BILIC,2016-01-07,2017-06-11,6,0,1,0
2016-02-27,2015/2016,West Ham,Sunderland,1,1,0,SLAVEN BILIC,2016-01-07,2017-06-11,7,0,0,1
2016-03-02,2015/2016,West Ham,Tottenham,1,1,0,SLAVEN BILIC,2016-01-07,2017-06-11,8,0,0,1
2016-03-05,2015/2016,West Ham,Everton,0,3,2,SLAVEN BILIC,2016-01-07,2017-06-11,9,0,0,1
2016-03-19,2015/2016,West Ham,Chelsea,0,2,2,SLAVEN BILIC,2016-01-07,2017-06-11,10,0,0,1
2016-04-02,2015/2016,West Ham,Crystal Palace,1,2,2,SLAVEN BILIC,2016-01-07,2017-06-11,11,0,0,0
2016-04-09,2015/2016,West Ham,Arsenal,1,3,3,SLAVEN BILIC,2016-01-07,2017-06-11,12,0,0,0
2016-04-17,2015/2016,West Ham,Leicester City,0,2,2,SLAVEN BILIC,2016-01-07,2017-06-11,13,0,0,0
2016-04-20,2015/2016,West Ham,Watford,1,3,1,SLAVEN BILIC,2016-01-07,2017-06-11,14,0,0,0
2016-04-30,2015/2016,West Ham,West Brom,0,3,0,SLAVEN BILIC,2016-01-07,2017-06-11,15,0,0,0
2016-05-07,2015/2016,West Ham,Swansea City,1,1,4,SLAVEN BILIC,2016-01-07,2017-06-11,16,0,0,0
2016-05-10,2015/2016,West Ham,Manchester Utd,1,3,2,SLAVEN BILIC,2016-01-07,2017-06-11,17,0,0,0
2016-05-15,2015/2016,West Ham,Stoke City,0,1,2,SLAVEN BILIC,2016-01-07,2017-06-11,18,0,0,0
2016-08-15,2016/2017,West Ham,Chelsea,0,1,2,SLAVEN BILIC,2016-01-07,2017-06-11,19,0,0,0
2016-08-21,2016/2017,West Ham,Bournemouth,1,1,0,SLAVEN BILIC,2016-01-07,2017-06-11,20,0,0,0
2016-08-28,2016/2017,West Ham,Manchester City,0,1,3,SLAVEN BILIC,2016-01-07,2017-06-11,21,0,0,0
2016-09-10,2016/2017,West Ham,Watford,1,2,4,SLAVEN BILIC,2016-01-07,2017-06-11,22,0,0,0
2016-09-17,2016/2017,West Ham,West Brom,0,2,4,SLAVEN BILIC,2016-01-07,2017-06-11,23,0,0,0
2016-09-25,2016/2017,West Ham,Southampton,1,0,3,SLAVEN BILIC,2016-01-07,2017-06-11,24,0,0,0
2016-10-01,2016/2017,West Ham,Middlesbrough,1,1,1,SLAVEN BILIC,2016-01-07,2017-06-11,25,0,0,0
2016-10-15,2016/2017,West Ham,Crystal Palace,0,1,0,SLAVEN BILIC,2016-01-07,2017-06-11,26,0,0,0
2016-10-22,2016/2017,West Ham,Sunderland,1,1,0,SLAVEN BILIC,2016-01-07,2017-06-11,27,0,0,0
2016-10-30,2016/2017,West Ham,Everton,0,0,2,SLAVEN BILIC,2016-01-07,2017-06-11,28,0,0,0
2016-11-05,2016/2017,West Ham,Stoke City,1,1,1,SLAVEN BILIC,2016-01-07,2017-06-11,29,0,0,0
2016-11-19,2016/2017,West Ham,Tottenham,0,2,3,SLAVEN BILIC,2016-01-07,2017-06-11,30,0,0,0
2016-11-27,2016/2017,West Ham,Manchester Utd,0,1,1,SLAVEN BILIC,2016-01-07,2017-06-11,31,0,0,0
2016-12-03,2016/2017,West Ham,Arsenal,1,1,5,SLAVEN BILIC,2016-01-07,2017-06-11,32,0,0,0
2016-12-11,2016/2017,West Ham,Liverpool,0,2,2,SLAVEN BILIC,2016-01-07,2017-06-11,33,0,0,0
2016-12-14,2016/2017,West Ham,Burnley,1,1,0,SLAVEN BILIC,2016-01-07,2017-06-11,34,0,0,0
2016-12-17,2016/2017,West Ham,Hull City,1,1,0,SLAVEN BILIC,2016-01-07,2017-06-11,35,0,0,0
2016-12-26,2016/2017,West Ham,Swansea City,0,4,1,SLAVEN BILIC,2016-01-07,2017-06-11,36,0,0,0
2016-12-31,2016/2017,West Ham,Leicester City,0,0,1,SLAVEN BILIC,2016-01-07,2017-06-11,37,0,0,0
2017-01-02,2016/2017,West Ham,Manchester Utd,1,0,2,SLAVEN BILIC,2016-01-07,2017-06-11,38,0,0,0
2017-01-14,2016/2017,West Ham,Crystal Palace,1,3,0,SLAVEN BILIC,2016-01-07,2017-06-11,39,0,0,0
2017-01-21,2016/2017,West Ham,Middlesbrough,0,3,1,SLAVEN BILIC,2016-01-07,2017-06-11,40,0,0,0
2017-02-01,2016/2017,West Ham,Manchester City,1,0,4,SLAVEN BILIC,2016-01-07,2017-06-11,41,0,0,0
2017-02-04,2016/2017,West Ham,Southampton,0,3,1,SLAVEN BILIC,2016-01-07,2017-06-11,42,0,0,0
2017-02-11,2016/2017,West Ham,West Brom,1,2,2,SLAVEN BILIC,2016-01-07,2017-06-11,43,0,0,0
2017-02-25,2016/2017,West Ham,Watford,0,1,1,SLAVEN BILIC,2016-01-07,2017-06-11,44,0,0,0
2017-03-06,2016/2017,West Ham,Chelsea,1,1,2,SLAVEN BILIC,2016-01-07,2017-06-11,45,0,0,0
2017-03-11,2016/2017,West Ham,Bournemouth,0,2,3,SLAVEN BILIC,2016-01-07,2017-06-11,46,0,0,0
2017-03-18,2016/2017,West Ham,Leicester City,1,2,3,SLAVEN BILIC,2016-01-07,2017-06-11,47,0,0,0
2017-04-01,2016/2017,West Ham,Hull City,0,1,2,SLAVEN BILIC,2016-01-07,2017-06-11,48,0,0,0
2017-04-05,2016/2017,West Ham,Arsenal,0,0,3,SLAVEN BILIC,2016-01-07,2017-06-11,49,0,0,0
2017-04-08,2016/2017,West Ham,Swansea City,1,1,0,SLAVEN BILIC,2016-01-07,2017-06-11,50,0,0,0
2017-04-15,2016/2017,West Ham,Sunderland,0,2,2,SLAVEN BILIC,2016-01-07,2017-06-11,51,0,0,0
2017-04-22,2016/2017,West Ham,Everton,1,0,0,SLAVEN BILIC,2016-01-07,2017-06-11,52,0,0,0
2017-04-29,2016/2017,West Ham,Stoke City,0,0,0,SLAVEN BILIC,2016-01-07,2017-06-11,53,0,0,0
2017-05-05,2016/2017,West Ham,Tottenham,1,1,0,SLAVEN BILIC,2016-01-07,2017-06-11,54,0,0,0
2017-05-14,2016/2017,West Ham,Liverpool,1,0,4,SLAVEN BILIC,2016-01-07,2017-06-11,55,0,0,0
2017-05-21,2016/2017,West Ham,Burnley,0,2,1,SLAVEN BILIC,2016-01-07,2017-06-11,56,0,0,0
2021-01-12,2020/2021,Wolves,Everton,1,1,2,BRUNO LAGE,2021-01-07,2022-02-10,1,1,0,0
2021-01-16,2020/2021,Wolves,West Brom,1,2,3,BRUNO LAGE,2021-01-07,2022-02-10,2,1,0,0
2021-01-27,2020/2021,Wolves,Chelsea,0,0,0,BRUNO LAGE,2021-01-07,2022-02-10,3,1,0,0
2021-01-30,2020/2021,Wolves,Crystal Palace,0,0,1,BRUNO LAGE,2021-01-07,2022-02-10,4,0,1,0
2021-02-02,2020/2021,Wolves,Arsenal,1,2,1,BRUNO LAGE,2021-01-07,2022-02-10,5,0,1,0
2021-02-07,2020/2021,Wolves,Leicester City,1,0,0,BRUNO LAGE,2021-01-07,2022-02-10,6,0,1,0
2021-02-14,2020/2021,Wolves,Southampton,0,2,1,BRUNO LAGE,2021-01-07,2022-02-10,7,0,0,1
2021-02-19,2020/2021,Wolves,Leeds United,1,1,0,BRUNO LAGE,2021-01-07,2022-02-10,8,0,0,1
2021-02-27,2020/2021,Wolves,Newcastle Utd,0,1,1,BRUNO LAGE,2021-01-07,2022-02-10,9,0,0,1
2021-03-02,2020/2021,Wolves,Manchester City,0,1,4,BRUNO LAGE,2021-01-07,2022-02-10,10,0,0,1
2021-03-06,2020/2021,Wolves,Aston Villa,0,0,0,BRUNO LAGE,2021-01-07,2022-02-10,11,0,0,0
2021-03-15,2020/2021,Wolves,Liverpool,1,0,1,BRUNO LAGE,2021-01-07,2022-02-10,12,0,0,0
2021-04-05,2020/2021,Wolves,West Ham,1,2,3,BRUNO LAGE,2021-01-07,2022-02-10,13,0,0,0
2021-04-09,2020/2021,Wolves,Fulham,0,1,0,BRUNO LAGE,2021-01-07,2022-02-10,14,0,0,0
2021-04-17,2020/2021,Wolves,Sheffield Utd,1,1,0,BRUNO LAGE,2021-01-07,2022-02-10,15,0,0,0
2021-04-25,2020/2021,Wolves,Burnley,1,0,4,BRUNO LAGE,2021-01-07,2022-02-10,16,0,0,0
2021-05-03,2020/2021,Wolves,West Brom,0,1,1,BRUNO LAGE,2021-01-07,2022-02-10,17,0,0,0
2021-05-09,2020/2021,Wolves,Brighton,1,2,1,BRUNO LAGE,2021-01-07,2022-02-10,18,0,0,0
2021-05-16,2020/2021,Wolves,Tottenham,0,0,2,BRUNO LAGE,2021-01-07,2022-02-10,19,0,0,0
2021-05-19,2020/2021,Wolves,Everton,0,0,1,BRUNO LAGE,2021-01-07,2022-02-10,20,0,0,0
2021-05-23,2020/2021,Wolves,Manchester Utd,1,1,2,BRUNO LAGE,2021-01-07,2022-02-10,21,0,0,0
2021-08-14,2021/2022,Wolves,Leicester City,0,0,1,BRUNO LAGE,2021-01-07,2022-02-10,22,0,0,0
2021-08-22,2021/2022,Wolves,Tottenham,1,0,1,BRUNO LAGE,2021-01-07,2022-02-10,23,0,0,0
2021-08-29,2021/2022,Wolves,Manchester Utd,1,0,1,BRUNO LAGE,2021-01-07,2022-02-10,24,0,0,0
2021-09-11,2021/2022,Wolves,Watford,0,2,0,BRUNO LAGE,2021-01-07,2022-02-10,25,0,0,0
2021-09-18,2021/2022,Wolves,Brentford,1,0,2,BRUNO LAGE,2021-01-07,2022-02-10,26,0,0,0
2021-09-26,2021/2022,Wolves,Southampton,0,1,0,BRUNO LAGE,2021-01-07,2022-02-10,27,0,0,0
2021-10-02,2021/2022,Wolves,Newcastle Utd,1,2,1,BRUNO LAGE,2021-01-07,2022-02-10,28,0,0,0
2021-10-16,2021/2022,Wolves,Aston Villa,0,3,2,BRUNO LAGE,2021-01-07,2022-02-10,29,0,0,0
2021-10-23,2021/2022,Wolves,Leeds United,0,1,1,BRUNO LAGE,2021-01-07,2022-02-10,30,0,0,0
2021-11-01,2021/2022,Wolves,Everton,1,2,1,BRUNO LAGE,2021-01-07,2022-02-10,31,0,0,0
2021-11-06,2021/2022,Wolves,Crystal Palace,0,0,2,BRUNO LAGE,2021-01-07,2022-02-10,32,0,0,0
2021-11-20,2021/2022,Wolves,West Ham,1,1,0,BRUNO LAGE,2021-01-07,2022-02-10,33,0,0,0
2021-11-27,2021/2022,Wolves,Norwich City,0,0,0,BRUNO LAGE,2021-01-07,2022-02-10,34,0,0,0
2021-12-01,2021/2022,Wolves,Burnley,1,0,0,BRUNO LAGE,2021-01-07,2022-02-10,35,0,0,0
2021-12-04,2021/2022,Wolves,Liverpool,1,0,1,BRUNO LAGE,2021-01-07,2022-02-10,36,0,0,0
2021-12-11,2021/2022,Wolves,Manchester City,0,0,1,BRUNO LAGE,2021-01-07,2022-02-10,37,0,0,0
2021-12-15,2021/2022,Wolves,Brighton,0,1,0,BRUNO LAGE,2021-01-07,2022-02-10,38,0,0,0
2021-12-19,2021/2022,Wolves,Chelsea,1,0,0,BRUNO LAGE,2021-01-07,2022-02-10,39,0,0,0
2022-01-03,2021/2022,Wolves,Manchester Utd,0,1,0,BRUNO LAGE,2021-01-07,2022-02-10,40,0,0,0
2022-01-15,2021/2022,Wolves,Southampton,1,3,1,BRUNO LAGE,2021-01-07,2022-02-10,41,0,0,0
2022-01-22,2021/2022,Wolves,Brentford,0,2,1,BRUNO LAGE,2021-01-07,2022-02-10,42,0,0,0
2022-02-10,2021/2022,Wolves,Arsenal,1,0,1,BRUNO LAGE,2021-01-07,2022-02-10,43,0,0,0
2023-09-16,2023/2024,Wolves,Liverpool,1,1,3,GARY O'NEIL,2023-09-08,2100-01-01,1,1,0,0
2023-09-23,2023/2024,Wolves,Luton Town,0,1,1,GARY O'NEIL,2023-09-08,2100-01-01,2,1,0,0
2023-09-30,2023/2024,Wolves,Manchester City,1,2,1,GARY O'NEIL,2023-09-08,2100-01-01,3,1,0,0
2023-10-08,2023/2024,Wolves,Aston Villa,1,1,1,GARY O'NEIL,2023-09-08,2100-01-01,4,0,1,0
2023-10-21,2023/2024,Wolves,Bournemouth,0,2,1,GARY O'NEIL,2023-09-08,2100-01-01,5,0,1,0
2023-10-28,2023/2024,Wolves,Newcastle Utd,1,2,2,GARY O'NEIL,2023-09-08,2100-01-01,6,0,1,0
2023-11-04,2023/2024,Wolves,Sheffield Utd,0,1,2,GARY O'NEIL,2023-09-08,2100-01-01,7,0,0,1
2023-11-11,2023/2024,Wolves,Tottenham,1,2,1,GARY O'NEIL,2023-09-08,2100-01-01,8,0,0,1
2023-11-27,2023/2024,Wolves,Fulham,0,2,3,GARY O'NEIL,2023-09-08,2100-01-01,9,0,0,1
2023-12-02,2023/2024,Wolves,Arsenal,0,1,2,GARY O'NEIL,2023-09-08,2100-01-01,10,0,0,1
2023-12-05,2023/2024,Wolves,Burnley,1,1,0,GARY O'NEIL,2023-09-08,2100-01-01,11,0,0,0
2023-12-09,2023/2024,Wolves,Nott'ham Forest,1,1,1,GARY O'NEIL,2023-09-08,2100-01-01,12,0,0,0
2023-12-17,2023/2024,Wolves,West Ham,0,0,3,GARY O'NEIL,2023-09-08,2100-01-01,13,0,0,0
2023-12-24,2023/2024,Wolves,Chelsea,1,2,1,GARY O'NEIL,2023-09-08,2100-01-01,14,0,0,0
2023-12-27,2023/2024,Wolves,Brentford,0,4,1,GARY O'NEIL,2023-09-08,2100-01-01,15,0,0,0
2023-12-30,2023/2024,Wolves,Everton,1,3,0,GARY O'NEIL,2023-09-08,2100-01-01,16,0,0,0
2024-01-22,2023/2024,Wolves,Brighton,0,0,0,GARY O'NEIL,2023-09-08,2100-01-01,17,0,0,0
2024-02-01,2023/2024,Wolves,Manchester Utd,1,3,4,GARY O'NEIL,2023-09-08,2100-01-01,18,0,0,0
2024-02-04,2023/2024,Wolves,Chelsea,0,4,2,GARY O'NEIL,2023-09-08,2100-01-01,19,0,0,0
2024-02-10,2023/2024,Wolves,Brentford,1,0,2,GARY O'NEIL,2023-09-08,2100-01-01,20,0,0,0
2024-02-17,2023/2024,Wolves,Tottenham,0,2,1,GARY O'NEIL,2023-09-08,2100-01-01,21,0,0,0
2024-02-25,2023/2024,Wolves,Sheffield Utd,1,1,0,GARY O'NEIL,2023-09-08,2100-01-01,22,0,0,0
2024-03-02,2023/2024,Wolves,Newcastle Utd,0,0,3,GARY O'NEIL,2023-09-08,2100-01-01,23,0,0,0
2024-03-09,2023/2024,Wolves,Fulham,1,2,1,GARY O'NEIL,2023-09-08,2100-01-01,24,0,0,0
2024-03-30,2023/2024,Wolves,Aston Villa,0,0,2,GARY O'NEIL,2023-09-08,2100-01-01,25,0,0,0
2024-04-02,2023/2024,Wolves,Burnley,0,1,1,GARY O'NEIL,2023-09-08,2100-01-01,26,0,0,0
2024-04-06,2023/2024,Wolves,West Ham,1,1,2,GARY O'NEIL,2023-09-08,2100-01-01,27,0,0,0
2024-04-13,2023/2024,Wolves,Nott'ham Forest,0,2,2,GARY O'NEIL,2023-09-08,2100-01-01,28,0,0,0
2024-04-20,2023/2024,Wolves,Arsenal,1,0,2,GARY O'NEIL,2023-09-08,2100-01-01,29,0,0,0
2024-04-24,2023/2024,Wolves,Bournemouth,1,0,1,GARY O'NEIL,2023-09-08,2100-01-01,30,0,0,0
2024-04-27,2023/2024,Wolves,Luton Town,1,2,1,GARY O'NEIL,2023-09-08,2100-01-01,31,0,0,0
2024-05-04,2023/2024,Wolves,Manchester City,0,1,5,GARY O'NEIL,2023-09-08,2100-01-01,32,0,0,0
2024-05-11,2023/2024,Wolves,Crystal Palace,1,1,3,GARY O'NEIL,2023-09-08,2100-01-01,33,0,0,0
2024-05-19,2023/2024,Wolves,Liverpool,0,0,2,GARY O'NEIL,2023-09-08,2100-01-01,34,0,0,0
2022-12-26,2022/2023,Wolves,Everton,0,2,1,JULEN LOPETEGUI,2022-11-14,2023-08-08,1,1,0,0
2022-12-31,2022/2023,Wolves,Manchester Utd,1,0,1,JULEN LOPETEGUI,2022-11-14,2023-08-08,2,1,0,0
2023-01-04,2022/2023,Wolves,Aston Villa,0,1,1,JULEN LOPETEGUI,2022-11-14,2023-08-08,3,1,0,0
2023-01-14,2022/2023,Wolves,West Ham,1,1,0,JULEN LOPETEGUI,2022-11-14,2023-08-08,4,0,1,0
2023-01-22,2022/2023,Wolves,Manchester City,0,0,3,JULEN LOPETEGUI,2022-11-14,2023-08-08,5,0,1,0
2023-02-04,2022/2023,Wolves,Liverpool,1,3,0,JULEN LOPETEGUI,2022-11-14,2023-08-08,6,0,1,0
2023-02-11,2022/2023,Wolves,Southampton,0,2,1,JULEN LOPETEGUI,2022-11-14,2023-08-08,7,0,0,1
2023-02-18,2022/2023,Wolves,Bournemouth,1,0,1,JULEN LOPETEGUI,2022-11-14,2023-08-08,8,0,0,1
2023-02-24,2022/2023,Wolves,Fulham,0,1,1,JULEN LOPETEGUI,2022-11-14,2023-08-08,9,0,0,1
2023-03-01,2022/2023,Wolves,Liverpool,0,0,2,JULEN LOPETEGUI,2022-11-14,2023-08-08,10,0,0,1
2023-03-04,2022/2023,Wolves,Tottenham,1,1,0,JULEN LOPETEGUI,2022-11-14,2023-08-08,11,0,0,0
2023-03-12,2022/2023,Wolves,Newcastle Utd,0,1,2,JULEN LOPETEGUI,2022-11-14,2023-08-08,12,0,0,0
2023-03-18,2022/2023,Wolves,Leeds United,1,2,4,JULEN LOPETEGUI,2022-11-14,2023-08-08,13,0,0,0
2023-04-01,2022/2023,Wolves,Nott'ham Forest,0,1,1,JULEN LOPETEGUI,2022-11-14,2023-08-08,14,0,0,0
2023-04-08,2022/2023,Wolves,Chelsea,1,1,0,JULEN LOPETEGUI,2022-11-14,2023-08-08,15,0,0,0
2023-04-15,2022/2023,Wolves,Brentford,1,2,0,JULEN LOPETEGUI,2022-11-14,2023-08-08,16,0,0,0
2023-04-22,2022/2023,Wolves,Leicester City,0,1,2,JULEN LOPETEGUI,2022-11-14,2023-08-08,17,0,0,0
2023-04-25,2022/2023,Wolves,Crystal Palace,1,2,0,JULEN LOPETEGUI,2022-11-14,2023-08-08,18,0,0,0
2023-04-29,2022/2023,Wolves,Brighton,0,0,6,JULEN LOPETEGUI,2022-11-14,2023-08-08,19,0,0,0
2023-05-06,2022/2023,Wolves,Aston Villa,1,1,0,JULEN LOPETEGUI,2022-11-14,2023-08-08,20,0,0,0
2023-05-13,2022/2023,Wolves,Manchester Utd,0,0,2,JULEN LOPETEGUI,2022-11-14,2023-08-08,21,0,0,0
2023-05-20,2022/2023,Wolves,Everton,1,1,1,JULEN LOPETEGUI,2022-11-14,2023-08-08,22,0,0,0
2023-05-28,2022/2023,Wolves,Arsenal,0,0,5,JULEN LOPETEGUI,2022-11-14,2023-08-08,23,0,0,0
2018-08-11,2018/2019,Wolves,Everton,1,2,2,NUNO ESPIRITO SANTO,2017-01-07,2100-01-01,1,1,0,0
2018-08-18,2018/2019,Wolves,Leicester City,0,0,2,NUNO ESPIRITO SANTO,2017-01-07,2100-01-01,2,1,0,0
2018-08-25,2018/2019,Wolves,Manchester City,1,1,1,NUNO ESPIRITO SANTO,2017-01-07,2100-01-01,3,1,0,0
2018-09-01,2018/2019,Wolves,West Ham,0,1,0,NUNO ESPIRITO SANTO,2017-01-07,2100-01-01,4,0,1,0
2018-09-16,2018/2019,Wolves,Burnley,1,1,0,NUNO ESPIRITO SANTO,2017-01-07,2100-01-01,5,0,1,0
2018-09-22,2018/2019,Wolves,Manchester Utd,0,1,1,NUNO ESPIRITO SANTO,2017-01-07,2100-01-01,6,0,1,0
2018-09-29,2018/2019,Wolves,Southampton,1,2,0,NUNO ESPIRITO SANTO,2017-01-07,2100-01-01,7,0,0,1
2018-10-06,2018/2019,Wolves,Crystal Palace,0,1,0,NUNO ESPIRITO SANTO,2017-01-07,2100-01-01,8,0,0,1
2018-10-20,2018/2019,Wolves,Watford,1,0,2,NUNO ESPIRITO SANTO,2017-01-07,2100-01-01,9,0,0,1
2018-10-27,2018/2019,Wolves,Brighton,0,0,1,NUNO ESPIRITO SANTO,2017-01-07,2100-01-01,10,0,0,1
2018-11-03,2018/2019,Wolves,Tottenham,1,2,3,NUNO ESPIRITO SANTO,2017-01-07,2100-01-01,11,0,0,0
2018-11-11,2018/2019,Wolves,Arsenal,0,1,1,NUNO ESPIRITO SANTO,2017-01-07,2100-01-01,12,0,0,0
2018-11-25,2018/2019,Wolves,Huddersfield,1,0,2,NUNO ESPIRITO SANTO,2017-01-07,2100-01-01,13,0,0,0
2018-11-30,2018/2019,Wolves,Cardiff City,0,1,2,NUNO ESPIRITO SANTO,2017-01-07,2100-01-01,14,0,0,0
2018-12-05,2018/2019,Wolves,Chelsea,1,2,1,NUNO ESPIRITO SANTO,2017-01-07,2100-01-01,15,0,0,0
2018-12-09,2018/2019,Wolves,Newcastle Utd,0,2,1,NUNO ESPIRITO SANTO,2017-01-07,2100-01-01,16,0,0,0
2018-12-15,2018/2019,Wolves,Bournemouth,1,2,0,NUNO ESPIRITO SANTO,2017-01-07,2100-01-01,17,0,0,0
2018-12-21,2018/2019,Wolves,Liverpool,1,0,2,NUNO ESPIRITO SANTO,2017-01-07,2100-01-01,18,0,0,0
2018-12-26,2018/2019,Wolves,Fulham,0,1,1,NUNO ESPIRITO SANTO,2017-01-07,2100-01-01,19,0,0,0
2018-12-29,2018/2019,Wolves,Tottenham,0,3,1,NUNO ESPIRITO SANTO,2017-01-07,2100-01-01,20,0,0,0
2019-01-02,2018/2019,Wolves,Crystal Palace,1,0,2,NUNO ESPIRITO SANTO,2017-01-07,2100-01-01,21,0,0,0
2019-01-14,2018/2019,Wolves,Manchester City,0,0,3,NUNO ESPIRITO SANTO,2017-01-07,2100-01-01,22,0,0,0
2019-01-19,2018/2019,Wolves,Leicester City,1,4,3,NUNO ESPIRITO SANTO,2017-01-07,2100-01-01,23,0,0,0
2019-01-29,2018/2019,Wolves,West Ham,1,3,0,NUNO ESPIRITO SANTO,2017-01-07,2100-01-01,24,0,0,0
2019-02-02,2018/2019,Wolves,Everton,0,3,1,NUNO ESPIRITO SANTO,2017-01-07,2100-01-01,25,0,0,0
2019-02-11,2018/2019,Wolves,Newcastle Utd,1,1,1,NUNO ESPIRITO SANTO,2017-01-07,2100-01-01,26,0,0,0
2019-02-23,2018/2019,Wolves,Bournemouth,0,1,1,NUNO ESPIRITO SANTO,2017-01-07,2100-01-01,27,0,0,0
2019-02-26,2018/2019,Wolves,Huddersfield,0,0,1,NUNO ESPIRITO SANTO,2017-01-07,2100-01-01,28,0,0,0
2019-03-02,2018/2019,Wolves,Cardiff City,1,2,0,NUNO ESPIRITO SANTO,2017-01-07,2100-01-01,29,0,0,0
2019-03-10,2018/2019,Wolves,Chelsea,0,1,1,NUNO ESPIRITO SANTO,2017-01-07,2100-01-01,30,0,0,0
2019-03-30,2018/2019,Wolves,Burnley,0,0,2,NUNO ESPIRITO SANTO,2017-01-07,2100-01-01,31,0,0,0
2019-04-02,2018/2019,Wolves,Manchester Utd,1,2,1,NUNO ESPIRITO SANTO,2017-01-07,2100-01-01,32,0,0,0
2019-04-13,2018/2019,Wolves,Southampton,0,1,3,NUNO ESPIRITO SANTO,2017-01-07,2100-01-01,33,0,0,0
2019-04-20,2018/2019,Wolves,Brighton,1,0,0,NUNO ESPIRITO SANTO,2017-01-07,2100-01-01,34,0,0,0
2019-04-24,2018/2019,Wolves,Arsenal,1,3,1,NUNO ESPIRITO SANTO,2017-01-07,2100-01-01,35,0,0,0
2019-04-27,2018/2019,Wolves,Watford,0,2,1,NUNO ESPIRITO SANTO,2017-01-07,2100-01-01,36,0,0,0
2019-05-04,2018/2019,Wolves,Fulham,1,1,0,NUNO ESPIRITO SANTO,2017-01-07,2100-01-01,37,0,0,0
2019-05-12,2018/2019,Wolves,Liverpool,0,0,2,NUNO ESPIRITO SANTO,2017-01-07,2100-01-01,38,0,0,0
2019-08-11,2019/2020,Wolves,Leicester City,0,0,0,NUNO ESPIRITO SANTO,2017-01-07,2100-01-01,39,0,0,0
2019-08-19,2019/2020,Wolves,Manchester Utd,1,1,1,NUNO ESPIRITO SANTO,2017-01-07,2100-01-01,40,0,0,0
2019-08-25,2019/2020,Wolves,Burnley,1,1,1,NUNO ESPIRITO SANTO,2017-01-07,2100-01-01,41,0,0,0
2019-09-01,2019/2020,Wolves,Everton,0,2,3,NUNO ESPIRITO SANTO,2017-01-07,2100-01-01,42,0,0,0
2019-09-14,2019/2020,Wolves,Chelsea,1,2,5,NUNO ESPIRITO SANTO,2017-01-07,2100-01-01,43,0,0,0
2019-09-22,2019/2020,Wolves,Crystal Palace,0,1,1,NUNO ESPIRITO SANTO,2017-01-07,2100-01-01,44,0,0,0
2019-09-28,2019/2020,Wolves,Watford,1,2,0,NUNO ESPIRITO SANTO,2017-01-07,2100-01-01,45,0,0,0
2019-10-06,2019/2020,Wolves,Manchester City,0,2,0,NUNO ESPIRITO SANTO,2017-01-07,2100-01-01,46,0,0,0
2019-10-19,2019/2020,Wolves,Southampton,1,1,1,NUNO ESPIRITO SANTO,2017-01-07,2100-01-01,47,0,0,0
2019-10-27,2019/2020,Wolves,Newcastle Utd,0,1,1,NUNO ESPIRITO SANTO,2017-01-07,2100-01-01,48,0,0,0
2019-11-02,2019/2020,Wolves,Arsenal,0,1,1,NUNO ESPIRITO SANTO,2017-01-07,2100-01-01,49,0,0,0
2019-11-10,2019/2020,Wolves,Aston Villa,1,2,1,NUNO ESPIRITO SANTO,2017-01-07,2100-01-01,50,0,0,0
2019-11-23,2019/2020,Wolves,Bournemouth,0,2,1,NUNO ESPIRITO SANTO,2017-01-07,2100-01-01,51,0,0,0
2019-12-01,2019/2020,Wolves,Sheffield Utd,1,1,1,NUNO ESPIRITO SANTO,2017-01-07,2100-01-01,52,0,0,0
2019-12-04,2019/2020,Wolves,West Ham,1,2,0,NUNO ESPIRITO SANTO,2017-01-07,2100-01-01,53,0,0,0
2019-12-08,2019/2020,Wolves,Brighton,0,2,2,NUNO ESPIRITO SANTO,2017-01-07,2100-01-01,54,0,0,0
2019-12-15,2019/2020,Wolves,Tottenham,1,1,2,NUNO ESPIRITO SANTO,2017-01-07,2100-01-01,55,0,0,0
2019-12-21,2019/2020,Wolves,Norwich City,0,2,1,NUNO ESPIRITO SANTO,2017-01-07,2100-01-01,56,0,0,0
2019-12-27,2019/2020,Wolves,Manchester City,1,3,2,NUNO ESPIRITO SANTO,2017-01-07,2100-01-01,57,0,0,0
2019-12-29,2019/2020,Wolves,Liverpool,0,0,1,NUNO ESPIRITO SANTO,2017-01-07,2100-01-01,58,0,0,0
2020-01-01,2019/2020,Wolves,Watford,0,1,2,NUNO ESPIRITO SANTO,2017-01-07,2100-01-01,59,0,0,0
2020-01-11,2019/2020,Wolves,Newcastle Utd,1,1,1,NUNO ESPIRITO SANTO,2017-01-07,2100-01-01,60,0,0,0
2020-01-18,2019/2020,Wolves,Southampton,0,3,2,NUNO ESPIRITO SANTO,2017-01-07,2100-01-01,61,0,0,0
2020-01-23,2019/2020,Wolves,Liverpool,1,1,2,NUNO ESPIRITO SANTO,2017-01-07,2100-01-01,62,0,0,0
2020-02-01,2019/2020,Wolves,Manchester Utd,0,0,0,NUNO ESPIRITO SANTO,2017-01-07,2100-01-01,63,0,0,0
2020-02-14,2019/2020,Wolves,Leicester City,1,0,0,NUNO ESPIRITO SANTO,2017-01-07,2100-01-01,64,0,0,0
2020-02-23,2019/2020,Wolves,Norwich City,1,3,0,NUNO ESPIRITO SANTO,2017-01-07,2100-01-01,65,0,0,0
2020-03-01,2019/2020,Wolves,Tottenham,0,3,2,NUNO ESPIRITO SANTO,2017-01-07,2100-01-01,66,0,0,0
2020-03-07,2019/2020,Wolves,Brighton,1,0,0,NUNO ESPIRITO SANTO,2017-01-07,2100-01-01,67,0,0,0
2020-06-20,2019/2020,Wolves,West Ham,0,2,0,NUNO ESPIRITO SANTO,2017-01-07,2100-01-01,68,0,0,0
2020-06-24,2019/2020,Wolves,Bournemouth,1,1,0,NUNO ESPIRITO SANTO,2017-01-07,2100-01-01,69,0,0,0
2020-06-27,2019/2020,Wolves,Aston Villa,0,1,0,NUNO ESPIRITO SANTO,2017-01-07,2100-01-01,70,0,0,0
2020-07-04,2019/2020,Wolves,Arsenal,1,0,2,NUNO ESPIRITO SANTO,2017-01-07,2100-01-01,71,0,0,0
2020-07-08,2019/2020,Wolves,Sheffield Utd,0,0,1,NUNO ESPIRITO SANTO,2017-01-07,2100-01-01,72,0,0,0
2020-07-12,2019/2020,Wolves,Everton,1,3,0,NUNO ESPIRITO SANTO,2017-01-07,2100-01-01,73,0,0,0
2020-07-15,2019/2020,Wolves,Burnley,0,1,1,NUNO ESPIRITO SANTO,2017-01-07,2100-01-01,74,0,0,0
2020-07-20,2019/2020,Wolves,Crystal Palace,1,2,0,NUNO ESPIRITO SANTO,2017-01-07,2100-01-01,75,0,0,0
2020-07-26,2019/2020,Wolves,Chelsea,0,0,2,NUNO ESPIRITO SANTO,2017-01-07,2100-01-01,76,0,0,0
2020-09-14,2020/2021,Wolves,Sheffield Utd,0,2,0,NUNO ESPIRITO SANTO,2017-01-07,2100-01-01,77,0,0,0
2020-09-21,2020/2021,Wolves,Manchester City,1,1,3,NUNO ESPIRITO SANTO,2017-01-07,2100-01-01,78,0,0,0
2020-09-27,2020/2021,Wolves,West Ham,0,0,4,NUNO ESPIRITO SANTO,2017-01-07,2100-01-01,79,0,0,0
2020-10-04,2020/2021,Wolves,Fulham,1,1,0,NUNO ESPIRITO SANTO,2017-01-07,2100-01-01,80,0,0,0
2020-10-19,2020/2021,Wolves,Leeds United,0,1,0,NUNO ESPIRITO SANTO,2017-01-07,2100-01-01,81,0,0,0
2020-10-25,2020/2021,Wolves,Newcastle Utd,1,1,1,NUNO ESPIRITO SANTO,2017-01-07,2100-01-01,82,0,0,0
2020-10-30,2020/2021,Wolves,Crystal Palace,1,2,0,NUNO ESPIRITO SANTO,2017-01-07,2100-01-01,83,0,0,0
2020-11-08,2020/2021,Wolves,Leicester City,0,0,1,NUNO ESPIRITO SANTO,2017-01-07,2100-01-01,84,0,0,0
2020-11-23,2020/2021,Wolves,Southampton,1,1,1,NUNO ESPIRITO SANTO,2017-01-07,2100-01-01,85,0,0,0
2020-11-29,2020/2021,Wolves,Arsenal,0,2,1,NUNO ESPIRITO SANTO,2017-01-07,2100-01-01,86,0,0,0
2020-12-06,2020/2021,Wolves,Liverpool,0,0,4,NUNO ESPIRITO SANTO,2017-01-07,2100-01-01,87,0,0,0
2020-12-12,2020/2021,Wolves,Aston Villa,1,0,1,NUNO ESPIRITO SANTO,2017-01-07,2100-01-01,88,0,0,0
2020-12-15,2020/2021,Wolves,Chelsea,1,2,1,NUNO ESPIRITO SANTO,2017-01-07,2100-01-01,89,0,0,0
2020-12-21,2020/2021,Wolves,Burnley,0,1,2,NUNO ESPIRITO SANTO,2017-01-07,2100-01-01,90,0,0,0
2020-12-27,2020/2021,Wolves,Tottenham,1,1,1,NUNO ESPIRITO SANTO,2017-01-07,2100-01-01,91,0,0,0
2020-12-29,2020/2021,Wolves,Manchester Utd,0,0,1,NUNO ESPIRITO SANTO,2017-01-07,2100-01-01,92,0,0,0
2021-01-02,2020/2021,Wolves,Brighton,0,3,3,NUNO ESPIRITO SANTO,2017-01-07,2100-01-01,93,0,0,0
2022-02-13,2021/2022,Wolves,Tottenham,0,2,0,NUNO ESPIRITO SANTO,2017-01-07,2100-01-01,94,0,0,0
2022-02-20,2021/2022,Wolves,Leicester City,1,2,1,NUNO ESPIRITO SANTO,2017-01-07,2100-01-01,95,0,0,0
2022-02-24,2021/2022,Wolves,Arsenal,0,1,2,NUNO ESPIRITO SANTO,2017-01-07,2100-01-01,96,0,0,0
2022-02-27,2021/2022,Wolves,West Ham,0,0,1,NUNO ESPIRITO SANTO,2017-01-07,2100-01-01,97,0,0,0
2022-03-05,2021/2022,Wolves,Crystal Palace,1,0,2,NUNO ESPIRITO SANTO,2017-01-07,2100-01-01,98,0,0,0
2022-03-10,2021/2022,Wolves,Watford,1,4,0,STEVE DAVIS,2022-03-10,2100-01-01,1,1,0,0
2022-03-13,2021/2022,Wolves,Everton,0,1,0,STEVE DAVIS,2022-03-10,2100-01-01,2,1,0,0
2022-03-18,2021/2022,Wolves,Leeds United,1,2,3,STEVE DAVIS,2022-03-10,2100-01-01,3,1,0,0
2022-04-02,2021/2022,Wolves,Aston Villa,1,2,1,STEVE DAVIS,2022-03-10,2100-01-01,4,0,1,0
2022-04-08,2021/2022,Wolves,Newcastle Utd,0,0,1,STEVE DAVIS,2022-03-10,2100-01-01,5,0,1,0
2022-04-24,2021/2022,Wolves,Burnley,0,0,1,STEVE DAVIS,2022-03-10,2100-01-01,6,0,1,0
2022-04-30,2021/2022,Wolves,Brighton,1,0,3,STEVE DAVIS,2022-03-10,2100-01-01,7,0,0,1
2022-05-07,2021/2022,Wolves,Chelsea,0,2,2,STEVE DAVIS,2022-03-10,2100-01-01,8,0,0,1
2022-05-11,2021/2022,Wolves,Manchester City,1,1,5,STEVE DAVIS,2022-03-10,2100-01-01,9,0,0,1
2022-05-15,2021/2022,Wolves,Norwich City,1,1,1,STEVE DAVIS,2022-03-10,2100-01-01,10,0,0,1
2022-05-22,2021/2022,Wolves,Liverpool,0,1,3,STEVE DAVIS,2022-03-10,2100-01-01,11,0,0,0
2022-08-06,2022/2023,Wolves,Leeds United,0,1,2,STEVE DAVIS,2022-03-10,2100-01-01,12,0,0,0
2022-08-13,2022/2023,Wolves,Fulham,1,0,0,STEVE DAVIS,2022-03-10,2100-01-01,13,0,0,0
2022-08-20,2022/2023,Wolves,Tottenham,0,0,1,STEVE DAVIS,2022-03-10,2100-01-01,14,0,0,0
2022-08-28,2022/2023,Wolves,Newcastle Utd,1,1,1,STEVE DAVIS,2022-03-10,2100-01-01,15,0,0,0
2022-08-31,2022/2023,Wolves,Bournemouth,0,0,0,STEVE DAVIS,2022-03-10,2100-01-01,16,0,0,0
2022-09-03,2022/2023,Wolves,Southampton,1,1,0,STEVE DAVIS,2022-03-10,2100-01-01,17,0,0,0
2022-09-17,2022/2023,Wolves,Manchester City,1,0,3,STEVE DAVIS,2022-03-10,2100-01-01,18,0,0,0
2022-10-01,2022/2023,Wolves,West Ham,0,0,2,STEVE DAVIS,2022-03-10,2100-01-01,19,0,0,0
2022-10-08,2022/2023,Wolves,Chelsea,0,0,3,STEVE DAVIS,2022-03-10,2100-01-01,20,0,0,0
2022-10-15,2022/2023,Wolves,Nott'ham Forest,1,1,0,STEVE DAVIS,2022-03-10,2100-01-01,21,0,0,0
2022-10-18,2022/2023,Wolves,Crystal Palace,0,1,2,STEVE DAVIS,2022-03-10,2100-01-01,22,0,0,0
2022-10-23,2022/2023,Wolves,Leicester City,1,0,4,STEVE DAVIS,2022-03-10,2100-01-01,23,0,0,0
2022-10-29,2022/2023,Wolves,Brentford,0,1,1,STEVE DAVIS,2022-03-10,2100-01-01,24,0,0,0
2022-11-05,2022/2023,Wolves,Brighton,1,2,3,STEVE DAVIS,2022-03-10,2100-01-01,25,0,0,0
2022-11-12,2022/2023,Wolves,Arsenal,1,0,2,STEVE DAVIS,2022-03-10,2100-01-01,26,0,0,0
2023-08-14,2023/2024,Wolves,Manchester Utd,0,0,1,STEVE DAVIS,2022-03-10,2100-01-01,27,0,0,0
2023-08-19,2023/2024,Wolves,Brighton,1,1,4,STEVE DAVIS,2022-03-10,2100-01-01,28,0,0,0
2023-08-26,2023/2024,Wolves,Everton,0,1,0,STEVE DAVIS,2022-03-10,2100-01-01,29,0,0,0
2023-09-03,2023/2024,Wolves,Crystal Palace,0,2,3,STEVE DAVIS,2022-03-10,2100-01-01,30,0,0,0
